series,measure,basis,calendar,period,index_mean,index_min,index_max,n_years,years,source_ids,evidence_label,confidence,demand_evidence_type,notes
"China exports to Viet Nam, HS 2106.10",net weight,"China-reported, FOB",Gregorian month,1,0.93,0.16,2.16,6,2019 to 2024,BRD-05; BRD-07,VN-direct,Medium,revealed,"Index = month value divided by that year monthly mean, averaged over complete years (our calculation). 1.00 = average month."
"China exports to Viet Nam, HS 2106.10",net weight,"China-reported, FOB",Gregorian month,2,0.48,0.33,0.7,6,2019 to 2024,BRD-05; BRD-07,VN-direct,Medium,revealed,"Index = month value divided by that year monthly mean, averaged over complete years (our calculation). 1.00 = average month."
"China exports to Viet Nam, HS 2106.10",net weight,"China-reported, FOB",Gregorian month,3,0.81,0.52,1.25,6,2019 to 2024,BRD-05; BRD-07,VN-direct,Medium,revealed,"Index = month value divided by that year monthly mean, averaged over complete years (our calculation). 1.00 = average month."
"China exports to Viet Nam, HS 2106.10",net weight,"China-reported, FOB",Gregorian month,4,0.8,0.38,1.18,6,2019 to 2024,BRD-05; BRD-07,VN-direct,Medium,revealed,"Index = month value divided by that year monthly mean, averaged over complete years (our calculation). 1.00 = average month."
"China exports to Viet Nam, HS 2106.10",net weight,"China-reported, FOB",Gregorian month,5,1.03,0.45,1.6,6,2019 to 2024,BRD-05; BRD-07,VN-direct,Medium,revealed,"Index = month value divided by that year monthly mean, averaged over complete years (our calculation). 1.00 = average month."
"China exports to Viet Nam, HS 2106.10",net weight,"China-reported, FOB",Gregorian month,6,1.28,0.74,2.26,6,2019 to 2024,BRD-05; BRD-07,VN-direct,Medium,revealed,"Index = month value divided by that year monthly mean, averaged over complete years (our calculation). 1.00 = average month."
"China exports to Viet Nam, HS 2106.10",net weight,"China-reported, FOB",Gregorian month,7,1.26,0.62,2.03,6,2019 to 2024,BRD-05; BRD-07,VN-direct,Medium,revealed,"Index = month value divided by that year monthly mean, averaged over complete years (our calculation). 1.00 = average month."
"China exports to Viet Nam, HS 2106.10",net weight,"China-reported, FOB",Gregorian month,8,0.96,0.48,1.72,6,2019 to 2024,BRD-05; BRD-07,VN-direct,Medium,revealed,"Index = month value divided by that year monthly mean, averaged over complete years (our calculation). 1.00 = average month."
"China exports to Viet Nam, HS 2106.10",net weight,"China-reported, FOB",Gregorian month,9,1.1,0.46,2.12,6,2019 to 2024,BRD-05; BRD-07,VN-direct,Medium,revealed,"Index = month value divided by that year monthly mean, averaged over complete years (our calculation). 1.00 = average month."
"China exports to Viet Nam, HS 2106.10",net weight,"China-reported, FOB",Gregorian month,10,0.98,0.43,1.35,6,2019 to 2024,BRD-05; BRD-07,VN-direct,Medium,revealed,"Index = month value divided by that year monthly mean, averaged over complete years (our calculation). 1.00 = average month."
"China exports to Viet Nam, HS 2106.10",net weight,"China-reported, FOB",Gregorian month,11,0.84,0.43,1.39,6,2019 to 2024,BRD-05; BRD-07,VN-direct,Medium,revealed,"Index = month value divided by that year monthly mean, averaged over complete years (our calculation). 1.00 = average month."
"China exports to Viet Nam, HS 2106.10",net weight,"China-reported, FOB",Gregorian month,12,1.52,0.76,3.5,6,2019 to 2024,BRD-05; BRD-07,VN-direct,Medium,revealed,"Index = month value divided by that year monthly mean, averaged over complete years (our calculation). 1.00 = average month."
"China exports to Viet Nam, HS 2106.10",net weight,"China-reported, FOB",months from Tet month,-3,1.06,0.43,1.39,5,2019 to 2024,BRD-05; BRD-07,VN-direct,Medium,revealed,"Index = month value divided by that year monthly mean, averaged over complete years (our calculation). 1.00 = average month."
"China exports to Viet Nam, HS 2106.10",net weight,"China-reported, FOB",months from Tet month,-2,1.38,0.43,3.5,5,2019 to 2024,BRD-05; BRD-07,VN-direct,Medium,revealed,"Index = month value divided by that year monthly mean, averaged over complete years (our calculation). 1.00 = average month."
"China exports to Viet Nam, HS 2106.10",net weight,"China-reported, FOB",months from Tet month,-1,1.16,0.63,2.16,6,2019 to 2024,BRD-05; BRD-07,VN-direct,Medium,revealed,"Index = month value divided by that year monthly mean, averaged over complete years (our calculation). 1.00 = average month."
"China exports to Viet Nam, HS 2106.10",net weight,"China-reported, FOB",months from Tet month,0,0.38,0.16,0.7,6,2019 to 2024,BRD-05; BRD-07,VN-direct,Medium,revealed,"Index = month value divided by that year monthly mean, averaged over complete years (our calculation). 1.00 = average month."
"China exports to Viet Nam, HS 2106.10",net weight,"China-reported, FOB",months from Tet month,1,0.76,0.44,1.25,6,2019 to 2024,BRD-05; BRD-07,VN-direct,Medium,revealed,"Index = month value divided by that year monthly mean, averaged over complete years (our calculation). 1.00 = average month."
"China exports to Viet Nam, HS 2106.10",net weight,"China-reported, FOB",months from Vu Lan month,-3,1.11,0.76,1.6,6,2019 to 2024,BRD-05; BRD-07,VN-direct,Medium,revealed,"Index = month value divided by that year monthly mean, averaged over complete years (our calculation). 1.00 = average month."
"China exports to Viet Nam, HS 2106.10",net weight,"China-reported, FOB",months from Vu Lan month,-2,1.32,0.74,2.26,6,2019 to 2024,BRD-05; BRD-07,VN-direct,Medium,revealed,"Index = month value divided by that year monthly mean, averaged over complete years (our calculation). 1.00 = average month."
"China exports to Viet Nam, HS 2106.10",net weight,"China-reported, FOB",months from Vu Lan month,-1,1.34,0.62,2.03,6,2019 to 2024,BRD-05; BRD-07,VN-direct,Medium,revealed,"Index = month value divided by that year monthly mean, averaged over complete years (our calculation). 1.00 = average month."
"China exports to Viet Nam, HS 2106.10",net weight,"China-reported, FOB",months from Vu Lan month,0,1.03,0.48,2.12,6,2019 to 2024,BRD-05; BRD-07,VN-direct,Medium,revealed,"Index = month value divided by that year monthly mean, averaged over complete years (our calculation). 1.00 = average month."
"China exports to Viet Nam, HS 2106.10",net weight,"China-reported, FOB",months from Vu Lan month,1,0.96,0.46,1.46,6,2019 to 2024,BRD-05; BRD-07,VN-direct,Medium,revealed,"Index = month value divided by that year monthly mean, averaged over complete years (our calculation). 1.00 = average month."
"China exports to World, HS 2106.10",net weight,"China-reported, FOB",Gregorian month,1,1.01,0.85,1.23,6,2019 to 2024,BRD-05; BRD-07,VN-adjacent,Medium,revealed,"Index = month value divided by that year monthly mean, averaged over complete years (our calculation). 1.00 = average month."
"China exports to World, HS 2106.10",net weight,"China-reported, FOB",Gregorian month,2,0.76,0.6,0.95,6,2019 to 2024,BRD-05; BRD-07,VN-adjacent,Medium,revealed,"Index = month value divided by that year monthly mean, averaged over complete years (our calculation). 1.00 = average month."
"China exports to World, HS 2106.10",net weight,"China-reported, FOB",Gregorian month,3,1.01,0.88,1.16,6,2019 to 2024,BRD-05; BRD-07,VN-adjacent,Medium,revealed,"Index = month value divided by that year monthly mean, averaged over complete years (our calculation). 1.00 = average month."
"China exports to World, HS 2106.10",net weight,"China-reported, FOB",Gregorian month,4,1.02,0.85,1.4,6,2019 to 2024,BRD-05; BRD-07,VN-adjacent,Medium,revealed,"Index = month value divided by that year monthly mean, averaged over complete years (our calculation). 1.00 = average month."
"China exports to World, HS 2106.10",net weight,"China-reported, FOB",Gregorian month,5,1.12,0.92,1.25,6,2019 to 2024,BRD-05; BRD-07,VN-adjacent,Medium,revealed,"Index = month value divided by that year monthly mean, averaged over complete years (our calculation). 1.00 = average month."
"China exports to World, HS 2106.10",net weight,"China-reported, FOB",Gregorian month,6,1.08,0.91,1.28,6,2019 to 2024,BRD-05; BRD-07,VN-adjacent,Medium,revealed,"Index = month value divided by that year monthly mean, averaged over complete years (our calculation). 1.00 = average month."
"China exports to World, HS 2106.10",net weight,"China-reported, FOB",Gregorian month,7,1.03,0.89,1.14,6,2019 to 2024,BRD-05; BRD-07,VN-adjacent,Medium,revealed,"Index = month value divided by that year monthly mean, averaged over complete years (our calculation). 1.00 = average month."
"China exports to World, HS 2106.10",net weight,"China-reported, FOB",Gregorian month,8,1.02,0.88,1.23,6,2019 to 2024,BRD-05; BRD-07,VN-adjacent,Medium,revealed,"Index = month value divided by that year monthly mean, averaged over complete years (our calculation). 1.00 = average month."
"China exports to World, HS 2106.10",net weight,"China-reported, FOB",Gregorian month,9,0.95,0.72,1.09,6,2019 to 2024,BRD-05; BRD-07,VN-adjacent,Medium,revealed,"Index = month value divided by that year monthly mean, averaged over complete years (our calculation). 1.00 = average month."
"China exports to World, HS 2106.10",net weight,"China-reported, FOB",Gregorian month,10,0.93,0.71,1.27,6,2019 to 2024,BRD-05; BRD-07,VN-adjacent,Medium,revealed,"Index = month value divided by that year monthly mean, averaged over complete years (our calculation). 1.00 = average month."
"China exports to World, HS 2106.10",net weight,"China-reported, FOB",Gregorian month,11,1.05,0.86,1.25,6,2019 to 2024,BRD-05; BRD-07,VN-adjacent,Medium,revealed,"Index = month value divided by that year monthly mean, averaged over complete years (our calculation). 1.00 = average month."
"China exports to World, HS 2106.10",net weight,"China-reported, FOB",Gregorian month,12,1.02,0.84,1.16,6,2019 to 2024,BRD-05; BRD-07,VN-adjacent,Medium,revealed,"Index = month value divided by that year monthly mean, averaged over complete years (our calculation). 1.00 = average month."
"China exports to World, HS 2106.10",net weight,"China-reported, FOB",months from Tet month,-3,1.04,0.71,1.25,5,2019 to 2024,BRD-05; BRD-07,VN-adjacent,Medium,revealed,"Index = month value divided by that year monthly mean, averaged over complete years (our calculation). 1.00 = average month."
"China exports to World, HS 2106.10",net weight,"China-reported, FOB",months from Tet month,-2,0.9,0.84,1.0,5,2019 to 2024,BRD-05; BRD-07,VN-adjacent,Medium,revealed,"Index = month value divided by that year monthly mean, averaged over complete years (our calculation). 1.00 = average month."
"China exports to World, HS 2106.10",net weight,"China-reported, FOB",months from Tet month,-1,1.1,0.95,1.23,6,2019 to 2024,BRD-05; BRD-07,VN-adjacent,Medium,revealed,"Index = month value divided by that year monthly mean, averaged over complete years (our calculation). 1.00 = average month."
"China exports to World, HS 2106.10",net weight,"China-reported, FOB",months from Tet month,0,0.81,0.6,0.95,6,2019 to 2024,BRD-05; BRD-07,VN-adjacent,Medium,revealed,"Index = month value divided by that year monthly mean, averaged over complete years (our calculation). 1.00 = average month."
"China exports to World, HS 2106.10",net weight,"China-reported, FOB",months from Tet month,1,0.9,0.62,1.16,6,2019 to 2024,BRD-05; BRD-07,VN-adjacent,Medium,revealed,"Index = month value divided by that year monthly mean, averaged over complete years (our calculation). 1.00 = average month."
"China exports to World, HS 2106.10",net weight,"China-reported, FOB",months from Vu Lan month,-3,1.1,0.92,1.25,6,2019 to 2024,BRD-05; BRD-07,VN-adjacent,Medium,revealed,"Index = month value divided by that year monthly mean, averaged over complete years (our calculation). 1.00 = average month."
"China exports to World, HS 2106.10",net weight,"China-reported, FOB",months from Vu Lan month,-2,1.1,0.91,1.28,6,2019 to 2024,BRD-05; BRD-07,VN-adjacent,Medium,revealed,"Index = month value divided by that year monthly mean, averaged over complete years (our calculation). 1.00 = average month."
"China exports to World, HS 2106.10",net weight,"China-reported, FOB",months from Vu Lan month,-1,0.98,0.88,1.11,6,2019 to 2024,BRD-05; BRD-07,VN-adjacent,Medium,revealed,"Index = month value divided by that year monthly mean, averaged over complete years (our calculation). 1.00 = average month."
"China exports to World, HS 2106.10",net weight,"China-reported, FOB",months from Vu Lan month,0,1.02,0.91,1.23,6,2019 to 2024,BRD-05; BRD-07,VN-adjacent,Medium,revealed,"Index = month value divided by that year monthly mean, averaged over complete years (our calculation). 1.00 = average month."
"China exports to World, HS 2106.10",net weight,"China-reported, FOB",months from Vu Lan month,1,0.95,0.72,1.09,6,2019 to 2024,BRD-05; BRD-07,VN-adjacent,Medium,revealed,"Index = month value divided by that year monthly mean, averaged over complete years (our calculation). 1.00 = average month."
"China exports to Thailand, HS 2106.10",net weight,"China-reported, FOB",Gregorian month,1,1.16,0.66,1.57,6,2019 to 2024,BRD-05; BRD-07,VN-adjacent,Medium,revealed,"Index = month value divided by that year monthly mean, averaged over complete years (our calculation). 1.00 = average month."
"China exports to Thailand, HS 2106.10",net weight,"China-reported, FOB",Gregorian month,2,0.51,0.31,0.89,6,2019 to 2024,BRD-05; BRD-07,VN-adjacent,Medium,revealed,"Index = month value divided by that year monthly mean, averaged over complete years (our calculation). 1.00 = average month."
"China exports to Thailand, HS 2106.10",net weight,"China-reported, FOB",Gregorian month,3,0.92,0.67,1.37,6,2019 to 2024,BRD-05; BRD-07,VN-adjacent,Medium,revealed,"Index = month value divided by that year monthly mean, averaged over complete years (our calculation). 1.00 = average month."
"China exports to Thailand, HS 2106.10",net weight,"China-reported, FOB",Gregorian month,4,0.98,0.71,1.54,6,2019 to 2024,BRD-05; BRD-07,VN-adjacent,Medium,revealed,"Index = month value divided by that year monthly mean, averaged over complete years (our calculation). 1.00 = average month."
"China exports to Thailand, HS 2106.10",net weight,"China-reported, FOB",Gregorian month,5,0.99,0.78,1.14,6,2019 to 2024,BRD-05; BRD-07,VN-adjacent,Medium,revealed,"Index = month value divided by that year monthly mean, averaged over complete years (our calculation). 1.00 = average month."
"China exports to Thailand, HS 2106.10",net weight,"China-reported, FOB",Gregorian month,6,1.0,0.45,1.72,6,2019 to 2024,BRD-05; BRD-07,VN-adjacent,Medium,revealed,"Index = month value divided by that year monthly mean, averaged over complete years (our calculation). 1.00 = average month."
"China exports to Thailand, HS 2106.10",net weight,"China-reported, FOB",Gregorian month,7,1.19,0.73,1.96,6,2019 to 2024,BRD-05; BRD-07,VN-adjacent,Medium,revealed,"Index = month value divided by that year monthly mean, averaged over complete years (our calculation). 1.00 = average month."
"China exports to Thailand, HS 2106.10",net weight,"China-reported, FOB",Gregorian month,8,0.94,0.7,1.29,6,2019 to 2024,BRD-05; BRD-07,VN-adjacent,Medium,revealed,"Index = month value divided by that year monthly mean, averaged over complete years (our calculation). 1.00 = average month."
"China exports to Thailand, HS 2106.10",net weight,"China-reported, FOB",Gregorian month,9,1.0,0.74,1.39,6,2019 to 2024,BRD-05; BRD-07,VN-adjacent,Medium,revealed,"Index = month value divided by that year monthly mean, averaged over complete years (our calculation). 1.00 = average month."
"China exports to Thailand, HS 2106.10",net weight,"China-reported, FOB",Gregorian month,10,0.91,0.51,1.61,6,2019 to 2024,BRD-05; BRD-07,VN-adjacent,Medium,revealed,"Index = month value divided by that year monthly mean, averaged over complete years (our calculation). 1.00 = average month."
"China exports to Thailand, HS 2106.10",net weight,"China-reported, FOB",Gregorian month,11,1.15,0.59,1.45,6,2019 to 2024,BRD-05; BRD-07,VN-adjacent,Medium,revealed,"Index = month value divided by that year monthly mean, averaged over complete years (our calculation). 1.00 = average month."
"China exports to Thailand, HS 2106.10",net weight,"China-reported, FOB",Gregorian month,12,1.25,0.7,2.26,6,2019 to 2024,BRD-05; BRD-07,VN-adjacent,Medium,revealed,"Index = month value divided by that year monthly mean, averaged over complete years (our calculation). 1.00 = average month."
"China exports to Thailand, HS 2106.10",net weight,"China-reported, FOB",months from Tet month,-3,1.12,0.51,1.61,5,2019 to 2024,BRD-05; BRD-07,VN-adjacent,Medium,revealed,"Index = month value divided by that year monthly mean, averaged over complete years (our calculation). 1.00 = average month."
"China exports to Thailand, HS 2106.10",net weight,"China-reported, FOB",months from Tet month,-2,1.19,0.59,2.26,5,2019 to 2024,BRD-05; BRD-07,VN-adjacent,Medium,revealed,"Index = month value divided by that year monthly mean, averaged over complete years (our calculation). 1.00 = average month."
"China exports to Thailand, HS 2106.10",net weight,"China-reported, FOB",months from Tet month,-1,1.1,0.66,1.82,6,2019 to 2024,BRD-05; BRD-07,VN-adjacent,Medium,revealed,"Index = month value divided by that year monthly mean, averaged over complete years (our calculation). 1.00 = average month."
"China exports to Thailand, HS 2106.10",net weight,"China-reported, FOB",months from Tet month,0,0.86,0.4,1.57,6,2019 to 2024,BRD-05; BRD-07,VN-adjacent,Medium,revealed,"Index = month value divided by that year monthly mean, averaged over complete years (our calculation). 1.00 = average month."
"China exports to Thailand, HS 2106.10",net weight,"China-reported, FOB",months from Tet month,1,0.68,0.31,1.03,6,2019 to 2024,BRD-05; BRD-07,VN-adjacent,Medium,revealed,"Index = month value divided by that year monthly mean, averaged over complete years (our calculation). 1.00 = average month."
"China exports to Thailand, HS 2106.10",net weight,"China-reported, FOB",months from Vu Lan month,-3,1.1,0.78,1.72,6,2019 to 2024,BRD-05; BRD-07,VN-adjacent,Medium,revealed,"Index = month value divided by that year monthly mean, averaged over complete years (our calculation). 1.00 = average month."
"China exports to Thailand, HS 2106.10",net weight,"China-reported, FOB",months from Vu Lan month,-2,0.84,0.45,1.7,6,2019 to 2024,BRD-05; BRD-07,VN-adjacent,Medium,revealed,"Index = month value divided by that year monthly mean, averaged over complete years (our calculation). 1.00 = average month."
"China exports to Thailand, HS 2106.10",net weight,"China-reported, FOB",months from Vu Lan month,-1,1.21,0.73,1.96,6,2019 to 2024,BRD-05; BRD-07,VN-adjacent,Medium,revealed,"Index = month value divided by that year monthly mean, averaged over complete years (our calculation). 1.00 = average month."
"China exports to Thailand, HS 2106.10",net weight,"China-reported, FOB",months from Vu Lan month,0,0.91,0.7,1.29,6,2019 to 2024,BRD-05; BRD-07,VN-adjacent,Medium,revealed,"Index = month value divided by that year monthly mean, averaged over complete years (our calculation). 1.00 = average month."
"China exports to Thailand, HS 2106.10",net weight,"China-reported, FOB",months from Vu Lan month,1,1.0,0.73,1.39,6,2019 to 2024,BRD-05; BRD-07,VN-adjacent,Medium,revealed,"Index = month value divided by that year monthly mean, averaged over complete years (our calculation). 1.00 = average month."
"China exports to Viet Nam, HS 1109",net weight,"China-reported, FOB",Gregorian month,1,0.63,0.45,1.06,6,2019 to 2024,BRD-05; BRD-07,VN-direct,Medium,revealed,"Index = month value divided by that year monthly mean, averaged over complete years (our calculation). 1.00 = average month."
"China exports to Viet Nam, HS 1109",net weight,"China-reported, FOB",Gregorian month,2,0.59,0.27,0.84,6,2019 to 2024,BRD-05; BRD-07,VN-direct,Medium,revealed,"Index = month value divided by that year monthly mean, averaged over complete years (our calculation). 1.00 = average month."
"China exports to Viet Nam, HS 1109",net weight,"China-reported, FOB",Gregorian month,3,1.14,0.68,1.47,6,2019 to 2024,BRD-05; BRD-07,VN-direct,Medium,revealed,"Index = month value divided by that year monthly mean, averaged over complete years (our calculation). 1.00 = average month."
"China exports to Viet Nam, HS 1109",net weight,"China-reported, FOB",Gregorian month,4,1.35,0.91,1.62,6,2019 to 2024,BRD-05; BRD-07,VN-direct,Medium,revealed,"Index = month value divided by that year monthly mean, averaged over complete years (our calculation). 1.00 = average month."
"China exports to Viet Nam, HS 1109",net weight,"China-reported, FOB",Gregorian month,5,1.19,0.75,1.96,6,2019 to 2024,BRD-05; BRD-07,VN-direct,Medium,revealed,"Index = month value divided by that year monthly mean, averaged over complete years (our calculation). 1.00 = average month."
"China exports to Viet Nam, HS 1109",net weight,"China-reported, FOB",Gregorian month,6,1.01,0.76,1.3,6,2019 to 2024,BRD-05; BRD-07,VN-direct,Medium,revealed,"Index = month value divided by that year monthly mean, averaged over complete years (our calculation). 1.00 = average month."
"China exports to Viet Nam, HS 1109",net weight,"China-reported, FOB",Gregorian month,7,1.4,0.98,2.57,6,2019 to 2024,BRD-05; BRD-07,VN-direct,Medium,revealed,"Index = month value divided by that year monthly mean, averaged over complete years (our calculation). 1.00 = average month."
"China exports to Viet Nam, HS 1109",net weight,"China-reported, FOB",Gregorian month,8,0.9,0.58,1.15,6,2019 to 2024,BRD-05; BRD-07,VN-direct,Medium,revealed,"Index = month value divided by that year monthly mean, averaged over complete years (our calculation). 1.00 = average month."
"China exports to Viet Nam, HS 1109",net weight,"China-reported, FOB",Gregorian month,9,0.96,0.73,1.11,6,2019 to 2024,BRD-05; BRD-07,VN-direct,Medium,revealed,"Index = month value divided by that year monthly mean, averaged over complete years (our calculation). 1.00 = average month."
"China exports to Viet Nam, HS 1109",net weight,"China-reported, FOB",Gregorian month,10,0.9,0.46,1.06,6,2019 to 2024,BRD-05; BRD-07,VN-direct,Medium,revealed,"Index = month value divided by that year monthly mean, averaged over complete years (our calculation). 1.00 = average month."
"China exports to Viet Nam, HS 1109",net weight,"China-reported, FOB",Gregorian month,11,0.81,0.46,1.22,6,2019 to 2024,BRD-05; BRD-07,VN-direct,Medium,revealed,"Index = month value divided by that year monthly mean, averaged over complete years (our calculation). 1.00 = average month."
"China exports to Viet Nam, HS 1109",net weight,"China-reported, FOB",Gregorian month,12,1.11,0.64,1.64,6,2019 to 2024,BRD-05; BRD-07,VN-direct,Medium,revealed,"Index = month value divided by that year monthly mean, averaged over complete years (our calculation). 1.00 = average month."
"China exports to Viet Nam, HS 1109",net weight,"China-reported, FOB",months from Tet month,-3,0.78,0.46,1.22,5,2019 to 2024,BRD-05; BRD-07,VN-direct,Medium,revealed,"Index = month value divided by that year monthly mean, averaged over complete years (our calculation). 1.00 = average month."
"China exports to Viet Nam, HS 1109",net weight,"China-reported, FOB",months from Tet month,-2,0.89,0.65,1.49,5,2019 to 2024,BRD-05; BRD-07,VN-direct,Medium,revealed,"Index = month value divided by that year monthly mean, averaged over complete years (our calculation). 1.00 = average month."
"China exports to Viet Nam, HS 1109",net weight,"China-reported, FOB",months from Tet month,-1,0.82,0.48,1.64,6,2019 to 2024,BRD-05; BRD-07,VN-direct,Medium,revealed,"Index = month value divided by that year monthly mean, averaged over complete years (our calculation). 1.00 = average month."
"China exports to Viet Nam, HS 1109",net weight,"China-reported, FOB",months from Tet month,0,0.53,0.27,0.84,6,2019 to 2024,BRD-05; BRD-07,VN-direct,Medium,revealed,"Index = month value divided by that year monthly mean, averaged over complete years (our calculation). 1.00 = average month."
"China exports to Viet Nam, HS 1109",net weight,"China-reported, FOB",months from Tet month,1,1.0,0.68,1.47,6,2019 to 2024,BRD-05; BRD-07,VN-direct,Medium,revealed,"Index = month value divided by that year monthly mean, averaged over complete years (our calculation). 1.00 = average month."
"China exports to Viet Nam, HS 1109",net weight,"China-reported, FOB",months from Vu Lan month,-3,1.19,0.76,1.96,6,2019 to 2024,BRD-05; BRD-07,VN-direct,Medium,revealed,"Index = month value divided by that year monthly mean, averaged over complete years (our calculation). 1.00 = average month."
"China exports to Viet Nam, HS 1109",net weight,"China-reported, FOB",months from Vu Lan month,-2,1.06,0.89,1.3,6,2019 to 2024,BRD-05; BRD-07,VN-direct,Medium,revealed,"Index = month value divided by that year monthly mean, averaged over complete years (our calculation). 1.00 = average month."
"China exports to Viet Nam, HS 1109",net weight,"China-reported, FOB",months from Vu Lan month,-1,1.35,0.75,2.57,6,2019 to 2024,BRD-05; BRD-07,VN-direct,Medium,revealed,"Index = month value divided by that year monthly mean, averaged over complete years (our calculation). 1.00 = average month."
"China exports to Viet Nam, HS 1109",net weight,"China-reported, FOB",months from Vu Lan month,0,0.96,0.58,1.15,6,2019 to 2024,BRD-05; BRD-07,VN-direct,Medium,revealed,"Index = month value divided by that year monthly mean, averaged over complete years (our calculation). 1.00 = average month."
"China exports to Viet Nam, HS 1109",net weight,"China-reported, FOB",months from Vu Lan month,1,0.95,0.73,1.06,6,2019 to 2024,BRD-05; BRD-07,VN-direct,Medium,revealed,"Index = month value divided by that year monthly mean, averaged over complete years (our calculation). 1.00 = average month."
"China exports to World, HS 1109",net weight,"China-reported, FOB",Gregorian month,1,0.85,0.68,1.04,6,2019 to 2024,BRD-05; BRD-07,VN-adjacent,Medium,revealed,"Index = month value divided by that year monthly mean, averaged over complete years (our calculation). 1.00 = average month."
"China exports to World, HS 1109",net weight,"China-reported, FOB",Gregorian month,2,0.61,0.29,0.89,6,2019 to 2024,BRD-05; BRD-07,VN-adjacent,Medium,revealed,"Index = month value divided by that year monthly mean, averaged over complete years (our calculation). 1.00 = average month."
"China exports to World, HS 1109",net weight,"China-reported, FOB",Gregorian month,3,0.85,0.53,1.18,6,2019 to 2024,BRD-05; BRD-07,VN-adjacent,Medium,revealed,"Index = month value divided by that year monthly mean, averaged over complete years (our calculation). 1.00 = average month."
"China exports to World, HS 1109",net weight,"China-reported, FOB",Gregorian month,4,1.06,0.61,1.6,6,2019 to 2024,BRD-05; BRD-07,VN-adjacent,Medium,revealed,"Index = month value divided by that year monthly mean, averaged over complete years (our calculation). 1.00 = average month."
"China exports to World, HS 1109",net weight,"China-reported, FOB",Gregorian month,5,0.84,0.53,1.27,6,2019 to 2024,BRD-05; BRD-07,VN-adjacent,Medium,revealed,"Index = month value divided by that year monthly mean, averaged over complete years (our calculation). 1.00 = average month."
"China exports to World, HS 1109",net weight,"China-reported, FOB",Gregorian month,6,1.25,1.13,1.44,6,2019 to 2024,BRD-05; BRD-07,VN-adjacent,Medium,revealed,"Index = month value divided by that year monthly mean, averaged over complete years (our calculation). 1.00 = average month."
"China exports to World, HS 1109",net weight,"China-reported, FOB",Gregorian month,7,1.14,0.83,1.36,6,2019 to 2024,BRD-05; BRD-07,VN-adjacent,Medium,revealed,"Index = month value divided by that year monthly mean, averaged over complete years (our calculation). 1.00 = average month."
"China exports to World, HS 1109",net weight,"China-reported, FOB",Gregorian month,8,1.04,0.55,1.22,6,2019 to 2024,BRD-05; BRD-07,VN-adjacent,Medium,revealed,"Index = month value divided by that year monthly mean, averaged over complete years (our calculation). 1.00 = average month."
"China exports to World, HS 1109",net weight,"China-reported, FOB",Gregorian month,9,1.04,0.94,1.29,6,2019 to 2024,BRD-05; BRD-07,VN-adjacent,Medium,revealed,"Index = month value divided by that year monthly mean, averaged over complete years (our calculation). 1.00 = average month."
"China exports to World, HS 1109",net weight,"China-reported, FOB",Gregorian month,10,1.16,0.97,1.52,6,2019 to 2024,BRD-05; BRD-07,VN-adjacent,Medium,revealed,"Index = month value divided by that year monthly mean, averaged over complete years (our calculation). 1.00 = average month."
"China exports to World, HS 1109",net weight,"China-reported, FOB",Gregorian month,11,1.01,0.67,1.25,6,2019 to 2024,BRD-05; BRD-07,VN-adjacent,Medium,revealed,"Index = month value divided by that year monthly mean, averaged over complete years (our calculation). 1.00 = average month."
"China exports to World, HS 1109",net weight,"China-reported, FOB",Gregorian month,12,1.15,0.5,1.79,6,2019 to 2024,BRD-05; BRD-07,VN-adjacent,Medium,revealed,"Index = month value divided by that year monthly mean, averaged over complete years (our calculation). 1.00 = average month."
"China exports to World, HS 1109",net weight,"China-reported, FOB",months from Tet month,-3,1.13,1.02,1.25,5,2019 to 2024,BRD-05; BRD-07,VN-adjacent,Medium,revealed,"Index = month value divided by that year monthly mean, averaged over complete years (our calculation). 1.00 = average month."
"China exports to World, HS 1109",net weight,"China-reported, FOB",months from Tet month,-2,1.06,0.5,1.66,5,2019 to 2024,BRD-05; BRD-07,VN-adjacent,Medium,revealed,"Index = month value divided by that year monthly mean, averaged over complete years (our calculation). 1.00 = average month."
"China exports to World, HS 1109",net weight,"China-reported, FOB",months from Tet month,-1,0.85,0.68,1.02,6,2019 to 2024,BRD-05; BRD-07,VN-adjacent,Medium,revealed,"Index = month value divided by that year monthly mean, averaged over complete years (our calculation). 1.00 = average month."
"China exports to World, HS 1109",net weight,"China-reported, FOB",months from Tet month,0,0.77,0.38,1.04,6,2019 to 2024,BRD-05; BRD-07,VN-adjacent,Medium,revealed,"Index = month value divided by that year monthly mean, averaged over complete years (our calculation). 1.00 = average month."
"China exports to World, HS 1109",net weight,"China-reported, FOB",months from Tet month,1,0.66,0.29,0.93,6,2019 to 2024,BRD-05; BRD-07,VN-adjacent,Medium,revealed,"Index = month value divided by that year monthly mean, averaged over complete years (our calculation). 1.00 = average month."
"China exports to World, HS 1109",net weight,"China-reported, FOB",months from Vu Lan month,-3,0.96,0.53,1.32,6,2019 to 2024,BRD-05; BRD-07,VN-adjacent,Medium,revealed,"Index = month value divided by that year monthly mean, averaged over complete years (our calculation). 1.00 = average month."
"China exports to World, HS 1109",net weight,"China-reported, FOB",months from Vu Lan month,-2,1.24,1.13,1.44,6,2019 to 2024,BRD-05; BRD-07,VN-adjacent,Medium,revealed,"Index = month value divided by that year monthly mean, averaged over complete years (our calculation). 1.00 = average month."
"China exports to World, HS 1109",net weight,"China-reported, FOB",months from Vu Lan month,-1,1.12,0.83,1.36,6,2019 to 2024,BRD-05; BRD-07,VN-adjacent,Medium,revealed,"Index = month value divided by that year monthly mean, averaged over complete years (our calculation). 1.00 = average month."
"China exports to World, HS 1109",net weight,"China-reported, FOB",months from Vu Lan month,0,1.02,0.55,1.22,6,2019 to 2024,BRD-05; BRD-07,VN-adjacent,Medium,revealed,"Index = month value divided by that year monthly mean, averaged over complete years (our calculation). 1.00 = average month."
"China exports to World, HS 1109",net weight,"China-reported, FOB",months from Vu Lan month,1,1.13,0.94,1.52,6,2019 to 2024,BRD-05; BRD-07,VN-adjacent,Medium,revealed,"Index = month value divided by that year monthly mean, averaged over complete years (our calculation). 1.00 = average month."
"China exports to Thailand, HS 1109",net weight,"China-reported, FOB",Gregorian month,1,0.96,0.7,1.18,6,2019 to 2024,BRD-05; BRD-07,VN-adjacent,Medium,revealed,"Index = month value divided by that year monthly mean, averaged over complete years (our calculation). 1.00 = average month."
"China exports to Thailand, HS 1109",net weight,"China-reported, FOB",Gregorian month,2,0.75,0.04,1.54,6,2019 to 2024,BRD-05; BRD-07,VN-adjacent,Medium,revealed,"Index = month value divided by that year monthly mean, averaged over complete years (our calculation). 1.00 = average month."
"China exports to Thailand, HS 1109",net weight,"China-reported, FOB",Gregorian month,3,1.04,0.62,1.6,6,2019 to 2024,BRD-05; BRD-07,VN-adjacent,Medium,revealed,"Index = month value divided by that year monthly mean, averaged over complete years (our calculation). 1.00 = average month."
"China exports to Thailand, HS 1109",net weight,"China-reported, FOB",Gregorian month,4,0.81,0.57,0.92,6,2019 to 2024,BRD-05; BRD-07,VN-adjacent,Medium,revealed,"Index = month value divided by that year monthly mean, averaged over complete years (our calculation). 1.00 = average month."
"China exports to Thailand, HS 1109",net weight,"China-reported, FOB",Gregorian month,5,0.93,0.66,1.23,6,2019 to 2024,BRD-05; BRD-07,VN-adjacent,Medium,revealed,"Index = month value divided by that year monthly mean, averaged over complete years (our calculation). 1.00 = average month."
"China exports to Thailand, HS 1109",net weight,"China-reported, FOB",Gregorian month,6,0.96,0.48,1.43,6,2019 to 2024,BRD-05; BRD-07,VN-adjacent,Medium,revealed,"Index = month value divided by that year monthly mean, averaged over complete years (our calculation). 1.00 = average month."
"China exports to Thailand, HS 1109",net weight,"China-reported, FOB",Gregorian month,7,1.19,0.75,1.6,6,2019 to 2024,BRD-05; BRD-07,VN-adjacent,Medium,revealed,"Index = month value divided by that year monthly mean, averaged over complete years (our calculation). 1.00 = average month."
"China exports to Thailand, HS 1109",net weight,"China-reported, FOB",Gregorian month,8,1.2,0.93,1.45,6,2019 to 2024,BRD-05; BRD-07,VN-adjacent,Medium,revealed,"Index = month value divided by that year monthly mean, averaged over complete years (our calculation). 1.00 = average month."
"China exports to Thailand, HS 1109",net weight,"China-reported, FOB",Gregorian month,9,1.04,0.79,1.6,6,2019 to 2024,BRD-05; BRD-07,VN-adjacent,Medium,revealed,"Index = month value divided by that year monthly mean, averaged over complete years (our calculation). 1.00 = average month."
"China exports to Thailand, HS 1109",net weight,"China-reported, FOB",Gregorian month,10,0.86,0.38,1.49,6,2019 to 2024,BRD-05; BRD-07,VN-adjacent,Medium,revealed,"Index = month value divided by that year monthly mean, averaged over complete years (our calculation). 1.00 = average month."
"China exports to Thailand, HS 1109",net weight,"China-reported, FOB",Gregorian month,11,1.04,0.7,1.3,6,2019 to 2024,BRD-05; BRD-07,VN-adjacent,Medium,revealed,"Index = month value divided by that year monthly mean, averaged over complete years (our calculation). 1.00 = average month."
"China exports to Thailand, HS 1109",net weight,"China-reported, FOB",Gregorian month,12,1.22,0.94,2.02,6,2019 to 2024,BRD-05; BRD-07,VN-adjacent,Medium,revealed,"Index = month value divided by that year monthly mean, averaged over complete years (our calculation). 1.00 = average month."
"China exports to Thailand, HS 1109",net weight,"China-reported, FOB",months from Tet month,-3,0.92,0.58,1.24,5,2019 to 2024,BRD-05; BRD-07,VN-adjacent,Medium,revealed,"Index = month value divided by that year monthly mean, averaged over complete years (our calculation). 1.00 = average month."
"China exports to Thailand, HS 1109",net weight,"China-reported, FOB",months from Tet month,-2,1.21,0.7,2.02,5,2019 to 2024,BRD-05; BRD-07,VN-adjacent,Medium,revealed,"Index = month value divided by that year monthly mean, averaged over complete years (our calculation). 1.00 = average month."
"China exports to Thailand, HS 1109",net weight,"China-reported, FOB",months from Tet month,-1,1.0,0.87,1.18,6,2019 to 2024,BRD-05; BRD-07,VN-adjacent,Medium,revealed,"Index = month value divided by that year monthly mean, averaged over complete years (our calculation). 1.00 = average month."
"China exports to Thailand, HS 1109",net weight,"China-reported, FOB",months from Tet month,0,0.78,0.46,1.07,6,2019 to 2024,BRD-05; BRD-07,VN-adjacent,Medium,revealed,"Index = month value divided by that year monthly mean, averaged over complete years (our calculation). 1.00 = average month."
"China exports to Thailand, HS 1109",net weight,"China-reported, FOB",months from Tet month,1,1.03,0.04,1.6,6,2019 to 2024,BRD-05; BRD-07,VN-adjacent,Medium,revealed,"Index = month value divided by that year monthly mean, averaged over complete years (our calculation). 1.00 = average month."
"China exports to Thailand, HS 1109",net weight,"China-reported, FOB",months from Vu Lan month,-3,0.93,0.66,1.23,6,2019 to 2024,BRD-05; BRD-07,VN-adjacent,Medium,revealed,"Index = month value divided by that year monthly mean, averaged over complete years (our calculation). 1.00 = average month."
"China exports to Thailand, HS 1109",net weight,"China-reported, FOB",months from Vu Lan month,-2,1.1,0.48,1.6,6,2019 to 2024,BRD-05; BRD-07,VN-adjacent,Medium,revealed,"Index = month value divided by that year monthly mean, averaged over complete years (our calculation). 1.00 = average month."
"China exports to Thailand, HS 1109",net weight,"China-reported, FOB",months from Vu Lan month,-1,1.13,0.75,1.51,6,2019 to 2024,BRD-05; BRD-07,VN-adjacent,Medium,revealed,"Index = month value divided by that year monthly mean, averaged over complete years (our calculation). 1.00 = average month."
"China exports to Thailand, HS 1109",net weight,"China-reported, FOB",months from Vu Lan month,0,1.16,0.93,1.45,6,2019 to 2024,BRD-05; BRD-07,VN-adjacent,Medium,revealed,"Index = month value divided by that year monthly mean, averaged over complete years (our calculation). 1.00 = average month."
"China exports to Thailand, HS 1109",net weight,"China-reported, FOB",months from Vu Lan month,1,1.13,0.79,1.6,6,2019 to 2024,BRD-05; BRD-07,VN-adjacent,Medium,revealed,"Index = month value divided by that year monthly mean, averaged over complete years (our calculation). 1.00 = average month."
"China exports to Viet Nam, HS 3504",net weight,"China-reported, FOB",Gregorian month,1,0.67,0.25,1.04,6,2019 to 2024,BRD-05; BRD-07,VN-direct,Medium,revealed,"Index = month value divided by that year monthly mean, averaged over complete years (our calculation). 1.00 = average month."
"China exports to Viet Nam, HS 3504",net weight,"China-reported, FOB",Gregorian month,2,0.71,0.43,1.11,6,2019 to 2024,BRD-05; BRD-07,VN-direct,Medium,revealed,"Index = month value divided by that year monthly mean, averaged over complete years (our calculation). 1.00 = average month."
"China exports to Viet Nam, HS 3504",net weight,"China-reported, FOB",Gregorian month,3,1.07,0.34,1.72,6,2019 to 2024,BRD-05; BRD-07,VN-direct,Medium,revealed,"Index = month value divided by that year monthly mean, averaged over complete years (our calculation). 1.00 = average month."
"China exports to Viet Nam, HS 3504",net weight,"China-reported, FOB",Gregorian month,4,1.08,0.38,1.89,6,2019 to 2024,BRD-05; BRD-07,VN-direct,Medium,revealed,"Index = month value divided by that year monthly mean, averaged over complete years (our calculation). 1.00 = average month."
"China exports to Viet Nam, HS 3504",net weight,"China-reported, FOB",Gregorian month,5,1.01,0.4,1.44,6,2019 to 2024,BRD-05; BRD-07,VN-direct,Medium,revealed,"Index = month value divided by that year monthly mean, averaged over complete years (our calculation). 1.00 = average month."
"China exports to Viet Nam, HS 3504",net weight,"China-reported, FOB",Gregorian month,6,0.77,0.32,1.33,6,2019 to 2024,BRD-05; BRD-07,VN-direct,Medium,revealed,"Index = month value divided by that year monthly mean, averaged over complete years (our calculation). 1.00 = average month."
"China exports to Viet Nam, HS 3504",net weight,"China-reported, FOB",Gregorian month,7,0.83,0.34,1.42,6,2019 to 2024,BRD-05; BRD-07,VN-direct,Medium,revealed,"Index = month value divided by that year monthly mean, averaged over complete years (our calculation). 1.00 = average month."
"China exports to Viet Nam, HS 3504",net weight,"China-reported, FOB",Gregorian month,8,0.98,0.56,1.33,6,2019 to 2024,BRD-05; BRD-07,VN-direct,Medium,revealed,"Index = month value divided by that year monthly mean, averaged over complete years (our calculation). 1.00 = average month."
"China exports to Viet Nam, HS 3504",net weight,"China-reported, FOB",Gregorian month,9,0.84,0.36,1.09,6,2019 to 2024,BRD-05; BRD-07,VN-direct,Medium,revealed,"Index = month value divided by that year monthly mean, averaged over complete years (our calculation). 1.00 = average month."
"China exports to Viet Nam, HS 3504",net weight,"China-reported, FOB",Gregorian month,10,1.28,0.59,2.21,6,2019 to 2024,BRD-05; BRD-07,VN-direct,Medium,revealed,"Index = month value divided by that year monthly mean, averaged over complete years (our calculation). 1.00 = average month."
"China exports to Viet Nam, HS 3504",net weight,"China-reported, FOB",Gregorian month,11,1.48,0.54,3.66,6,2019 to 2024,BRD-05; BRD-07,VN-direct,Medium,revealed,"Index = month value divided by that year monthly mean, averaged over complete years (our calculation). 1.00 = average month."
"China exports to Viet Nam, HS 3504",net weight,"China-reported, FOB",Gregorian month,12,1.3,0.92,1.79,6,2019 to 2024,BRD-05; BRD-07,VN-direct,Medium,revealed,"Index = month value divided by that year monthly mean, averaged over complete years (our calculation). 1.00 = average month."
"China exports to Viet Nam, HS 3504",net weight,"China-reported, FOB",months from Tet month,-3,1.51,0.69,3.66,5,2019 to 2024,BRD-05; BRD-07,VN-direct,Medium,revealed,"Index = month value divided by that year monthly mean, averaged over complete years (our calculation). 1.00 = average month."
"China exports to Viet Nam, HS 3504",net weight,"China-reported, FOB",months from Tet month,-2,1.35,0.94,1.65,5,2019 to 2024,BRD-05; BRD-07,VN-direct,Medium,revealed,"Index = month value divided by that year monthly mean, averaged over complete years (our calculation). 1.00 = average month."
"China exports to Viet Nam, HS 3504",net weight,"China-reported, FOB",months from Tet month,-1,0.96,0.54,1.79,6,2019 to 2024,BRD-05; BRD-07,VN-direct,Medium,revealed,"Index = month value divided by that year monthly mean, averaged over complete years (our calculation). 1.00 = average month."
"China exports to Viet Nam, HS 3504",net weight,"China-reported, FOB",months from Tet month,0,0.63,0.25,1.11,6,2019 to 2024,BRD-05; BRD-07,VN-direct,Medium,revealed,"Index = month value divided by that year monthly mean, averaged over complete years (our calculation). 1.00 = average month."
"China exports to Viet Nam, HS 3504",net weight,"China-reported, FOB",months from Tet month,1,0.96,0.7,1.67,6,2019 to 2024,BRD-05; BRD-07,VN-direct,Medium,revealed,"Index = month value divided by that year monthly mean, averaged over complete years (our calculation). 1.00 = average month."
"China exports to Viet Nam, HS 3504",net weight,"China-reported, FOB",months from Vu Lan month,-3,0.94,0.4,1.44,6,2019 to 2024,BRD-05; BRD-07,VN-direct,Medium,revealed,"Index = month value divided by that year monthly mean, averaged over complete years (our calculation). 1.00 = average month."
"China exports to Viet Nam, HS 3504",net weight,"China-reported, FOB",months from Vu Lan month,-2,0.89,0.32,1.42,6,2019 to 2024,BRD-05; BRD-07,VN-direct,Medium,revealed,"Index = month value divided by that year monthly mean, averaged over complete years (our calculation). 1.00 = average month."
"China exports to Viet Nam, HS 3504",net weight,"China-reported, FOB",months from Vu Lan month,-1,0.69,0.34,1.19,6,2019 to 2024,BRD-05; BRD-07,VN-direct,Medium,revealed,"Index = month value divided by that year monthly mean, averaged over complete years (our calculation). 1.00 = average month."
"China exports to Viet Nam, HS 3504",net weight,"China-reported, FOB",months from Vu Lan month,0,0.98,0.6,1.33,6,2019 to 2024,BRD-05; BRD-07,VN-direct,Medium,revealed,"Index = month value divided by that year monthly mean, averaged over complete years (our calculation). 1.00 = average month."
"China exports to Viet Nam, HS 3504",net weight,"China-reported, FOB",months from Vu Lan month,1,0.94,0.36,1.22,6,2019 to 2024,BRD-05; BRD-07,VN-direct,Medium,revealed,"Index = month value divided by that year monthly mean, averaged over complete years (our calculation). 1.00 = average month."
"China exports to Thailand, HS 3504",net weight,"China-reported, FOB",Gregorian month,1,1.15,0.65,1.42,6,2019 to 2024,BRD-05; BRD-07,VN-adjacent,Medium,revealed,"Index = month value divided by that year monthly mean, averaged over complete years (our calculation). 1.00 = average month."
"China exports to Thailand, HS 3504",net weight,"China-reported, FOB",Gregorian month,2,0.91,0.51,1.82,6,2019 to 2024,BRD-05; BRD-07,VN-adjacent,Medium,revealed,"Index = month value divided by that year monthly mean, averaged over complete years (our calculation). 1.00 = average month."
"China exports to Thailand, HS 3504",net weight,"China-reported, FOB",Gregorian month,3,0.97,0.69,1.4,6,2019 to 2024,BRD-05; BRD-07,VN-adjacent,Medium,revealed,"Index = month value divided by that year monthly mean, averaged over complete years (our calculation). 1.00 = average month."
"China exports to Thailand, HS 3504",net weight,"China-reported, FOB",Gregorian month,4,1.05,0.86,1.23,6,2019 to 2024,BRD-05; BRD-07,VN-adjacent,Medium,revealed,"Index = month value divided by that year monthly mean, averaged over complete years (our calculation). 1.00 = average month."
"China exports to Thailand, HS 3504",net weight,"China-reported, FOB",Gregorian month,5,1.12,0.52,1.52,6,2019 to 2024,BRD-05; BRD-07,VN-adjacent,Medium,revealed,"Index = month value divided by that year monthly mean, averaged over complete years (our calculation). 1.00 = average month."
"China exports to Thailand, HS 3504",net weight,"China-reported, FOB",Gregorian month,6,0.9,0.4,1.32,6,2019 to 2024,BRD-05; BRD-07,VN-adjacent,Medium,revealed,"Index = month value divided by that year monthly mean, averaged over complete years (our calculation). 1.00 = average month."
"China exports to Thailand, HS 3504",net weight,"China-reported, FOB",Gregorian month,7,0.95,0.75,1.19,6,2019 to 2024,BRD-05; BRD-07,VN-adjacent,Medium,revealed,"Index = month value divided by that year monthly mean, averaged over complete years (our calculation). 1.00 = average month."
"China exports to Thailand, HS 3504",net weight,"China-reported, FOB",Gregorian month,8,0.97,0.69,1.44,6,2019 to 2024,BRD-05; BRD-07,VN-adjacent,Medium,revealed,"Index = month value divided by that year monthly mean, averaged over complete years (our calculation). 1.00 = average month."
"China exports to Thailand, HS 3504",net weight,"China-reported, FOB",Gregorian month,9,0.86,0.62,1.3,6,2019 to 2024,BRD-05; BRD-07,VN-adjacent,Medium,revealed,"Index = month value divided by that year monthly mean, averaged over complete years (our calculation). 1.00 = average month."
"China exports to Thailand, HS 3504",net weight,"China-reported, FOB",Gregorian month,10,0.89,0.53,1.33,6,2019 to 2024,BRD-05; BRD-07,VN-adjacent,Medium,revealed,"Index = month value divided by that year monthly mean, averaged over complete years (our calculation). 1.00 = average month."
"China exports to Thailand, HS 3504",net weight,"China-reported, FOB",Gregorian month,11,1.15,0.86,1.9,6,2019 to 2024,BRD-05; BRD-07,VN-adjacent,Medium,revealed,"Index = month value divided by that year monthly mean, averaged over complete years (our calculation). 1.00 = average month."
"China exports to Thailand, HS 3504",net weight,"China-reported, FOB",Gregorian month,12,1.07,0.64,1.43,6,2019 to 2024,BRD-05; BRD-07,VN-adjacent,Medium,revealed,"Index = month value divided by that year monthly mean, averaged over complete years (our calculation). 1.00 = average month."
"China exports to Thailand, HS 3504",net weight,"China-reported, FOB",months from Tet month,-3,0.92,0.53,1.1,5,2019 to 2024,BRD-05; BRD-07,VN-adjacent,Medium,revealed,"Index = month value divided by that year monthly mean, averaged over complete years (our calculation). 1.00 = average month."
"China exports to Thailand, HS 3504",net weight,"China-reported, FOB",months from Tet month,-2,1.18,0.64,1.9,5,2019 to 2024,BRD-05; BRD-07,VN-adjacent,Medium,revealed,"Index = month value divided by that year monthly mean, averaged over complete years (our calculation). 1.00 = average month."
"China exports to Thailand, HS 3504",net weight,"China-reported, FOB",months from Tet month,-1,1.07,0.65,1.23,6,2019 to 2024,BRD-05; BRD-07,VN-adjacent,Medium,revealed,"Index = month value divided by that year monthly mean, averaged over complete years (our calculation). 1.00 = average month."
"China exports to Thailand, HS 3504",net weight,"China-reported, FOB",months from Tet month,0,0.91,0.51,1.42,6,2019 to 2024,BRD-05; BRD-07,VN-adjacent,Medium,revealed,"Index = month value divided by that year monthly mean, averaged over complete years (our calculation). 1.00 = average month."
"China exports to Thailand, HS 3504",net weight,"China-reported, FOB",months from Tet month,1,1.05,0.69,1.82,6,2019 to 2024,BRD-05; BRD-07,VN-adjacent,Medium,revealed,"Index = month value divided by that year monthly mean, averaged over complete years (our calculation). 1.00 = average month."
"China exports to Thailand, HS 3504",net weight,"China-reported, FOB",months from Vu Lan month,-3,1.07,0.52,1.52,6,2019 to 2024,BRD-05; BRD-07,VN-adjacent,Medium,revealed,"Index = month value divided by that year monthly mean, averaged over complete years (our calculation). 1.00 = average month."
"China exports to Thailand, HS 3504",net weight,"China-reported, FOB",months from Vu Lan month,-2,0.87,0.4,1.32,6,2019 to 2024,BRD-05; BRD-07,VN-adjacent,Medium,revealed,"Index = month value divided by that year monthly mean, averaged over complete years (our calculation). 1.00 = average month."
"China exports to Thailand, HS 3504",net weight,"China-reported, FOB",months from Vu Lan month,-1,0.94,0.69,1.19,6,2019 to 2024,BRD-05; BRD-07,VN-adjacent,Medium,revealed,"Index = month value divided by that year monthly mean, averaged over complete years (our calculation). 1.00 = average month."
"China exports to Thailand, HS 3504",net weight,"China-reported, FOB",months from Vu Lan month,0,0.97,0.7,1.44,6,2019 to 2024,BRD-05; BRD-07,VN-adjacent,Medium,revealed,"Index = month value divided by that year monthly mean, averaged over complete years (our calculation). 1.00 = average month."
"China exports to Thailand, HS 3504",net weight,"China-reported, FOB",months from Vu Lan month,1,0.86,0.62,1.3,6,2019 to 2024,BRD-05; BRD-07,VN-adjacent,Medium,revealed,"Index = month value divided by that year monthly mean, averaged over complete years (our calculation). 1.00 = average month."
"China exports to Viet Nam, HS 2309.90 (feed control)",net weight,"China-reported, FOB",Gregorian month,1,0.81,0.48,1.08,6,2019 to 2024,BRD-05; BRD-07,VN-direct,Medium,revealed,"Index = month value divided by that year monthly mean, averaged over complete years (our calculation). 1.00 = average month."
"China exports to Viet Nam, HS 2309.90 (feed control)",net weight,"China-reported, FOB",Gregorian month,2,0.8,0.58,1.01,6,2019 to 2024,BRD-05; BRD-07,VN-direct,Medium,revealed,"Index = month value divided by that year monthly mean, averaged over complete years (our calculation). 1.00 = average month."
"China exports to Viet Nam, HS 2309.90 (feed control)",net weight,"China-reported, FOB",Gregorian month,3,1.3,1.12,1.46,6,2019 to 2024,BRD-05; BRD-07,VN-direct,Medium,revealed,"Index = month value divided by that year monthly mean, averaged over complete years (our calculation). 1.00 = average month."
"China exports to Viet Nam, HS 2309.90 (feed control)",net weight,"China-reported, FOB",Gregorian month,4,1.12,0.93,1.32,6,2019 to 2024,BRD-05; BRD-07,VN-direct,Medium,revealed,"Index = month value divided by that year monthly mean, averaged over complete years (our calculation). 1.00 = average month."
"China exports to Viet Nam, HS 2309.90 (feed control)",net weight,"China-reported, FOB",Gregorian month,5,0.99,0.69,1.22,6,2019 to 2024,BRD-05; BRD-07,VN-direct,Medium,revealed,"Index = month value divided by that year monthly mean, averaged over complete years (our calculation). 1.00 = average month."
"China exports to Viet Nam, HS 2309.90 (feed control)",net weight,"China-reported, FOB",Gregorian month,6,1.03,0.78,1.17,6,2019 to 2024,BRD-05; BRD-07,VN-direct,Medium,revealed,"Index = month value divided by that year monthly mean, averaged over complete years (our calculation). 1.00 = average month."
"China exports to Viet Nam, HS 2309.90 (feed control)",net weight,"China-reported, FOB",Gregorian month,7,0.91,0.65,1.11,6,2019 to 2024,BRD-05; BRD-07,VN-direct,Medium,revealed,"Index = month value divided by that year monthly mean, averaged over complete years (our calculation). 1.00 = average month."
"China exports to Viet Nam, HS 2309.90 (feed control)",net weight,"China-reported, FOB",Gregorian month,8,0.88,0.7,1.03,6,2019 to 2024,BRD-05; BRD-07,VN-direct,Medium,revealed,"Index = month value divided by that year monthly mean, averaged over complete years (our calculation). 1.00 = average month."
"China exports to Viet Nam, HS 2309.90 (feed control)",net weight,"China-reported, FOB",Gregorian month,9,0.99,0.84,1.27,6,2019 to 2024,BRD-05; BRD-07,VN-direct,Medium,revealed,"Index = month value divided by that year monthly mean, averaged over complete years (our calculation). 1.00 = average month."
"China exports to Viet Nam, HS 2309.90 (feed control)",net weight,"China-reported, FOB",Gregorian month,10,1.01,0.8,1.29,6,2019 to 2024,BRD-05; BRD-07,VN-direct,Medium,revealed,"Index = month value divided by that year monthly mean, averaged over complete years (our calculation). 1.00 = average month."
"China exports to Viet Nam, HS 2309.90 (feed control)",net weight,"China-reported, FOB",Gregorian month,11,1.05,0.82,1.28,6,2019 to 2024,BRD-05; BRD-07,VN-direct,Medium,revealed,"Index = month value divided by that year monthly mean, averaged over complete years (our calculation). 1.00 = average month."
"China exports to Viet Nam, HS 2309.90 (feed control)",net weight,"China-reported, FOB",Gregorian month,12,1.09,0.93,1.28,6,2019 to 2024,BRD-05; BRD-07,VN-direct,Medium,revealed,"Index = month value divided by that year monthly mean, averaged over complete years (our calculation). 1.00 = average month."
"China exports to Viet Nam, HS 2309.90 (feed control)",net weight,"China-reported, FOB",months from Tet month,-3,1.07,0.82,1.29,5,2019 to 2024,BRD-05; BRD-07,VN-direct,Medium,revealed,"Index = month value divided by that year monthly mean, averaged over complete years (our calculation). 1.00 = average month."
"China exports to Viet Nam, HS 2309.90 (feed control)",net weight,"China-reported, FOB",months from Tet month,-2,1.06,0.95,1.15,5,2019 to 2024,BRD-05; BRD-07,VN-direct,Medium,revealed,"Index = month value divided by that year monthly mean, averaged over complete years (our calculation). 1.00 = average month."
"China exports to Viet Nam, HS 2309.90 (feed control)",net weight,"China-reported, FOB",months from Tet month,-1,0.99,0.74,1.18,6,2019 to 2024,BRD-05; BRD-07,VN-direct,Medium,revealed,"Index = month value divided by that year monthly mean, averaged over complete years (our calculation). 1.00 = average month."
"China exports to Viet Nam, HS 2309.90 (feed control)",net weight,"China-reported, FOB",months from Tet month,0,0.69,0.48,1.01,6,2019 to 2024,BRD-05; BRD-07,VN-direct,Medium,revealed,"Index = month value divided by that year monthly mean, averaged over complete years (our calculation). 1.00 = average month."
"China exports to Viet Nam, HS 2309.90 (feed control)",net weight,"China-reported, FOB",months from Tet month,1,1.17,0.84,1.46,6,2019 to 2024,BRD-05; BRD-07,VN-direct,Medium,revealed,"Index = month value divided by that year monthly mean, averaged over complete years (our calculation). 1.00 = average month."
"China exports to Viet Nam, HS 2309.90 (feed control)",net weight,"China-reported, FOB",months from Vu Lan month,-3,0.95,0.69,1.22,6,2019 to 2024,BRD-05; BRD-07,VN-direct,Medium,revealed,"Index = month value divided by that year monthly mean, averaged over complete years (our calculation). 1.00 = average month."
"China exports to Viet Nam, HS 2309.90 (feed control)",net weight,"China-reported, FOB",months from Vu Lan month,-2,1.01,0.65,1.17,6,2019 to 2024,BRD-05; BRD-07,VN-direct,Medium,revealed,"Index = month value divided by that year monthly mean, averaged over complete years (our calculation). 1.00 = average month."
"China exports to Viet Nam, HS 2309.90 (feed control)",net weight,"China-reported, FOB",months from Vu Lan month,-1,0.92,0.7,1.11,6,2019 to 2024,BRD-05; BRD-07,VN-direct,Medium,revealed,"Index = month value divided by that year monthly mean, averaged over complete years (our calculation). 1.00 = average month."
"China exports to Viet Nam, HS 2309.90 (feed control)",net weight,"China-reported, FOB",months from Vu Lan month,0,0.98,0.8,1.27,6,2019 to 2024,BRD-05; BRD-07,VN-direct,Medium,revealed,"Index = month value divided by that year monthly mean, averaged over complete years (our calculation). 1.00 = average month."
"China exports to Viet Nam, HS 2309.90 (feed control)",net weight,"China-reported, FOB",months from Vu Lan month,1,0.99,0.84,1.22,6,2019 to 2024,BRD-05; BRD-07,VN-direct,Medium,revealed,"Index = month value divided by that year monthly mean, averaged over complete years (our calculation). 1.00 = average month."
"China exports to World, HS 2309.90 (feed control)",net weight,"China-reported, FOB",Gregorian month,1,1.07,0.89,1.21,6,2019 to 2024,BRD-05; BRD-07,VN-adjacent,Medium,revealed,"Index = month value divided by that year monthly mean, averaged over complete years (our calculation). 1.00 = average month."
"China exports to World, HS 2309.90 (feed control)",net weight,"China-reported, FOB",Gregorian month,2,0.79,0.7,0.9,6,2019 to 2024,BRD-05; BRD-07,VN-adjacent,Medium,revealed,"Index = month value divided by that year monthly mean, averaged over complete years (our calculation). 1.00 = average month."
"China exports to World, HS 2309.90 (feed control)",net weight,"China-reported, FOB",Gregorian month,3,1.24,1.05,1.61,6,2019 to 2024,BRD-05; BRD-07,VN-adjacent,Medium,revealed,"Index = month value divided by that year monthly mean, averaged over complete years (our calculation). 1.00 = average month."
"China exports to World, HS 2309.90 (feed control)",net weight,"China-reported, FOB",Gregorian month,4,1.15,1.02,1.44,6,2019 to 2024,BRD-05; BRD-07,VN-adjacent,Medium,revealed,"Index = month value divided by that year monthly mean, averaged over complete years (our calculation). 1.00 = average month."
"China exports to World, HS 2309.90 (feed control)",net weight,"China-reported, FOB",Gregorian month,5,1.03,0.85,1.21,6,2019 to 2024,BRD-05; BRD-07,VN-adjacent,Medium,revealed,"Index = month value divided by that year monthly mean, averaged over complete years (our calculation). 1.00 = average month."
"China exports to World, HS 2309.90 (feed control)",net weight,"China-reported, FOB",Gregorian month,6,0.98,0.88,1.03,6,2019 to 2024,BRD-05; BRD-07,VN-adjacent,Medium,revealed,"Index = month value divided by that year monthly mean, averaged over complete years (our calculation). 1.00 = average month."
"China exports to World, HS 2309.90 (feed control)",net weight,"China-reported, FOB",Gregorian month,7,0.95,0.75,1.16,6,2019 to 2024,BRD-05; BRD-07,VN-adjacent,Medium,revealed,"Index = month value divided by that year monthly mean, averaged over complete years (our calculation). 1.00 = average month."
"China exports to World, HS 2309.90 (feed control)",net weight,"China-reported, FOB",Gregorian month,8,0.84,0.61,0.97,6,2019 to 2024,BRD-05; BRD-07,VN-adjacent,Medium,revealed,"Index = month value divided by that year monthly mean, averaged over complete years (our calculation). 1.00 = average month."
"China exports to World, HS 2309.90 (feed control)",net weight,"China-reported, FOB",Gregorian month,9,0.93,0.86,0.98,6,2019 to 2024,BRD-05; BRD-07,VN-adjacent,Medium,revealed,"Index = month value divided by that year monthly mean, averaged over complete years (our calculation). 1.00 = average month."
"China exports to World, HS 2309.90 (feed control)",net weight,"China-reported, FOB",Gregorian month,10,0.94,0.76,1.15,6,2019 to 2024,BRD-05; BRD-07,VN-adjacent,Medium,revealed,"Index = month value divided by that year monthly mean, averaged over complete years (our calculation). 1.00 = average month."
"China exports to World, HS 2309.90 (feed control)",net weight,"China-reported, FOB",Gregorian month,11,1.01,0.91,1.15,6,2019 to 2024,BRD-05; BRD-07,VN-adjacent,Medium,revealed,"Index = month value divided by that year monthly mean, averaged over complete years (our calculation). 1.00 = average month."
"China exports to World, HS 2309.90 (feed control)",net weight,"China-reported, FOB",Gregorian month,12,1.07,0.94,1.19,6,2019 to 2024,BRD-05; BRD-07,VN-adjacent,Medium,revealed,"Index = month value divided by that year monthly mean, averaged over complete years (our calculation). 1.00 = average month."
"China exports to World, HS 2309.90 (feed control)",net weight,"China-reported, FOB",months from Tet month,-3,1.0,0.86,1.15,5,2019 to 2024,BRD-05; BRD-07,VN-adjacent,Medium,revealed,"Index = month value divided by that year monthly mean, averaged over complete years (our calculation). 1.00 = average month."
"China exports to World, HS 2309.90 (feed control)",net weight,"China-reported, FOB",months from Tet month,-2,1.03,0.91,1.18,5,2019 to 2024,BRD-05; BRD-07,VN-adjacent,Medium,revealed,"Index = month value divided by that year monthly mean, averaged over complete years (our calculation). 1.00 = average month."
"China exports to World, HS 2309.90 (feed control)",net weight,"China-reported, FOB",months from Tet month,-1,1.06,0.94,1.21,6,2019 to 2024,BRD-05; BRD-07,VN-adjacent,Medium,revealed,"Index = month value divided by that year monthly mean, averaged over complete years (our calculation). 1.00 = average month."
"China exports to World, HS 2309.90 (feed control)",net weight,"China-reported, FOB",months from Tet month,0,0.88,0.78,1.13,6,2019 to 2024,BRD-05; BRD-07,VN-adjacent,Medium,revealed,"Index = month value divided by that year monthly mean, averaged over complete years (our calculation). 1.00 = average month."
"China exports to World, HS 2309.90 (feed control)",net weight,"China-reported, FOB",months from Tet month,1,1.04,0.7,1.33,6,2019 to 2024,BRD-05; BRD-07,VN-adjacent,Medium,revealed,"Index = month value divided by that year monthly mean, averaged over complete years (our calculation). 1.00 = average month."
"China exports to World, HS 2309.90 (feed control)",net weight,"China-reported, FOB",months from Vu Lan month,-3,0.99,0.85,1.21,6,2019 to 2024,BRD-05; BRD-07,VN-adjacent,Medium,revealed,"Index = month value divided by that year monthly mean, averaged over complete years (our calculation). 1.00 = average month."
"China exports to World, HS 2309.90 (feed control)",net weight,"China-reported, FOB",months from Vu Lan month,-2,0.95,0.75,1.03,6,2019 to 2024,BRD-05; BRD-07,VN-adjacent,Medium,revealed,"Index = month value divided by that year monthly mean, averaged over complete years (our calculation). 1.00 = average month."
"China exports to World, HS 2309.90 (feed control)",net weight,"China-reported, FOB",months from Vu Lan month,-1,0.93,0.61,1.16,6,2019 to 2024,BRD-05; BRD-07,VN-adjacent,Medium,revealed,"Index = month value divided by that year monthly mean, averaged over complete years (our calculation). 1.00 = average month."
"China exports to World, HS 2309.90 (feed control)",net weight,"China-reported, FOB",months from Vu Lan month,0,0.88,0.8,0.97,6,2019 to 2024,BRD-05; BRD-07,VN-adjacent,Medium,revealed,"Index = month value divided by that year monthly mean, averaged over complete years (our calculation). 1.00 = average month."
"China exports to World, HS 2309.90 (feed control)",net weight,"China-reported, FOB",months from Vu Lan month,1,0.93,0.86,0.98,6,2019 to 2024,BRD-05; BRD-07,VN-adjacent,Medium,revealed,"Index = month value divided by that year monthly mean, averaged over complete years (our calculation). 1.00 = average month."
"China exports to Thailand, HS 2309.90 (feed control)",net weight,"China-reported, FOB",Gregorian month,1,1.03,0.85,1.14,6,2019 to 2024,BRD-05; BRD-07,VN-adjacent,Medium,revealed,"Index = month value divided by that year monthly mean, averaged over complete years (our calculation). 1.00 = average month."
"China exports to Thailand, HS 2309.90 (feed control)",net weight,"China-reported, FOB",Gregorian month,2,0.76,0.42,1.08,6,2019 to 2024,BRD-05; BRD-07,VN-adjacent,Medium,revealed,"Index = month value divided by that year monthly mean, averaged over complete years (our calculation). 1.00 = average month."
"China exports to Thailand, HS 2309.90 (feed control)",net weight,"China-reported, FOB",Gregorian month,3,1.36,1.12,1.68,6,2019 to 2024,BRD-05; BRD-07,VN-adjacent,Medium,revealed,"Index = month value divided by that year monthly mean, averaged over complete years (our calculation). 1.00 = average month."
"China exports to Thailand, HS 2309.90 (feed control)",net weight,"China-reported, FOB",Gregorian month,4,1.28,0.85,1.72,6,2019 to 2024,BRD-05; BRD-07,VN-adjacent,Medium,revealed,"Index = month value divided by that year monthly mean, averaged over complete years (our calculation). 1.00 = average month."
"China exports to Thailand, HS 2309.90 (feed control)",net weight,"China-reported, FOB",Gregorian month,5,1.09,0.88,1.43,6,2019 to 2024,BRD-05; BRD-07,VN-adjacent,Medium,revealed,"Index = month value divided by that year monthly mean, averaged over complete years (our calculation). 1.00 = average month."
"China exports to Thailand, HS 2309.90 (feed control)",net weight,"China-reported, FOB",Gregorian month,6,0.92,0.77,0.99,6,2019 to 2024,BRD-05; BRD-07,VN-adjacent,Medium,revealed,"Index = month value divided by that year monthly mean, averaged over complete years (our calculation). 1.00 = average month."
"China exports to Thailand, HS 2309.90 (feed control)",net weight,"China-reported, FOB",Gregorian month,7,0.78,0.64,0.91,6,2019 to 2024,BRD-05; BRD-07,VN-adjacent,Medium,revealed,"Index = month value divided by that year monthly mean, averaged over complete years (our calculation). 1.00 = average month."
"China exports to Thailand, HS 2309.90 (feed control)",net weight,"China-reported, FOB",Gregorian month,8,0.78,0.64,1.06,6,2019 to 2024,BRD-05; BRD-07,VN-adjacent,Medium,revealed,"Index = month value divided by that year monthly mean, averaged over complete years (our calculation). 1.00 = average month."
"China exports to Thailand, HS 2309.90 (feed control)",net weight,"China-reported, FOB",Gregorian month,9,0.9,0.71,1.15,6,2019 to 2024,BRD-05; BRD-07,VN-adjacent,Medium,revealed,"Index = month value divided by that year monthly mean, averaged over complete years (our calculation). 1.00 = average month."
"China exports to Thailand, HS 2309.90 (feed control)",net weight,"China-reported, FOB",Gregorian month,10,0.86,0.69,1.06,6,2019 to 2024,BRD-05; BRD-07,VN-adjacent,Medium,revealed,"Index = month value divided by that year monthly mean, averaged over complete years (our calculation). 1.00 = average month."
"China exports to Thailand, HS 2309.90 (feed control)",net weight,"China-reported, FOB",Gregorian month,11,1.01,0.88,1.11,6,2019 to 2024,BRD-05; BRD-07,VN-adjacent,Medium,revealed,"Index = month value divided by that year monthly mean, averaged over complete years (our calculation). 1.00 = average month."
"China exports to Thailand, HS 2309.90 (feed control)",net weight,"China-reported, FOB",Gregorian month,12,1.23,0.99,1.52,6,2019 to 2024,BRD-05; BRD-07,VN-adjacent,Medium,revealed,"Index = month value divided by that year monthly mean, averaged over complete years (our calculation). 1.00 = average month."
"China exports to Thailand, HS 2309.90 (feed control)",net weight,"China-reported, FOB",months from Tet month,-3,0.91,0.79,1.11,5,2019 to 2024,BRD-05; BRD-07,VN-adjacent,Medium,revealed,"Index = month value divided by that year monthly mean, averaged over complete years (our calculation). 1.00 = average month."
"China exports to Thailand, HS 2309.90 (feed control)",net weight,"China-reported, FOB",months from Tet month,-2,1.17,0.91,1.52,5,2019 to 2024,BRD-05; BRD-07,VN-adjacent,Medium,revealed,"Index = month value divided by that year monthly mean, averaged over complete years (our calculation). 1.00 = average month."
"China exports to Thailand, HS 2309.90 (feed control)",net weight,"China-reported, FOB",months from Tet month,-1,1.08,0.96,1.27,6,2019 to 2024,BRD-05; BRD-07,VN-adjacent,Medium,revealed,"Index = month value divided by that year monthly mean, averaged over complete years (our calculation). 1.00 = average month."
"China exports to Thailand, HS 2309.90 (feed control)",net weight,"China-reported, FOB",months from Tet month,0,0.83,0.42,1.1,6,2019 to 2024,BRD-05; BRD-07,VN-adjacent,Medium,revealed,"Index = month value divided by that year monthly mean, averaged over complete years (our calculation). 1.00 = average month."
"China exports to Thailand, HS 2309.90 (feed control)",net weight,"China-reported, FOB",months from Tet month,1,1.22,0.5,1.68,6,2019 to 2024,BRD-05; BRD-07,VN-adjacent,Medium,revealed,"Index = month value divided by that year monthly mean, averaged over complete years (our calculation). 1.00 = average month."
"China exports to Thailand, HS 2309.90 (feed control)",net weight,"China-reported, FOB",months from Vu Lan month,-3,1.1,0.9,1.43,6,2019 to 2024,BRD-05; BRD-07,VN-adjacent,Medium,revealed,"Index = month value divided by that year monthly mean, averaged over complete years (our calculation). 1.00 = average month."
"China exports to Thailand, HS 2309.90 (feed control)",net weight,"China-reported, FOB",months from Vu Lan month,-2,0.92,0.77,0.99,6,2019 to 2024,BRD-05; BRD-07,VN-adjacent,Medium,revealed,"Index = month value divided by that year monthly mean, averaged over complete years (our calculation). 1.00 = average month."
"China exports to Thailand, HS 2309.90 (feed control)",net weight,"China-reported, FOB",months from Vu Lan month,-1,0.74,0.64,0.85,6,2019 to 2024,BRD-05; BRD-07,VN-adjacent,Medium,revealed,"Index = month value divided by that year monthly mean, averaged over complete years (our calculation). 1.00 = average month."
"China exports to Thailand, HS 2309.90 (feed control)",net weight,"China-reported, FOB",months from Vu Lan month,0,0.85,0.64,1.15,6,2019 to 2024,BRD-05; BRD-07,VN-adjacent,Medium,revealed,"Index = month value divided by that year monthly mean, averaged over complete years (our calculation). 1.00 = average month."
"China exports to Thailand, HS 2309.90 (feed control)",net weight,"China-reported, FOB",months from Vu Lan month,1,0.88,0.71,1.02,6,2019 to 2024,BRD-05; BRD-07,VN-adjacent,Medium,revealed,"Index = month value divided by that year monthly mean, averaged over complete years (our calculation). 1.00 = average month."
"China exports to Viet Nam, HS 3504",FOB value,"China-reported, FOB",Gregorian month,1,0.74,0.45,1.12,6,2019 to 2024,BRD-05; BRD-07,VN-direct,Medium,revealed,"Index = month value divided by that year monthly mean, averaged over complete years (our calculation). 1.00 = average month."
"China exports to Viet Nam, HS 3504",FOB value,"China-reported, FOB",Gregorian month,2,0.84,0.54,1.28,6,2019 to 2024,BRD-05; BRD-07,VN-direct,Medium,revealed,"Index = month value divided by that year monthly mean, averaged over complete years (our calculation). 1.00 = average month."
"China exports to Viet Nam, HS 3504",FOB value,"China-reported, FOB",Gregorian month,3,1.13,0.59,1.71,6,2019 to 2024,BRD-05; BRD-07,VN-direct,Medium,revealed,"Index = month value divided by that year monthly mean, averaged over complete years (our calculation). 1.00 = average month."
"China exports to Viet Nam, HS 3504",FOB value,"China-reported, FOB",Gregorian month,4,1.1,0.69,1.67,6,2019 to 2024,BRD-05; BRD-07,VN-direct,Medium,revealed,"Index = month value divided by that year monthly mean, averaged over complete years (our calculation). 1.00 = average month."
"China exports to Viet Nam, HS 3504",FOB value,"China-reported, FOB",Gregorian month,5,1.03,0.68,1.28,6,2019 to 2024,BRD-05; BRD-07,VN-direct,Medium,revealed,"Index = month value divided by that year monthly mean, averaged over complete years (our calculation). 1.00 = average month."
"China exports to Viet Nam, HS 3504",FOB value,"China-reported, FOB",Gregorian month,6,0.79,0.49,1.32,6,2019 to 2024,BRD-05; BRD-07,VN-direct,Medium,revealed,"Index = month value divided by that year monthly mean, averaged over complete years (our calculation). 1.00 = average month."
"China exports to Viet Nam, HS 3504",FOB value,"China-reported, FOB",Gregorian month,7,0.91,0.57,1.51,6,2019 to 2024,BRD-05; BRD-07,VN-direct,Medium,revealed,"Index = month value divided by that year monthly mean, averaged over complete years (our calculation). 1.00 = average month."
"China exports to Viet Nam, HS 3504",FOB value,"China-reported, FOB",Gregorian month,8,0.97,0.62,1.41,6,2019 to 2024,BRD-05; BRD-07,VN-direct,Medium,revealed,"Index = month value divided by that year monthly mean, averaged over complete years (our calculation). 1.00 = average month."
"China exports to Viet Nam, HS 3504",FOB value,"China-reported, FOB",Gregorian month,9,0.87,0.49,1.17,6,2019 to 2024,BRD-05; BRD-07,VN-direct,Medium,revealed,"Index = month value divided by that year monthly mean, averaged over complete years (our calculation). 1.00 = average month."
"China exports to Viet Nam, HS 3504",FOB value,"China-reported, FOB",Gregorian month,10,1.2,0.68,1.6,6,2019 to 2024,BRD-05; BRD-07,VN-direct,Medium,revealed,"Index = month value divided by that year monthly mean, averaged over complete years (our calculation). 1.00 = average month."
"China exports to Viet Nam, HS 3504",FOB value,"China-reported, FOB",Gregorian month,11,1.3,0.58,2.52,6,2019 to 2024,BRD-05; BRD-07,VN-direct,Medium,revealed,"Index = month value divided by that year monthly mean, averaged over complete years (our calculation). 1.00 = average month."
"China exports to Viet Nam, HS 3504",FOB value,"China-reported, FOB",Gregorian month,12,1.12,0.75,1.55,6,2019 to 2024,BRD-05; BRD-07,VN-direct,Medium,revealed,"Index = month value divided by that year monthly mean, averaged over complete years (our calculation). 1.00 = average month."
"China exports to Viet Nam, HS 3504",FOB value,"China-reported, FOB",months from Tet month,-3,1.32,0.68,2.52,5,2019 to 2024,BRD-05; BRD-07,VN-direct,Medium,revealed,"Index = month value divided by that year monthly mean, averaged over complete years (our calculation). 1.00 = average month."
"China exports to Viet Nam, HS 3504",FOB value,"China-reported, FOB",months from Tet month,-2,1.29,0.81,1.65,5,2019 to 2024,BRD-05; BRD-07,VN-direct,Medium,revealed,"Index = month value divided by that year monthly mean, averaged over complete years (our calculation). 1.00 = average month."
"China exports to Viet Nam, HS 3504",FOB value,"China-reported, FOB",months from Tet month,-1,0.89,0.56,1.18,6,2019 to 2024,BRD-05; BRD-07,VN-direct,Medium,revealed,"Index = month value divided by that year monthly mean, averaged over complete years (our calculation). 1.00 = average month."
"China exports to Viet Nam, HS 3504",FOB value,"China-reported, FOB",months from Tet month,0,0.69,0.45,1.11,6,2019 to 2024,BRD-05; BRD-07,VN-direct,Medium,revealed,"Index = month value divided by that year monthly mean, averaged over complete years (our calculation). 1.00 = average month."
"China exports to Viet Nam, HS 3504",FOB value,"China-reported, FOB",months from Tet month,1,1.1,0.68,1.71,6,2019 to 2024,BRD-05; BRD-07,VN-direct,Medium,revealed,"Index = month value divided by that year monthly mean, averaged over complete years (our calculation). 1.00 = average month."
"China exports to Viet Nam, HS 3504",FOB value,"China-reported, FOB",months from Vu Lan month,-3,0.98,0.68,1.28,6,2019 to 2024,BRD-05; BRD-07,VN-direct,Medium,revealed,"Index = month value divided by that year monthly mean, averaged over complete years (our calculation). 1.00 = average month."
"China exports to Viet Nam, HS 3504",FOB value,"China-reported, FOB",months from Vu Lan month,-2,0.92,0.49,1.51,6,2019 to 2024,BRD-05; BRD-07,VN-direct,Medium,revealed,"Index = month value divided by that year monthly mean, averaged over complete years (our calculation). 1.00 = average month."
"China exports to Viet Nam, HS 3504",FOB value,"China-reported, FOB",months from Vu Lan month,-1,0.76,0.57,1.16,6,2019 to 2024,BRD-05; BRD-07,VN-direct,Medium,revealed,"Index = month value divided by that year monthly mean, averaged over complete years (our calculation). 1.00 = average month."
"China exports to Viet Nam, HS 3504",FOB value,"China-reported, FOB",months from Vu Lan month,0,0.98,0.67,1.41,6,2019 to 2024,BRD-05; BRD-07,VN-direct,Medium,revealed,"Index = month value divided by that year monthly mean, averaged over complete years (our calculation). 1.00 = average month."
"China exports to Viet Nam, HS 3504",FOB value,"China-reported, FOB",months from Vu Lan month,1,0.96,0.49,1.26,6,2019 to 2024,BRD-05; BRD-07,VN-direct,Medium,revealed,"Index = month value divided by that year monthly mean, averaged over complete years (our calculation). 1.00 = average month."
"China exports to World, HS 3504",FOB value,"China-reported, FOB",Gregorian month,1,1.0,0.86,1.33,6,2019 to 2024,BRD-05; BRD-07,VN-adjacent,Medium,revealed,"Index = month value divided by that year monthly mean, averaged over complete years (our calculation). 1.00 = average month."
"China exports to World, HS 3504",FOB value,"China-reported, FOB",Gregorian month,2,0.84,0.6,1.07,6,2019 to 2024,BRD-05; BRD-07,VN-adjacent,Medium,revealed,"Index = month value divided by that year monthly mean, averaged over complete years (our calculation). 1.00 = average month."
"China exports to World, HS 3504",FOB value,"China-reported, FOB",Gregorian month,3,1.1,0.97,1.19,6,2019 to 2024,BRD-05; BRD-07,VN-adjacent,Medium,revealed,"Index = month value divided by that year monthly mean, averaged over complete years (our calculation). 1.00 = average month."
"China exports to World, HS 3504",FOB value,"China-reported, FOB",Gregorian month,4,1.03,0.88,1.26,6,2019 to 2024,BRD-05; BRD-07,VN-adjacent,Medium,revealed,"Index = month value divided by that year monthly mean, averaged over complete years (our calculation). 1.00 = average month."
"China exports to World, HS 3504",FOB value,"China-reported, FOB",Gregorian month,5,1.02,0.88,1.19,6,2019 to 2024,BRD-05; BRD-07,VN-adjacent,Medium,revealed,"Index = month value divided by that year monthly mean, averaged over complete years (our calculation). 1.00 = average month."
"China exports to World, HS 3504",FOB value,"China-reported, FOB",Gregorian month,6,1.03,0.95,1.14,6,2019 to 2024,BRD-05; BRD-07,VN-adjacent,Medium,revealed,"Index = month value divided by that year monthly mean, averaged over complete years (our calculation). 1.00 = average month."
"China exports to World, HS 3504",FOB value,"China-reported, FOB",Gregorian month,7,1.01,0.92,1.12,6,2019 to 2024,BRD-05; BRD-07,VN-adjacent,Medium,revealed,"Index = month value divided by that year monthly mean, averaged over complete years (our calculation). 1.00 = average month."
"China exports to World, HS 3504",FOB value,"China-reported, FOB",Gregorian month,8,1.03,0.84,1.23,6,2019 to 2024,BRD-05; BRD-07,VN-adjacent,Medium,revealed,"Index = month value divided by that year monthly mean, averaged over complete years (our calculation). 1.00 = average month."
"China exports to World, HS 3504",FOB value,"China-reported, FOB",Gregorian month,9,0.96,0.83,1.07,6,2019 to 2024,BRD-05; BRD-07,VN-adjacent,Medium,revealed,"Index = month value divided by that year monthly mean, averaged over complete years (our calculation). 1.00 = average month."
"China exports to World, HS 3504",FOB value,"China-reported, FOB",Gregorian month,10,0.98,0.76,1.08,6,2019 to 2024,BRD-05; BRD-07,VN-adjacent,Medium,revealed,"Index = month value divided by that year monthly mean, averaged over complete years (our calculation). 1.00 = average month."
"China exports to World, HS 3504",FOB value,"China-reported, FOB",Gregorian month,11,0.99,0.73,1.16,6,2019 to 2024,BRD-05; BRD-07,VN-adjacent,Medium,revealed,"Index = month value divided by that year monthly mean, averaged over complete years (our calculation). 1.00 = average month."
"China exports to World, HS 3504",FOB value,"China-reported, FOB",Gregorian month,12,1.01,0.85,1.16,6,2019 to 2024,BRD-05; BRD-07,VN-adjacent,Medium,revealed,"Index = month value divided by that year monthly mean, averaged over complete years (our calculation). 1.00 = average month."
"China exports to World, HS 3504",FOB value,"China-reported, FOB",months from Tet month,-3,1.02,0.76,1.16,5,2019 to 2024,BRD-05; BRD-07,VN-adjacent,Medium,revealed,"Index = month value divided by that year monthly mean, averaged over complete years (our calculation). 1.00 = average month."
"China exports to World, HS 3504",FOB value,"China-reported, FOB",months from Tet month,-2,0.96,0.73,1.16,5,2019 to 2024,BRD-05; BRD-07,VN-adjacent,Medium,revealed,"Index = month value divided by that year monthly mean, averaged over complete years (our calculation). 1.00 = average month."
"China exports to World, HS 3504",FOB value,"China-reported, FOB",months from Tet month,-1,1.0,0.85,1.33,6,2019 to 2024,BRD-05; BRD-07,VN-adjacent,Medium,revealed,"Index = month value divided by that year monthly mean, averaged over complete years (our calculation). 1.00 = average month."
"China exports to World, HS 3504",FOB value,"China-reported, FOB",months from Tet month,0,0.9,0.78,1.07,6,2019 to 2024,BRD-05; BRD-07,VN-adjacent,Medium,revealed,"Index = month value divided by that year monthly mean, averaged over complete years (our calculation). 1.00 = average month."
"China exports to World, HS 3504",FOB value,"China-reported, FOB",months from Tet month,1,0.98,0.6,1.19,6,2019 to 2024,BRD-05; BRD-07,VN-adjacent,Medium,revealed,"Index = month value divided by that year monthly mean, averaged over complete years (our calculation). 1.00 = average month."
"China exports to World, HS 3504",FOB value,"China-reported, FOB",months from Vu Lan month,-3,0.98,0.88,1.12,6,2019 to 2024,BRD-05; BRD-07,VN-adjacent,Medium,revealed,"Index = month value divided by that year monthly mean, averaged over complete years (our calculation). 1.00 = average month."
"China exports to World, HS 3504",FOB value,"China-reported, FOB",months from Vu Lan month,-2,1.06,0.97,1.14,6,2019 to 2024,BRD-05; BRD-07,VN-adjacent,Medium,revealed,"Index = month value divided by that year monthly mean, averaged over complete years (our calculation). 1.00 = average month."
"China exports to World, HS 3504",FOB value,"China-reported, FOB",months from Vu Lan month,-1,1.0,0.92,1.06,6,2019 to 2024,BRD-05; BRD-07,VN-adjacent,Medium,revealed,"Index = month value divided by that year monthly mean, averaged over complete years (our calculation). 1.00 = average month."
"China exports to World, HS 3504",FOB value,"China-reported, FOB",months from Vu Lan month,0,1.02,0.84,1.23,6,2019 to 2024,BRD-05; BRD-07,VN-adjacent,Medium,revealed,"Index = month value divided by that year monthly mean, averaged over complete years (our calculation). 1.00 = average month."
"China exports to World, HS 3504",FOB value,"China-reported, FOB",months from Vu Lan month,1,0.97,0.83,1.07,6,2019 to 2024,BRD-05; BRD-07,VN-adjacent,Medium,revealed,"Index = month value divided by that year monthly mean, averaged over complete years (our calculation). 1.00 = average month."
"China exports to Viet Nam, HS 2106.10",FOB value,"China-reported, FOB",Gregorian month,1,0.92,0.27,1.77,6,2019 to 2024,BRD-05; BRD-07,VN-direct,Medium,revealed,"Index = month value divided by that year monthly mean, averaged over complete years (our calculation). 1.00 = average month."
"China exports to Viet Nam, HS 2106.10",FOB value,"China-reported, FOB",Gregorian month,2,0.57,0.44,0.75,6,2019 to 2024,BRD-05; BRD-07,VN-direct,Medium,revealed,"Index = month value divided by that year monthly mean, averaged over complete years (our calculation). 1.00 = average month."
"China exports to Viet Nam, HS 2106.10",FOB value,"China-reported, FOB",Gregorian month,3,0.88,0.62,1.23,6,2019 to 2024,BRD-05; BRD-07,VN-direct,Medium,revealed,"Index = month value divided by that year monthly mean, averaged over complete years (our calculation). 1.00 = average month."
"China exports to Viet Nam, HS 2106.10",FOB value,"China-reported, FOB",Gregorian month,4,0.82,0.51,1.13,6,2019 to 2024,BRD-05; BRD-07,VN-direct,Medium,revealed,"Index = month value divided by that year monthly mean, averaged over complete years (our calculation). 1.00 = average month."
"China exports to Viet Nam, HS 2106.10",FOB value,"China-reported, FOB",Gregorian month,5,1.04,0.6,1.36,6,2019 to 2024,BRD-05; BRD-07,VN-direct,Medium,revealed,"Index = month value divided by that year monthly mean, averaged over complete years (our calculation). 1.00 = average month."
"China exports to Viet Nam, HS 2106.10",FOB value,"China-reported, FOB",Gregorian month,6,1.09,0.61,1.84,6,2019 to 2024,BRD-05; BRD-07,VN-direct,Medium,revealed,"Index = month value divided by that year monthly mean, averaged over complete years (our calculation). 1.00 = average month."
"China exports to Viet Nam, HS 2106.10",FOB value,"China-reported, FOB",Gregorian month,7,1.25,0.61,1.88,6,2019 to 2024,BRD-05; BRD-07,VN-direct,Medium,revealed,"Index = month value divided by that year monthly mean, averaged over complete years (our calculation). 1.00 = average month."
"China exports to Viet Nam, HS 2106.10",FOB value,"China-reported, FOB",Gregorian month,8,1.0,0.65,1.53,6,2019 to 2024,BRD-05; BRD-07,VN-direct,Medium,revealed,"Index = month value divided by that year monthly mean, averaged over complete years (our calculation). 1.00 = average month."
"China exports to Viet Nam, HS 2106.10",FOB value,"China-reported, FOB",Gregorian month,9,1.0,0.57,1.79,6,2019 to 2024,BRD-05; BRD-07,VN-direct,Medium,revealed,"Index = month value divided by that year monthly mean, averaged over complete years (our calculation). 1.00 = average month."
"China exports to Viet Nam, HS 2106.10",FOB value,"China-reported, FOB",Gregorian month,10,1.0,0.64,1.27,6,2019 to 2024,BRD-05; BRD-07,VN-direct,Medium,revealed,"Index = month value divided by that year monthly mean, averaged over complete years (our calculation). 1.00 = average month."
"China exports to Viet Nam, HS 2106.10",FOB value,"China-reported, FOB",Gregorian month,11,0.96,0.6,1.49,6,2019 to 2024,BRD-05; BRD-07,VN-direct,Medium,revealed,"Index = month value divided by that year monthly mean, averaged over complete years (our calculation). 1.00 = average month."
"China exports to Viet Nam, HS 2106.10",FOB value,"China-reported, FOB",Gregorian month,12,1.48,0.95,2.7,6,2019 to 2024,BRD-05; BRD-07,VN-direct,Medium,revealed,"Index = month value divided by that year monthly mean, averaged over complete years (our calculation). 1.00 = average month."
"China exports to Viet Nam, HS 2106.10",FOB value,"China-reported, FOB",months from Tet month,-3,1.13,0.68,1.49,5,2019 to 2024,BRD-05; BRD-07,VN-direct,Medium,revealed,"Index = month value divided by that year monthly mean, averaged over complete years (our calculation). 1.00 = average month."
"China exports to Viet Nam, HS 2106.10",FOB value,"China-reported, FOB",months from Tet month,-2,1.38,0.64,2.7,5,2019 to 2024,BRD-05; BRD-07,VN-direct,Medium,revealed,"Index = month value divided by that year monthly mean, averaged over complete years (our calculation). 1.00 = average month."
"China exports to Viet Nam, HS 2106.10",FOB value,"China-reported, FOB",months from Tet month,-1,1.13,0.85,1.77,6,2019 to 2024,BRD-05; BRD-07,VN-direct,Medium,revealed,"Index = month value divided by that year monthly mean, averaged over complete years (our calculation). 1.00 = average month."
"China exports to Viet Nam, HS 2106.10",FOB value,"China-reported, FOB",months from Tet month,0,0.47,0.27,0.73,6,2019 to 2024,BRD-05; BRD-07,VN-direct,Medium,revealed,"Index = month value divided by that year monthly mean, averaged over complete years (our calculation). 1.00 = average month."
"China exports to Viet Nam, HS 2106.10",FOB value,"China-reported, FOB",months from Tet month,1,0.82,0.45,1.23,6,2019 to 2024,BRD-05; BRD-07,VN-direct,Medium,revealed,"Index = month value divided by that year monthly mean, averaged over complete years (our calculation). 1.00 = average month."
"China exports to Viet Nam, HS 2106.10",FOB value,"China-reported, FOB",months from Vu Lan month,-3,1.1,0.89,1.36,6,2019 to 2024,BRD-05; BRD-07,VN-direct,Medium,revealed,"Index = month value divided by that year monthly mean, averaged over complete years (our calculation). 1.00 = average month."
"China exports to Viet Nam, HS 2106.10",FOB value,"China-reported, FOB",months from Vu Lan month,-2,1.12,0.61,1.84,6,2019 to 2024,BRD-05; BRD-07,VN-direct,Medium,revealed,"Index = month value divided by that year monthly mean, averaged over complete years (our calculation). 1.00 = average month."
"China exports to Viet Nam, HS 2106.10",FOB value,"China-reported, FOB",months from Vu Lan month,-1,1.32,0.61,1.88,6,2019 to 2024,BRD-05; BRD-07,VN-direct,Medium,revealed,"Index = month value divided by that year monthly mean, averaged over complete years (our calculation). 1.00 = average month."
"China exports to Viet Nam, HS 2106.10",FOB value,"China-reported, FOB",months from Vu Lan month,0,1.04,0.65,1.79,6,2019 to 2024,BRD-05; BRD-07,VN-direct,Medium,revealed,"Index = month value divided by that year monthly mean, averaged over complete years (our calculation). 1.00 = average month."
"China exports to Viet Nam, HS 2106.10",FOB value,"China-reported, FOB",months from Vu Lan month,1,0.9,0.57,1.27,6,2019 to 2024,BRD-05; BRD-07,VN-direct,Medium,revealed,"Index = month value divided by that year monthly mean, averaged over complete years (our calculation). 1.00 = average month."
"China exports to World, HS 2106.10",FOB value,"China-reported, FOB",Gregorian month,1,1.04,0.85,1.29,6,2019 to 2024,BRD-05; BRD-07,VN-adjacent,Medium,revealed,"Index = month value divided by that year monthly mean, averaged over complete years (our calculation). 1.00 = average month."
"China exports to World, HS 2106.10",FOB value,"China-reported, FOB",Gregorian month,2,0.83,0.67,1.02,6,2019 to 2024,BRD-05; BRD-07,VN-adjacent,Medium,revealed,"Index = month value divided by that year monthly mean, averaged over complete years (our calculation). 1.00 = average month."
"China exports to World, HS 2106.10",FOB value,"China-reported, FOB",Gregorian month,3,1.03,0.91,1.2,6,2019 to 2024,BRD-05; BRD-07,VN-adjacent,Medium,revealed,"Index = month value divided by that year monthly mean, averaged over complete years (our calculation). 1.00 = average month."
"China exports to World, HS 2106.10",FOB value,"China-reported, FOB",Gregorian month,4,1.03,0.86,1.35,6,2019 to 2024,BRD-05; BRD-07,VN-adjacent,Medium,revealed,"Index = month value divided by that year monthly mean, averaged over complete years (our calculation). 1.00 = average month."
"China exports to World, HS 2106.10",FOB value,"China-reported, FOB",Gregorian month,5,1.1,0.95,1.26,6,2019 to 2024,BRD-05; BRD-07,VN-adjacent,Medium,revealed,"Index = month value divided by that year monthly mean, averaged over complete years (our calculation). 1.00 = average month."
"China exports to World, HS 2106.10",FOB value,"China-reported, FOB",Gregorian month,6,1.06,0.89,1.26,6,2019 to 2024,BRD-05; BRD-07,VN-adjacent,Medium,revealed,"Index = month value divided by that year monthly mean, averaged over complete years (our calculation). 1.00 = average month."
"China exports to World, HS 2106.10",FOB value,"China-reported, FOB",Gregorian month,7,0.99,0.9,1.03,6,2019 to 2024,BRD-05; BRD-07,VN-adjacent,Medium,revealed,"Index = month value divided by that year monthly mean, averaged over complete years (our calculation). 1.00 = average month."
"China exports to World, HS 2106.10",FOB value,"China-reported, FOB",Gregorian month,8,1.03,0.87,1.27,6,2019 to 2024,BRD-05; BRD-07,VN-adjacent,Medium,revealed,"Index = month value divided by that year monthly mean, averaged over complete years (our calculation). 1.00 = average month."
"China exports to World, HS 2106.10",FOB value,"China-reported, FOB",Gregorian month,9,0.93,0.69,1.18,6,2019 to 2024,BRD-05; BRD-07,VN-adjacent,Medium,revealed,"Index = month value divided by that year monthly mean, averaged over complete years (our calculation). 1.00 = average month."
"China exports to World, HS 2106.10",FOB value,"China-reported, FOB",Gregorian month,10,0.92,0.74,1.2,6,2019 to 2024,BRD-05; BRD-07,VN-adjacent,Medium,revealed,"Index = month value divided by that year monthly mean, averaged over complete years (our calculation). 1.00 = average month."
"China exports to World, HS 2106.10",FOB value,"China-reported, FOB",Gregorian month,11,1.03,0.77,1.19,6,2019 to 2024,BRD-05; BRD-07,VN-adjacent,Medium,revealed,"Index = month value divided by that year monthly mean, averaged over complete years (our calculation). 1.00 = average month."
"China exports to World, HS 2106.10",FOB value,"China-reported, FOB",Gregorian month,12,1.02,0.78,1.18,6,2019 to 2024,BRD-05; BRD-07,VN-adjacent,Medium,revealed,"Index = month value divided by that year monthly mean, averaged over complete years (our calculation). 1.00 = average month."
"China exports to World, HS 2106.10",FOB value,"China-reported, FOB",months from Tet month,-3,1.01,0.74,1.19,5,2019 to 2024,BRD-05; BRD-07,VN-adjacent,Medium,revealed,"Index = month value divided by that year monthly mean, averaged over complete years (our calculation). 1.00 = average month."
"China exports to World, HS 2106.10",FOB value,"China-reported, FOB",months from Tet month,-2,0.93,0.77,1.09,5,2019 to 2024,BRD-05; BRD-07,VN-adjacent,Medium,revealed,"Index = month value divided by that year monthly mean, averaged over complete years (our calculation). 1.00 = average month."
"China exports to World, HS 2106.10",FOB value,"China-reported, FOB",months from Tet month,-1,1.08,0.85,1.29,6,2019 to 2024,BRD-05; BRD-07,VN-adjacent,Medium,revealed,"Index = month value divided by that year monthly mean, averaged over complete years (our calculation). 1.00 = average month."
"China exports to World, HS 2106.10",FOB value,"China-reported, FOB",months from Tet month,0,0.85,0.67,1.02,6,2019 to 2024,BRD-05; BRD-07,VN-adjacent,Medium,revealed,"Index = month value divided by that year monthly mean, averaged over complete years (our calculation). 1.00 = average month."
"China exports to World, HS 2106.10",FOB value,"China-reported, FOB",months from Tet month,1,0.94,0.74,1.12,6,2019 to 2024,BRD-05; BRD-07,VN-adjacent,Medium,revealed,"Index = month value divided by that year monthly mean, averaged over complete years (our calculation). 1.00 = average month."
"China exports to World, HS 2106.10",FOB value,"China-reported, FOB",months from Vu Lan month,-3,1.09,0.95,1.26,6,2019 to 2024,BRD-05; BRD-07,VN-adjacent,Medium,revealed,"Index = month value divided by that year monthly mean, averaged over complete years (our calculation). 1.00 = average month."
"China exports to World, HS 2106.10",FOB value,"China-reported, FOB",months from Vu Lan month,-2,1.07,0.89,1.26,6,2019 to 2024,BRD-05; BRD-07,VN-adjacent,Medium,revealed,"Index = month value divided by that year monthly mean, averaged over complete years (our calculation). 1.00 = average month."
"China exports to World, HS 2106.10",FOB value,"China-reported, FOB",months from Vu Lan month,-1,0.96,0.87,1.03,6,2019 to 2024,BRD-05; BRD-07,VN-adjacent,Medium,revealed,"Index = month value divided by that year monthly mean, averaged over complete years (our calculation). 1.00 = average month."
"China exports to World, HS 2106.10",FOB value,"China-reported, FOB",months from Vu Lan month,0,1.04,0.91,1.27,6,2019 to 2024,BRD-05; BRD-07,VN-adjacent,Medium,revealed,"Index = month value divided by that year monthly mean, averaged over complete years (our calculation). 1.00 = average month."
"China exports to World, HS 2106.10",FOB value,"China-reported, FOB",months from Vu Lan month,1,0.92,0.69,1.18,6,2019 to 2024,BRD-05; BRD-07,VN-adjacent,Medium,revealed,"Index = month value divided by that year monthly mean, averaged over complete years (our calculation). 1.00 = average month."
"China exports to Viet Nam, HS 1109",FOB value,"China-reported, FOB",Gregorian month,1,0.65,0.43,1.05,6,2019 to 2024,BRD-05; BRD-07,VN-direct,Medium,revealed,"Index = month value divided by that year monthly mean, averaged over complete years (our calculation). 1.00 = average month."
"China exports to Viet Nam, HS 1109",FOB value,"China-reported, FOB",Gregorian month,2,0.6,0.31,0.86,6,2019 to 2024,BRD-05; BRD-07,VN-direct,Medium,revealed,"Index = month value divided by that year monthly mean, averaged over complete years (our calculation). 1.00 = average month."
"China exports to Viet Nam, HS 1109",FOB value,"China-reported, FOB",Gregorian month,3,1.16,0.55,1.42,6,2019 to 2024,BRD-05; BRD-07,VN-direct,Medium,revealed,"Index = month value divided by that year monthly mean, averaged over complete years (our calculation). 1.00 = average month."
"China exports to Viet Nam, HS 1109",FOB value,"China-reported, FOB",Gregorian month,4,1.41,0.97,1.73,6,2019 to 2024,BRD-05; BRD-07,VN-direct,Medium,revealed,"Index = month value divided by that year monthly mean, averaged over complete years (our calculation). 1.00 = average month."
"China exports to Viet Nam, HS 1109",FOB value,"China-reported, FOB",Gregorian month,5,1.23,0.74,2.04,6,2019 to 2024,BRD-05; BRD-07,VN-direct,Medium,revealed,"Index = month value divided by that year monthly mean, averaged over complete years (our calculation). 1.00 = average month."
"China exports to Viet Nam, HS 1109",FOB value,"China-reported, FOB",Gregorian month,6,1.01,0.61,1.33,6,2019 to 2024,BRD-05; BRD-07,VN-direct,Medium,revealed,"Index = month value divided by that year monthly mean, averaged over complete years (our calculation). 1.00 = average month."
"China exports to Viet Nam, HS 1109",FOB value,"China-reported, FOB",Gregorian month,7,1.39,0.97,2.72,6,2019 to 2024,BRD-05; BRD-07,VN-direct,Medium,revealed,"Index = month value divided by that year monthly mean, averaged over complete years (our calculation). 1.00 = average month."
"China exports to Viet Nam, HS 1109",FOB value,"China-reported, FOB",Gregorian month,8,0.85,0.56,1.13,6,2019 to 2024,BRD-05; BRD-07,VN-direct,Medium,revealed,"Index = month value divided by that year monthly mean, averaged over complete years (our calculation). 1.00 = average month."
"China exports to Viet Nam, HS 1109",FOB value,"China-reported, FOB",Gregorian month,9,0.93,0.75,1.1,6,2019 to 2024,BRD-05; BRD-07,VN-direct,Medium,revealed,"Index = month value divided by that year monthly mean, averaged over complete years (our calculation). 1.00 = average month."
"China exports to Viet Nam, HS 1109",FOB value,"China-reported, FOB",Gregorian month,10,0.89,0.49,1.09,6,2019 to 2024,BRD-05; BRD-07,VN-direct,Medium,revealed,"Index = month value divided by that year monthly mean, averaged over complete years (our calculation). 1.00 = average month."
"China exports to Viet Nam, HS 1109",FOB value,"China-reported, FOB",Gregorian month,11,0.78,0.46,1.0,6,2019 to 2024,BRD-05; BRD-07,VN-direct,Medium,revealed,"Index = month value divided by that year monthly mean, averaged over complete years (our calculation). 1.00 = average month."
"China exports to Viet Nam, HS 1109",FOB value,"China-reported, FOB",Gregorian month,12,1.09,0.66,1.62,6,2019 to 2024,BRD-05; BRD-07,VN-direct,Medium,revealed,"Index = month value divided by that year monthly mean, averaged over complete years (our calculation). 1.00 = average month."
"China exports to Viet Nam, HS 1109",FOB value,"China-reported, FOB",months from Tet month,-3,0.76,0.46,1.0,5,2019 to 2024,BRD-05; BRD-07,VN-direct,Medium,revealed,"Index = month value divided by that year monthly mean, averaged over complete years (our calculation). 1.00 = average month."
"China exports to Viet Nam, HS 1109",FOB value,"China-reported, FOB",months from Tet month,-2,0.88,0.64,1.62,5,2019 to 2024,BRD-05; BRD-07,VN-direct,Medium,revealed,"Index = month value divided by that year monthly mean, averaged over complete years (our calculation). 1.00 = average month."
"China exports to Viet Nam, HS 1109",FOB value,"China-reported, FOB",months from Tet month,-1,0.81,0.43,1.54,6,2019 to 2024,BRD-05; BRD-07,VN-direct,Medium,revealed,"Index = month value divided by that year monthly mean, averaged over complete years (our calculation). 1.00 = average month."
"China exports to Viet Nam, HS 1109",FOB value,"China-reported, FOB",months from Tet month,0,0.55,0.31,0.86,6,2019 to 2024,BRD-05; BRD-07,VN-direct,Medium,revealed,"Index = month value divided by that year monthly mean, averaged over complete years (our calculation). 1.00 = average month."
"China exports to Viet Nam, HS 1109",FOB value,"China-reported, FOB",months from Tet month,1,1.0,0.55,1.42,6,2019 to 2024,BRD-05; BRD-07,VN-direct,Medium,revealed,"Index = month value divided by that year monthly mean, averaged over complete years (our calculation). 1.00 = average month."
"China exports to Viet Nam, HS 1109",FOB value,"China-reported, FOB",months from Vu Lan month,-3,1.21,0.61,2.04,6,2019 to 2024,BRD-05; BRD-07,VN-direct,Medium,revealed,"Index = month value divided by that year monthly mean, averaged over complete years (our calculation). 1.00 = average month."
"China exports to Viet Nam, HS 1109",FOB value,"China-reported, FOB",months from Vu Lan month,-2,1.08,0.92,1.33,6,2019 to 2024,BRD-05; BRD-07,VN-direct,Medium,revealed,"Index = month value divided by that year monthly mean, averaged over complete years (our calculation). 1.00 = average month."
"China exports to Viet Nam, HS 1109",FOB value,"China-reported, FOB",months from Vu Lan month,-1,1.32,0.61,2.72,6,2019 to 2024,BRD-05; BRD-07,VN-direct,Medium,revealed,"Index = month value divided by that year monthly mean, averaged over complete years (our calculation). 1.00 = average month."
"China exports to Viet Nam, HS 1109",FOB value,"China-reported, FOB",months from Vu Lan month,0,0.93,0.56,1.13,6,2019 to 2024,BRD-05; BRD-07,VN-direct,Medium,revealed,"Index = month value divided by that year monthly mean, averaged over complete years (our calculation). 1.00 = average month."
"China exports to Viet Nam, HS 1109",FOB value,"China-reported, FOB",months from Vu Lan month,1,0.93,0.75,1.09,6,2019 to 2024,BRD-05; BRD-07,VN-direct,Medium,revealed,"Index = month value divided by that year monthly mean, averaged over complete years (our calculation). 1.00 = average month."
"China exports to World, HS 1109",FOB value,"China-reported, FOB",Gregorian month,1,0.88,0.66,1.15,6,2019 to 2024,BRD-05; BRD-07,VN-adjacent,Medium,revealed,"Index = month value divided by that year monthly mean, averaged over complete years (our calculation). 1.00 = average month."
"China exports to World, HS 1109",FOB value,"China-reported, FOB",Gregorian month,2,0.62,0.29,0.92,6,2019 to 2024,BRD-05; BRD-07,VN-adjacent,Medium,revealed,"Index = month value divided by that year monthly mean, averaged over complete years (our calculation). 1.00 = average month."
"China exports to World, HS 1109",FOB value,"China-reported, FOB",Gregorian month,3,0.87,0.48,1.33,6,2019 to 2024,BRD-05; BRD-07,VN-adjacent,Medium,revealed,"Index = month value divided by that year monthly mean, averaged over complete years (our calculation). 1.00 = average month."
"China exports to World, HS 1109",FOB value,"China-reported, FOB",Gregorian month,4,1.09,0.6,1.8,6,2019 to 2024,BRD-05; BRD-07,VN-adjacent,Medium,revealed,"Index = month value divided by that year monthly mean, averaged over complete years (our calculation). 1.00 = average month."
"China exports to World, HS 1109",FOB value,"China-reported, FOB",Gregorian month,5,0.86,0.56,1.33,6,2019 to 2024,BRD-05; BRD-07,VN-adjacent,Medium,revealed,"Index = month value divided by that year monthly mean, averaged over complete years (our calculation). 1.00 = average month."
"China exports to World, HS 1109",FOB value,"China-reported, FOB",Gregorian month,6,1.24,1.09,1.43,6,2019 to 2024,BRD-05; BRD-07,VN-adjacent,Medium,revealed,"Index = month value divided by that year monthly mean, averaged over complete years (our calculation). 1.00 = average month."
"China exports to World, HS 1109",FOB value,"China-reported, FOB",Gregorian month,7,1.13,0.81,1.33,6,2019 to 2024,BRD-05; BRD-07,VN-adjacent,Medium,revealed,"Index = month value divided by that year monthly mean, averaged over complete years (our calculation). 1.00 = average month."
"China exports to World, HS 1109",FOB value,"China-reported, FOB",Gregorian month,8,1.03,0.56,1.24,6,2019 to 2024,BRD-05; BRD-07,VN-adjacent,Medium,revealed,"Index = month value divided by that year monthly mean, averaged over complete years (our calculation). 1.00 = average month."
"China exports to World, HS 1109",FOB value,"China-reported, FOB",Gregorian month,9,1.02,0.82,1.27,6,2019 to 2024,BRD-05; BRD-07,VN-adjacent,Medium,revealed,"Index = month value divided by that year monthly mean, averaged over complete years (our calculation). 1.00 = average month."
"China exports to World, HS 1109",FOB value,"China-reported, FOB",Gregorian month,10,1.12,0.79,1.55,6,2019 to 2024,BRD-05; BRD-07,VN-adjacent,Medium,revealed,"Index = month value divided by that year monthly mean, averaged over complete years (our calculation). 1.00 = average month."
"China exports to World, HS 1109",FOB value,"China-reported, FOB",Gregorian month,11,0.99,0.66,1.29,6,2019 to 2024,BRD-05; BRD-07,VN-adjacent,Medium,revealed,"Index = month value divided by that year monthly mean, averaged over complete years (our calculation). 1.00 = average month."
"China exports to World, HS 1109",FOB value,"China-reported, FOB",Gregorian month,12,1.15,0.41,1.73,6,2019 to 2024,BRD-05; BRD-07,VN-adjacent,Medium,revealed,"Index = month value divided by that year monthly mean, averaged over complete years (our calculation). 1.00 = average month."
"China exports to World, HS 1109",FOB value,"China-reported, FOB",months from Tet month,-3,1.1,0.91,1.31,5,2019 to 2024,BRD-05; BRD-07,VN-adjacent,Medium,revealed,"Index = month value divided by that year monthly mean, averaged over complete years (our calculation). 1.00 = average month."
"China exports to World, HS 1109",FOB value,"China-reported, FOB",months from Tet month,-2,1.08,0.41,1.73,5,2019 to 2024,BRD-05; BRD-07,VN-adjacent,Medium,revealed,"Index = month value divided by that year monthly mean, averaged over complete years (our calculation). 1.00 = average month."
"China exports to World, HS 1109",FOB value,"China-reported, FOB",months from Tet month,-1,0.86,0.66,1.09,6,2019 to 2024,BRD-05; BRD-07,VN-adjacent,Medium,revealed,"Index = month value divided by that year monthly mean, averaged over complete years (our calculation). 1.00 = average month."
"China exports to World, HS 1109",FOB value,"China-reported, FOB",months from Tet month,0,0.79,0.37,1.15,6,2019 to 2024,BRD-05; BRD-07,VN-adjacent,Medium,revealed,"Index = month value divided by that year monthly mean, averaged over complete years (our calculation). 1.00 = average month."
"China exports to World, HS 1109",FOB value,"China-reported, FOB",months from Tet month,1,0.68,0.29,0.96,6,2019 to 2024,BRD-05; BRD-07,VN-adjacent,Medium,revealed,"Index = month value divided by that year monthly mean, averaged over complete years (our calculation). 1.00 = average month."
"China exports to World, HS 1109",FOB value,"China-reported, FOB",months from Vu Lan month,-3,0.98,0.56,1.33,6,2019 to 2024,BRD-05; BRD-07,VN-adjacent,Medium,revealed,"Index = month value divided by that year monthly mean, averaged over complete years (our calculation). 1.00 = average month."
"China exports to World, HS 1109",FOB value,"China-reported, FOB",months from Vu Lan month,-2,1.24,1.09,1.43,6,2019 to 2024,BRD-05; BRD-07,VN-adjacent,Medium,revealed,"Index = month value divided by that year monthly mean, averaged over complete years (our calculation). 1.00 = average month."
"China exports to World, HS 1109",FOB value,"China-reported, FOB",months from Vu Lan month,-1,1.11,0.81,1.33,6,2019 to 2024,BRD-05; BRD-07,VN-adjacent,Medium,revealed,"Index = month value divided by that year monthly mean, averaged over complete years (our calculation). 1.00 = average month."
"China exports to World, HS 1109",FOB value,"China-reported, FOB",months from Vu Lan month,0,1.01,0.56,1.24,6,2019 to 2024,BRD-05; BRD-07,VN-adjacent,Medium,revealed,"Index = month value divided by that year monthly mean, averaged over complete years (our calculation). 1.00 = average month."
"China exports to World, HS 1109",FOB value,"China-reported, FOB",months from Vu Lan month,1,1.11,0.82,1.55,6,2019 to 2024,BRD-05; BRD-07,VN-adjacent,Medium,revealed,"Index = month value divided by that year monthly mean, averaged over complete years (our calculation). 1.00 = average month."
"Viet Nam share of China exports, HS 3504",share of FOB value,"China-reported, ratio",Gregorian month,1,0.73,0.46,0.92,6,2019 to 2024,BRD-05; BRD-07,VN-direct,Medium,revealed,"Index = month value divided by that year monthly mean, averaged over complete years (our calculation). 1.00 = average month."
"Viet Nam share of China exports, HS 3504",share of FOB value,"China-reported, ratio",Gregorian month,2,1.01,0.64,1.47,6,2019 to 2024,BRD-05; BRD-07,VN-direct,Medium,revealed,"Index = month value divided by that year monthly mean, averaged over complete years (our calculation). 1.00 = average month."
"Viet Nam share of China exports, HS 3504",share of FOB value,"China-reported, ratio",Gregorian month,3,1.01,0.57,1.51,6,2019 to 2024,BRD-05; BRD-07,VN-direct,Medium,revealed,"Index = month value divided by that year monthly mean, averaged over complete years (our calculation). 1.00 = average month."
"Viet Nam share of China exports, HS 3504",share of FOB value,"China-reported, ratio",Gregorian month,4,1.08,0.69,1.74,6,2019 to 2024,BRD-05; BRD-07,VN-direct,Medium,revealed,"Index = month value divided by that year monthly mean, averaged over complete years (our calculation). 1.00 = average month."
"Viet Nam share of China exports, HS 3504",share of FOB value,"China-reported, ratio",Gregorian month,5,1.01,0.78,1.38,6,2019 to 2024,BRD-05; BRD-07,VN-direct,Medium,revealed,"Index = month value divided by that year monthly mean, averaged over complete years (our calculation). 1.00 = average month."
"Viet Nam share of China exports, HS 3504",share of FOB value,"China-reported, ratio",Gregorian month,6,0.77,0.5,1.32,6,2019 to 2024,BRD-05; BRD-07,VN-direct,Medium,revealed,"Index = month value divided by that year monthly mean, averaged over complete years (our calculation). 1.00 = average month."
"Viet Nam share of China exports, HS 3504",share of FOB value,"China-reported, ratio",Gregorian month,7,0.89,0.59,1.34,6,2019 to 2024,BRD-05; BRD-07,VN-direct,Medium,revealed,"Index = month value divided by that year monthly mean, averaged over complete years (our calculation). 1.00 = average month."
"Viet Nam share of China exports, HS 3504",share of FOB value,"China-reported, ratio",Gregorian month,8,0.94,0.58,1.34,6,2019 to 2024,BRD-05; BRD-07,VN-direct,Medium,revealed,"Index = month value divided by that year monthly mean, averaged over complete years (our calculation). 1.00 = average month."
"Viet Nam share of China exports, HS 3504",share of FOB value,"China-reported, ratio",Gregorian month,9,0.91,0.46,1.37,6,2019 to 2024,BRD-05; BRD-07,VN-direct,Medium,revealed,"Index = month value divided by that year monthly mean, averaged over complete years (our calculation). 1.00 = average month."
"Viet Nam share of China exports, HS 3504",share of FOB value,"China-reported, ratio",Gregorian month,10,1.22,0.65,1.71,6,2019 to 2024,BRD-05; BRD-07,VN-direct,Medium,revealed,"Index = month value divided by that year monthly mean, averaged over complete years (our calculation). 1.00 = average month."
"Viet Nam share of China exports, HS 3504",share of FOB value,"China-reported, ratio",Gregorian month,11,1.32,0.59,2.36,6,2019 to 2024,BRD-05; BRD-07,VN-direct,Medium,revealed,"Index = month value divided by that year monthly mean, averaged over complete years (our calculation). 1.00 = average month."
"Viet Nam share of China exports, HS 3504",share of FOB value,"China-reported, ratio",Gregorian month,12,1.12,0.69,1.74,6,2019 to 2024,BRD-05; BRD-07,VN-direct,Medium,revealed,"Index = month value divided by that year monthly mean, averaged over complete years (our calculation). 1.00 = average month."
"Viet Nam share of China exports, HS 3504",share of FOB value,"China-reported, ratio",months from Tet month,-3,1.27,0.81,2.36,5,2019 to 2024,BRD-05; BRD-07,VN-direct,Medium,revealed,"Index = month value divided by that year monthly mean, averaged over complete years (our calculation). 1.00 = average month."
"Viet Nam share of China exports, HS 3504",share of FOB value,"China-reported, ratio",months from Tet month,-2,1.37,0.69,1.74,5,2019 to 2024,BRD-05; BRD-07,VN-direct,Medium,revealed,"Index = month value divided by that year monthly mean, averaged over complete years (our calculation). 1.00 = average month."
"Viet Nam share of China exports, HS 3504",share of FOB value,"China-reported, ratio",months from Tet month,-1,0.88,0.63,1.2,6,2019 to 2024,BRD-05; BRD-07,VN-direct,Medium,revealed,"Index = month value divided by that year monthly mean, averaged over complete years (our calculation). 1.00 = average month."
"Viet Nam share of China exports, HS 3504",share of FOB value,"China-reported, ratio",months from Tet month,0,0.77,0.46,1.27,6,2019 to 2024,BRD-05; BRD-07,VN-direct,Medium,revealed,"Index = month value divided by that year monthly mean, averaged over complete years (our calculation). 1.00 = average month."
"Viet Nam share of China exports, HS 3504",share of FOB value,"China-reported, ratio",months from Tet month,1,1.13,0.73,1.51,6,2019 to 2024,BRD-05; BRD-07,VN-direct,Medium,revealed,"Index = month value divided by that year monthly mean, averaged over complete years (our calculation). 1.00 = average month."
"Viet Nam share of China exports, HS 3504",share of FOB value,"China-reported, ratio",months from Vu Lan month,-3,0.99,0.78,1.38,6,2019 to 2024,BRD-05; BRD-07,VN-direct,Medium,revealed,"Index = month value divided by that year monthly mean, averaged over complete years (our calculation). 1.00 = average month."
"Viet Nam share of China exports, HS 3504",share of FOB value,"China-reported, ratio",months from Vu Lan month,-2,0.86,0.5,1.34,6,2019 to 2024,BRD-05; BRD-07,VN-direct,Medium,revealed,"Index = month value divided by that year monthly mean, averaged over complete years (our calculation). 1.00 = average month."
"Viet Nam share of China exports, HS 3504",share of FOB value,"China-reported, ratio",months from Vu Lan month,-1,0.76,0.58,1.25,6,2019 to 2024,BRD-05; BRD-07,VN-direct,Medium,revealed,"Index = month value divided by that year monthly mean, averaged over complete years (our calculation). 1.00 = average month."
"Viet Nam share of China exports, HS 3504",share of FOB value,"China-reported, ratio",months from Vu Lan month,0,0.96,0.68,1.34,6,2019 to 2024,BRD-05; BRD-07,VN-direct,Medium,revealed,"Index = month value divided by that year monthly mean, averaged over complete years (our calculation). 1.00 = average month."
"Viet Nam share of China exports, HS 3504",share of FOB value,"China-reported, ratio",months from Vu Lan month,1,1.0,0.46,1.37,6,2019 to 2024,BRD-05; BRD-07,VN-direct,Medium,revealed,"Index = month value divided by that year monthly mean, averaged over complete years (our calculation). 1.00 = average month."
"Viet Nam share of China exports, HS 2106.10",share of net weight,"China-reported, ratio",Gregorian month,1,0.91,0.17,2.12,6,2019 to 2024,BRD-05; BRD-07,VN-direct,Medium,revealed,"Index = month value divided by that year monthly mean, averaged over complete years (our calculation). 1.00 = average month."
"Viet Nam share of China exports, HS 2106.10",share of net weight,"China-reported, ratio",Gregorian month,2,0.64,0.42,0.91,6,2019 to 2024,BRD-05; BRD-07,VN-direct,Medium,revealed,"Index = month value divided by that year monthly mean, averaged over complete years (our calculation). 1.00 = average month."
"Viet Nam share of China exports, HS 2106.10",share of net weight,"China-reported, ratio",Gregorian month,3,0.81,0.45,1.29,6,2019 to 2024,BRD-05; BRD-07,VN-direct,Medium,revealed,"Index = month value divided by that year monthly mean, averaged over complete years (our calculation). 1.00 = average month."
"Viet Nam share of China exports, HS 2106.10",share of net weight,"China-reported, ratio",Gregorian month,4,0.81,0.42,1.34,6,2019 to 2024,BRD-05; BRD-07,VN-direct,Medium,revealed,"Index = month value divided by that year monthly mean, averaged over complete years (our calculation). 1.00 = average month."
"Viet Nam share of China exports, HS 2106.10",share of net weight,"China-reported, ratio",Gregorian month,5,0.95,0.37,1.75,6,2019 to 2024,BRD-05; BRD-07,VN-direct,Medium,revealed,"Index = month value divided by that year monthly mean, averaged over complete years (our calculation). 1.00 = average month."
"Viet Nam share of China exports, HS 2106.10",share of net weight,"China-reported, ratio",Gregorian month,6,1.15,0.79,1.88,6,2019 to 2024,BRD-05; BRD-07,VN-direct,Medium,revealed,"Index = month value divided by that year monthly mean, averaged over complete years (our calculation). 1.00 = average month."
"Viet Nam share of China exports, HS 2106.10",share of net weight,"China-reported, ratio",Gregorian month,7,1.21,0.65,1.85,6,2019 to 2024,BRD-05; BRD-07,VN-direct,Medium,revealed,"Index = month value divided by that year monthly mean, averaged over complete years (our calculation). 1.00 = average month."
"Viet Nam share of China exports, HS 2106.10",share of net weight,"China-reported, ratio",Gregorian month,8,0.96,0.48,1.86,6,2019 to 2024,BRD-05; BRD-07,VN-direct,Medium,revealed,"Index = month value divided by that year monthly mean, averaged over complete years (our calculation). 1.00 = average month."
"Viet Nam share of China exports, HS 2106.10",share of net weight,"China-reported, ratio",Gregorian month,9,1.17,0.43,2.23,6,2019 to 2024,BRD-05; BRD-07,VN-direct,Medium,revealed,"Index = month value divided by that year monthly mean, averaged over complete years (our calculation). 1.00 = average month."
"Viet Nam share of China exports, HS 2106.10",share of net weight,"China-reported, ratio",Gregorian month,10,1.06,0.51,1.53,6,2019 to 2024,BRD-05; BRD-07,VN-direct,Medium,revealed,"Index = month value divided by that year monthly mean, averaged over complete years (our calculation). 1.00 = average month."
"Viet Nam share of China exports, HS 2106.10",share of net weight,"China-reported, ratio",Gregorian month,11,0.77,0.46,1.11,6,2019 to 2024,BRD-05; BRD-07,VN-direct,Medium,revealed,"Index = month value divided by that year monthly mean, averaged over complete years (our calculation). 1.00 = average month."
"Viet Nam share of China exports, HS 2106.10",share of net weight,"China-reported, ratio",Gregorian month,12,1.56,0.71,3.89,6,2019 to 2024,BRD-05; BRD-07,VN-direct,Medium,revealed,"Index = month value divided by that year monthly mean, averaged over complete years (our calculation). 1.00 = average month."
"Viet Nam share of China exports, HS 2106.10",share of net weight,"China-reported, ratio",months from Tet month,-3,1.0,0.61,1.53,5,2019 to 2024,BRD-05; BRD-07,VN-direct,Medium,revealed,"Index = month value divided by that year monthly mean, averaged over complete years (our calculation). 1.00 = average month."
"Viet Nam share of China exports, HS 2106.10",share of net weight,"China-reported, ratio",months from Tet month,-2,1.52,0.46,3.89,5,2019 to 2024,BRD-05; BRD-07,VN-direct,Medium,revealed,"Index = month value divided by that year monthly mean, averaged over complete years (our calculation). 1.00 = average month."
"Viet Nam share of China exports, HS 2106.10",share of net weight,"China-reported, ratio",months from Tet month,-1,1.09,0.51,2.12,6,2019 to 2024,BRD-05; BRD-07,VN-direct,Medium,revealed,"Index = month value divided by that year monthly mean, averaged over complete years (our calculation). 1.00 = average month."
"Viet Nam share of China exports, HS 2106.10",share of net weight,"China-reported, ratio",months from Tet month,0,0.5,0.17,0.91,6,2019 to 2024,BRD-05; BRD-07,VN-direct,Medium,revealed,"Index = month value divided by that year monthly mean, averaged over complete years (our calculation). 1.00 = average month."
"Viet Nam share of China exports, HS 2106.10",share of net weight,"China-reported, ratio",months from Tet month,1,0.83,0.45,1.29,6,2019 to 2024,BRD-05; BRD-07,VN-direct,Medium,revealed,"Index = month value divided by that year monthly mean, averaged over complete years (our calculation). 1.00 = average month."
"Viet Nam share of China exports, HS 2106.10",share of net weight,"China-reported, ratio",months from Vu Lan month,-3,1.03,0.62,1.75,6,2019 to 2024,BRD-05; BRD-07,VN-direct,Medium,revealed,"Index = month value divided by that year monthly mean, averaged over complete years (our calculation). 1.00 = average month."
"Viet Nam share of China exports, HS 2106.10",share of net weight,"China-reported, ratio",months from Vu Lan month,-2,1.17,0.79,1.88,6,2019 to 2024,BRD-05; BRD-07,VN-direct,Medium,revealed,"Index = month value divided by that year monthly mean, averaged over complete years (our calculation). 1.00 = average month."
"Viet Nam share of China exports, HS 2106.10",share of net weight,"China-reported, ratio",months from Vu Lan month,-1,1.35,0.65,1.86,6,2019 to 2024,BRD-05; BRD-07,VN-direct,Medium,revealed,"Index = month value divided by that year monthly mean, averaged over complete years (our calculation). 1.00 = average month."
"Viet Nam share of China exports, HS 2106.10",share of net weight,"China-reported, ratio",months from Vu Lan month,0,1.02,0.48,2.23,6,2019 to 2024,BRD-05; BRD-07,VN-direct,Medium,revealed,"Index = month value divided by that year monthly mean, averaged over complete years (our calculation). 1.00 = average month."
"Viet Nam share of China exports, HS 2106.10",share of net weight,"China-reported, ratio",months from Vu Lan month,1,1.03,0.43,1.51,6,2019 to 2024,BRD-05; BRD-07,VN-direct,Medium,revealed,"Index = month value divided by that year monthly mean, averaged over complete years (our calculation). 1.00 = average month."
"Viet Nam share of China exports, HS 1109",share of net weight,"China-reported, ratio",Gregorian month,1,0.71,0.48,1.39,6,2019 to 2024,BRD-05; BRD-07,VN-direct,Medium,revealed,"Index = month value divided by that year monthly mean, averaged over complete years (our calculation). 1.00 = average month."
"Viet Nam share of China exports, HS 1109",share of net weight,"China-reported, ratio",Gregorian month,2,1.15,0.32,2.24,6,2019 to 2024,BRD-05; BRD-07,VN-direct,Medium,revealed,"Index = month value divided by that year monthly mean, averaged over complete years (our calculation). 1.00 = average month."
"Viet Nam share of China exports, HS 1109",share of net weight,"China-reported, ratio",Gregorian month,3,1.25,0.73,1.44,6,2019 to 2024,BRD-05; BRD-07,VN-direct,Medium,revealed,"Index = month value divided by that year monthly mean, averaged over complete years (our calculation). 1.00 = average month."
"Viet Nam share of China exports, HS 1109",share of net weight,"China-reported, ratio",Gregorian month,4,1.28,0.86,2.14,6,2019 to 2024,BRD-05; BRD-07,VN-direct,Medium,revealed,"Index = month value divided by that year monthly mean, averaged over complete years (our calculation). 1.00 = average month."
"Viet Nam share of China exports, HS 1109",share of net weight,"China-reported, ratio",Gregorian month,5,1.34,0.91,1.73,6,2019 to 2024,BRD-05; BRD-07,VN-direct,Medium,revealed,"Index = month value divided by that year monthly mean, averaged over complete years (our calculation). 1.00 = average month."
"Viet Nam share of China exports, HS 1109",share of net weight,"China-reported, ratio",Gregorian month,6,0.76,0.48,1.14,6,2019 to 2024,BRD-05; BRD-07,VN-direct,Medium,revealed,"Index = month value divided by that year monthly mean, averaged over complete years (our calculation). 1.00 = average month."
"Viet Nam share of China exports, HS 1109",share of net weight,"China-reported, ratio",Gregorian month,7,1.18,0.65,2.18,6,2019 to 2024,BRD-05; BRD-07,VN-direct,Medium,revealed,"Index = month value divided by that year monthly mean, averaged over complete years (our calculation). 1.00 = average month."
"Viet Nam share of China exports, HS 1109",share of net weight,"China-reported, ratio",Gregorian month,8,0.87,0.47,1.48,6,2019 to 2024,BRD-05; BRD-07,VN-direct,Medium,revealed,"Index = month value divided by that year monthly mean, averaged over complete years (our calculation). 1.00 = average month."
"Viet Nam share of China exports, HS 1109",share of net weight,"China-reported, ratio",Gregorian month,9,0.86,0.66,1.04,6,2019 to 2024,BRD-05; BRD-07,VN-direct,Medium,revealed,"Index = month value divided by that year monthly mean, averaged over complete years (our calculation). 1.00 = average month."
"Viet Nam share of China exports, HS 1109",share of net weight,"China-reported, ratio",Gregorian month,10,0.74,0.37,0.96,6,2019 to 2024,BRD-05; BRD-07,VN-direct,Medium,revealed,"Index = month value divided by that year monthly mean, averaged over complete years (our calculation). 1.00 = average month."
"Viet Nam share of China exports, HS 1109",share of net weight,"China-reported, ratio",Gregorian month,11,0.79,0.33,1.34,6,2019 to 2024,BRD-05; BRD-07,VN-direct,Medium,revealed,"Index = month value divided by that year monthly mean, averaged over complete years (our calculation). 1.00 = average month."
"Viet Nam share of China exports, HS 1109",share of net weight,"China-reported, ratio",Gregorian month,12,1.07,0.51,2.1,6,2019 to 2024,BRD-05; BRD-07,VN-direct,Medium,revealed,"Index = month value divided by that year monthly mean, averaged over complete years (our calculation). 1.00 = average month."
"Viet Nam share of China exports, HS 1109",share of net weight,"China-reported, ratio",months from Tet month,-3,0.66,0.33,1.04,5,2019 to 2024,BRD-05; BRD-07,VN-direct,Medium,revealed,"Index = month value divided by that year monthly mean, averaged over complete years (our calculation). 1.00 = average month."
"Viet Nam share of China exports, HS 1109",share of net weight,"China-reported, ratio",months from Tet month,-2,0.88,0.51,1.78,5,2019 to 2024,BRD-05; BRD-07,VN-direct,Medium,revealed,"Index = month value divided by that year monthly mean, averaged over complete years (our calculation). 1.00 = average month."
"Viet Nam share of China exports, HS 1109",share of net weight,"China-reported, ratio",months from Tet month,-1,0.98,0.55,2.1,6,2019 to 2024,BRD-05; BRD-07,VN-direct,Medium,revealed,"Index = month value divided by that year monthly mean, averaged over complete years (our calculation). 1.00 = average month."
"Viet Nam share of China exports, HS 1109",share of net weight,"China-reported, ratio",months from Tet month,0,0.77,0.32,2.0,6,2019 to 2024,BRD-05; BRD-07,VN-direct,Medium,revealed,"Index = month value divided by that year monthly mean, averaged over complete years (our calculation). 1.00 = average month."
"Viet Nam share of China exports, HS 1109",share of net weight,"China-reported, ratio",months from Tet month,1,1.47,1.14,2.24,6,2019 to 2024,BRD-05; BRD-07,VN-direct,Medium,revealed,"Index = month value divided by that year monthly mean, averaged over complete years (our calculation). 1.00 = average month."
"Viet Nam share of China exports, HS 1109",share of net weight,"China-reported, ratio",months from Vu Lan month,-3,1.25,0.48,1.73,6,2019 to 2024,BRD-05; BRD-07,VN-direct,Medium,revealed,"Index = month value divided by that year monthly mean, averaged over complete years (our calculation). 1.00 = average month."
"Viet Nam share of China exports, HS 1109",share of net weight,"China-reported, ratio",months from Vu Lan month,-2,0.8,0.65,1.14,6,2019 to 2024,BRD-05; BRD-07,VN-direct,Medium,revealed,"Index = month value divided by that year monthly mean, averaged over complete years (our calculation). 1.00 = average month."
"Viet Nam share of China exports, HS 1109",share of net weight,"China-reported, ratio",months from Vu Lan month,-1,1.16,0.56,2.18,6,2019 to 2024,BRD-05; BRD-07,VN-direct,Medium,revealed,"Index = month value divided by that year monthly mean, averaged over complete years (our calculation). 1.00 = average month."
"Viet Nam share of China exports, HS 1109",share of net weight,"China-reported, ratio",months from Vu Lan month,0,0.93,0.47,1.48,6,2019 to 2024,BRD-05; BRD-07,VN-direct,Medium,revealed,"Index = month value divided by that year monthly mean, averaged over complete years (our calculation). 1.00 = average month."
"Viet Nam share of China exports, HS 1109",share of net weight,"China-reported, ratio",months from Vu Lan month,1,0.8,0.59,1.04,6,2019 to 2024,BRD-05; BRD-07,VN-direct,Medium,revealed,"Index = month value divided by that year monthly mean, averaged over complete years (our calculation). 1.00 = average month."
"Viet Nam share of China exports, HS 2309.90 (feed control)",share of net weight,"China-reported, ratio",Gregorian month,1,0.75,0.48,1.02,6,2019 to 2024,BRD-05; BRD-07,VN-direct,Medium,revealed,"Index = month value divided by that year monthly mean, averaged over complete years (our calculation). 1.00 = average month."
"Viet Nam share of China exports, HS 2309.90 (feed control)",share of net weight,"China-reported, ratio",Gregorian month,2,1.02,0.74,1.25,6,2019 to 2024,BRD-05; BRD-07,VN-direct,Medium,revealed,"Index = month value divided by that year monthly mean, averaged over complete years (our calculation). 1.00 = average month."
"Viet Nam share of China exports, HS 2309.90 (feed control)",share of net weight,"China-reported, ratio",Gregorian month,3,1.05,0.84,1.18,6,2019 to 2024,BRD-05; BRD-07,VN-direct,Medium,revealed,"Index = month value divided by that year monthly mean, averaged over complete years (our calculation). 1.00 = average month."
"Viet Nam share of China exports, HS 2309.90 (feed control)",share of net weight,"China-reported, ratio",Gregorian month,4,0.98,0.73,1.23,6,2019 to 2024,BRD-05; BRD-07,VN-direct,Medium,revealed,"Index = month value divided by that year monthly mean, averaged over complete years (our calculation). 1.00 = average month."
"Viet Nam share of China exports, HS 2309.90 (feed control)",share of net weight,"China-reported, ratio",Gregorian month,5,0.94,0.8,1.14,6,2019 to 2024,BRD-05; BRD-07,VN-direct,Medium,revealed,"Index = month value divided by that year monthly mean, averaged over complete years (our calculation). 1.00 = average month."
"Viet Nam share of China exports, HS 2309.90 (feed control)",share of net weight,"China-reported, ratio",Gregorian month,6,1.05,0.86,1.21,6,2019 to 2024,BRD-05; BRD-07,VN-direct,Medium,revealed,"Index = month value divided by that year monthly mean, averaged over complete years (our calculation). 1.00 = average month."
"Viet Nam share of China exports, HS 2309.90 (feed control)",share of net weight,"China-reported, ratio",Gregorian month,7,0.95,0.83,1.17,6,2019 to 2024,BRD-05; BRD-07,VN-direct,Medium,revealed,"Index = month value divided by that year monthly mean, averaged over complete years (our calculation). 1.00 = average month."
"Viet Nam share of China exports, HS 2309.90 (feed control)",share of net weight,"China-reported, ratio",Gregorian month,8,1.06,0.82,1.27,6,2019 to 2024,BRD-05; BRD-07,VN-direct,Medium,revealed,"Index = month value divided by that year monthly mean, averaged over complete years (our calculation). 1.00 = average month."
"Viet Nam share of China exports, HS 2309.90 (feed control)",share of net weight,"China-reported, ratio",Gregorian month,9,1.06,0.9,1.38,6,2019 to 2024,BRD-05; BRD-07,VN-direct,Medium,revealed,"Index = month value divided by that year monthly mean, averaged over complete years (our calculation). 1.00 = average month."
"Viet Nam share of China exports, HS 2309.90 (feed control)",share of net weight,"China-reported, ratio",Gregorian month,10,1.08,0.77,1.38,6,2019 to 2024,BRD-05; BRD-07,VN-direct,Medium,revealed,"Index = month value divided by that year monthly mean, averaged over complete years (our calculation). 1.00 = average month."
"Viet Nam share of China exports, HS 2309.90 (feed control)",share of net weight,"China-reported, ratio",Gregorian month,11,1.04,0.78,1.22,6,2019 to 2024,BRD-05; BRD-07,VN-direct,Medium,revealed,"Index = month value divided by that year monthly mean, averaged over complete years (our calculation). 1.00 = average month."
"Viet Nam share of China exports, HS 2309.90 (feed control)",share of net weight,"China-reported, ratio",Gregorian month,12,1.02,0.79,1.13,6,2019 to 2024,BRD-05; BRD-07,VN-direct,Medium,revealed,"Index = month value divided by that year monthly mean, averaged over complete years (our calculation). 1.00 = average month."
"Viet Nam share of China exports, HS 2309.90 (feed control)",share of net weight,"China-reported, ratio",months from Tet month,-3,1.07,0.78,1.38,5,2019 to 2024,BRD-05; BRD-07,VN-direct,Medium,revealed,"Index = month value divided by that year monthly mean, averaged over complete years (our calculation). 1.00 = average month."
"Viet Nam share of China exports, HS 2309.90 (feed control)",share of net weight,"China-reported, ratio",months from Tet month,-2,1.03,0.79,1.21,5,2019 to 2024,BRD-05; BRD-07,VN-direct,Medium,revealed,"Index = month value divided by that year monthly mean, averaged over complete years (our calculation). 1.00 = average month."
"Viet Nam share of China exports, HS 2309.90 (feed control)",share of net weight,"China-reported, ratio",months from Tet month,-1,0.94,0.6,1.13,6,2019 to 2024,BRD-05; BRD-07,VN-direct,Medium,revealed,"Index = month value divided by that year monthly mean, averaged over complete years (our calculation). 1.00 = average month."
"Viet Nam share of China exports, HS 2309.90 (feed control)",share of net weight,"China-reported, ratio",months from Tet month,0,0.8,0.48,1.25,6,2019 to 2024,BRD-05; BRD-07,VN-direct,Medium,revealed,"Index = month value divided by that year monthly mean, averaged over complete years (our calculation). 1.00 = average month."
"Viet Nam share of China exports, HS 2309.90 (feed control)",share of net weight,"China-reported, ratio",months from Tet month,1,1.12,0.98,1.18,6,2019 to 2024,BRD-05; BRD-07,VN-direct,Medium,revealed,"Index = month value divided by that year monthly mean, averaged over complete years (our calculation). 1.00 = average month."
"Viet Nam share of China exports, HS 2309.90 (feed control)",share of net weight,"China-reported, ratio",months from Vu Lan month,-3,0.95,0.8,1.14,6,2019 to 2024,BRD-05; BRD-07,VN-direct,Medium,revealed,"Index = month value divided by that year monthly mean, averaged over complete years (our calculation). 1.00 = average month."
"Viet Nam share of China exports, HS 2309.90 (feed control)",share of net weight,"China-reported, ratio",months from Vu Lan month,-2,1.04,0.84,1.21,6,2019 to 2024,BRD-05; BRD-07,VN-direct,Medium,revealed,"Index = month value divided by that year monthly mean, averaged over complete years (our calculation). 1.00 = average month."
"Viet Nam share of China exports, HS 2309.90 (feed control)",share of net weight,"China-reported, ratio",months from Vu Lan month,-1,0.99,0.83,1.17,6,2019 to 2024,BRD-05; BRD-07,VN-direct,Medium,revealed,"Index = month value divided by that year monthly mean, averaged over complete years (our calculation). 1.00 = average month."
"Viet Nam share of China exports, HS 2309.90 (feed control)",share of net weight,"China-reported, ratio",months from Vu Lan month,0,1.1,0.82,1.38,6,2019 to 2024,BRD-05; BRD-07,VN-direct,Medium,revealed,"Index = month value divided by that year monthly mean, averaged over complete years (our calculation). 1.00 = average month."
"Viet Nam share of China exports, HS 2309.90 (feed control)",share of net weight,"China-reported, ratio",months from Vu Lan month,1,1.05,0.9,1.35,6,2019 to 2024,BRD-05; BRD-07,VN-direct,Medium,revealed,"Index = month value divided by that year monthly mean, averaged over complete years (our calculation). 1.00 = average month."
"Viet Nam imports from China, HS 2106.10",CIF value,Viet Nam-reported,Gregorian month,1,0.94,0.44,1.7,5,2019 to 2023,BRD-06; BRD-07,VN-direct,Medium,revealed,"Index = month value divided by that year monthly mean, averaged over complete years (our calculation). 1.00 = average month."
"Viet Nam imports from China, HS 2106.10",CIF value,Viet Nam-reported,Gregorian month,2,0.45,0.26,0.6,5,2019 to 2023,BRD-06; BRD-07,VN-direct,Medium,revealed,"Index = month value divided by that year monthly mean, averaged over complete years (our calculation). 1.00 = average month."
"Viet Nam imports from China, HS 2106.10",CIF value,Viet Nam-reported,Gregorian month,3,0.92,0.72,1.22,5,2019 to 2023,BRD-06; BRD-07,VN-direct,Medium,revealed,"Index = month value divided by that year monthly mean, averaged over complete years (our calculation). 1.00 = average month."
"Viet Nam imports from China, HS 2106.10",CIF value,Viet Nam-reported,Gregorian month,4,0.79,0.66,1.01,5,2019 to 2023,BRD-06; BRD-07,VN-direct,Medium,revealed,"Index = month value divided by that year monthly mean, averaged over complete years (our calculation). 1.00 = average month."
"Viet Nam imports from China, HS 2106.10",CIF value,Viet Nam-reported,Gregorian month,5,1.16,0.87,1.34,5,2019 to 2023,BRD-06; BRD-07,VN-direct,Medium,revealed,"Index = month value divided by that year monthly mean, averaged over complete years (our calculation). 1.00 = average month."
"Viet Nam imports from China, HS 2106.10",CIF value,Viet Nam-reported,Gregorian month,6,0.81,0.25,1.3,5,2019 to 2023,BRD-06; BRD-07,VN-direct,Medium,revealed,"Index = month value divided by that year monthly mean, averaged over complete years (our calculation). 1.00 = average month."
"Viet Nam imports from China, HS 2106.10",CIF value,Viet Nam-reported,Gregorian month,7,1.12,0.9,1.46,5,2019 to 2023,BRD-06; BRD-07,VN-direct,Medium,revealed,"Index = month value divided by that year monthly mean, averaged over complete years (our calculation). 1.00 = average month."
"Viet Nam imports from China, HS 2106.10",CIF value,Viet Nam-reported,Gregorian month,8,1.09,0.28,1.7,5,2019 to 2023,BRD-06; BRD-07,VN-direct,Medium,revealed,"Index = month value divided by that year monthly mean, averaged over complete years (our calculation). 1.00 = average month."
"Viet Nam imports from China, HS 2106.10",CIF value,Viet Nam-reported,Gregorian month,9,1.05,0.56,1.38,5,2019 to 2023,BRD-06; BRD-07,VN-direct,Medium,revealed,"Index = month value divided by that year monthly mean, averaged over complete years (our calculation). 1.00 = average month."
"Viet Nam imports from China, HS 2106.10",CIF value,Viet Nam-reported,Gregorian month,10,1.11,0.74,1.62,5,2019 to 2023,BRD-06; BRD-07,VN-direct,Medium,revealed,"Index = month value divided by that year monthly mean, averaged over complete years (our calculation). 1.00 = average month."
"Viet Nam imports from China, HS 2106.10",CIF value,Viet Nam-reported,Gregorian month,11,1.11,0.59,1.45,5,2019 to 2023,BRD-06; BRD-07,VN-direct,Medium,revealed,"Index = month value divided by that year monthly mean, averaged over complete years (our calculation). 1.00 = average month."
"Viet Nam imports from China, HS 2106.10",CIF value,Viet Nam-reported,Gregorian month,12,1.44,1.11,1.69,5,2019 to 2023,BRD-06; BRD-07,VN-direct,Medium,revealed,"Index = month value divided by that year monthly mean, averaged over complete years (our calculation). 1.00 = average month."
"Viet Nam imports from China, HS 2106.10",CIF value,Viet Nam-reported,months from Tet month,-3,1.15,0.74,1.45,4,2019 to 2023,BRD-06; BRD-07,VN-direct,Medium,revealed,"Index = month value divided by that year monthly mean, averaged over complete years (our calculation). 1.00 = average month."
"Viet Nam imports from China, HS 2106.10",CIF value,Viet Nam-reported,months from Tet month,-2,1.14,0.59,1.69,4,2019 to 2023,BRD-06; BRD-07,VN-direct,Medium,revealed,"Index = month value divided by that year monthly mean, averaged over complete years (our calculation). 1.00 = average month."
"Viet Nam imports from China, HS 2106.10",CIF value,Viet Nam-reported,months from Tet month,-1,1.3,1.04,1.7,5,2019 to 2023,BRD-06; BRD-07,VN-direct,Medium,revealed,"Index = month value divided by that year monthly mean, averaged over complete years (our calculation). 1.00 = average month."
"Viet Nam imports from China, HS 2106.10",CIF value,Viet Nam-reported,months from Tet month,0,0.48,0.43,0.6,5,2019 to 2023,BRD-06; BRD-07,VN-direct,Medium,revealed,"Index = month value divided by that year monthly mean, averaged over complete years (our calculation). 1.00 = average month."
"Viet Nam imports from China, HS 2106.10",CIF value,Viet Nam-reported,months from Tet month,1,0.65,0.26,0.89,5,2019 to 2023,BRD-06; BRD-07,VN-direct,Medium,revealed,"Index = month value divided by that year monthly mean, averaged over complete years (our calculation). 1.00 = average month."
"Viet Nam imports from China, HS 2106.10",CIF value,Viet Nam-reported,months from Vu Lan month,-3,1.15,0.81,1.34,5,2019 to 2023,BRD-06; BRD-07,VN-direct,Medium,revealed,"Index = month value divided by that year monthly mean, averaged over complete years (our calculation). 1.00 = average month."
"Viet Nam imports from China, HS 2106.10",CIF value,Viet Nam-reported,months from Vu Lan month,-2,0.83,0.25,1.3,5,2019 to 2023,BRD-06; BRD-07,VN-direct,Medium,revealed,"Index = month value divided by that year monthly mean, averaged over complete years (our calculation). 1.00 = average month."
"Viet Nam imports from China, HS 2106.10",CIF value,Viet Nam-reported,months from Vu Lan month,-1,1.12,0.88,1.46,5,2019 to 2023,BRD-06; BRD-07,VN-direct,Medium,revealed,"Index = month value divided by that year monthly mean, averaged over complete years (our calculation). 1.00 = average month."
"Viet Nam imports from China, HS 2106.10",CIF value,Viet Nam-reported,months from Vu Lan month,0,1.19,0.28,1.7,5,2019 to 2023,BRD-06; BRD-07,VN-direct,Medium,revealed,"Index = month value divided by that year monthly mean, averaged over complete years (our calculation). 1.00 = average month."
"Viet Nam imports from China, HS 2106.10",CIF value,Viet Nam-reported,months from Vu Lan month,1,1.1,0.56,1.62,5,2019 to 2023,BRD-06; BRD-07,VN-direct,Medium,revealed,"Index = month value divided by that year monthly mean, averaged over complete years (our calculation). 1.00 = average month."
"Viet Nam imports from World, HS 2106.10",CIF value,Viet Nam-reported,Gregorian month,1,0.8,0.55,1.09,5,2019 to 2023,BRD-06; BRD-07,VN-direct,Medium,revealed,"Index = month value divided by that year monthly mean, averaged over complete years (our calculation). 1.00 = average month."
"Viet Nam imports from World, HS 2106.10",CIF value,Viet Nam-reported,Gregorian month,2,0.64,0.4,1.32,5,2019 to 2023,BRD-06; BRD-07,VN-direct,Medium,revealed,"Index = month value divided by that year monthly mean, averaged over complete years (our calculation). 1.00 = average month."
"Viet Nam imports from World, HS 2106.10",CIF value,Viet Nam-reported,Gregorian month,3,0.87,0.69,1.37,5,2019 to 2023,BRD-06; BRD-07,VN-direct,Medium,revealed,"Index = month value divided by that year monthly mean, averaged over complete years (our calculation). 1.00 = average month."
"Viet Nam imports from World, HS 2106.10",CIF value,Viet Nam-reported,Gregorian month,4,1.12,0.7,2.02,5,2019 to 2023,BRD-06; BRD-07,VN-direct,Medium,revealed,"Index = month value divided by that year monthly mean, averaged over complete years (our calculation). 1.00 = average month."
"Viet Nam imports from World, HS 2106.10",CIF value,Viet Nam-reported,Gregorian month,5,1.01,0.7,1.31,5,2019 to 2023,BRD-06; BRD-07,VN-direct,Medium,revealed,"Index = month value divided by that year monthly mean, averaged over complete years (our calculation). 1.00 = average month."
"Viet Nam imports from World, HS 2106.10",CIF value,Viet Nam-reported,Gregorian month,6,0.8,0.58,1.26,5,2019 to 2023,BRD-06; BRD-07,VN-direct,Medium,revealed,"Index = month value divided by that year monthly mean, averaged over complete years (our calculation). 1.00 = average month."
"Viet Nam imports from World, HS 2106.10",CIF value,Viet Nam-reported,Gregorian month,7,0.93,0.61,1.39,5,2019 to 2023,BRD-06; BRD-07,VN-direct,Medium,revealed,"Index = month value divided by that year monthly mean, averaged over complete years (our calculation). 1.00 = average month."
"Viet Nam imports from World, HS 2106.10",CIF value,Viet Nam-reported,Gregorian month,8,1.13,0.81,1.8,5,2019 to 2023,BRD-06; BRD-07,VN-direct,Medium,revealed,"Index = month value divided by that year monthly mean, averaged over complete years (our calculation). 1.00 = average month."
"Viet Nam imports from World, HS 2106.10",CIF value,Viet Nam-reported,Gregorian month,9,0.87,0.41,1.91,5,2019 to 2023,BRD-06; BRD-07,VN-direct,Medium,revealed,"Index = month value divided by that year monthly mean, averaged over complete years (our calculation). 1.00 = average month."
"Viet Nam imports from World, HS 2106.10",CIF value,Viet Nam-reported,Gregorian month,10,1.4,1.18,1.94,5,2019 to 2023,BRD-06; BRD-07,VN-direct,Medium,revealed,"Index = month value divided by that year monthly mean, averaged over complete years (our calculation). 1.00 = average month."
"Viet Nam imports from World, HS 2106.10",CIF value,Viet Nam-reported,Gregorian month,11,1.36,0.68,1.99,5,2019 to 2023,BRD-06; BRD-07,VN-direct,Medium,revealed,"Index = month value divided by that year monthly mean, averaged over complete years (our calculation). 1.00 = average month."
"Viet Nam imports from World, HS 2106.10",CIF value,Viet Nam-reported,Gregorian month,12,1.07,0.77,1.31,5,2019 to 2023,BRD-06; BRD-07,VN-direct,Medium,revealed,"Index = month value divided by that year monthly mean, averaged over complete years (our calculation). 1.00 = average month."
"Viet Nam imports from World, HS 2106.10",CIF value,Viet Nam-reported,months from Tet month,-3,1.4,1.18,1.86,4,2019 to 2023,BRD-06; BRD-07,VN-direct,Medium,revealed,"Index = month value divided by that year monthly mean, averaged over complete years (our calculation). 1.00 = average month."
"Viet Nam imports from World, HS 2106.10",CIF value,Viet Nam-reported,months from Tet month,-2,1.19,0.68,1.99,4,2019 to 2023,BRD-06; BRD-07,VN-direct,Medium,revealed,"Index = month value divided by that year monthly mean, averaged over complete years (our calculation). 1.00 = average month."
"Viet Nam imports from World, HS 2106.10",CIF value,Viet Nam-reported,months from Tet month,-1,1.02,0.82,1.29,5,2019 to 2023,BRD-06; BRD-07,VN-direct,Medium,revealed,"Index = month value divided by that year monthly mean, averaged over complete years (our calculation). 1.00 = average month."
"Viet Nam imports from World, HS 2106.10",CIF value,Viet Nam-reported,months from Tet month,0,0.66,0.4,1.32,5,2019 to 2023,BRD-06; BRD-07,VN-direct,Medium,revealed,"Index = month value divided by that year monthly mean, averaged over complete years (our calculation). 1.00 = average month."
"Viet Nam imports from World, HS 2106.10",CIF value,Viet Nam-reported,months from Tet month,1,0.65,0.45,0.86,5,2019 to 2023,BRD-06; BRD-07,VN-direct,Medium,revealed,"Index = month value divided by that year monthly mean, averaged over complete years (our calculation). 1.00 = average month."
"Viet Nam imports from World, HS 2106.10",CIF value,Viet Nam-reported,months from Vu Lan month,-3,1.1,0.7,1.31,5,2019 to 2023,BRD-06; BRD-07,VN-direct,Medium,revealed,"Index = month value divided by that year monthly mean, averaged over complete years (our calculation). 1.00 = average month."
"Viet Nam imports from World, HS 2106.10",CIF value,Viet Nam-reported,months from Vu Lan month,-2,0.69,0.58,0.78,5,2019 to 2023,BRD-06; BRD-07,VN-direct,Medium,revealed,"Index = month value divided by that year monthly mean, averaged over complete years (our calculation). 1.00 = average month."
"Viet Nam imports from World, HS 2106.10",CIF value,Viet Nam-reported,months from Vu Lan month,-1,0.95,0.61,1.39,5,2019 to 2023,BRD-06; BRD-07,VN-direct,Medium,revealed,"Index = month value divided by that year monthly mean, averaged over complete years (our calculation). 1.00 = average month."
"Viet Nam imports from World, HS 2106.10",CIF value,Viet Nam-reported,months from Vu Lan month,0,1.35,0.81,1.91,5,2019 to 2023,BRD-06; BRD-07,VN-direct,Medium,revealed,"Index = month value divided by that year monthly mean, averaged over complete years (our calculation). 1.00 = average month."
"Viet Nam imports from World, HS 2106.10",CIF value,Viet Nam-reported,months from Vu Lan month,1,0.76,0.41,1.34,5,2019 to 2023,BRD-06; BRD-07,VN-direct,Medium,revealed,"Index = month value divided by that year monthly mean, averaged over complete years (our calculation). 1.00 = average month."
"Viet Nam imports from China, HS 1109",CIF value,Viet Nam-reported,Gregorian month,1,0.81,0.47,1.17,5,2019 to 2023,BRD-06; BRD-07,VN-direct,Medium,revealed,"Index = month value divided by that year monthly mean, averaged over complete years (our calculation). 1.00 = average month."
"Viet Nam imports from China, HS 1109",CIF value,Viet Nam-reported,Gregorian month,2,0.57,0.18,0.9,5,2019 to 2023,BRD-06; BRD-07,VN-direct,Medium,revealed,"Index = month value divided by that year monthly mean, averaged over complete years (our calculation). 1.00 = average month."
"Viet Nam imports from China, HS 1109",CIF value,Viet Nam-reported,Gregorian month,3,1.2,0.71,1.57,5,2019 to 2023,BRD-06; BRD-07,VN-direct,Medium,revealed,"Index = month value divided by that year monthly mean, averaged over complete years (our calculation). 1.00 = average month."
"Viet Nam imports from China, HS 1109",CIF value,Viet Nam-reported,Gregorian month,4,1.09,0.88,1.37,5,2019 to 2023,BRD-06; BRD-07,VN-direct,Medium,revealed,"Index = month value divided by that year monthly mean, averaged over complete years (our calculation). 1.00 = average month."
"Viet Nam imports from China, HS 1109",CIF value,Viet Nam-reported,Gregorian month,5,1.39,0.93,1.71,5,2019 to 2023,BRD-06; BRD-07,VN-direct,Medium,revealed,"Index = month value divided by that year monthly mean, averaged over complete years (our calculation). 1.00 = average month."
"Viet Nam imports from China, HS 1109",CIF value,Viet Nam-reported,Gregorian month,6,1.01,0.85,1.41,5,2019 to 2023,BRD-06; BRD-07,VN-direct,Medium,revealed,"Index = month value divided by that year monthly mean, averaged over complete years (our calculation). 1.00 = average month."
"Viet Nam imports from China, HS 1109",CIF value,Viet Nam-reported,Gregorian month,7,1.14,0.73,1.47,5,2019 to 2023,BRD-06; BRD-07,VN-direct,Medium,revealed,"Index = month value divided by that year monthly mean, averaged over complete years (our calculation). 1.00 = average month."
"Viet Nam imports from China, HS 1109",CIF value,Viet Nam-reported,Gregorian month,8,1.34,0.85,2.72,5,2019 to 2023,BRD-06; BRD-07,VN-direct,Medium,revealed,"Index = month value divided by that year monthly mean, averaged over complete years (our calculation). 1.00 = average month."
"Viet Nam imports from China, HS 1109",CIF value,Viet Nam-reported,Gregorian month,9,0.94,0.63,1.24,5,2019 to 2023,BRD-06; BRD-07,VN-direct,Medium,revealed,"Index = month value divided by that year monthly mean, averaged over complete years (our calculation). 1.00 = average month."
"Viet Nam imports from China, HS 1109",CIF value,Viet Nam-reported,Gregorian month,10,0.72,0.57,0.79,5,2019 to 2023,BRD-06; BRD-07,VN-direct,Medium,revealed,"Index = month value divided by that year monthly mean, averaged over complete years (our calculation). 1.00 = average month."
"Viet Nam imports from China, HS 1109",CIF value,Viet Nam-reported,Gregorian month,11,0.95,0.71,1.27,5,2019 to 2023,BRD-06; BRD-07,VN-direct,Medium,revealed,"Index = month value divided by that year monthly mean, averaged over complete years (our calculation). 1.00 = average month."
"Viet Nam imports from China, HS 1109",CIF value,Viet Nam-reported,Gregorian month,12,0.84,0.5,1.39,5,2019 to 2023,BRD-06; BRD-07,VN-direct,Medium,revealed,"Index = month value divided by that year monthly mean, averaged over complete years (our calculation). 1.00 = average month."
"Viet Nam imports from China, HS 1109",CIF value,Viet Nam-reported,months from Tet month,-3,0.88,0.57,1.27,4,2019 to 2023,BRD-06; BRD-07,VN-direct,Medium,revealed,"Index = month value divided by that year monthly mean, averaged over complete years (our calculation). 1.00 = average month."
"Viet Nam imports from China, HS 1109",CIF value,Viet Nam-reported,months from Tet month,-2,0.85,0.57,1.39,4,2019 to 2023,BRD-06; BRD-07,VN-direct,Medium,revealed,"Index = month value divided by that year monthly mean, averaged over complete years (our calculation). 1.00 = average month."
"Viet Nam imports from China, HS 1109",CIF value,Viet Nam-reported,months from Tet month,-1,0.82,0.47,1.17,5,2019 to 2023,BRD-06; BRD-07,VN-direct,Medium,revealed,"Index = month value divided by that year monthly mean, averaged over complete years (our calculation). 1.00 = average month."
"Viet Nam imports from China, HS 1109",CIF value,Viet Nam-reported,months from Tet month,0,0.57,0.18,0.89,5,2019 to 2023,BRD-06; BRD-07,VN-direct,Medium,revealed,"Index = month value divided by that year monthly mean, averaged over complete years (our calculation). 1.00 = average month."
"Viet Nam imports from China, HS 1109",CIF value,Viet Nam-reported,months from Tet month,1,1.07,0.65,1.57,5,2019 to 2023,BRD-06; BRD-07,VN-direct,Medium,revealed,"Index = month value divided by that year monthly mean, averaged over complete years (our calculation). 1.00 = average month."
"Viet Nam imports from China, HS 1109",CIF value,Viet Nam-reported,months from Vu Lan month,-3,1.31,0.85,1.71,5,2019 to 2023,BRD-06; BRD-07,VN-direct,Medium,revealed,"Index = month value divided by that year monthly mean, averaged over complete years (our calculation). 1.00 = average month."
"Viet Nam imports from China, HS 1109",CIF value,Viet Nam-reported,months from Vu Lan month,-2,0.98,0.73,1.41,5,2019 to 2023,BRD-06; BRD-07,VN-direct,Medium,revealed,"Index = month value divided by that year monthly mean, averaged over complete years (our calculation). 1.00 = average month."
"Viet Nam imports from China, HS 1109",CIF value,Viet Nam-reported,months from Vu Lan month,-1,1.18,0.93,1.47,5,2019 to 2023,BRD-06; BRD-07,VN-direct,Medium,revealed,"Index = month value divided by that year monthly mean, averaged over complete years (our calculation). 1.00 = average month."
"Viet Nam imports from China, HS 1109",CIF value,Viet Nam-reported,months from Vu Lan month,0,1.35,0.85,2.72,5,2019 to 2023,BRD-06; BRD-07,VN-direct,Medium,revealed,"Index = month value divided by that year monthly mean, averaged over complete years (our calculation). 1.00 = average month."
"Viet Nam imports from China, HS 1109",CIF value,Viet Nam-reported,months from Vu Lan month,1,0.9,0.63,1.24,5,2019 to 2023,BRD-06; BRD-07,VN-direct,Medium,revealed,"Index = month value divided by that year monthly mean, averaged over complete years (our calculation). 1.00 = average month."
"Viet Nam imports from World, HS 1109",CIF value,Viet Nam-reported,Gregorian month,1,0.77,0.55,1.25,5,2019 to 2023,BRD-06; BRD-07,VN-direct,Medium,revealed,"Index = month value divided by that year monthly mean, averaged over complete years (our calculation). 1.00 = average month."
"Viet Nam imports from World, HS 1109",CIF value,Viet Nam-reported,Gregorian month,2,0.59,0.31,0.83,5,2019 to 2023,BRD-06; BRD-07,VN-direct,Medium,revealed,"Index = month value divided by that year monthly mean, averaged over complete years (our calculation). 1.00 = average month."
"Viet Nam imports from World, HS 1109",CIF value,Viet Nam-reported,Gregorian month,3,1.1,0.83,1.34,5,2019 to 2023,BRD-06; BRD-07,VN-direct,Medium,revealed,"Index = month value divided by that year monthly mean, averaged over complete years (our calculation). 1.00 = average month."
"Viet Nam imports from World, HS 1109",CIF value,Viet Nam-reported,Gregorian month,4,1.09,0.69,1.51,5,2019 to 2023,BRD-06; BRD-07,VN-direct,Medium,revealed,"Index = month value divided by that year monthly mean, averaged over complete years (our calculation). 1.00 = average month."
"Viet Nam imports from World, HS 1109",CIF value,Viet Nam-reported,Gregorian month,5,1.43,0.93,1.86,5,2019 to 2023,BRD-06; BRD-07,VN-direct,Medium,revealed,"Index = month value divided by that year monthly mean, averaged over complete years (our calculation). 1.00 = average month."
"Viet Nam imports from World, HS 1109",CIF value,Viet Nam-reported,Gregorian month,6,1.13,0.77,1.51,5,2019 to 2023,BRD-06; BRD-07,VN-direct,Medium,revealed,"Index = month value divided by that year monthly mean, averaged over complete years (our calculation). 1.00 = average month."
"Viet Nam imports from World, HS 1109",CIF value,Viet Nam-reported,Gregorian month,7,1.18,0.97,1.35,5,2019 to 2023,BRD-06; BRD-07,VN-direct,Medium,revealed,"Index = month value divided by that year monthly mean, averaged over complete years (our calculation). 1.00 = average month."
"Viet Nam imports from World, HS 1109",CIF value,Viet Nam-reported,Gregorian month,8,1.43,0.82,2.54,5,2019 to 2023,BRD-06; BRD-07,VN-direct,Medium,revealed,"Index = month value divided by that year monthly mean, averaged over complete years (our calculation). 1.00 = average month."
"Viet Nam imports from World, HS 1109",CIF value,Viet Nam-reported,Gregorian month,9,0.87,0.54,1.18,5,2019 to 2023,BRD-06; BRD-07,VN-direct,Medium,revealed,"Index = month value divided by that year monthly mean, averaged over complete years (our calculation). 1.00 = average month."
"Viet Nam imports from World, HS 1109",CIF value,Viet Nam-reported,Gregorian month,10,0.83,0.52,1.19,5,2019 to 2023,BRD-06; BRD-07,VN-direct,Medium,revealed,"Index = month value divided by that year monthly mean, averaged over complete years (our calculation). 1.00 = average month."
"Viet Nam imports from World, HS 1109",CIF value,Viet Nam-reported,Gregorian month,11,0.83,0.53,1.3,5,2019 to 2023,BRD-06; BRD-07,VN-direct,Medium,revealed,"Index = month value divided by that year monthly mean, averaged over complete years (our calculation). 1.00 = average month."
"Viet Nam imports from World, HS 1109",CIF value,Viet Nam-reported,Gregorian month,12,0.74,0.36,1.38,5,2019 to 2023,BRD-06; BRD-07,VN-direct,Medium,revealed,"Index = month value divided by that year monthly mean, averaged over complete years (our calculation). 1.00 = average month."
"Viet Nam imports from World, HS 1109",CIF value,Viet Nam-reported,months from Tet month,-3,0.74,0.6,0.95,4,2019 to 2023,BRD-06; BRD-07,VN-direct,Medium,revealed,"Index = month value divided by that year monthly mean, averaged over complete years (our calculation). 1.00 = average month."
"Viet Nam imports from World, HS 1109",CIF value,Viet Nam-reported,months from Tet month,-2,0.8,0.53,1.38,4,2019 to 2023,BRD-06; BRD-07,VN-direct,Medium,revealed,"Index = month value divided by that year monthly mean, averaged over complete years (our calculation). 1.00 = average month."
"Viet Nam imports from World, HS 1109",CIF value,Viet Nam-reported,months from Tet month,-1,0.83,0.36,1.25,5,2019 to 2023,BRD-06; BRD-07,VN-direct,Medium,revealed,"Index = month value divided by that year monthly mean, averaged over complete years (our calculation). 1.00 = average month."
"Viet Nam imports from World, HS 1109",CIF value,Viet Nam-reported,months from Tet month,0,0.54,0.31,0.83,5,2019 to 2023,BRD-06; BRD-07,VN-direct,Medium,revealed,"Index = month value divided by that year monthly mean, averaged over complete years (our calculation). 1.00 = average month."
"Viet Nam imports from World, HS 1109",CIF value,Viet Nam-reported,months from Tet month,1,0.99,0.62,1.34,5,2019 to 2023,BRD-06; BRD-07,VN-direct,Medium,revealed,"Index = month value divided by that year monthly mean, averaged over complete years (our calculation). 1.00 = average month."
"Viet Nam imports from World, HS 1109",CIF value,Viet Nam-reported,months from Vu Lan month,-3,1.33,0.77,1.86,5,2019 to 2023,BRD-06; BRD-07,VN-direct,Medium,revealed,"Index = month value divided by that year monthly mean, averaged over complete years (our calculation). 1.00 = average month."
"Viet Nam imports from World, HS 1109",CIF value,Viet Nam-reported,months from Vu Lan month,-2,1.17,0.88,1.51,5,2019 to 2023,BRD-06; BRD-07,VN-direct,Medium,revealed,"Index = month value divided by that year monthly mean, averaged over complete years (our calculation). 1.00 = average month."
"Viet Nam imports from World, HS 1109",CIF value,Viet Nam-reported,months from Vu Lan month,-1,1.21,1.02,1.35,5,2019 to 2023,BRD-06; BRD-07,VN-direct,Medium,revealed,"Index = month value divided by that year monthly mean, averaged over complete years (our calculation). 1.00 = average month."
"Viet Nam imports from World, HS 1109",CIF value,Viet Nam-reported,months from Vu Lan month,0,1.35,0.78,2.54,5,2019 to 2023,BRD-06; BRD-07,VN-direct,Medium,revealed,"Index = month value divided by that year monthly mean, averaged over complete years (our calculation). 1.00 = average month."
"Viet Nam imports from World, HS 1109",CIF value,Viet Nam-reported,months from Vu Lan month,1,0.95,0.54,1.19,5,2019 to 2023,BRD-06; BRD-07,VN-direct,Medium,revealed,"Index = month value divided by that year monthly mean, averaged over complete years (our calculation). 1.00 = average month."
"Viet Nam imports from China, HS 3504",CIF value,Viet Nam-reported,Gregorian month,1,0.8,0.67,1.07,5,2019 to 2023,BRD-06; BRD-07,VN-direct,Medium,revealed,"Index = month value divided by that year monthly mean, averaged over complete years (our calculation). 1.00 = average month."
"Viet Nam imports from China, HS 3504",CIF value,Viet Nam-reported,Gregorian month,2,0.64,0.36,1.24,5,2019 to 2023,BRD-06; BRD-07,VN-direct,Medium,revealed,"Index = month value divided by that year monthly mean, averaged over complete years (our calculation). 1.00 = average month."
"Viet Nam imports from China, HS 3504",CIF value,Viet Nam-reported,Gregorian month,3,1.26,1.04,1.73,5,2019 to 2023,BRD-06; BRD-07,VN-direct,Medium,revealed,"Index = month value divided by that year monthly mean, averaged over complete years (our calculation). 1.00 = average month."
"Viet Nam imports from China, HS 3504",CIF value,Viet Nam-reported,Gregorian month,4,1.22,0.85,1.57,5,2019 to 2023,BRD-06; BRD-07,VN-direct,Medium,revealed,"Index = month value divided by that year monthly mean, averaged over complete years (our calculation). 1.00 = average month."
"Viet Nam imports from China, HS 3504",CIF value,Viet Nam-reported,Gregorian month,5,1.08,0.83,1.56,5,2019 to 2023,BRD-06; BRD-07,VN-direct,Medium,revealed,"Index = month value divided by that year monthly mean, averaged over complete years (our calculation). 1.00 = average month."
"Viet Nam imports from China, HS 3504",CIF value,Viet Nam-reported,Gregorian month,6,1.06,0.46,1.69,5,2019 to 2023,BRD-06; BRD-07,VN-direct,Medium,revealed,"Index = month value divided by that year monthly mean, averaged over complete years (our calculation). 1.00 = average month."
"Viet Nam imports from China, HS 3504",CIF value,Viet Nam-reported,Gregorian month,7,0.81,0.29,1.35,5,2019 to 2023,BRD-06; BRD-07,VN-direct,Medium,revealed,"Index = month value divided by that year monthly mean, averaged over complete years (our calculation). 1.00 = average month."
"Viet Nam imports from China, HS 3504",CIF value,Viet Nam-reported,Gregorian month,8,0.95,0.51,1.66,5,2019 to 2023,BRD-06; BRD-07,VN-direct,Medium,revealed,"Index = month value divided by that year monthly mean, averaged over complete years (our calculation). 1.00 = average month."
"Viet Nam imports from China, HS 3504",CIF value,Viet Nam-reported,Gregorian month,9,0.94,0.72,1.12,5,2019 to 2023,BRD-06; BRD-07,VN-direct,Medium,revealed,"Index = month value divided by that year monthly mean, averaged over complete years (our calculation). 1.00 = average month."
"Viet Nam imports from China, HS 3504",CIF value,Viet Nam-reported,Gregorian month,10,0.97,0.67,1.26,5,2019 to 2023,BRD-06; BRD-07,VN-direct,Medium,revealed,"Index = month value divided by that year monthly mean, averaged over complete years (our calculation). 1.00 = average month."
"Viet Nam imports from China, HS 3504",CIF value,Viet Nam-reported,Gregorian month,11,1.21,0.95,1.44,5,2019 to 2023,BRD-06; BRD-07,VN-direct,Medium,revealed,"Index = month value divided by that year monthly mean, averaged over complete years (our calculation). 1.00 = average month."
"Viet Nam imports from China, HS 3504",CIF value,Viet Nam-reported,Gregorian month,12,1.07,0.83,1.3,5,2019 to 2023,BRD-06; BRD-07,VN-direct,Medium,revealed,"Index = month value divided by that year monthly mean, averaged over complete years (our calculation). 1.00 = average month."
"Viet Nam imports from China, HS 3504",CIF value,Viet Nam-reported,months from Tet month,-3,1.13,0.67,1.29,4,2019 to 2023,BRD-06; BRD-07,VN-direct,Medium,revealed,"Index = month value divided by that year monthly mean, averaged over complete years (our calculation). 1.00 = average month."
"Viet Nam imports from China, HS 3504",CIF value,Viet Nam-reported,months from Tet month,-2,1.15,0.95,1.44,4,2019 to 2023,BRD-06; BRD-07,VN-direct,Medium,revealed,"Index = month value divided by that year monthly mean, averaged over complete years (our calculation). 1.00 = average month."
"Viet Nam imports from China, HS 3504",CIF value,Viet Nam-reported,months from Tet month,-1,0.92,0.67,1.3,5,2019 to 2023,BRD-06; BRD-07,VN-direct,Medium,revealed,"Index = month value divided by that year monthly mean, averaged over complete years (our calculation). 1.00 = average month."
"Viet Nam imports from China, HS 3504",CIF value,Viet Nam-reported,months from Tet month,0,0.62,0.41,0.84,5,2019 to 2023,BRD-06; BRD-07,VN-direct,Medium,revealed,"Index = month value divided by that year monthly mean, averaged over complete years (our calculation). 1.00 = average month."
"Viet Nam imports from China, HS 3504",CIF value,Viet Nam-reported,months from Tet month,1,0.98,0.36,1.24,5,2019 to 2023,BRD-06; BRD-07,VN-direct,Medium,revealed,"Index = month value divided by that year monthly mean, averaged over complete years (our calculation). 1.00 = average month."
"Viet Nam imports from China, HS 3504",CIF value,Viet Nam-reported,months from Vu Lan month,-3,1.16,0.84,1.56,5,2019 to 2023,BRD-06; BRD-07,VN-direct,Medium,revealed,"Index = month value divided by that year monthly mean, averaged over complete years (our calculation). 1.00 = average month."
"Viet Nam imports from China, HS 3504",CIF value,Viet Nam-reported,months from Vu Lan month,-2,1.09,0.46,1.69,5,2019 to 2023,BRD-06; BRD-07,VN-direct,Medium,revealed,"Index = month value divided by that year monthly mean, averaged over complete years (our calculation). 1.00 = average month."
"Viet Nam imports from China, HS 3504",CIF value,Viet Nam-reported,months from Vu Lan month,-1,0.7,0.29,1.07,5,2019 to 2023,BRD-06; BRD-07,VN-direct,Medium,revealed,"Index = month value divided by that year monthly mean, averaged over complete years (our calculation). 1.00 = average month."
"Viet Nam imports from China, HS 3504",CIF value,Viet Nam-reported,months from Vu Lan month,0,0.93,0.51,1.66,5,2019 to 2023,BRD-06; BRD-07,VN-direct,Medium,revealed,"Index = month value divided by that year monthly mean, averaged over complete years (our calculation). 1.00 = average month."
"Viet Nam imports from China, HS 3504",CIF value,Viet Nam-reported,months from Vu Lan month,1,0.97,0.87,1.12,5,2019 to 2023,BRD-06; BRD-07,VN-direct,Medium,revealed,"Index = month value divided by that year monthly mean, averaged over complete years (our calculation). 1.00 = average month."
"Viet Nam imports from World, HS 3504",CIF value,Viet Nam-reported,Gregorian month,1,0.81,0.6,1.03,5,2019 to 2023,BRD-06; BRD-07,VN-direct,Medium,revealed,"Index = month value divided by that year monthly mean, averaged over complete years (our calculation). 1.00 = average month."
"Viet Nam imports from World, HS 3504",CIF value,Viet Nam-reported,Gregorian month,2,0.7,0.4,1.11,5,2019 to 2023,BRD-06; BRD-07,VN-direct,Medium,revealed,"Index = month value divided by that year monthly mean, averaged over complete years (our calculation). 1.00 = average month."
"Viet Nam imports from World, HS 3504",CIF value,Viet Nam-reported,Gregorian month,3,1.21,0.98,1.63,5,2019 to 2023,BRD-06; BRD-07,VN-direct,Medium,revealed,"Index = month value divided by that year monthly mean, averaged over complete years (our calculation). 1.00 = average month."
"Viet Nam imports from World, HS 3504",CIF value,Viet Nam-reported,Gregorian month,4,1.23,1.06,1.38,5,2019 to 2023,BRD-06; BRD-07,VN-direct,Medium,revealed,"Index = month value divided by that year monthly mean, averaged over complete years (our calculation). 1.00 = average month."
"Viet Nam imports from World, HS 3504",CIF value,Viet Nam-reported,Gregorian month,5,1.08,0.68,1.3,5,2019 to 2023,BRD-06; BRD-07,VN-direct,Medium,revealed,"Index = month value divided by that year monthly mean, averaged over complete years (our calculation). 1.00 = average month."
"Viet Nam imports from World, HS 3504",CIF value,Viet Nam-reported,Gregorian month,6,1.03,0.67,1.65,5,2019 to 2023,BRD-06; BRD-07,VN-direct,Medium,revealed,"Index = month value divided by that year monthly mean, averaged over complete years (our calculation). 1.00 = average month."
"Viet Nam imports from World, HS 3504",CIF value,Viet Nam-reported,Gregorian month,7,0.79,0.57,0.98,5,2019 to 2023,BRD-06; BRD-07,VN-direct,Medium,revealed,"Index = month value divided by that year monthly mean, averaged over complete years (our calculation). 1.00 = average month."
"Viet Nam imports from World, HS 3504",CIF value,Viet Nam-reported,Gregorian month,8,1.01,0.74,1.36,5,2019 to 2023,BRD-06; BRD-07,VN-direct,Medium,revealed,"Index = month value divided by that year monthly mean, averaged over complete years (our calculation). 1.00 = average month."
"Viet Nam imports from World, HS 3504",CIF value,Viet Nam-reported,Gregorian month,9,0.92,0.58,1.24,5,2019 to 2023,BRD-06; BRD-07,VN-direct,Medium,revealed,"Index = month value divided by that year monthly mean, averaged over complete years (our calculation). 1.00 = average month."
"Viet Nam imports from World, HS 3504",CIF value,Viet Nam-reported,Gregorian month,10,1.03,0.67,1.16,5,2019 to 2023,BRD-06; BRD-07,VN-direct,Medium,revealed,"Index = month value divided by that year monthly mean, averaged over complete years (our calculation). 1.00 = average month."
"Viet Nam imports from World, HS 3504",CIF value,Viet Nam-reported,Gregorian month,11,1.03,0.82,1.28,5,2019 to 2023,BRD-06; BRD-07,VN-direct,Medium,revealed,"Index = month value divided by that year monthly mean, averaged over complete years (our calculation). 1.00 = average month."
"Viet Nam imports from World, HS 3504",CIF value,Viet Nam-reported,Gregorian month,12,1.16,0.84,1.47,5,2019 to 2023,BRD-06; BRD-07,VN-direct,Medium,revealed,"Index = month value divided by that year monthly mean, averaged over complete years (our calculation). 1.00 = average month."
"Viet Nam imports from World, HS 3504",CIF value,Viet Nam-reported,months from Tet month,-3,1.02,0.67,1.28,4,2019 to 2023,BRD-06; BRD-07,VN-direct,Medium,revealed,"Index = month value divided by that year monthly mean, averaged over complete years (our calculation). 1.00 = average month."
"Viet Nam imports from World, HS 3504",CIF value,Viet Nam-reported,months from Tet month,-2,1.21,0.82,1.47,4,2019 to 2023,BRD-06; BRD-07,VN-direct,Medium,revealed,"Index = month value divided by that year monthly mean, averaged over complete years (our calculation). 1.00 = average month."
"Viet Nam imports from World, HS 3504",CIF value,Viet Nam-reported,months from Tet month,-1,0.87,0.6,1.23,5,2019 to 2023,BRD-06; BRD-07,VN-direct,Medium,revealed,"Index = month value divided by that year monthly mean, averaged over complete years (our calculation). 1.00 = average month."
"Viet Nam imports from World, HS 3504",CIF value,Viet Nam-reported,months from Tet month,0,0.73,0.4,1.03,5,2019 to 2023,BRD-06; BRD-07,VN-direct,Medium,revealed,"Index = month value divided by that year monthly mean, averaged over complete years (our calculation). 1.00 = average month."
"Viet Nam imports from World, HS 3504",CIF value,Viet Nam-reported,months from Tet month,1,1.01,0.53,1.4,5,2019 to 2023,BRD-06; BRD-07,VN-direct,Medium,revealed,"Index = month value divided by that year monthly mean, averaged over complete years (our calculation). 1.00 = average month."
"Viet Nam imports from World, HS 3504",CIF value,Viet Nam-reported,months from Vu Lan month,-3,1.15,1.0,1.3,5,2019 to 2023,BRD-06; BRD-07,VN-direct,Medium,revealed,"Index = month value divided by that year monthly mean, averaged over complete years (our calculation). 1.00 = average month."
"Viet Nam imports from World, HS 3504",CIF value,Viet Nam-reported,months from Vu Lan month,-2,1.03,0.67,1.65,5,2019 to 2023,BRD-06; BRD-07,VN-direct,Medium,revealed,"Index = month value divided by that year monthly mean, averaged over complete years (our calculation). 1.00 = average month."
"Viet Nam imports from World, HS 3504",CIF value,Viet Nam-reported,months from Vu Lan month,-1,0.8,0.57,1.06,5,2019 to 2023,BRD-06; BRD-07,VN-direct,Medium,revealed,"Index = month value divided by that year monthly mean, averaged over complete years (our calculation). 1.00 = average month."
"Viet Nam imports from World, HS 3504",CIF value,Viet Nam-reported,months from Vu Lan month,0,0.91,0.58,1.36,5,2019 to 2023,BRD-06; BRD-07,VN-direct,Medium,revealed,"Index = month value divided by that year monthly mean, averaged over complete years (our calculation). 1.00 = average month."
"Viet Nam imports from World, HS 3504",CIF value,Viet Nam-reported,months from Vu Lan month,1,1.03,0.83,1.24,5,2019 to 2023,BRD-06; BRD-07,VN-direct,Medium,revealed,"Index = month value divided by that year monthly mean, averaged over complete years (our calculation). 1.00 = average month."
"Viet Nam imports from China, HS 2309.90 (feed control)",CIF value,Viet Nam-reported,Gregorian month,1,0.99,0.65,1.59,5,2019 to 2023,BRD-06; BRD-07,VN-direct,Medium,revealed,"Index = month value divided by that year monthly mean, averaged over complete years (our calculation). 1.00 = average month."
"Viet Nam imports from China, HS 2309.90 (feed control)",CIF value,Viet Nam-reported,Gregorian month,2,0.53,0.35,0.68,5,2019 to 2023,BRD-06; BRD-07,VN-direct,Medium,revealed,"Index = month value divided by that year monthly mean, averaged over complete years (our calculation). 1.00 = average month."
"Viet Nam imports from China, HS 2309.90 (feed control)",CIF value,Viet Nam-reported,Gregorian month,3,1.27,1.09,1.72,5,2019 to 2023,BRD-06; BRD-07,VN-direct,Medium,revealed,"Index = month value divided by that year monthly mean, averaged over complete years (our calculation). 1.00 = average month."
"Viet Nam imports from China, HS 2309.90 (feed control)",CIF value,Viet Nam-reported,Gregorian month,4,0.99,0.81,1.15,5,2019 to 2023,BRD-06; BRD-07,VN-direct,Medium,revealed,"Index = month value divided by that year monthly mean, averaged over complete years (our calculation). 1.00 = average month."
"Viet Nam imports from China, HS 2309.90 (feed control)",CIF value,Viet Nam-reported,Gregorian month,5,0.97,0.62,1.19,5,2019 to 2023,BRD-06; BRD-07,VN-direct,Medium,revealed,"Index = month value divided by that year monthly mean, averaged over complete years (our calculation). 1.00 = average month."
"Viet Nam imports from China, HS 2309.90 (feed control)",CIF value,Viet Nam-reported,Gregorian month,6,1.04,0.67,1.49,5,2019 to 2023,BRD-06; BRD-07,VN-direct,Medium,revealed,"Index = month value divided by that year monthly mean, averaged over complete years (our calculation). 1.00 = average month."
"Viet Nam imports from China, HS 2309.90 (feed control)",CIF value,Viet Nam-reported,Gregorian month,7,1.02,0.84,1.2,5,2019 to 2023,BRD-06; BRD-07,VN-direct,Medium,revealed,"Index = month value divided by that year monthly mean, averaged over complete years (our calculation). 1.00 = average month."
"Viet Nam imports from China, HS 2309.90 (feed control)",CIF value,Viet Nam-reported,Gregorian month,8,1.01,0.91,1.17,5,2019 to 2023,BRD-06; BRD-07,VN-direct,Medium,revealed,"Index = month value divided by that year monthly mean, averaged over complete years (our calculation). 1.00 = average month."
"Viet Nam imports from China, HS 2309.90 (feed control)",CIF value,Viet Nam-reported,Gregorian month,9,1.01,0.74,1.2,5,2019 to 2023,BRD-06; BRD-07,VN-direct,Medium,revealed,"Index = month value divided by that year monthly mean, averaged over complete years (our calculation). 1.00 = average month."
"Viet Nam imports from China, HS 2309.90 (feed control)",CIF value,Viet Nam-reported,Gregorian month,10,0.94,0.81,1.03,5,2019 to 2023,BRD-06; BRD-07,VN-direct,Medium,revealed,"Index = month value divided by that year monthly mean, averaged over complete years (our calculation). 1.00 = average month."
"Viet Nam imports from China, HS 2309.90 (feed control)",CIF value,Viet Nam-reported,Gregorian month,11,1.04,0.79,1.22,5,2019 to 2023,BRD-06; BRD-07,VN-direct,Medium,revealed,"Index = month value divided by that year monthly mean, averaged over complete years (our calculation). 1.00 = average month."
"Viet Nam imports from China, HS 2309.90 (feed control)",CIF value,Viet Nam-reported,Gregorian month,12,1.21,0.96,1.48,5,2019 to 2023,BRD-06; BRD-07,VN-direct,Medium,revealed,"Index = month value divided by that year monthly mean, averaged over complete years (our calculation). 1.00 = average month."
"Viet Nam imports from China, HS 2309.90 (feed control)",CIF value,Viet Nam-reported,months from Tet month,-3,1.08,0.97,1.22,4,2019 to 2023,BRD-06; BRD-07,VN-direct,Medium,revealed,"Index = month value divided by that year monthly mean, averaged over complete years (our calculation). 1.00 = average month."
"Viet Nam imports from China, HS 2309.90 (feed control)",CIF value,Viet Nam-reported,months from Tet month,-2,1.16,0.79,1.48,4,2019 to 2023,BRD-06; BRD-07,VN-direct,Medium,revealed,"Index = month value divided by that year monthly mean, averaged over complete years (our calculation). 1.00 = average month."
"Viet Nam imports from China, HS 2309.90 (feed control)",CIF value,Viet Nam-reported,months from Tet month,-1,1.17,1.0,1.59,5,2019 to 2023,BRD-06; BRD-07,VN-direct,Medium,revealed,"Index = month value divided by that year monthly mean, averaged over complete years (our calculation). 1.00 = average month."
"Viet Nam imports from China, HS 2309.90 (feed control)",CIF value,Viet Nam-reported,months from Tet month,0,0.54,0.35,0.69,5,2019 to 2023,BRD-06; BRD-07,VN-direct,Medium,revealed,"Index = month value divided by that year monthly mean, averaged over complete years (our calculation). 1.00 = average month."
"Viet Nam imports from China, HS 2309.90 (feed control)",CIF value,Viet Nam-reported,months from Tet month,1,0.94,0.61,1.19,5,2019 to 2023,BRD-06; BRD-07,VN-direct,Medium,revealed,"Index = month value divided by that year monthly mean, averaged over complete years (our calculation). 1.00 = average month."
"Viet Nam imports from China, HS 2309.90 (feed control)",CIF value,Viet Nam-reported,months from Vu Lan month,-3,0.98,0.67,1.19,5,2019 to 2023,BRD-06; BRD-07,VN-direct,Medium,revealed,"Index = month value divided by that year monthly mean, averaged over complete years (our calculation). 1.00 = average month."
"Viet Nam imports from China, HS 2309.90 (feed control)",CIF value,Viet Nam-reported,months from Vu Lan month,-2,1.07,0.84,1.49,5,2019 to 2023,BRD-06; BRD-07,VN-direct,Medium,revealed,"Index = month value divided by that year monthly mean, averaged over complete years (our calculation). 1.00 = average month."
"Viet Nam imports from China, HS 2309.90 (feed control)",CIF value,Viet Nam-reported,months from Vu Lan month,-1,1.03,0.9,1.2,5,2019 to 2023,BRD-06; BRD-07,VN-direct,Medium,revealed,"Index = month value divided by that year monthly mean, averaged over complete years (our calculation). 1.00 = average month."
"Viet Nam imports from China, HS 2309.90 (feed control)",CIF value,Viet Nam-reported,months from Vu Lan month,0,1.06,0.94,1.17,5,2019 to 2023,BRD-06; BRD-07,VN-direct,Medium,revealed,"Index = month value divided by that year monthly mean, averaged over complete years (our calculation). 1.00 = average month."
"Viet Nam imports from China, HS 2309.90 (feed control)",CIF value,Viet Nam-reported,months from Vu Lan month,1,0.96,0.74,1.2,5,2019 to 2023,BRD-06; BRD-07,VN-direct,Medium,revealed,"Index = month value divided by that year monthly mean, averaged over complete years (our calculation). 1.00 = average month."
"Viet Nam imports from World, HS 2309.90 (feed control)",CIF value,Viet Nam-reported,Gregorian month,1,0.94,0.65,1.37,5,2019 to 2023,BRD-06; BRD-07,VN-direct,Medium,revealed,"Index = month value divided by that year monthly mean, averaged over complete years (our calculation). 1.00 = average month."
"Viet Nam imports from World, HS 2309.90 (feed control)",CIF value,Viet Nam-reported,Gregorian month,2,0.77,0.66,0.85,5,2019 to 2023,BRD-06; BRD-07,VN-direct,Medium,revealed,"Index = month value divided by that year monthly mean, averaged over complete years (our calculation). 1.00 = average month."
"Viet Nam imports from World, HS 2309.90 (feed control)",CIF value,Viet Nam-reported,Gregorian month,3,1.16,1.03,1.29,5,2019 to 2023,BRD-06; BRD-07,VN-direct,Medium,revealed,"Index = month value divided by that year monthly mean, averaged over complete years (our calculation). 1.00 = average month."
"Viet Nam imports from World, HS 2309.90 (feed control)",CIF value,Viet Nam-reported,Gregorian month,4,0.98,0.9,1.12,5,2019 to 2023,BRD-06; BRD-07,VN-direct,Medium,revealed,"Index = month value divided by that year monthly mean, averaged over complete years (our calculation). 1.00 = average month."
"Viet Nam imports from World, HS 2309.90 (feed control)",CIF value,Viet Nam-reported,Gregorian month,5,1.07,0.86,1.26,5,2019 to 2023,BRD-06; BRD-07,VN-direct,Medium,revealed,"Index = month value divided by that year monthly mean, averaged over complete years (our calculation). 1.00 = average month."
"Viet Nam imports from World, HS 2309.90 (feed control)",CIF value,Viet Nam-reported,Gregorian month,6,1.11,0.98,1.3,5,2019 to 2023,BRD-06; BRD-07,VN-direct,Medium,revealed,"Index = month value divided by that year monthly mean, averaged over complete years (our calculation). 1.00 = average month."
"Viet Nam imports from World, HS 2309.90 (feed control)",CIF value,Viet Nam-reported,Gregorian month,7,1.02,0.9,1.15,5,2019 to 2023,BRD-06; BRD-07,VN-direct,Medium,revealed,"Index = month value divided by that year monthly mean, averaged over complete years (our calculation). 1.00 = average month."
"Viet Nam imports from World, HS 2309.90 (feed control)",CIF value,Viet Nam-reported,Gregorian month,8,1.08,0.86,1.6,5,2019 to 2023,BRD-06; BRD-07,VN-direct,Medium,revealed,"Index = month value divided by that year monthly mean, averaged over complete years (our calculation). 1.00 = average month."
"Viet Nam imports from World, HS 2309.90 (feed control)",CIF value,Viet Nam-reported,Gregorian month,9,0.92,0.8,1.01,5,2019 to 2023,BRD-06; BRD-07,VN-direct,Medium,revealed,"Index = month value divided by that year monthly mean, averaged over complete years (our calculation). 1.00 = average month."
"Viet Nam imports from World, HS 2309.90 (feed control)",CIF value,Viet Nam-reported,Gregorian month,10,0.91,0.86,0.96,5,2019 to 2023,BRD-06; BRD-07,VN-direct,Medium,revealed,"Index = month value divided by that year monthly mean, averaged over complete years (our calculation). 1.00 = average month."
"Viet Nam imports from World, HS 2309.90 (feed control)",CIF value,Viet Nam-reported,Gregorian month,11,1.02,0.82,1.33,5,2019 to 2023,BRD-06; BRD-07,VN-direct,Medium,revealed,"Index = month value divided by that year monthly mean, averaged over complete years (our calculation). 1.00 = average month."
"Viet Nam imports from World, HS 2309.90 (feed control)",CIF value,Viet Nam-reported,Gregorian month,12,1.01,0.92,1.15,5,2019 to 2023,BRD-06; BRD-07,VN-direct,Medium,revealed,"Index = month value divided by that year monthly mean, averaged over complete years (our calculation). 1.00 = average month."
"Viet Nam imports from World, HS 2309.90 (feed control)",CIF value,Viet Nam-reported,months from Tet month,-3,0.92,0.86,0.99,4,2019 to 2023,BRD-06; BRD-07,VN-direct,Medium,revealed,"Index = month value divided by that year monthly mean, averaged over complete years (our calculation). 1.00 = average month."
"Viet Nam imports from World, HS 2309.90 (feed control)",CIF value,Viet Nam-reported,months from Tet month,-2,1.06,0.82,1.33,4,2019 to 2023,BRD-06; BRD-07,VN-direct,Medium,revealed,"Index = month value divided by that year monthly mean, averaged over complete years (our calculation). 1.00 = average month."
"Viet Nam imports from World, HS 2309.90 (feed control)",CIF value,Viet Nam-reported,months from Tet month,-1,1.04,0.89,1.37,5,2019 to 2023,BRD-06; BRD-07,VN-direct,Medium,revealed,"Index = month value divided by that year monthly mean, averaged over complete years (our calculation). 1.00 = average month."
"Viet Nam imports from World, HS 2309.90 (feed control)",CIF value,Viet Nam-reported,months from Tet month,0,0.72,0.65,0.8,5,2019 to 2023,BRD-06; BRD-07,VN-direct,Medium,revealed,"Index = month value divided by that year monthly mean, averaged over complete years (our calculation). 1.00 = average month."
"Viet Nam imports from World, HS 2309.90 (feed control)",CIF value,Viet Nam-reported,months from Tet month,1,1.01,0.85,1.21,5,2019 to 2023,BRD-06; BRD-07,VN-direct,Medium,revealed,"Index = month value divided by that year monthly mean, averaged over complete years (our calculation). 1.00 = average month."
"Viet Nam imports from World, HS 2309.90 (feed control)",CIF value,Viet Nam-reported,months from Vu Lan month,-3,1.14,0.91,1.26,5,2019 to 2023,BRD-06; BRD-07,VN-direct,Medium,revealed,"Index = month value divided by that year monthly mean, averaged over complete years (our calculation). 1.00 = average month."
"Viet Nam imports from World, HS 2309.90 (feed control)",CIF value,Viet Nam-reported,months from Vu Lan month,-2,1.06,0.97,1.3,5,2019 to 2023,BRD-06; BRD-07,VN-direct,Medium,revealed,"Index = month value divided by that year monthly mean, averaged over complete years (our calculation). 1.00 = average month."
"Viet Nam imports from World, HS 2309.90 (feed control)",CIF value,Viet Nam-reported,months from Vu Lan month,-1,1.03,0.9,1.15,5,2019 to 2023,BRD-06; BRD-07,VN-direct,Medium,revealed,"Index = month value divided by that year monthly mean, averaged over complete years (our calculation). 1.00 = average month."
"Viet Nam imports from World, HS 2309.90 (feed control)",CIF value,Viet Nam-reported,months from Vu Lan month,0,1.08,0.86,1.6,5,2019 to 2023,BRD-06; BRD-07,VN-direct,Medium,revealed,"Index = month value divided by that year monthly mean, averaged over complete years (our calculation). 1.00 = average month."
"Viet Nam imports from World, HS 2309.90 (feed control)",CIF value,Viet Nam-reported,months from Vu Lan month,1,0.91,0.8,1.01,5,2019 to 2023,BRD-06; BRD-07,VN-direct,Medium,revealed,"Index = month value divided by that year monthly mean, averaged over complete years (our calculation). 1.00 = average month."
