reporter,partner,flow,hs_code,hs_label,year,month,value_usd,net_weight_t,unit_value_usd_per_kg,weight_estimated,lunar_calendar_note,source_ids,evidence_label,confidence,demand_evidence_type,notes
China,World,export,110900,wheat gluten (1109),2019,1,9509716,6678.7,1.42,no,,BRD-05,VN-adjacent,High,revealed,China-reported FOB exports by month of export
China,World,export,110900,wheat gluten (1109),2019,2,9397631,6762.8,1.39,no,Tet month (lunar 1/1 on 2019-02-05),BRD-05,VN-adjacent,High,revealed,China-reported FOB exports by month of export
China,World,export,110900,wheat gluten (1109),2019,3,9746427,7054.6,1.38,no,,BRD-05,VN-adjacent,High,revealed,China-reported FOB exports by month of export
China,World,export,110900,wheat gluten (1109),2019,4,9676197,7335.9,1.32,no,,BRD-05,VN-adjacent,High,revealed,China-reported FOB exports by month of export
China,World,export,110900,wheat gluten (1109),2019,5,13521051,9980.5,1.35,no,,BRD-05,VN-adjacent,High,revealed,China-reported FOB exports by month of export
China,World,export,110900,wheat gluten (1109),2019,6,12029749,9403.3,1.28,no,,BRD-05,VN-adjacent,High,revealed,China-reported FOB exports by month of export
China,World,export,110900,wheat gluten (1109),2019,7,10176338,8145.7,1.25,no,,BRD-05,VN-adjacent,High,revealed,China-reported FOB exports by month of export
China,World,export,110900,wheat gluten (1109),2019,8,12652485,9633.5,1.31,no,Vu Lan month (lunar 7/15 on 2019-08-15),BRD-05,VN-adjacent,High,revealed,China-reported FOB exports by month of export
China,World,export,110900,wheat gluten (1109),2019,9,9542617,7620.2,1.25,no,,BRD-05,VN-adjacent,High,revealed,China-reported FOB exports by month of export
China,World,export,110900,wheat gluten (1109),2019,10,9529730,8220.9,1.16,no,,BRD-05,VN-adjacent,High,revealed,China-reported FOB exports by month of export
China,World,export,110900,wheat gluten (1109),2019,11,8972343,7664.8,1.17,no,,BRD-05,VN-adjacent,High,revealed,China-reported FOB exports by month of export
China,World,export,110900,wheat gluten (1109),2019,12,7258032,6094.4,1.19,no,,BRD-05,VN-adjacent,High,revealed,China-reported FOB exports by month of export
China,World,export,110900,wheat gluten (1109),2020,1,7330592,5724.2,1.28,no,Tet month (lunar 1/1 on 2020-01-25),BRD-05,VN-adjacent,High,revealed,China-reported FOB exports by month of export
China,World,export,110900,wheat gluten (1109),2020,2,2675611,2134.9,1.25,no,,BRD-05,VN-adjacent,High,revealed,China-reported FOB exports by month of export
China,World,export,110900,wheat gluten (1109),2020,3,7202511,6113.0,1.18,no,,BRD-05,VN-adjacent,High,revealed,China-reported FOB exports by month of export
China,World,export,110900,wheat gluten (1109),2020,4,5640354,4456.3,1.27,no,,BRD-05,VN-adjacent,High,revealed,China-reported FOB exports by month of export
China,World,export,110900,wheat gluten (1109),2020,5,5336641,4346.8,1.23,no,,BRD-05,VN-adjacent,High,revealed,China-reported FOB exports by month of export
China,World,export,110900,wheat gluten (1109),2020,6,11826880,9654.8,1.22,no,,BRD-05,VN-adjacent,High,revealed,China-reported FOB exports by month of export
China,World,export,110900,wheat gluten (1109),2020,7,11709222,9105.7,1.29,no,,BRD-05,VN-adjacent,High,revealed,China-reported FOB exports by month of export
China,World,export,110900,wheat gluten (1109),2020,8,10634491,8125.6,1.31,no,,BRD-05,VN-adjacent,High,revealed,China-reported FOB exports by month of export
China,World,export,110900,wheat gluten (1109),2020,9,9491083,7350.7,1.29,no,Vu Lan month (lunar 7/15 on 2020-09-02),BRD-05,VN-adjacent,High,revealed,China-reported FOB exports by month of export
China,World,export,110900,wheat gluten (1109),2020,10,14530244,11060.3,1.31,no,,BRD-05,VN-adjacent,High,revealed,China-reported FOB exports by month of export
China,World,export,110900,wheat gluten (1109),2020,11,9822069,7410.3,1.33,no,,BRD-05,VN-adjacent,High,revealed,China-reported FOB exports by month of export
China,World,export,110900,wheat gluten (1109),2020,12,16219280,12077.6,1.34,no,,BRD-05,VN-adjacent,High,revealed,China-reported FOB exports by month of export
China,World,export,110900,wheat gluten (1109),2021,1,12654838,9449.1,1.34,no,,BRD-05,VN-adjacent,High,revealed,China-reported FOB exports by month of export
China,World,export,110900,wheat gluten (1109),2021,2,7051729,5185.2,1.36,no,Tet month (lunar 1/1 on 2021-02-12),BRD-05,VN-adjacent,High,revealed,China-reported FOB exports by month of export
China,World,export,110900,wheat gluten (1109),2021,3,17074708,12856.1,1.33,no,,BRD-05,VN-adjacent,High,revealed,China-reported FOB exports by month of export
China,World,export,110900,wheat gluten (1109),2021,4,18453089,13629.3,1.35,no,,BRD-05,VN-adjacent,High,revealed,China-reported FOB exports by month of export
China,World,export,110900,wheat gluten (1109),2021,5,13434742,10081.9,1.33,no,,BRD-05,VN-adjacent,High,revealed,China-reported FOB exports by month of export
China,World,export,110900,wheat gluten (1109),2021,6,20560367,15632.1,1.32,no,,BRD-05,VN-adjacent,High,revealed,China-reported FOB exports by month of export
China,World,export,110900,wheat gluten (1109),2021,7,22352962,16839.4,1.33,no,,BRD-05,VN-adjacent,High,revealed,China-reported FOB exports by month of export
China,World,export,110900,wheat gluten (1109),2021,8,22173910,16779.9,1.32,no,Vu Lan month (lunar 7/15 on 2021-08-22),BRD-05,VN-adjacent,High,revealed,China-reported FOB exports by month of export
China,World,export,110900,wheat gluten (1109),2021,9,23978945,17762.4,1.35,no,,BRD-05,VN-adjacent,High,revealed,China-reported FOB exports by month of export
China,World,export,110900,wheat gluten (1109),2021,10,20286646,14656.2,1.38,no,,BRD-05,VN-adjacent,High,revealed,China-reported FOB exports by month of export
China,World,export,110900,wheat gluten (1109),2021,11,24356393,17255.7,1.41,no,,BRD-05,VN-adjacent,High,revealed,China-reported FOB exports by month of export
China,World,export,110900,wheat gluten (1109),2021,12,23957630,15687.8,1.53,no,,BRD-05,VN-adjacent,High,revealed,China-reported FOB exports by month of export
China,World,export,110900,wheat gluten (1109),2022,1,22528057,14091.0,1.6,no,,BRD-05,VN-adjacent,High,revealed,China-reported FOB exports by month of export
China,World,export,110900,wheat gluten (1109),2022,2,27144063,16370.3,1.66,no,Tet month (lunar 1/1 on 2022-02-01),BRD-05,VN-adjacent,High,revealed,China-reported FOB exports by month of export
China,World,export,110900,wheat gluten (1109),2022,3,16428038,9719.0,1.69,no,,BRD-05,VN-adjacent,High,revealed,China-reported FOB exports by month of export
China,World,export,110900,wheat gluten (1109),2022,4,31197978,18003.1,1.73,no,,BRD-05,VN-adjacent,High,revealed,China-reported FOB exports by month of export
China,World,export,110900,wheat gluten (1109),2022,5,29799528,16780.4,1.78,no,,BRD-05,VN-adjacent,High,revealed,China-reported FOB exports by month of export
China,World,export,110900,wheat gluten (1109),2022,6,39321089,20730.1,1.9,no,,BRD-05,VN-adjacent,High,revealed,China-reported FOB exports by month of export
China,World,export,110900,wheat gluten (1109),2022,7,41389327,21588.5,1.92,no,,BRD-05,VN-adjacent,High,revealed,China-reported FOB exports by month of export
China,World,export,110900,wheat gluten (1109),2022,8,42357926,21816.5,1.94,no,Vu Lan month (lunar 7/15 on 2022-08-12),BRD-05,VN-adjacent,High,revealed,China-reported FOB exports by month of export
China,World,export,110900,wheat gluten (1109),2022,9,38906166,19740.1,1.97,no,,BRD-05,VN-adjacent,High,revealed,China-reported FOB exports by month of export
China,World,export,110900,wheat gluten (1109),2022,10,44538724,22816.8,1.95,no,,BRD-05,VN-adjacent,High,revealed,China-reported FOB exports by month of export
China,World,export,110900,wheat gluten (1109),2022,11,38271876,19462.5,1.97,no,,BRD-05,VN-adjacent,High,revealed,China-reported FOB exports by month of export
China,World,export,110900,wheat gluten (1109),2022,12,36936039,18756.6,1.97,no,,BRD-05,VN-adjacent,High,revealed,China-reported FOB exports by month of export
China,World,export,110900,wheat gluten (1109),2023,1,31695569,15789.4,2.01,no,Tet month (lunar 1/1 on 2023-01-22),BRD-05,VN-adjacent,High,revealed,China-reported FOB exports by month of export
China,World,export,110900,wheat gluten (1109),2023,2,17970511,8901.8,2.02,no,,BRD-05,VN-adjacent,High,revealed,China-reported FOB exports by month of export
China,World,export,110900,wheat gluten (1109),2023,3,36381025,17925.0,2.03,no,,BRD-05,VN-adjacent,High,revealed,China-reported FOB exports by month of export
China,World,export,110900,wheat gluten (1109),2023,4,49329346,24400.2,2.02,no,,BRD-05,VN-adjacent,High,revealed,China-reported FOB exports by month of export
China,World,export,110900,wheat gluten (1109),2023,5,30973816,15215.4,2.04,no,,BRD-05,VN-adjacent,High,revealed,China-reported FOB exports by month of export
China,World,export,110900,wheat gluten (1109),2023,6,37051302,19506.1,1.9,no,,BRD-05,VN-adjacent,High,revealed,China-reported FOB exports by month of export
China,World,export,110900,wheat gluten (1109),2023,7,22135249,12601.8,1.76,no,,BRD-05,VN-adjacent,High,revealed,China-reported FOB exports by month of export
China,World,export,110900,wheat gluten (1109),2023,8,23340476,14365.7,1.62,no,Vu Lan month (lunar 7/15 on 2023-08-30),BRD-05,VN-adjacent,High,revealed,China-reported FOB exports by month of export
China,World,export,110900,wheat gluten (1109),2023,9,22466207,15121.3,1.49,no,,BRD-05,VN-adjacent,High,revealed,China-reported FOB exports by month of export
China,World,export,110900,wheat gluten (1109),2023,10,21748322,14792.0,1.47,no,,BRD-05,VN-adjacent,High,revealed,China-reported FOB exports by month of export
China,World,export,110900,wheat gluten (1109),2023,11,25000223,16736.1,1.49,no,,BRD-05,VN-adjacent,High,revealed,China-reported FOB exports by month of export
China,World,export,110900,wheat gluten (1109),2023,12,11291227,7603.6,1.48,no,,BRD-05,VN-adjacent,High,revealed,China-reported FOB exports by month of export
China,World,export,110900,wheat gluten (1109),2024,1,29038047,21555.6,1.35,no,,BRD-05,VN-adjacent,High,revealed,China-reported FOB exports by month of export
China,World,export,110900,wheat gluten (1109),2024,2,18415247,14500.0,1.27,no,Tet month (lunar 1/1 on 2024-02-10),BRD-05,VN-adjacent,High,revealed,China-reported FOB exports by month of export
China,World,export,110900,wheat gluten (1109),2024,3,21375453,16432.2,1.3,no,,BRD-05,VN-adjacent,High,revealed,China-reported FOB exports by month of export
China,World,export,110900,wheat gluten (1109),2024,4,34084422,27576.8,1.24,no,,BRD-05,VN-adjacent,High,revealed,China-reported FOB exports by month of export
China,World,export,110900,wheat gluten (1109),2024,5,14962982,11642.0,1.29,no,,BRD-05,VN-adjacent,High,revealed,China-reported FOB exports by month of export
China,World,export,110900,wheat gluten (1109),2024,6,38142124,31841.4,1.2,no,,BRD-05,VN-adjacent,High,revealed,China-reported FOB exports by month of export
China,World,export,110900,wheat gluten (1109),2024,7,35569704,30140.1,1.18,no,,BRD-05,VN-adjacent,High,revealed,China-reported FOB exports by month of export
China,World,export,110900,wheat gluten (1109),2024,8,14955880,12280.4,1.22,no,Vu Lan month (lunar 7/15 on 2024-08-18),BRD-05,VN-adjacent,High,revealed,China-reported FOB exports by month of export
China,World,export,110900,wheat gluten (1109),2024,9,24422693,20800.8,1.17,no,,BRD-05,VN-adjacent,High,revealed,China-reported FOB exports by month of export
China,World,export,110900,wheat gluten (1109),2024,10,27929722,24276.6,1.15,no,,BRD-05,VN-adjacent,High,revealed,China-reported FOB exports by month of export
China,World,export,110900,wheat gluten (1109),2024,11,17619564,14881.2,1.18,no,,BRD-05,VN-adjacent,High,revealed,China-reported FOB exports by month of export
China,World,export,110900,wheat gluten (1109),2024,12,44583818,39671.2,1.12,no,,BRD-05,VN-adjacent,High,revealed,China-reported FOB exports by month of export
China,World,export,210610,protein concentrates and textured protein (2106.10),2019,1,25212600,11774.9,2.14,no,,BRD-05,VN-adjacent,High,revealed,China-reported FOB exports by month of export
China,World,export,210610,protein concentrates and textured protein (2106.10),2019,2,19078305,8861.3,2.15,no,Tet month (lunar 1/1 on 2019-02-05),BRD-05,VN-adjacent,High,revealed,China-reported FOB exports by month of export
China,World,export,210610,protein concentrates and textured protein (2106.10),2019,3,21700720,10067.8,2.16,no,,BRD-05,VN-adjacent,High,revealed,China-reported FOB exports by month of export
China,World,export,210610,protein concentrates and textured protein (2106.10),2019,4,22393722,10575.2,2.12,no,,BRD-05,VN-adjacent,High,revealed,China-reported FOB exports by month of export
China,World,export,210610,protein concentrates and textured protein (2106.10),2019,5,27178963,14253.4,1.91,no,,BRD-05,VN-adjacent,High,revealed,China-reported FOB exports by month of export
China,World,export,210610,protein concentrates and textured protein (2106.10),2019,6,30240605,14646.8,2.06,no,,BRD-05,VN-adjacent,High,revealed,China-reported FOB exports by month of export
China,World,export,210610,protein concentrates and textured protein (2106.10),2019,7,24061264,12683.2,1.9,no,,BRD-05,VN-adjacent,High,revealed,China-reported FOB exports by month of export
China,World,export,210610,protein concentrates and textured protein (2106.10),2019,8,26479103,11642.8,2.27,no,Vu Lan month (lunar 7/15 on 2019-08-15),BRD-05,VN-adjacent,High,revealed,China-reported FOB exports by month of export
China,World,export,210610,protein concentrates and textured protein (2106.10),2019,9,22450527,11237.9,2.0,no,,BRD-05,VN-adjacent,High,revealed,China-reported FOB exports by month of export
China,World,export,210610,protein concentrates and textured protein (2106.10),2019,10,17611006,8133.6,2.17,no,,BRD-05,VN-adjacent,High,revealed,China-reported FOB exports by month of export
China,World,export,210610,protein concentrates and textured protein (2106.10),2019,11,24900760,10803.0,2.3,no,,BRD-05,VN-adjacent,High,revealed,China-reported FOB exports by month of export
China,World,export,210610,protein concentrates and textured protein (2106.10),2019,12,25677538,12259.8,2.09,no,,BRD-05,VN-adjacent,High,revealed,China-reported FOB exports by month of export
China,World,export,210610,protein concentrates and textured protein (2106.10),2020,1,26323882,13203.5,1.99,no,Tet month (lunar 1/1 on 2020-01-25),BRD-05,VN-adjacent,High,revealed,China-reported FOB exports by month of export
China,World,export,210610,protein concentrates and textured protein (2106.10),2020,2,22492588,9120.6,2.47,no,,BRD-05,VN-adjacent,High,revealed,China-reported FOB exports by month of export
China,World,export,210610,protein concentrates and textured protein (2106.10),2020,3,36333387,16663.1,2.18,no,,BRD-05,VN-adjacent,High,revealed,China-reported FOB exports by month of export
China,World,export,210610,protein concentrates and textured protein (2106.10),2020,4,40944072,20545.5,1.99,no,,BRD-05,VN-adjacent,High,revealed,China-reported FOB exports by month of export
China,World,export,210610,protein concentrates and textured protein (2106.10),2020,5,32884935,16896.7,1.95,no,,BRD-05,VN-adjacent,High,revealed,China-reported FOB exports by month of export
China,World,export,210610,protein concentrates and textured protein (2106.10),2020,6,30040865,14918.9,2.01,no,,BRD-05,VN-adjacent,High,revealed,China-reported FOB exports by month of export
China,World,export,210610,protein concentrates and textured protein (2106.10),2020,7,31281209,16743.5,1.87,no,,BRD-05,VN-adjacent,High,revealed,China-reported FOB exports by month of export
China,World,export,210610,protein concentrates and textured protein (2106.10),2020,8,26321098,12971.2,2.03,no,,BRD-05,VN-adjacent,High,revealed,China-reported FOB exports by month of export
China,World,export,210610,protein concentrates and textured protein (2106.10),2020,9,27556964,13362.8,2.06,no,Vu Lan month (lunar 7/15 on 2020-09-02),BRD-05,VN-adjacent,High,revealed,China-reported FOB exports by month of export
China,World,export,210610,protein concentrates and textured protein (2106.10),2020,10,26020450,13400.7,1.94,no,,BRD-05,VN-adjacent,High,revealed,China-reported FOB exports by month of export
China,World,export,210610,protein concentrates and textured protein (2106.10),2020,11,33291883,16548.4,2.01,no,,BRD-05,VN-adjacent,High,revealed,China-reported FOB exports by month of export
China,World,export,210610,protein concentrates and textured protein (2106.10),2020,12,29692363,12331.7,2.41,no,,BRD-05,VN-adjacent,High,revealed,China-reported FOB exports by month of export
China,World,export,210610,protein concentrates and textured protein (2106.10),2021,1,30302017,14465.7,2.09,no,,BRD-05,VN-adjacent,High,revealed,China-reported FOB exports by month of export
China,World,export,210610,protein concentrates and textured protein (2106.10),2021,2,29293285,11885.9,2.46,no,Tet month (lunar 1/1 on 2021-02-12),BRD-05,VN-adjacent,High,revealed,China-reported FOB exports by month of export
China,World,export,210610,protein concentrates and textured protein (2106.10),2021,3,36513932,17748.6,2.06,no,,BRD-05,VN-adjacent,High,revealed,China-reported FOB exports by month of export
China,World,export,210610,protein concentrates and textured protein (2106.10),2021,4,30603157,12905.5,2.37,no,,BRD-05,VN-adjacent,High,revealed,China-reported FOB exports by month of export
China,World,export,210610,protein concentrates and textured protein (2106.10),2021,5,35508323,14033.8,2.53,no,,BRD-05,VN-adjacent,High,revealed,China-reported FOB exports by month of export
China,World,export,210610,protein concentrates and textured protein (2106.10),2021,6,38924042,18529.4,2.1,no,,BRD-05,VN-adjacent,High,revealed,China-reported FOB exports by month of export
China,World,export,210610,protein concentrates and textured protein (2106.10),2021,7,34522630,14522.4,2.38,no,,BRD-05,VN-adjacent,High,revealed,China-reported FOB exports by month of export
China,World,export,210610,protein concentrates and textured protein (2106.10),2021,8,32643294,14997.5,2.18,no,Vu Lan month (lunar 7/15 on 2021-08-22),BRD-05,VN-adjacent,High,revealed,China-reported FOB exports by month of export
China,World,export,210610,protein concentrates and textured protein (2106.10),2021,9,41888702,16587.2,2.53,no,,BRD-05,VN-adjacent,High,revealed,China-reported FOB exports by month of export
China,World,export,210610,protein concentrates and textured protein (2106.10),2021,10,34322483,13176.2,2.6,no,,BRD-05,VN-adjacent,High,revealed,China-reported FOB exports by month of export
China,World,export,210610,protein concentrates and textured protein (2106.10),2021,11,42339882,19078.1,2.22,yes,,BRD-05,VN-adjacent,High,revealed,China-reported FOB exports by month of export
China,World,export,210610,protein concentrates and textured protein (2106.10),2021,12,38813881,15261.2,2.54,no,,BRD-05,VN-adjacent,High,revealed,China-reported FOB exports by month of export
China,World,export,210610,protein concentrates and textured protein (2106.10),2022,1,43633024,15503.6,2.81,no,,BRD-05,VN-adjacent,High,revealed,China-reported FOB exports by month of export
China,World,export,210610,protein concentrates and textured protein (2106.10),2022,2,34657993,12029.8,2.88,yes,Tet month (lunar 1/1 on 2022-02-01),BRD-05,VN-adjacent,High,revealed,China-reported FOB exports by month of export
China,World,export,210610,protein concentrates and textured protein (2106.10),2022,3,37897782,13280.8,2.85,no,,BRD-05,VN-adjacent,High,revealed,China-reported FOB exports by month of export
China,World,export,210610,protein concentrates and textured protein (2106.10),2022,4,36547833,12958.5,2.82,no,,BRD-05,VN-adjacent,High,revealed,China-reported FOB exports by month of export
China,World,export,210610,protein concentrates and textured protein (2106.10),2022,5,42669649,14848.2,2.87,no,,BRD-05,VN-adjacent,High,revealed,China-reported FOB exports by month of export
China,World,export,210610,protein concentrates and textured protein (2106.10),2022,6,33776094,12667.8,2.67,no,,BRD-05,VN-adjacent,High,revealed,China-reported FOB exports by month of export
China,World,export,210610,protein concentrates and textured protein (2106.10),2022,7,30534545,11282.8,2.71,no,,BRD-05,VN-adjacent,High,revealed,China-reported FOB exports by month of export
China,World,export,210610,protein concentrates and textured protein (2106.10),2022,8,35241048,13589.9,2.59,no,Vu Lan month (lunar 7/15 on 2022-08-12),BRD-05,VN-adjacent,High,revealed,China-reported FOB exports by month of export
China,World,export,210610,protein concentrates and textured protein (2106.10),2022,9,23509009,9098.2,2.58,no,,BRD-05,VN-adjacent,High,revealed,China-reported FOB exports by month of export
China,World,export,210610,protein concentrates and textured protein (2106.10),2022,10,28283387,10981.1,2.58,no,,BRD-05,VN-adjacent,High,revealed,China-reported FOB exports by month of export
China,World,export,210610,protein concentrates and textured protein (2106.10),2022,11,26154044,10886.9,2.4,no,,BRD-05,VN-adjacent,High,revealed,China-reported FOB exports by month of export
China,World,export,210610,protein concentrates and textured protein (2106.10),2022,12,33740367,14565.2,2.32,no,,BRD-05,VN-adjacent,High,revealed,China-reported FOB exports by month of export
China,World,export,210610,protein concentrates and textured protein (2106.10),2023,1,32246575,12022.8,2.68,no,Tet month (lunar 1/1 on 2023-01-22),BRD-05,VN-adjacent,High,revealed,China-reported FOB exports by month of export
China,World,export,210610,protein concentrates and textured protein (2106.10),2023,2,31984480,11847.4,2.7,yes,,BRD-05,VN-adjacent,High,revealed,China-reported FOB exports by month of export
China,World,export,210610,protein concentrates and textured protein (2106.10),2023,3,34101249,13856.1,2.46,yes,,BRD-05,VN-adjacent,High,revealed,China-reported FOB exports by month of export
China,World,export,210610,protein concentrates and textured protein (2106.10),2023,4,31791983,13039.2,2.44,no,,BRD-05,VN-adjacent,High,revealed,China-reported FOB exports by month of export
China,World,export,210610,protein concentrates and textured protein (2106.10),2023,5,32696873,13848.2,2.36,no,,BRD-05,VN-adjacent,High,revealed,China-reported FOB exports by month of export
China,World,export,210610,protein concentrates and textured protein (2106.10),2023,6,30786699,12995.4,2.37,no,,BRD-05,VN-adjacent,High,revealed,China-reported FOB exports by month of export
China,World,export,210610,protein concentrates and textured protein (2106.10),2023,7,35513152,14258.1,2.49,no,,BRD-05,VN-adjacent,High,revealed,China-reported FOB exports by month of export
China,World,export,210610,protein concentrates and textured protein (2106.10),2023,8,43851696,17560.9,2.5,no,Vu Lan month (lunar 7/15 on 2023-08-30),BRD-05,VN-adjacent,High,revealed,China-reported FOB exports by month of export
China,World,export,210610,protein concentrates and textured protein (2106.10),2023,9,31462524,13144.4,2.39,no,,BRD-05,VN-adjacent,High,revealed,China-reported FOB exports by month of export
China,World,export,210610,protein concentrates and textured protein (2106.10),2023,10,41278352,18114.0,2.28,no,,BRD-05,VN-adjacent,High,revealed,China-reported FOB exports by month of export
China,World,export,210610,protein concentrates and textured protein (2106.10),2023,11,40423963,17448.9,2.32,no,,BRD-05,VN-adjacent,High,revealed,China-reported FOB exports by month of export
China,World,export,210610,protein concentrates and textured protein (2106.10),2023,12,26858914,12513.4,2.15,no,,BRD-05,VN-adjacent,High,revealed,China-reported FOB exports by month of export
China,World,export,210610,protein concentrates and textured protein (2106.10),2024,1,38381000,16969.9,2.26,no,,BRD-05,VN-adjacent,High,revealed,China-reported FOB exports by month of export
China,World,export,210610,protein concentrates and textured protein (2106.10),2024,2,21140036,8922.9,2.37,no,Tet month (lunar 1/1 on 2024-02-10),BRD-05,VN-adjacent,High,revealed,China-reported FOB exports by month of export
China,World,export,210610,protein concentrates and textured protein (2106.10),2024,3,29148099,13090.4,2.23,no,,BRD-05,VN-adjacent,High,revealed,China-reported FOB exports by month of export
China,World,export,210610,protein concentrates and textured protein (2106.10),2024,4,31617030,14784.8,2.14,yes,,BRD-05,VN-adjacent,High,revealed,China-reported FOB exports by month of export
China,World,export,210610,protein concentrates and textured protein (2106.10),2024,5,37256988,18496.3,2.01,yes,,BRD-05,VN-adjacent,High,revealed,China-reported FOB exports by month of export
China,World,export,210610,protein concentrates and textured protein (2106.10),2024,6,35733499,16062.4,2.22,no,,BRD-05,VN-adjacent,High,revealed,China-reported FOB exports by month of export
China,World,export,210610,protein concentrates and textured protein (2106.10),2024,7,30730804,15773.9,1.95,no,,BRD-05,VN-adjacent,High,revealed,China-reported FOB exports by month of export
China,World,export,210610,protein concentrates and textured protein (2106.10),2024,8,30583793,13595.6,2.25,no,Vu Lan month (lunar 7/15 on 2024-08-18),BRD-05,VN-adjacent,High,revealed,China-reported FOB exports by month of export
China,World,export,210610,protein concentrates and textured protein (2106.10),2024,9,30267059,15914.2,1.9,no,,BRD-05,VN-adjacent,High,revealed,China-reported FOB exports by month of export
China,World,export,210610,protein concentrates and textured protein (2106.10),2024,10,29447908,14565.7,2.02,yes,,BRD-05,VN-adjacent,High,revealed,China-reported FOB exports by month of export
China,World,export,210610,protein concentrates and textured protein (2106.10),2024,11,28319239,13123.4,2.16,no,,BRD-05,VN-adjacent,High,revealed,China-reported FOB exports by month of export
China,World,export,210610,protein concentrates and textured protein (2106.10),2024,12,37489763,17288.4,2.17,no,,BRD-05,VN-adjacent,High,revealed,China-reported FOB exports by month of export
China,World,export,230990,"animal feed preparations (2309.90), feed control",2019,1,101709382,116544.5,0.87,no,,BRD-05,VN-adjacent,High,revealed,China-reported FOB exports by month of export
China,World,export,230990,"animal feed preparations (2309.90), feed control",2019,2,68550575,83509.9,0.82,no,Tet month (lunar 1/1 on 2019-02-05),BRD-05,VN-adjacent,High,revealed,China-reported FOB exports by month of export
China,World,export,230990,"animal feed preparations (2309.90), feed control",2019,3,118361726,141956.8,0.83,no,,BRD-05,VN-adjacent,High,revealed,China-reported FOB exports by month of export
China,World,export,230990,"animal feed preparations (2309.90), feed control",2019,4,97155869,116798.1,0.83,no,,BRD-05,VN-adjacent,High,revealed,China-reported FOB exports by month of export
China,World,export,230990,"animal feed preparations (2309.90), feed control",2019,5,92650073,111984.1,0.83,no,,BRD-05,VN-adjacent,High,revealed,China-reported FOB exports by month of export
China,World,export,230990,"animal feed preparations (2309.90), feed control",2019,6,94218401,109436.7,0.86,no,,BRD-05,VN-adjacent,High,revealed,China-reported FOB exports by month of export
China,World,export,230990,"animal feed preparations (2309.90), feed control",2019,7,90845530,102384.4,0.89,no,,BRD-05,VN-adjacent,High,revealed,China-reported FOB exports by month of export
China,World,export,230990,"animal feed preparations (2309.90), feed control",2019,8,81416071,89633.4,0.91,no,Vu Lan month (lunar 7/15 on 2019-08-15),BRD-05,VN-adjacent,High,revealed,China-reported FOB exports by month of export
China,World,export,230990,"animal feed preparations (2309.90), feed control",2019,9,85095656,99536.7,0.85,no,,BRD-05,VN-adjacent,High,revealed,China-reported FOB exports by month of export
China,World,export,230990,"animal feed preparations (2309.90), feed control",2019,10,76797877,91850.1,0.84,no,,BRD-05,VN-adjacent,High,revealed,China-reported FOB exports by month of export
China,World,export,230990,"animal feed preparations (2309.90), feed control",2019,11,88988820,105376.5,0.84,no,,BRD-05,VN-adjacent,High,revealed,China-reported FOB exports by month of export
China,World,export,230990,"animal feed preparations (2309.90), feed control",2019,12,101511824,111807.8,0.91,no,,BRD-05,VN-adjacent,High,revealed,China-reported FOB exports by month of export
China,World,export,230990,"animal feed preparations (2309.90), feed control",2020,1,87755800,112522.9,0.78,no,Tet month (lunar 1/1 on 2020-01-25),BRD-05,VN-adjacent,High,revealed,China-reported FOB exports by month of export
China,World,export,230990,"animal feed preparations (2309.90), feed control",2020,2,56553977,70334.1,0.8,no,,BRD-05,VN-adjacent,High,revealed,China-reported FOB exports by month of export
China,World,export,230990,"animal feed preparations (2309.90), feed control",2020,3,134935973,161204.8,0.84,no,,BRD-05,VN-adjacent,High,revealed,China-reported FOB exports by month of export
China,World,export,230990,"animal feed preparations (2309.90), feed control",2020,4,121646774,143592.0,0.85,yes,,BRD-05,VN-adjacent,High,revealed,China-reported FOB exports by month of export
China,World,export,230990,"animal feed preparations (2309.90), feed control",2020,5,99628197,112822.6,0.88,yes,,BRD-05,VN-adjacent,High,revealed,China-reported FOB exports by month of export
China,World,export,230990,"animal feed preparations (2309.90), feed control",2020,6,82677908,88289.2,0.94,yes,,BRD-05,VN-adjacent,High,revealed,China-reported FOB exports by month of export
China,World,export,230990,"animal feed preparations (2309.90), feed control",2020,7,71374220,74493.7,0.96,no,,BRD-05,VN-adjacent,High,revealed,China-reported FOB exports by month of export
China,World,export,230990,"animal feed preparations (2309.90), feed control",2020,8,60571598,60999.7,0.99,yes,,BRD-05,VN-adjacent,High,revealed,China-reported FOB exports by month of export
China,World,export,230990,"animal feed preparations (2309.90), feed control",2020,9,82637457,88698.8,0.93,no,Vu Lan month (lunar 7/15 on 2020-09-02),BRD-05,VN-adjacent,High,revealed,China-reported FOB exports by month of export
China,World,export,230990,"animal feed preparations (2309.90), feed control",2020,10,81852500,87196.9,0.94,no,,BRD-05,VN-adjacent,High,revealed,China-reported FOB exports by month of export
China,World,export,230990,"animal feed preparations (2309.90), feed control",2020,11,96146164,100992.3,0.95,no,,BRD-05,VN-adjacent,High,revealed,China-reported FOB exports by month of export
China,World,export,230990,"animal feed preparations (2309.90), feed control",2020,12,97496456,96880.6,1.01,no,,BRD-05,VN-adjacent,High,revealed,China-reported FOB exports by month of export
China,World,export,230990,"animal feed preparations (2309.90), feed control",2021,1,101627636,99021.7,1.03,yes,,BRD-05,VN-adjacent,High,revealed,China-reported FOB exports by month of export
China,World,export,230990,"animal feed preparations (2309.90), feed control",2021,2,81222948,76740.7,1.06,no,Tet month (lunar 1/1 on 2021-02-12),BRD-05,VN-adjacent,High,revealed,China-reported FOB exports by month of export
China,World,export,230990,"animal feed preparations (2309.90), feed control",2021,3,137856005,118839.4,1.16,no,,BRD-05,VN-adjacent,High,revealed,China-reported FOB exports by month of export
China,World,export,230990,"animal feed preparations (2309.90), feed control",2021,4,121928657,120525.7,1.01,no,,BRD-05,VN-adjacent,High,revealed,China-reported FOB exports by month of export
China,World,export,230990,"animal feed preparations (2309.90), feed control",2021,5,97799793,82693.9,1.18,no,,BRD-05,VN-adjacent,High,revealed,China-reported FOB exports by month of export
China,World,export,230990,"animal feed preparations (2309.90), feed control",2021,6,115007261,92603.6,1.24,no,,BRD-05,VN-adjacent,High,revealed,China-reported FOB exports by month of export
China,World,export,230990,"animal feed preparations (2309.90), feed control",2021,7,120676962,112351.3,1.07,no,,BRD-05,VN-adjacent,High,revealed,China-reported FOB exports by month of export
China,World,export,230990,"animal feed preparations (2309.90), feed control",2021,8,99815547,77085.2,1.29,no,Vu Lan month (lunar 7/15 on 2021-08-22),BRD-05,VN-adjacent,High,revealed,China-reported FOB exports by month of export
China,World,export,230990,"animal feed preparations (2309.90), feed control",2021,9,113493141,94305.3,1.2,no,,BRD-05,VN-adjacent,High,revealed,China-reported FOB exports by month of export
China,World,export,230990,"animal feed preparations (2309.90), feed control",2021,10,92651294,73350.7,1.26,no,,BRD-05,VN-adjacent,High,revealed,China-reported FOB exports by month of export
China,World,export,230990,"animal feed preparations (2309.90), feed control",2021,11,148420191,100988.7,1.47,no,,BRD-05,VN-adjacent,High,revealed,China-reported FOB exports by month of export
China,World,export,230990,"animal feed preparations (2309.90), feed control",2021,12,167371230,114385.9,1.46,yes,,BRD-05,VN-adjacent,High,revealed,China-reported FOB exports by month of export
China,World,export,230990,"animal feed preparations (2309.90), feed control",2022,1,163646792,120651.2,1.36,no,,BRD-05,VN-adjacent,High,revealed,China-reported FOB exports by month of export
China,World,export,230990,"animal feed preparations (2309.90), feed control",2022,2,112033359,89291.4,1.25,no,Tet month (lunar 1/1 on 2022-02-01),BRD-05,VN-adjacent,High,revealed,China-reported FOB exports by month of export
China,World,export,230990,"animal feed preparations (2309.90), feed control",2022,3,156054085,106573.4,1.46,yes,,BRD-05,VN-adjacent,High,revealed,China-reported FOB exports by month of export
China,World,export,230990,"animal feed preparations (2309.90), feed control",2022,4,148730108,105831.4,1.41,no,,BRD-05,VN-adjacent,High,revealed,China-reported FOB exports by month of export
China,World,export,230990,"animal feed preparations (2309.90), feed control",2022,5,165739575,120238.9,1.38,yes,,BRD-05,VN-adjacent,High,revealed,China-reported FOB exports by month of export
China,World,export,230990,"animal feed preparations (2309.90), feed control",2022,6,164860401,99362.2,1.66,no,,BRD-05,VN-adjacent,High,revealed,China-reported FOB exports by month of export
China,World,export,230990,"animal feed preparations (2309.90), feed control",2022,7,135426444,93006.7,1.46,no,,BRD-05,VN-adjacent,High,revealed,China-reported FOB exports by month of export
China,World,export,230990,"animal feed preparations (2309.90), feed control",2022,8,142194512,96469.0,1.47,no,Vu Lan month (lunar 7/15 on 2022-08-12),BRD-05,VN-adjacent,High,revealed,China-reported FOB exports by month of export
China,World,export,230990,"animal feed preparations (2309.90), feed control",2022,9,127502129,85340.3,1.49,no,,BRD-05,VN-adjacent,High,revealed,China-reported FOB exports by month of export
China,World,export,230990,"animal feed preparations (2309.90), feed control",2022,10,134493324,92290.3,1.46,yes,,BRD-05,VN-adjacent,High,revealed,China-reported FOB exports by month of export
China,World,export,230990,"animal feed preparations (2309.90), feed control",2022,11,146487313,90448.1,1.62,no,,BRD-05,VN-adjacent,High,revealed,China-reported FOB exports by month of export
China,World,export,230990,"animal feed preparations (2309.90), feed control",2022,12,140986603,93345.1,1.51,yes,,BRD-05,VN-adjacent,High,revealed,China-reported FOB exports by month of export
China,World,export,230990,"animal feed preparations (2309.90), feed control",2023,1,130294223,100184.9,1.3,no,Tet month (lunar 1/1 on 2023-01-22),BRD-05,VN-adjacent,High,revealed,China-reported FOB exports by month of export
China,World,export,230990,"animal feed preparations (2309.90), feed control",2023,2,122237097,85308.3,1.43,no,,BRD-05,VN-adjacent,High,revealed,China-reported FOB exports by month of export
China,World,export,230990,"animal feed preparations (2309.90), feed control",2023,3,148292502,118083.1,1.26,yes,,BRD-05,VN-adjacent,High,revealed,China-reported FOB exports by month of export
China,World,export,230990,"animal feed preparations (2309.90), feed control",2023,4,141242419,119741.7,1.18,no,,BRD-05,VN-adjacent,High,revealed,China-reported FOB exports by month of export
China,World,export,230990,"animal feed preparations (2309.90), feed control",2023,5,139309741,119773.2,1.16,yes,,BRD-05,VN-adjacent,High,revealed,China-reported FOB exports by month of export
China,World,export,230990,"animal feed preparations (2309.90), feed control",2023,6,125452756,113081.9,1.11,yes,,BRD-05,VN-adjacent,High,revealed,China-reported FOB exports by month of export
China,World,export,230990,"animal feed preparations (2309.90), feed control",2023,7,114418558,107032.0,1.07,no,,BRD-05,VN-adjacent,High,revealed,China-reported FOB exports by month of export
China,World,export,230990,"animal feed preparations (2309.90), feed control",2023,8,116911845,103311.3,1.13,yes,Vu Lan month (lunar 7/15 on 2023-08-30),BRD-05,VN-adjacent,High,revealed,China-reported FOB exports by month of export
China,World,export,230990,"animal feed preparations (2309.90), feed control",2023,9,114182831,110204.1,1.04,no,,BRD-05,VN-adjacent,High,revealed,China-reported FOB exports by month of export
China,World,export,230990,"animal feed preparations (2309.90), feed control",2023,10,118050931,119600.4,0.99,yes,,BRD-05,VN-adjacent,High,revealed,China-reported FOB exports by month of export
China,World,export,230990,"animal feed preparations (2309.90), feed control",2023,11,126292632,129643.0,0.97,yes,,BRD-05,VN-adjacent,High,revealed,China-reported FOB exports by month of export
China,World,export,230990,"animal feed preparations (2309.90), feed control",2023,12,123723705,123466.5,1.0,no,,BRD-05,VN-adjacent,High,revealed,China-reported FOB exports by month of export
China,World,export,230990,"animal feed preparations (2309.90), feed control",2024,1,141444483,154295.3,0.92,no,,BRD-05,VN-adjacent,High,revealed,China-reported FOB exports by month of export
China,World,export,230990,"animal feed preparations (2309.90), feed control",2024,2,100905235,113730.2,0.89,no,Tet month (lunar 1/1 on 2024-02-10),BRD-05,VN-adjacent,High,revealed,China-reported FOB exports by month of export
China,World,export,230990,"animal feed preparations (2309.90), feed control",2024,3,155480076,167702.0,0.93,yes,,BRD-05,VN-adjacent,High,revealed,China-reported FOB exports by month of export
China,World,export,230990,"animal feed preparations (2309.90), feed control",2024,4,133819691,146356.1,0.91,yes,,BRD-05,VN-adjacent,High,revealed,China-reported FOB exports by month of export
China,World,export,230990,"animal feed preparations (2309.90), feed control",2024,5,126550560,124386.0,1.02,no,,BRD-05,VN-adjacent,High,revealed,China-reported FOB exports by month of export
China,World,export,230990,"animal feed preparations (2309.90), feed control",2024,6,136344322,141449.2,0.96,yes,,BRD-05,VN-adjacent,High,revealed,China-reported FOB exports by month of export
China,World,export,230990,"animal feed preparations (2309.90), feed control",2024,7,128520789,137326.7,0.94,yes,,BRD-05,VN-adjacent,High,revealed,China-reported FOB exports by month of export
China,World,export,230990,"animal feed preparations (2309.90), feed control",2024,8,128255745,126797.8,1.01,no,Vu Lan month (lunar 7/15 on 2024-08-18),BRD-05,VN-adjacent,High,revealed,China-reported FOB exports by month of export
China,World,export,230990,"animal feed preparations (2309.90), feed control",2024,9,136715541,138800.6,0.98,no,,BRD-05,VN-adjacent,High,revealed,China-reported FOB exports by month of export
China,World,export,230990,"animal feed preparations (2309.90), feed control",2024,10,149164265,164566.2,0.91,no,,BRD-05,VN-adjacent,High,revealed,China-reported FOB exports by month of export
China,World,export,230990,"animal feed preparations (2309.90), feed control",2024,11,131570090,136461.3,0.96,yes,,BRD-05,VN-adjacent,High,revealed,China-reported FOB exports by month of export
China,World,export,230990,"animal feed preparations (2309.90), feed control",2024,12,147193313,170381.3,0.86,no,,BRD-05,VN-adjacent,High,revealed,China-reported FOB exports by month of export
China,World,export,350400,protein substances incl. soy isolate (3504),2019,1,37964231,16989.7,2.23,yes,,BRD-05,VN-adjacent,High,revealed,China-reported FOB exports by month of export
China,World,export,350400,protein substances incl. soy isolate (3504),2019,2,32468510,14259.5,2.28,yes,Tet month (lunar 1/1 on 2019-02-05),BRD-05,VN-adjacent,High,revealed,China-reported FOB exports by month of export
China,World,export,350400,protein substances incl. soy isolate (3504),2019,3,37445711,16477.4,2.27,yes,,BRD-05,VN-adjacent,High,revealed,China-reported FOB exports by month of export
China,World,export,350400,protein substances incl. soy isolate (3504),2019,4,34014476,16147.0,2.11,yes,,BRD-05,VN-adjacent,High,revealed,China-reported FOB exports by month of export
China,World,export,350400,protein substances incl. soy isolate (3504),2019,5,35292904,16176.8,2.18,yes,,BRD-05,VN-adjacent,High,revealed,China-reported FOB exports by month of export
China,World,export,350400,protein substances incl. soy isolate (3504),2019,6,43397902,19878.1,2.18,yes,,BRD-05,VN-adjacent,High,revealed,China-reported FOB exports by month of export
China,World,export,350400,protein substances incl. soy isolate (3504),2019,7,38351188,19144.6,2.0,yes,,BRD-05,VN-adjacent,High,revealed,China-reported FOB exports by month of export
China,World,export,350400,protein substances incl. soy isolate (3504),2019,8,47266307,22826.5,2.07,yes,Vu Lan month (lunar 7/15 on 2019-08-15),BRD-05,VN-adjacent,High,revealed,China-reported FOB exports by month of export
China,World,export,350400,protein substances incl. soy isolate (3504),2019,9,40586183,19364.7,2.1,yes,,BRD-05,VN-adjacent,High,revealed,China-reported FOB exports by month of export
China,World,export,350400,protein substances incl. soy isolate (3504),2019,10,41313185,20830.8,1.98,yes,,BRD-05,VN-adjacent,High,revealed,China-reported FOB exports by month of export
China,World,export,350400,protein substances incl. soy isolate (3504),2019,11,36107539,17533.3,2.06,yes,,BRD-05,VN-adjacent,High,revealed,China-reported FOB exports by month of export
China,World,export,350400,protein substances incl. soy isolate (3504),2019,12,37733039,17634.8,2.14,yes,,BRD-05,VN-adjacent,High,revealed,China-reported FOB exports by month of export
China,World,export,350400,protein substances incl. soy isolate (3504),2020,1,40320342,18269.6,2.21,yes,Tet month (lunar 1/1 on 2020-01-25),BRD-05,VN-adjacent,High,revealed,China-reported FOB exports by month of export
China,World,export,350400,protein substances incl. soy isolate (3504),2020,2,28070783,12236.9,2.29,yes,,BRD-05,VN-adjacent,High,revealed,China-reported FOB exports by month of export
China,World,export,350400,protein substances incl. soy isolate (3504),2020,3,53747724,23584.7,2.28,yes,,BRD-05,VN-adjacent,High,revealed,China-reported FOB exports by month of export
China,World,export,350400,protein substances incl. soy isolate (3504),2020,4,52844546,20518.9,2.58,yes,,BRD-05,VN-adjacent,High,revealed,China-reported FOB exports by month of export
China,World,export,350400,protein substances incl. soy isolate (3504),2020,5,55701917,21178.1,2.63,yes,,BRD-05,VN-adjacent,High,revealed,China-reported FOB exports by month of export
China,World,export,350400,protein substances incl. soy isolate (3504),2020,6,44472174,16586.9,2.68,yes,,BRD-05,VN-adjacent,High,revealed,China-reported FOB exports by month of export
China,World,export,350400,protein substances incl. soy isolate (3504),2020,7,52295533,18640.1,2.81,yes,,BRD-05,VN-adjacent,High,revealed,China-reported FOB exports by month of export
China,World,export,350400,protein substances incl. soy isolate (3504),2020,8,49647269,,,no,,BRD-05,VN-adjacent,High,revealed,China-reported FOB exports by month of export
China,World,export,350400,protein substances incl. soy isolate (3504),2020,9,45849681,18734.4,2.45,yes,Vu Lan month (lunar 7/15 on 2020-09-02),BRD-05,VN-adjacent,High,revealed,China-reported FOB exports by month of export
China,World,export,350400,protein substances incl. soy isolate (3504),2020,10,47297919,19614.7,2.41,yes,,BRD-05,VN-adjacent,High,revealed,China-reported FOB exports by month of export
China,World,export,350400,protein substances incl. soy isolate (3504),2020,11,48306764,18059.4,2.67,yes,,BRD-05,VN-adjacent,High,revealed,China-reported FOB exports by month of export
China,World,export,350400,protein substances incl. soy isolate (3504),2020,12,41193289,,,no,,BRD-05,VN-adjacent,High,revealed,China-reported FOB exports by month of export
China,World,export,350400,protein substances incl. soy isolate (3504),2021,1,55721848,17758.2,3.14,yes,,BRD-05,VN-adjacent,High,revealed,China-reported FOB exports by month of export
China,World,export,350400,protein substances incl. soy isolate (3504),2021,2,54610043,16772.8,3.26,yes,Tet month (lunar 1/1 on 2021-02-12),BRD-05,VN-adjacent,High,revealed,China-reported FOB exports by month of export
China,World,export,350400,protein substances incl. soy isolate (3504),2021,3,68847554,23437.2,2.94,yes,,BRD-05,VN-adjacent,High,revealed,China-reported FOB exports by month of export
China,World,export,350400,protein substances incl. soy isolate (3504),2021,4,64553556,,,no,,BRD-05,VN-adjacent,High,revealed,China-reported FOB exports by month of export
China,World,export,350400,protein substances incl. soy isolate (3504),2021,5,68450594,22814.5,3.0,yes,,BRD-05,VN-adjacent,High,revealed,China-reported FOB exports by month of export
China,World,export,350400,protein substances incl. soy isolate (3504),2021,6,61689695,20192.5,3.06,yes,,BRD-05,VN-adjacent,High,revealed,China-reported FOB exports by month of export
China,World,export,350400,protein substances incl. soy isolate (3504),2021,7,58252038,,,no,,BRD-05,VN-adjacent,High,revealed,China-reported FOB exports by month of export
China,World,export,350400,protein substances incl. soy isolate (3504),2021,8,62224877,20425.3,3.05,yes,Vu Lan month (lunar 7/15 on 2021-08-22),BRD-05,VN-adjacent,High,revealed,China-reported FOB exports by month of export
China,World,export,350400,protein substances incl. soy isolate (3504),2021,9,63784153,,,no,,BRD-05,VN-adjacent,High,revealed,China-reported FOB exports by month of export
China,World,export,350400,protein substances incl. soy isolate (3504),2021,10,55959894,18318.1,3.05,yes,,BRD-05,VN-adjacent,High,revealed,China-reported FOB exports by month of export
China,World,export,350400,protein substances incl. soy isolate (3504),2021,11,73466844,23367.4,3.14,yes,,BRD-05,VN-adjacent,High,revealed,China-reported FOB exports by month of export
China,World,export,350400,protein substances incl. soy isolate (3504),2021,12,73263373,22003.4,3.33,yes,,BRD-05,VN-adjacent,High,revealed,China-reported FOB exports by month of export
China,World,export,350400,protein substances incl. soy isolate (3504),2022,1,96129364,27180.5,3.54,yes,,BRD-05,VN-adjacent,High,revealed,China-reported FOB exports by month of export
China,World,export,350400,protein substances incl. soy isolate (3504),2022,2,77582482,21661.3,3.58,yes,Tet month (lunar 1/1 on 2022-02-01),BRD-05,VN-adjacent,High,revealed,China-reported FOB exports by month of export
China,World,export,350400,protein substances incl. soy isolate (3504),2022,3,86422750,23955.3,3.61,yes,,BRD-05,VN-adjacent,High,revealed,China-reported FOB exports by month of export
China,World,export,350400,protein substances incl. soy isolate (3504),2022,4,91410962,25632.4,3.57,yes,,BRD-05,VN-adjacent,High,revealed,China-reported FOB exports by month of export
China,World,export,350400,protein substances incl. soy isolate (3504),2022,5,80928983,22671.9,3.57,yes,,BRD-05,VN-adjacent,High,revealed,China-reported FOB exports by month of export
China,World,export,350400,protein substances incl. soy isolate (3504),2022,6,71594641,20523.2,3.49,yes,,BRD-05,VN-adjacent,High,revealed,China-reported FOB exports by month of export
China,World,export,350400,protein substances incl. soy isolate (3504),2022,7,73637625,20963.8,3.51,yes,,BRD-05,VN-adjacent,High,revealed,China-reported FOB exports by month of export
China,World,export,350400,protein substances incl. soy isolate (3504),2022,8,60926450,18382.2,3.31,yes,Vu Lan month (lunar 7/15 on 2022-08-12),BRD-05,VN-adjacent,High,revealed,China-reported FOB exports by month of export
China,World,export,350400,protein substances incl. soy isolate (3504),2022,9,60435119,18049.2,3.35,yes,,BRD-05,VN-adjacent,High,revealed,China-reported FOB exports by month of export
China,World,export,350400,protein substances incl. soy isolate (3504),2022,10,55179571,17183.3,3.21,yes,,BRD-05,VN-adjacent,High,revealed,China-reported FOB exports by month of export
China,World,export,350400,protein substances incl. soy isolate (3504),2022,11,53051592,17504.2,3.03,yes,,BRD-05,VN-adjacent,High,revealed,China-reported FOB exports by month of export
China,World,export,350400,protein substances incl. soy isolate (3504),2022,12,61340557,20158.2,3.04,yes,,BRD-05,VN-adjacent,High,revealed,China-reported FOB exports by month of export
China,World,export,350400,protein substances incl. soy isolate (3504),2023,1,58125549,19029.3,3.05,yes,Tet month (lunar 1/1 on 2023-01-22),BRD-05,VN-adjacent,High,revealed,China-reported FOB exports by month of export
China,World,export,350400,protein substances incl. soy isolate (3504),2023,2,51526400,17343.0,2.97,yes,,BRD-05,VN-adjacent,High,revealed,China-reported FOB exports by month of export
China,World,export,350400,protein substances incl. soy isolate (3504),2023,3,61251575,21092.2,2.9,yes,,BRD-05,VN-adjacent,High,revealed,China-reported FOB exports by month of export
China,World,export,350400,protein substances incl. soy isolate (3504),2023,4,53142775,17882.2,2.97,yes,,BRD-05,VN-adjacent,High,revealed,China-reported FOB exports by month of export
China,World,export,350400,protein substances incl. soy isolate (3504),2023,5,51371423,17524.0,2.93,yes,,BRD-05,VN-adjacent,High,revealed,China-reported FOB exports by month of export
China,World,export,350400,protein substances incl. soy isolate (3504),2023,6,58209078,20071.3,2.9,yes,,BRD-05,VN-adjacent,High,revealed,China-reported FOB exports by month of export
China,World,export,350400,protein substances incl. soy isolate (3504),2023,7,57017130,19649.5,2.9,yes,,BRD-05,VN-adjacent,High,revealed,China-reported FOB exports by month of export
China,World,export,350400,protein substances incl. soy isolate (3504),2023,8,58974960,,,no,Vu Lan month (lunar 7/15 on 2023-08-30),BRD-05,VN-adjacent,High,revealed,China-reported FOB exports by month of export
China,World,export,350400,protein substances incl. soy isolate (3504),2023,9,62349486,,,no,,BRD-05,VN-adjacent,High,revealed,China-reported FOB exports by month of export
China,World,export,350400,protein substances incl. soy isolate (3504),2023,10,62409318,23427.5,2.66,yes,,BRD-05,VN-adjacent,High,revealed,China-reported FOB exports by month of export
China,World,export,350400,protein substances incl. soy isolate (3504),2023,11,63121164,24903.8,2.53,yes,,BRD-05,VN-adjacent,High,revealed,China-reported FOB exports by month of export
China,World,export,350400,protein substances incl. soy isolate (3504),2023,12,64647019,23699.5,2.73,yes,,BRD-05,VN-adjacent,High,revealed,China-reported FOB exports by month of export
China,World,export,350400,protein substances incl. soy isolate (3504),2024,1,61960347,24388.9,2.54,yes,,BRD-05,VN-adjacent,High,revealed,China-reported FOB exports by month of export
China,World,export,350400,protein substances incl. soy isolate (3504),2024,2,50775784,19328.5,2.63,yes,Tet month (lunar 1/1 on 2024-02-10),BRD-05,VN-adjacent,High,revealed,China-reported FOB exports by month of export
China,World,export,350400,protein substances incl. soy isolate (3504),2024,3,73331329,30169.7,2.43,yes,,BRD-05,VN-adjacent,High,revealed,China-reported FOB exports by month of export
China,World,export,350400,protein substances incl. soy isolate (3504),2024,4,62233808,25981.6,2.4,yes,,BRD-05,VN-adjacent,High,revealed,China-reported FOB exports by month of export
China,World,export,350400,protein substances incl. soy isolate (3504),2024,5,62285943,25992.7,2.4,yes,,BRD-05,VN-adjacent,High,revealed,China-reported FOB exports by month of export
China,World,export,350400,protein substances incl. soy isolate (3504),2024,6,73743869,29328.8,2.51,yes,,BRD-05,VN-adjacent,High,revealed,China-reported FOB exports by month of export
China,World,export,350400,protein substances incl. soy isolate (3504),2024,7,66678318,27011.9,2.47,yes,,BRD-05,VN-adjacent,High,revealed,China-reported FOB exports by month of export
China,World,export,350400,protein substances incl. soy isolate (3504),2024,8,68425317,28186.5,2.43,yes,Vu Lan month (lunar 7/15 on 2024-08-18),BRD-05,VN-adjacent,High,revealed,China-reported FOB exports by month of export
China,World,export,350400,protein substances incl. soy isolate (3504),2024,9,54027755,22512.4,2.4,yes,,BRD-05,VN-adjacent,High,revealed,China-reported FOB exports by month of export
China,World,export,350400,protein substances incl. soy isolate (3504),2024,10,69871158,,,no,,BRD-05,VN-adjacent,High,revealed,China-reported FOB exports by month of export
China,World,export,350400,protein substances incl. soy isolate (3504),2024,11,62892007,26253.5,2.4,yes,,BRD-05,VN-adjacent,High,revealed,China-reported FOB exports by month of export
China,World,export,350400,protein substances incl. soy isolate (3504),2024,12,72334983,31758.2,2.28,yes,,BRD-05,VN-adjacent,High,revealed,China-reported FOB exports by month of export
China,Viet Nam,export,110900,wheat gluten (1109),2019,1,546362,418.0,1.31,no,,BRD-05,VN-direct,High,revealed,China-reported FOB exports by month of export
China,Viet Nam,export,110900,wheat gluten (1109),2019,2,299294,220.0,1.36,no,Tet month (lunar 1/1 on 2019-02-05),BRD-05,VN-direct,High,revealed,China-reported FOB exports by month of export
China,Viet Nam,export,110900,wheat gluten (1109),2019,3,1363526,1048.0,1.3,no,,BRD-05,VN-direct,High,revealed,China-reported FOB exports by month of export
China,Viet Nam,export,110900,wheat gluten (1109),2019,4,949982,726.0,1.31,no,,BRD-05,VN-direct,High,revealed,China-reported FOB exports by month of export
China,Viet Nam,export,110900,wheat gluten (1109),2019,5,1996288,1575.0,1.27,no,,BRD-05,VN-direct,High,revealed,China-reported FOB exports by month of export
China,Viet Nam,export,110900,wheat gluten (1109),2019,6,914764,731.0,1.25,no,,BRD-05,VN-direct,High,revealed,China-reported FOB exports by month of export
China,Viet Nam,export,110900,wheat gluten (1109),2019,7,1157092,968.0,1.2,no,,BRD-05,VN-direct,High,revealed,China-reported FOB exports by month of export
China,Viet Nam,export,110900,wheat gluten (1109),2019,8,549662,462.0,1.19,no,Vu Lan month (lunar 7/15 on 2019-08-15),BRD-05,VN-direct,High,revealed,China-reported FOB exports by month of export
China,Viet Nam,export,110900,wheat gluten (1109),2019,9,983240,818.1,1.2,no,,BRD-05,VN-direct,High,revealed,China-reported FOB exports by month of export
China,Viet Nam,export,110900,wheat gluten (1109),2019,10,873411,772.0,1.13,no,,BRD-05,VN-direct,High,revealed,China-reported FOB exports by month of export
China,Viet Nam,export,110900,wheat gluten (1109),2019,11,630054,564.0,1.12,no,,BRD-05,VN-direct,High,revealed,China-reported FOB exports by month of export
China,Viet Nam,export,110900,wheat gluten (1109),2019,12,1506740,1318.0,1.14,no,,BRD-05,VN-direct,High,revealed,China-reported FOB exports by month of export
China,Viet Nam,export,110900,wheat gluten (1109),2020,1,391990,330.0,1.19,no,Tet month (lunar 1/1 on 2020-01-25),BRD-05,VN-direct,High,revealed,China-reported FOB exports by month of export
China,Viet Nam,export,110900,wheat gluten (1109),2020,2,670742,572.0,1.17,no,,BRD-05,VN-direct,High,revealed,China-reported FOB exports by month of export
China,Viet Nam,export,110900,wheat gluten (1109),2020,3,1219189,1010.0,1.21,no,,BRD-05,VN-direct,High,revealed,China-reported FOB exports by month of export
China,Viet Nam,export,110900,wheat gluten (1109),2020,4,1402084,1138.0,1.23,no,,BRD-05,VN-direct,High,revealed,China-reported FOB exports by month of export
China,Viet Nam,export,110900,wheat gluten (1109),2020,5,645558,545.0,1.18,no,,BRD-05,VN-direct,High,revealed,China-reported FOB exports by month of export
China,Viet Nam,export,110900,wheat gluten (1109),2020,6,528398,555.0,0.95,no,,BRD-05,VN-direct,High,revealed,China-reported FOB exports by month of export
China,Viet Nam,export,110900,wheat gluten (1109),2020,7,913024,792.0,1.15,no,,BRD-05,VN-direct,High,revealed,China-reported FOB exports by month of export
China,Viet Nam,export,110900,wheat gluten (1109),2020,8,527354,548.0,0.96,no,,BRD-05,VN-direct,High,revealed,China-reported FOB exports by month of export
China,Viet Nam,export,110900,wheat gluten (1109),2020,9,950694,814.0,1.17,no,Vu Lan month (lunar 7/15 on 2020-09-02),BRD-05,VN-direct,High,revealed,China-reported FOB exports by month of export
China,Viet Nam,export,110900,wheat gluten (1109),2020,10,948108,775.0,1.22,no,,BRD-05,VN-direct,High,revealed,China-reported FOB exports by month of export
China,Viet Nam,export,110900,wheat gluten (1109),2020,11,809927,593.8,1.36,no,,BRD-05,VN-direct,High,revealed,China-reported FOB exports by month of export
China,Viet Nam,export,110900,wheat gluten (1109),2020,12,1405480,1090.0,1.29,no,,BRD-05,VN-direct,High,revealed,China-reported FOB exports by month of export
China,Viet Nam,export,110900,wheat gluten (1109),2021,1,1113583,858.0,1.3,no,,BRD-05,VN-direct,High,revealed,China-reported FOB exports by month of export
China,Viet Nam,export,110900,wheat gluten (1109),2021,2,909616,680.0,1.34,no,Tet month (lunar 1/1 on 2021-02-12),BRD-05,VN-direct,High,revealed,China-reported FOB exports by month of export
China,Viet Nam,export,110900,wheat gluten (1109),2021,3,1502585,1188.0,1.26,no,,BRD-05,VN-direct,High,revealed,China-reported FOB exports by month of export
China,Viet Nam,export,110900,wheat gluten (1109),2021,4,1162781,900.0,1.29,no,,BRD-05,VN-direct,High,revealed,China-reported FOB exports by month of export
China,Viet Nam,export,110900,wheat gluten (1109),2021,5,1171043,902.0,1.3,no,,BRD-05,VN-direct,High,revealed,China-reported FOB exports by month of export
China,Viet Nam,export,110900,wheat gluten (1109),2021,6,972924,726.0,1.34,no,,BRD-05,VN-direct,High,revealed,China-reported FOB exports by month of export
China,Viet Nam,export,110900,wheat gluten (1109),2021,7,1316645,1032.0,1.28,no,,BRD-05,VN-direct,High,revealed,China-reported FOB exports by month of export
China,Viet Nam,export,110900,wheat gluten (1109),2021,8,1153441,924.0,1.25,no,Vu Lan month (lunar 7/15 on 2021-08-22),BRD-05,VN-direct,High,revealed,China-reported FOB exports by month of export
China,Viet Nam,export,110900,wheat gluten (1109),2021,9,1059158,768.0,1.38,no,,BRD-05,VN-direct,High,revealed,China-reported FOB exports by month of export
China,Viet Nam,export,110900,wheat gluten (1109),2021,10,1112415,805.0,1.38,no,,BRD-05,VN-direct,High,revealed,China-reported FOB exports by month of export
China,Viet Nam,export,110900,wheat gluten (1109),2021,11,491213,374.0,1.31,no,,BRD-05,VN-direct,High,revealed,China-reported FOB exports by month of export
China,Viet Nam,export,110900,wheat gluten (1109),2021,12,765453,523.5,1.46,no,,BRD-05,VN-direct,High,revealed,China-reported FOB exports by month of export
China,Viet Nam,export,110900,wheat gluten (1109),2022,1,909394,550.0,1.65,no,,BRD-05,VN-direct,High,revealed,China-reported FOB exports by month of export
China,Viet Nam,export,110900,wheat gluten (1109),2022,2,723102,484.0,1.49,no,Tet month (lunar 1/1 on 2022-02-01),BRD-05,VN-direct,High,revealed,China-reported FOB exports by month of export
China,Viet Nam,export,110900,wheat gluten (1109),2022,3,1153313,769.9,1.5,no,,BRD-05,VN-direct,High,revealed,China-reported FOB exports by month of export
China,Viet Nam,export,110900,wheat gluten (1109),2022,4,3251029,1835.0,1.77,no,,BRD-05,VN-direct,High,revealed,China-reported FOB exports by month of export
China,Viet Nam,export,110900,wheat gluten (1109),2022,5,2882088,1532.0,1.88,no,,BRD-05,VN-direct,High,revealed,China-reported FOB exports by month of export
China,Viet Nam,export,110900,wheat gluten (1109),2022,6,2799642,1474.0,1.9,no,,BRD-05,VN-direct,High,revealed,China-reported FOB exports by month of export
China,Viet Nam,export,110900,wheat gluten (1109),2022,7,5733819,2924.0,1.96,no,,BRD-05,VN-direct,High,revealed,China-reported FOB exports by month of export
China,Viet Nam,export,110900,wheat gluten (1109),2022,8,2392131,1210.0,1.98,no,Vu Lan month (lunar 7/15 on 2022-08-12),BRD-05,VN-direct,High,revealed,China-reported FOB exports by month of export
China,Viet Nam,export,110900,wheat gluten (1109),2022,9,1586607,834.0,1.9,no,,BRD-05,VN-direct,High,revealed,China-reported FOB exports by month of export
China,Viet Nam,export,110900,wheat gluten (1109),2022,10,1036847,526.0,1.97,no,,BRD-05,VN-direct,High,revealed,China-reported FOB exports by month of export
China,Viet Nam,export,110900,wheat gluten (1109),2022,11,1460859,766.0,1.91,no,,BRD-05,VN-direct,High,revealed,China-reported FOB exports by month of export
China,Viet Nam,export,110900,wheat gluten (1109),2022,12,1393141,724.0,1.92,no,,BRD-05,VN-direct,High,revealed,China-reported FOB exports by month of export
China,Viet Nam,export,110900,wheat gluten (1109),2023,1,1189041,592.0,2.01,no,Tet month (lunar 1/1 on 2023-01-22),BRD-05,VN-direct,High,revealed,China-reported FOB exports by month of export
China,Viet Nam,export,110900,wheat gluten (1109),2023,2,1188951,613.0,1.94,no,,BRD-05,VN-direct,High,revealed,China-reported FOB exports by month of export
China,Viet Nam,export,110900,wheat gluten (1109),2023,3,1624907,793.0,2.05,no,,BRD-05,VN-direct,High,revealed,China-reported FOB exports by month of export
China,Viet Nam,export,110900,wheat gluten (1109),2023,4,2580823,1270.0,2.03,no,,BRD-05,VN-direct,High,revealed,China-reported FOB exports by month of export
China,Viet Nam,export,110900,wheat gluten (1109),2023,5,1670828,837.0,2.0,no,,BRD-05,VN-direct,High,revealed,China-reported FOB exports by month of export
China,Viet Nam,export,110900,wheat gluten (1109),2023,6,1443114,770.0,1.87,no,,BRD-05,VN-direct,High,revealed,China-reported FOB exports by month of export
China,Viet Nam,export,110900,wheat gluten (1109),2023,7,1794611,1100.0,1.63,no,,BRD-05,VN-direct,High,revealed,China-reported FOB exports by month of export
China,Viet Nam,export,110900,wheat gluten (1109),2023,8,1252892,829.0,1.51,no,Vu Lan month (lunar 7/15 on 2023-08-30),BRD-05,VN-direct,High,revealed,China-reported FOB exports by month of export
China,Viet Nam,export,110900,wheat gluten (1109),2023,9,1201777,814.0,1.48,no,,BRD-05,VN-direct,High,revealed,China-reported FOB exports by month of export
China,Viet Nam,export,110900,wheat gluten (1109),2023,10,1336581,855.0,1.56,no,,BRD-05,VN-direct,High,revealed,China-reported FOB exports by month of export
China,Viet Nam,export,110900,wheat gluten (1109),2023,11,1484624,1051.0,1.41,no,,BRD-05,VN-direct,High,revealed,China-reported FOB exports by month of export
China,Viet Nam,export,110900,wheat gluten (1109),2023,12,1082133,814.0,1.33,no,,BRD-05,VN-direct,High,revealed,China-reported FOB exports by month of export
China,Viet Nam,export,110900,wheat gluten (1109),2024,1,992255,782.0,1.27,no,,BRD-05,VN-direct,High,revealed,China-reported FOB exports by month of export
China,Viet Nam,export,110900,wheat gluten (1109),2024,2,835400,680.0,1.23,no,Tet month (lunar 1/1 on 2024-02-10),BRD-05,VN-direct,High,revealed,China-reported FOB exports by month of export
China,Viet Nam,export,110900,wheat gluten (1109),2024,3,1735947,1385.1,1.25,no,,BRD-05,VN-direct,High,revealed,China-reported FOB exports by month of export
China,Viet Nam,export,110900,wheat gluten (1109),2024,4,2441688,1914.0,1.28,no,,BRD-05,VN-direct,High,revealed,China-reported FOB exports by month of export
China,Viet Nam,export,110900,wheat gluten (1109),2024,5,1648561,1325.0,1.24,no,,BRD-05,VN-direct,High,revealed,China-reported FOB exports by month of export
China,Viet Nam,export,110900,wheat gluten (1109),2024,6,2057050,1694.0,1.21,no,,BRD-05,VN-direct,High,revealed,China-reported FOB exports by month of export
China,Viet Nam,export,110900,wheat gluten (1109),2024,7,1547381,1296.0,1.19,no,,BRD-05,VN-direct,High,revealed,China-reported FOB exports by month of export
China,Viet Nam,export,110900,wheat gluten (1109),2024,8,1402911,1190.0,1.18,no,Vu Lan month (lunar 7/15 on 2024-08-18),BRD-05,VN-direct,High,revealed,China-reported FOB exports by month of export
China,Viet Nam,export,110900,wheat gluten (1109),2024,9,1496837,1272.0,1.18,no,,BRD-05,VN-direct,High,revealed,China-reported FOB exports by month of export
China,Viet Nam,export,110900,wheat gluten (1109),2024,10,1458871,1250.0,1.17,no,,BRD-05,VN-direct,High,revealed,China-reported FOB exports by month of export
China,Viet Nam,export,110900,wheat gluten (1109),2024,11,1516318,1310.0,1.16,no,,BRD-05,VN-direct,High,revealed,China-reported FOB exports by month of export
China,Viet Nam,export,110900,wheat gluten (1109),2024,12,1984089,1736.0,1.14,no,,BRD-05,VN-direct,High,revealed,China-reported FOB exports by month of export
China,Viet Nam,export,210610,protein concentrates and textured protein (2106.10),2019,1,1163488,1188.9,0.98,no,,BRD-05,VN-direct,High,revealed,China-reported FOB exports by month of export
China,Viet Nam,export,210610,protein concentrates and textured protein (2106.10),2019,2,478129,383.4,1.25,no,Tet month (lunar 1/1 on 2019-02-05),BRD-05,VN-direct,High,revealed,China-reported FOB exports by month of export
China,Viet Nam,export,210610,protein concentrates and textured protein (2106.10),2019,3,698979,620.3,1.13,no,,BRD-05,VN-direct,High,revealed,China-reported FOB exports by month of export
China,Viet Nam,export,210610,protein concentrates and textured protein (2106.10),2019,4,334165,212.0,1.58,no,,BRD-05,VN-direct,High,revealed,China-reported FOB exports by month of export
China,Viet Nam,export,210610,protein concentrates and textured protein (2106.10),2019,5,583334,421.7,1.38,no,,BRD-05,VN-direct,High,revealed,China-reported FOB exports by month of export
China,Viet Nam,export,210610,protein concentrates and textured protein (2106.10),2019,6,614682,707.2,0.87,no,,BRD-05,VN-direct,High,revealed,China-reported FOB exports by month of export
China,Viet Nam,export,210610,protein concentrates and textured protein (2106.10),2019,7,1234803,1118.8,1.1,no,,BRD-05,VN-direct,High,revealed,China-reported FOB exports by month of export
China,Viet Nam,export,210610,protein concentrates and textured protein (2106.10),2019,8,425266,263.7,1.61,no,Vu Lan month (lunar 7/15 on 2019-08-15),BRD-05,VN-direct,High,revealed,China-reported FOB exports by month of export
China,Viet Nam,export,210610,protein concentrates and textured protein (2106.10),2019,9,836305,807.3,1.04,no,,BRD-05,VN-direct,High,revealed,China-reported FOB exports by month of export
China,Viet Nam,export,210610,protein concentrates and textured protein (2106.10),2019,10,450466,237.2,1.9,no,,BRD-05,VN-direct,High,revealed,China-reported FOB exports by month of export
China,Viet Nam,export,210610,protein concentrates and textured protein (2106.10),2019,11,450370,237.4,1.9,no,,BRD-05,VN-direct,High,revealed,China-reported FOB exports by month of export
China,Viet Nam,export,210610,protein concentrates and textured protein (2106.10),2019,12,631292,416.9,1.51,no,,BRD-05,VN-direct,High,revealed,China-reported FOB exports by month of export
China,Viet Nam,export,210610,protein concentrates and textured protein (2106.10),2020,1,265503,127.2,2.09,no,Tet month (lunar 1/1 on 2020-01-25),BRD-05,VN-direct,High,revealed,China-reported FOB exports by month of export
China,Viet Nam,export,210610,protein concentrates and textured protein (2106.10),2020,2,440594,353.7,1.25,no,,BRD-05,VN-direct,High,revealed,China-reported FOB exports by month of export
China,Viet Nam,export,210610,protein concentrates and textured protein (2106.10),2020,3,807580,609.7,1.32,no,,BRD-05,VN-direct,High,revealed,China-reported FOB exports by month of export
China,Viet Nam,export,210610,protein concentrates and textured protein (2106.10),2020,4,747113,557.0,1.34,no,,BRD-05,VN-direct,High,revealed,China-reported FOB exports by month of export
China,Viet Nam,export,210610,protein concentrates and textured protein (2106.10),2020,5,579107,362.3,1.6,no,,BRD-05,VN-direct,High,revealed,China-reported FOB exports by month of export
China,Viet Nam,export,210610,protein concentrates and textured protein (2106.10),2020,6,930182,775.2,1.2,no,,BRD-05,VN-direct,High,revealed,China-reported FOB exports by month of export
China,Viet Nam,export,210610,protein concentrates and textured protein (2106.10),2020,7,1099774,995.6,1.1,no,,BRD-05,VN-direct,High,revealed,China-reported FOB exports by month of export
China,Viet Nam,export,210610,protein concentrates and textured protein (2106.10),2020,8,1483282,1394.6,1.06,no,,BRD-05,VN-direct,High,revealed,China-reported FOB exports by month of export
China,Viet Nam,export,210610,protein concentrates and textured protein (2106.10),2020,9,1734525,1718.8,1.01,no,Vu Lan month (lunar 7/15 on 2020-09-02),BRD-05,VN-direct,High,revealed,China-reported FOB exports by month of export
China,Viet Nam,export,210610,protein concentrates and textured protein (2106.10),2020,10,1191490,1079.0,1.1,no,,BRD-05,VN-direct,High,revealed,China-reported FOB exports by month of export
China,Viet Nam,export,210610,protein concentrates and textured protein (2106.10),2020,11,967980,633.4,1.53,no,,BRD-05,VN-direct,High,revealed,China-reported FOB exports by month of export
China,Viet Nam,export,210610,protein concentrates and textured protein (2106.10),2020,12,1390532,1134.6,1.23,no,,BRD-05,VN-direct,High,revealed,China-reported FOB exports by month of export
China,Viet Nam,export,210610,protein concentrates and textured protein (2106.10),2021,1,988099,735.6,1.34,no,,BRD-05,VN-direct,High,revealed,China-reported FOB exports by month of export
China,Viet Nam,export,210610,protein concentrates and textured protein (2106.10),2021,2,449921,194.7,2.31,no,Tet month (lunar 1/1 on 2021-02-12),BRD-05,VN-direct,High,revealed,China-reported FOB exports by month of export
China,Viet Nam,export,210610,protein concentrates and textured protein (2106.10),2021,3,623066,309.1,2.02,no,,BRD-05,VN-direct,High,revealed,China-reported FOB exports by month of export
China,Viet Nam,export,210610,protein concentrates and textured protein (2106.10),2021,4,1046314,670.5,1.56,no,,BRD-05,VN-direct,High,revealed,China-reported FOB exports by month of export
China,Viet Nam,export,210610,protein concentrates and textured protein (2106.10),2021,5,1259648,951.4,1.32,no,,BRD-05,VN-direct,High,revealed,China-reported FOB exports by month of export
China,Viet Nam,export,210610,protein concentrates and textured protein (2106.10),2021,6,1832701,1345.0,1.36,no,,BRD-05,VN-direct,High,revealed,China-reported FOB exports by month of export
China,Viet Nam,export,210610,protein concentrates and textured protein (2106.10),2021,7,612404,367.7,1.67,no,,BRD-05,VN-direct,High,revealed,China-reported FOB exports by month of export
China,Viet Nam,export,210610,protein concentrates and textured protein (2106.10),2021,8,693535,369.7,1.88,no,Vu Lan month (lunar 7/15 on 2021-08-22),BRD-05,VN-direct,High,revealed,China-reported FOB exports by month of export
China,Viet Nam,export,210610,protein concentrates and textured protein (2106.10),2021,9,570482,273.6,2.09,no,,BRD-05,VN-direct,High,revealed,China-reported FOB exports by month of export
China,Viet Nam,export,210610,protein concentrates and textured protein (2106.10),2021,10,982934,483.2,2.03,no,,BRD-05,VN-direct,High,revealed,China-reported FOB exports by month of export
China,Viet Nam,export,210610,protein concentrates and textured protein (2106.10),2021,11,1489841,811.6,1.84,no,,BRD-05,VN-direct,High,revealed,China-reported FOB exports by month of export
China,Viet Nam,export,210610,protein concentrates and textured protein (2106.10),2021,12,1431692,638.6,2.24,no,,BRD-05,VN-direct,High,revealed,China-reported FOB exports by month of export
China,Viet Nam,export,210610,protein concentrates and textured protein (2106.10),2022,1,754294,297.2,2.54,no,,BRD-05,VN-direct,High,revealed,China-reported FOB exports by month of export
China,Viet Nam,export,210610,protein concentrates and textured protein (2106.10),2022,2,389203,214.1,1.82,no,Tet month (lunar 1/1 on 2022-02-01),BRD-05,VN-direct,High,revealed,China-reported FOB exports by month of export
China,Viet Nam,export,210610,protein concentrates and textured protein (2106.10),2022,3,1088410,587.3,1.85,no,,BRD-05,VN-direct,High,revealed,China-reported FOB exports by month of export
China,Viet Nam,export,210610,protein concentrates and textured protein (2106.10),2022,4,1005078,555.3,1.81,no,,BRD-05,VN-direct,High,revealed,China-reported FOB exports by month of export
China,Viet Nam,export,210610,protein concentrates and textured protein (2106.10),2022,5,1208361,605.5,2.0,no,,BRD-05,VN-direct,High,revealed,China-reported FOB exports by month of export
China,Viet Nam,export,210610,protein concentrates and textured protein (2106.10),2022,6,1104227,646.5,1.71,no,,BRD-05,VN-direct,High,revealed,China-reported FOB exports by month of export
China,Viet Nam,export,210610,protein concentrates and textured protein (2106.10),2022,7,1289167,595.7,2.16,no,,BRD-05,VN-direct,High,revealed,China-reported FOB exports by month of export
China,Viet Nam,export,210610,protein concentrates and textured protein (2106.10),2022,8,744496,378.3,1.97,no,Vu Lan month (lunar 7/15 on 2022-08-12),BRD-05,VN-direct,High,revealed,China-reported FOB exports by month of export
China,Viet Nam,export,210610,protein concentrates and textured protein (2106.10),2022,9,618783,410.6,1.51,no,,BRD-05,VN-direct,High,revealed,China-reported FOB exports by month of export
China,Viet Nam,export,210610,protein concentrates and textured protein (2106.10),2022,10,1043677,635.7,1.64,no,,BRD-05,VN-direct,High,revealed,China-reported FOB exports by month of export
China,Viet Nam,export,210610,protein concentrates and textured protein (2106.10),2022,11,565328,238.4,2.37,no,,BRD-05,VN-direct,High,revealed,China-reported FOB exports by month of export
China,Viet Nam,export,210610,protein concentrates and textured protein (2106.10),2022,12,842882,474.3,1.78,no,,BRD-05,VN-direct,High,revealed,China-reported FOB exports by month of export
China,Viet Nam,export,210610,protein concentrates and textured protein (2106.10),2023,1,399504,166.1,2.41,no,Tet month (lunar 1/1 on 2023-01-22),BRD-05,VN-direct,High,revealed,China-reported FOB exports by month of export
China,Viet Nam,export,210610,protein concentrates and textured protein (2106.10),2023,2,791152,373.9,2.12,no,,BRD-05,VN-direct,High,revealed,China-reported FOB exports by month of export
China,Viet Nam,export,210610,protein concentrates and textured protein (2106.10),2023,3,730103,370.5,1.97,no,,BRD-05,VN-direct,High,revealed,China-reported FOB exports by month of export
China,Viet Nam,export,210610,protein concentrates and textured protein (2106.10),2023,4,789581,465.9,1.69,no,,BRD-05,VN-direct,High,revealed,China-reported FOB exports by month of export
China,Viet Nam,export,210610,protein concentrates and textured protein (2106.10),2023,5,1018177,564.4,1.8,no,,BRD-05,VN-direct,High,revealed,China-reported FOB exports by month of export
China,Viet Nam,export,210610,protein concentrates and textured protein (2106.10),2023,6,637604,487.8,1.31,no,,BRD-05,VN-direct,High,revealed,China-reported FOB exports by month of export
China,Viet Nam,export,210610,protein concentrates and textured protein (2106.10),2023,7,1134490,646.3,1.76,no,,BRD-05,VN-direct,High,revealed,China-reported FOB exports by month of export
China,Viet Nam,export,210610,protein concentrates and textured protein (2106.10),2023,8,1389314,712.0,1.95,no,Vu Lan month (lunar 7/15 on 2023-08-30),BRD-05,VN-direct,High,revealed,China-reported FOB exports by month of export
China,Viet Nam,export,210610,protein concentrates and textured protein (2106.10),2023,9,831009,492.1,1.69,no,,BRD-05,VN-direct,High,revealed,China-reported FOB exports by month of export
China,Viet Nam,export,210610,protein concentrates and textured protein (2106.10),2023,10,674680,439.1,1.54,no,,BRD-05,VN-direct,High,revealed,China-reported FOB exports by month of export
China,Viet Nam,export,210610,protein concentrates and textured protein (2106.10),2023,11,1391387,919.1,1.51,no,,BRD-05,VN-direct,High,revealed,China-reported FOB exports by month of export
China,Viet Nam,export,210610,protein concentrates and textured protein (2106.10),2023,12,2843091,2320.4,1.23,no,,BRD-05,VN-direct,High,revealed,China-reported FOB exports by month of export
China,Viet Nam,export,210610,protein concentrates and textured protein (2106.10),2024,1,1378821,969.1,1.42,no,,BRD-05,VN-direct,High,revealed,China-reported FOB exports by month of export
China,Viet Nam,export,210610,protein concentrates and textured protein (2106.10),2024,2,624499,352.6,1.77,no,Tet month (lunar 1/1 on 2024-02-10),BRD-05,VN-direct,High,revealed,China-reported FOB exports by month of export
China,Viet Nam,export,210610,protein concentrates and textured protein (2106.10),2024,3,892085,545.2,1.64,no,,BRD-05,VN-direct,High,revealed,China-reported FOB exports by month of export
China,Viet Nam,export,210610,protein concentrates and textured protein (2106.10),2024,4,787564,605.9,1.3,no,,BRD-05,VN-direct,High,revealed,China-reported FOB exports by month of export
China,Viet Nam,export,210610,protein concentrates and textured protein (2106.10),2024,5,1277532,1019.5,1.25,no,,BRD-05,VN-direct,High,revealed,China-reported FOB exports by month of export
China,Viet Nam,export,210610,protein concentrates and textured protein (2106.10),2024,6,1076796,878.7,1.23,no,,BRD-05,VN-direct,High,revealed,China-reported FOB exports by month of export
China,Viet Nam,export,210610,protein concentrates and textured protein (2106.10),2024,7,1483010,1208.1,1.23,no,,BRD-05,VN-direct,High,revealed,China-reported FOB exports by month of export
China,Viet Nam,export,210610,protein concentrates and textured protein (2106.10),2024,8,1071340,913.5,1.17,no,Vu Lan month (lunar 7/15 on 2024-08-18),BRD-05,VN-direct,High,revealed,China-reported FOB exports by month of export
China,Viet Nam,export,210610,protein concentrates and textured protein (2106.10),2024,9,949399,764.8,1.24,no,,BRD-05,VN-direct,High,revealed,China-reported FOB exports by month of export
China,Viet Nam,export,210610,protein concentrates and textured protein (2106.10),2024,10,1387834,1094.5,1.27,no,,BRD-05,VN-direct,High,revealed,China-reported FOB exports by month of export
China,Viet Nam,export,210610,protein concentrates and textured protein (2106.10),2024,11,660109,496.0,1.33,no,,BRD-05,VN-direct,High,revealed,China-reported FOB exports by month of export
China,Viet Nam,export,210610,protein concentrates and textured protein (2106.10),2024,12,1566949,1181.4,1.33,no,,BRD-05,VN-direct,High,revealed,China-reported FOB exports by month of export
China,Viet Nam,export,230990,"animal feed preparations (2309.90), feed control",2019,1,15321491,11404.6,1.34,no,,BRD-05,VN-direct,High,revealed,China-reported FOB exports by month of export
China,Viet Nam,export,230990,"animal feed preparations (2309.90), feed control",2019,2,8392830,8707.6,0.96,no,Tet month (lunar 1/1 on 2019-02-05),BRD-05,VN-direct,High,revealed,China-reported FOB exports by month of export
China,Viet Nam,export,230990,"animal feed preparations (2309.90), feed control",2019,3,17106860,13852.6,1.23,no,,BRD-05,VN-direct,High,revealed,China-reported FOB exports by month of export
China,Viet Nam,export,230990,"animal feed preparations (2309.90), feed control",2019,4,12838375,10955.1,1.17,no,,BRD-05,VN-direct,High,revealed,China-reported FOB exports by month of export
China,Viet Nam,export,230990,"animal feed preparations (2309.90), feed control",2019,5,13393252,10691.9,1.25,no,,BRD-05,VN-direct,High,revealed,China-reported FOB exports by month of export
China,Viet Nam,export,230990,"animal feed preparations (2309.90), feed control",2019,6,15363333,11316.5,1.36,no,,BRD-05,VN-direct,High,revealed,China-reported FOB exports by month of export
China,Viet Nam,export,230990,"animal feed preparations (2309.90), feed control",2019,7,12419266,8418.1,1.48,no,,BRD-05,VN-direct,High,revealed,China-reported FOB exports by month of export
China,Viet Nam,export,230990,"animal feed preparations (2309.90), feed control",2019,8,11724560,9951.5,1.18,no,Vu Lan month (lunar 7/15 on 2019-08-15),BRD-05,VN-direct,High,revealed,China-reported FOB exports by month of export
China,Viet Nam,export,230990,"animal feed preparations (2309.90), feed control",2019,9,11188720,8885.3,1.26,no,,BRD-05,VN-direct,High,revealed,China-reported FOB exports by month of export
China,Viet Nam,export,230990,"animal feed preparations (2309.90), feed control",2019,10,10823225,9677.3,1.12,no,,BRD-05,VN-direct,High,revealed,China-reported FOB exports by month of export
China,Viet Nam,export,230990,"animal feed preparations (2309.90), feed control",2019,11,14099596,10583.2,1.33,no,,BRD-05,VN-direct,High,revealed,China-reported FOB exports by month of export
China,Viet Nam,export,230990,"animal feed preparations (2309.90), feed control",2019,12,16683992,12509.8,1.33,no,,BRD-05,VN-direct,High,revealed,China-reported FOB exports by month of export
China,Viet Nam,export,230990,"animal feed preparations (2309.90), feed control",2020,1,8322495,6496.6,1.28,no,Tet month (lunar 1/1 on 2020-01-25),BRD-05,VN-direct,High,revealed,China-reported FOB exports by month of export
China,Viet Nam,export,230990,"animal feed preparations (2309.90), feed control",2020,2,13925838,9945.9,1.4,no,,BRD-05,VN-direct,High,revealed,China-reported FOB exports by month of export
China,Viet Nam,export,230990,"animal feed preparations (2309.90), feed control",2020,3,22692594,16150.9,1.41,no,,BRD-05,VN-direct,High,revealed,China-reported FOB exports by month of export
China,Viet Nam,export,230990,"animal feed preparations (2309.90), feed control",2020,4,19072980,14013.9,1.36,no,,BRD-05,VN-direct,High,revealed,China-reported FOB exports by month of export
China,Viet Nam,export,230990,"animal feed preparations (2309.90), feed control",2020,5,14789141,11255.6,1.31,no,,BRD-05,VN-direct,High,revealed,China-reported FOB exports by month of export
China,Viet Nam,export,230990,"animal feed preparations (2309.90), feed control",2020,6,13952733,9052.3,1.54,no,,BRD-05,VN-direct,High,revealed,China-reported FOB exports by month of export
China,Viet Nam,export,230990,"animal feed preparations (2309.90), feed control",2020,7,12937006,7459.1,1.73,no,,BRD-05,VN-direct,High,revealed,China-reported FOB exports by month of export
China,Viet Nam,export,230990,"animal feed preparations (2309.90), feed control",2020,8,13091495,8137.3,1.61,no,,BRD-05,VN-direct,High,revealed,China-reported FOB exports by month of export
China,Viet Nam,export,230990,"animal feed preparations (2309.90), feed control",2020,9,19686239,14685.3,1.34,no,Vu Lan month (lunar 7/15 on 2020-09-02),BRD-05,VN-direct,High,revealed,China-reported FOB exports by month of export
China,Viet Nam,export,230990,"animal feed preparations (2309.90), feed control",2020,10,19155865,14088.4,1.36,no,,BRD-05,VN-direct,High,revealed,China-reported FOB exports by month of export
China,Viet Nam,export,230990,"animal feed preparations (2309.90), feed control",2020,11,22064247,14772.8,1.49,no,,BRD-05,VN-direct,High,revealed,China-reported FOB exports by month of export
China,Viet Nam,export,230990,"animal feed preparations (2309.90), feed control",2020,12,22787732,12525.5,1.82,no,,BRD-05,VN-direct,High,revealed,China-reported FOB exports by month of export
China,Viet Nam,export,230990,"animal feed preparations (2309.90), feed control",2021,1,16555000,11252.2,1.47,no,,BRD-05,VN-direct,High,revealed,China-reported FOB exports by month of export
China,Viet Nam,export,230990,"animal feed preparations (2309.90), feed control",2021,2,11887115,10725.4,1.11,no,Tet month (lunar 1/1 on 2021-02-12),BRD-05,VN-direct,High,revealed,China-reported FOB exports by month of export
China,Viet Nam,export,230990,"animal feed preparations (2309.90), feed control",2021,3,24118709,15487.6,1.56,no,,BRD-05,VN-direct,High,revealed,China-reported FOB exports by month of export
China,Viet Nam,export,230990,"animal feed preparations (2309.90), feed control",2021,4,15253782,9836.5,1.55,no,,BRD-05,VN-direct,High,revealed,China-reported FOB exports by month of export
China,Viet Nam,export,230990,"animal feed preparations (2309.90), feed control",2021,5,13199322,8471.2,1.56,no,,BRD-05,VN-direct,High,revealed,China-reported FOB exports by month of export
China,Viet Nam,export,230990,"animal feed preparations (2309.90), feed control",2021,6,19610909,12446.9,1.58,no,,BRD-05,VN-direct,High,revealed,China-reported FOB exports by month of export
China,Viet Nam,export,230990,"animal feed preparations (2309.90), feed control",2021,7,19688029,11322.1,1.74,no,,BRD-05,VN-direct,High,revealed,China-reported FOB exports by month of export
China,Viet Nam,export,230990,"animal feed preparations (2309.90), feed control",2021,8,15054160,10895.5,1.38,no,Vu Lan month (lunar 7/15 on 2021-08-22),BRD-05,VN-direct,High,revealed,China-reported FOB exports by month of export
China,Viet Nam,export,230990,"animal feed preparations (2309.90), feed control",2021,9,13971280,9676.7,1.44,no,,BRD-05,VN-direct,High,revealed,China-reported FOB exports by month of export
China,Viet Nam,export,230990,"animal feed preparations (2309.90), feed control",2021,10,12736075,8501.1,1.5,no,,BRD-05,VN-direct,High,revealed,China-reported FOB exports by month of export
China,Viet Nam,export,230990,"animal feed preparations (2309.90), feed control",2021,11,18960237,8720.8,2.17,no,,BRD-05,VN-direct,High,revealed,China-reported FOB exports by month of export
China,Viet Nam,export,230990,"animal feed preparations (2309.90), feed control",2021,12,19045855,10047.1,1.9,no,,BRD-05,VN-direct,High,revealed,China-reported FOB exports by month of export
China,Viet Nam,export,230990,"animal feed preparations (2309.90), feed control",2022,1,14806673,9429.7,1.57,no,,BRD-05,VN-direct,High,revealed,China-reported FOB exports by month of export
China,Viet Nam,export,230990,"animal feed preparations (2309.90), feed control",2022,2,13601032,8802.7,1.55,no,Tet month (lunar 1/1 on 2022-02-01),BRD-05,VN-direct,High,revealed,China-reported FOB exports by month of export
China,Viet Nam,export,230990,"animal feed preparations (2309.90), feed control",2022,3,24528937,16274.2,1.51,no,,BRD-05,VN-direct,High,revealed,China-reported FOB exports by month of export
China,Viet Nam,export,230990,"animal feed preparations (2309.90), feed control",2022,4,24262176,16857.2,1.44,no,,BRD-05,VN-direct,High,revealed,China-reported FOB exports by month of export
China,Viet Nam,export,230990,"animal feed preparations (2309.90), feed control",2022,5,24480733,15630.6,1.57,no,,BRD-05,VN-direct,High,revealed,China-reported FOB exports by month of export
China,Viet Nam,export,230990,"animal feed preparations (2309.90), feed control",2022,6,21295601,12828.9,1.66,no,,BRD-05,VN-direct,High,revealed,China-reported FOB exports by month of export
China,Viet Nam,export,230990,"animal feed preparations (2309.90), feed control",2022,7,17676289,10016.4,1.76,no,,BRD-05,VN-direct,High,revealed,China-reported FOB exports by month of export
China,Viet Nam,export,230990,"animal feed preparations (2309.90), feed control",2022,8,17281212,10238.0,1.69,no,Vu Lan month (lunar 7/15 on 2022-08-12),BRD-05,VN-direct,High,revealed,China-reported FOB exports by month of export
China,Viet Nam,export,230990,"animal feed preparations (2309.90), feed control",2022,9,16174947,11174.3,1.45,no,,BRD-05,VN-direct,High,revealed,China-reported FOB exports by month of export
China,Viet Nam,export,230990,"animal feed preparations (2309.90), feed control",2022,10,20231184,16520.3,1.22,no,,BRD-05,VN-direct,High,revealed,China-reported FOB exports by month of export
China,Viet Nam,export,230990,"animal feed preparations (2309.90), feed control",2022,11,17575270,14146.5,1.24,no,,BRD-05,VN-direct,High,revealed,China-reported FOB exports by month of export
China,Viet Nam,export,230990,"animal feed preparations (2309.90), feed control",2022,12,18423297,11901.5,1.55,no,,BRD-05,VN-direct,High,revealed,China-reported FOB exports by month of export
China,Viet Nam,export,230990,"animal feed preparations (2309.90), feed control",2023,1,10506827,7115.7,1.48,no,Tet month (lunar 1/1 on 2023-01-22),BRD-05,VN-direct,High,revealed,China-reported FOB exports by month of export
China,Viet Nam,export,230990,"animal feed preparations (2309.90), feed control",2023,2,14808103,12499.8,1.18,no,,BRD-05,VN-direct,High,revealed,China-reported FOB exports by month of export
China,Viet Nam,export,230990,"animal feed preparations (2309.90), feed control",2023,3,20828309,16683.8,1.25,no,,BRD-05,VN-direct,High,revealed,China-reported FOB exports by month of export
China,Viet Nam,export,230990,"animal feed preparations (2309.90), feed control",2023,4,21801024,17938.9,1.22,no,,BRD-05,VN-direct,High,revealed,China-reported FOB exports by month of export
China,Viet Nam,export,230990,"animal feed preparations (2309.90), feed control",2023,5,23532237,18155.8,1.3,no,,BRD-05,VN-direct,High,revealed,China-reported FOB exports by month of export
China,Viet Nam,export,230990,"animal feed preparations (2309.90), feed control",2023,6,22262918,16582.4,1.34,no,,BRD-05,VN-direct,High,revealed,China-reported FOB exports by month of export
China,Viet Nam,export,230990,"animal feed preparations (2309.90), feed control",2023,7,20774995,15938.1,1.3,no,,BRD-05,VN-direct,High,revealed,China-reported FOB exports by month of export
China,Viet Nam,export,230990,"animal feed preparations (2309.90), feed control",2023,8,19248212,12942.9,1.49,no,Vu Lan month (lunar 7/15 on 2023-08-30),BRD-05,VN-direct,High,revealed,China-reported FOB exports by month of export
China,Viet Nam,export,230990,"animal feed preparations (2309.90), feed control",2023,9,21470690,16321.8,1.32,no,,BRD-05,VN-direct,High,revealed,China-reported FOB exports by month of export
China,Viet Nam,export,230990,"animal feed preparations (2309.90), feed control",2023,10,18026668,12250.5,1.47,no,,BRD-05,VN-direct,High,revealed,China-reported FOB exports by month of export
China,Viet Nam,export,230990,"animal feed preparations (2309.90), feed control",2023,11,19761434,15657.5,1.26,no,,BRD-05,VN-direct,High,revealed,China-reported FOB exports by month of export
China,Viet Nam,export,230990,"animal feed preparations (2309.90), feed control",2023,12,20890634,17130.8,1.22,no,,BRD-05,VN-direct,High,revealed,China-reported FOB exports by month of export
China,Viet Nam,export,230990,"animal feed preparations (2309.90), feed control",2024,1,22778702,18065.0,1.26,no,,BRD-05,VN-direct,High,revealed,China-reported FOB exports by month of export
China,Viet Nam,export,230990,"animal feed preparations (2309.90), feed control",2024,2,10961717,11003.9,1.0,no,Tet month (lunar 1/1 on 2024-02-10),BRD-05,VN-direct,High,revealed,China-reported FOB exports by month of export
China,Viet Nam,export,230990,"animal feed preparations (2309.90), feed control",2024,3,28410895,23812.7,1.19,no,,BRD-05,VN-direct,High,revealed,China-reported FOB exports by month of export
China,Viet Nam,export,230990,"animal feed preparations (2309.90), feed control",2024,4,22230068,19601.7,1.13,no,,BRD-05,VN-direct,High,revealed,China-reported FOB exports by month of export
China,Viet Nam,export,230990,"animal feed preparations (2309.90), feed control",2024,5,18945357,13081.5,1.45,no,,BRD-05,VN-direct,High,revealed,China-reported FOB exports by month of export
China,Viet Nam,export,230990,"animal feed preparations (2309.90), feed control",2024,6,24086689,19927.4,1.21,no,,BRD-05,VN-direct,High,revealed,China-reported FOB exports by month of export
China,Viet Nam,export,230990,"animal feed preparations (2309.90), feed control",2024,7,24511709,20982.3,1.17,no,,BRD-05,VN-direct,High,revealed,China-reported FOB exports by month of export
China,Viet Nam,export,230990,"animal feed preparations (2309.90), feed control",2024,8,20926814,17954.4,1.17,no,Vu Lan month (lunar 7/15 on 2024-08-18),BRD-05,VN-direct,High,revealed,China-reported FOB exports by month of export
China,Viet Nam,export,230990,"animal feed preparations (2309.90), feed control",2024,9,22702318,18458.5,1.23,no,,BRD-05,VN-direct,High,revealed,China-reported FOB exports by month of export
China,Viet Nam,export,230990,"animal feed preparations (2309.90), feed control",2024,10,20906770,19349.3,1.08,no,,BRD-05,VN-direct,High,revealed,China-reported FOB exports by month of export
China,Viet Nam,export,230990,"animal feed preparations (2309.90), feed control",2024,11,26573207,20279.1,1.31,no,,BRD-05,VN-direct,High,revealed,China-reported FOB exports by month of export
China,Viet Nam,export,230990,"animal feed preparations (2309.90), feed control",2024,12,25408148,24121.2,1.05,no,,BRD-05,VN-direct,High,revealed,China-reported FOB exports by month of export
China,Viet Nam,export,350400,protein substances incl. soy isolate (3504),2019,1,270314,124.4,2.17,no,,BRD-05,VN-direct,High,revealed,China-reported FOB exports by month of export
China,Viet Nam,export,350400,protein substances incl. soy isolate (3504),2019,2,159791,77.5,2.06,no,Tet month (lunar 1/1 on 2019-02-05),BRD-05,VN-direct,High,revealed,China-reported FOB exports by month of export
China,Viet Nam,export,350400,protein substances incl. soy isolate (3504),2019,3,303526,141.7,2.14,no,,BRD-05,VN-direct,High,revealed,China-reported FOB exports by month of export
China,Viet Nam,export,350400,protein substances incl. soy isolate (3504),2019,4,291605,137.0,2.13,no,,BRD-05,VN-direct,High,revealed,China-reported FOB exports by month of export
China,Viet Nam,export,350400,protein substances incl. soy isolate (3504),2019,5,377240,256.5,1.47,no,,BRD-05,VN-direct,High,revealed,China-reported FOB exports by month of export
China,Viet Nam,export,350400,protein substances incl. soy isolate (3504),2019,6,232712,178.0,1.31,no,,BRD-05,VN-direct,High,revealed,China-reported FOB exports by month of export
China,Viet Nam,export,350400,protein substances incl. soy isolate (3504),2019,7,177756,70.0,2.54,no,,BRD-05,VN-direct,High,revealed,China-reported FOB exports by month of export
China,Viet Nam,export,350400,protein substances incl. soy isolate (3504),2019,8,327438,237.5,1.38,no,Vu Lan month (lunar 7/15 on 2019-08-15),BRD-05,VN-direct,High,revealed,China-reported FOB exports by month of export
China,Viet Nam,export,350400,protein substances incl. soy isolate (3504),2019,9,144493,63.7,2.27,no,,BRD-05,VN-direct,High,revealed,China-reported FOB exports by month of export
China,Viet Nam,export,350400,protein substances incl. soy isolate (3504),2019,10,420234,253.1,1.66,no,,BRD-05,VN-direct,High,revealed,China-reported FOB exports by month of export
China,Viet Nam,export,350400,protein substances incl. soy isolate (3504),2019,11,486029,281.6,1.73,no,,BRD-05,VN-direct,High,revealed,China-reported FOB exports by month of export
China,Viet Nam,export,350400,protein substances incl. soy isolate (3504),2019,12,349612,319.3,1.09,no,,BRD-05,VN-direct,High,revealed,China-reported FOB exports by month of export
China,Viet Nam,export,350400,protein substances incl. soy isolate (3504),2020,1,263944,128.0,2.06,no,Tet month (lunar 1/1 on 2020-01-25),BRD-05,VN-direct,High,revealed,China-reported FOB exports by month of export
China,Viet Nam,export,350400,protein substances incl. soy isolate (3504),2020,2,306198,137.2,2.23,no,,BRD-05,VN-direct,High,revealed,China-reported FOB exports by month of export
China,Viet Nam,export,350400,protein substances incl. soy isolate (3504),2020,3,686033,325.6,2.11,no,,BRD-05,VN-direct,High,revealed,China-reported FOB exports by month of export
China,Viet Nam,export,350400,protein substances incl. soy isolate (3504),2020,4,354120,200.6,1.77,no,,BRD-05,VN-direct,High,revealed,China-reported FOB exports by month of export
China,Viet Nam,export,350400,protein substances incl. soy isolate (3504),2020,5,477302,209.5,2.28,no,,BRD-05,VN-direct,High,revealed,China-reported FOB exports by month of export
China,Viet Nam,export,350400,protein substances incl. soy isolate (3504),2020,6,337945,128.4,2.63,no,,BRD-05,VN-direct,High,revealed,China-reported FOB exports by month of export
China,Viet Nam,export,350400,protein substances incl. soy isolate (3504),2020,7,682328,268.6,2.54,no,,BRD-05,VN-direct,High,revealed,China-reported FOB exports by month of export
China,Viet Nam,export,350400,protein substances incl. soy isolate (3504),2020,8,278235,106.8,2.61,no,,BRD-05,VN-direct,High,revealed,China-reported FOB exports by month of export
China,Viet Nam,export,350400,protein substances incl. soy isolate (3504),2020,9,303981,114.3,2.66,no,Vu Lan month (lunar 7/15 on 2020-09-02),BRD-05,VN-direct,High,revealed,China-reported FOB exports by month of export
China,Viet Nam,export,350400,protein substances incl. soy isolate (3504),2020,10,571121,230.7,2.48,no,,BRD-05,VN-direct,High,revealed,China-reported FOB exports by month of export
China,Viet Nam,export,350400,protein substances incl. soy isolate (3504),2020,11,457308,176.3,2.59,no,,BRD-05,VN-direct,High,revealed,China-reported FOB exports by month of export
China,Viet Nam,export,350400,protein substances incl. soy isolate (3504),2020,12,699411,248.4,2.82,no,,BRD-05,VN-direct,High,revealed,China-reported FOB exports by month of export
China,Viet Nam,export,350400,protein substances incl. soy isolate (3504),2021,1,357451,113.7,3.14,no,,BRD-05,VN-direct,High,revealed,China-reported FOB exports by month of export
China,Viet Nam,export,350400,protein substances incl. soy isolate (3504),2021,2,706611,232.5,3.04,no,Tet month (lunar 1/1 on 2021-02-12),BRD-05,VN-direct,High,revealed,China-reported FOB exports by month of export
China,Viet Nam,export,350400,protein substances incl. soy isolate (3504),2021,3,508723,173.3,2.93,no,,BRD-05,VN-direct,High,revealed,China-reported FOB exports by month of export
China,Viet Nam,export,350400,protein substances incl. soy isolate (3504),2021,4,715987,226.3,3.16,no,,BRD-05,VN-direct,High,revealed,China-reported FOB exports by month of export
China,Viet Nam,export,350400,protein substances incl. soy isolate (3504),2021,5,641676,214.0,3.0,no,,BRD-05,VN-direct,High,revealed,China-reported FOB exports by month of export
China,Viet Nam,export,350400,protein substances incl. soy isolate (3504),2021,6,466734,145.4,3.21,no,,BRD-05,VN-direct,High,revealed,China-reported FOB exports by month of export
China,Viet Nam,export,350400,protein substances incl. soy isolate (3504),2021,7,737681,248.5,2.97,no,,BRD-05,VN-direct,High,revealed,China-reported FOB exports by month of export
China,Viet Nam,export,350400,protein substances incl. soy isolate (3504),2021,8,735221,239.5,3.07,no,Vu Lan month (lunar 7/15 on 2021-08-22),BRD-05,VN-direct,High,revealed,China-reported FOB exports by month of export
China,Viet Nam,export,350400,protein substances incl. soy isolate (3504),2021,9,644096,220.2,2.92,no,,BRD-05,VN-direct,High,revealed,China-reported FOB exports by month of export
China,Viet Nam,export,350400,protein substances incl. soy isolate (3504),2021,10,973332,323.0,3.01,no,,BRD-05,VN-direct,High,revealed,China-reported FOB exports by month of export
China,Viet Nam,export,350400,protein substances incl. soy isolate (3504),2021,11,602914,182.3,3.31,no,,BRD-05,VN-direct,High,revealed,China-reported FOB exports by month of export
China,Viet Nam,export,350400,protein substances incl. soy isolate (3504),2021,12,515590,197.4,2.61,no,,BRD-05,VN-direct,High,revealed,China-reported FOB exports by month of export
China,Viet Nam,export,350400,protein substances incl. soy isolate (3504),2022,1,1289801,342.1,3.77,no,,BRD-05,VN-direct,High,revealed,China-reported FOB exports by month of export
China,Viet Nam,export,350400,protein substances incl. soy isolate (3504),2022,2,913401,272.4,3.35,no,Tet month (lunar 1/1 on 2022-02-01),BRD-05,VN-direct,High,revealed,China-reported FOB exports by month of export
China,Viet Nam,export,350400,protein substances incl. soy isolate (3504),2022,3,1278571,344.8,3.71,no,,BRD-05,VN-direct,High,revealed,China-reported FOB exports by month of export
China,Viet Nam,export,350400,protein substances incl. soy isolate (3504),2022,4,1566789,419.8,3.73,no,,BRD-05,VN-direct,High,revealed,China-reported FOB exports by month of export
China,Viet Nam,export,350400,protein substances incl. soy isolate (3504),2022,5,1283635,331.6,3.87,no,,BRD-05,VN-direct,High,revealed,China-reported FOB exports by month of export
China,Viet Nam,export,350400,protein substances incl. soy isolate (3504),2022,6,1523943,436.6,3.49,no,,BRD-05,VN-direct,High,revealed,China-reported FOB exports by month of export
China,Viet Nam,export,350400,protein substances incl. soy isolate (3504),2022,7,824766,222.5,3.71,no,,BRD-05,VN-direct,High,revealed,China-reported FOB exports by month of export
China,Viet Nam,export,350400,protein substances incl. soy isolate (3504),2022,8,900416,260.9,3.45,no,Vu Lan month (lunar 7/15 on 2022-08-12),BRD-05,VN-direct,High,revealed,China-reported FOB exports by month of export
China,Viet Nam,export,350400,protein substances incl. soy isolate (3504),2022,9,1341177,358.4,3.74,no,,BRD-05,VN-direct,High,revealed,China-reported FOB exports by month of export
China,Viet Nam,export,350400,protein substances incl. soy isolate (3504),2022,10,777537,225.0,3.46,no,,BRD-05,VN-direct,High,revealed,China-reported FOB exports by month of export
China,Viet Nam,export,350400,protein substances incl. soy isolate (3504),2022,11,1247738,419.1,2.98,no,,BRD-05,VN-direct,High,revealed,China-reported FOB exports by month of export
China,Viet Nam,export,350400,protein substances incl. soy isolate (3504),2022,12,866200,302.0,2.87,no,,BRD-05,VN-direct,High,revealed,China-reported FOB exports by month of export
China,Viet Nam,export,350400,protein substances incl. soy isolate (3504),2023,1,617543,211.1,2.93,no,Tet month (lunar 1/1 on 2023-01-22),BRD-05,VN-direct,High,revealed,China-reported FOB exports by month of export
China,Viet Nam,export,350400,protein substances incl. soy isolate (3504),2023,2,1735568,589.1,2.95,no,,BRD-05,VN-direct,High,revealed,China-reported FOB exports by month of export
China,Viet Nam,export,350400,protein substances incl. soy isolate (3504),2023,3,799502,283.4,2.82,no,,BRD-05,VN-direct,High,revealed,China-reported FOB exports by month of export
China,Viet Nam,export,350400,protein substances incl. soy isolate (3504),2023,4,937143,319.7,2.93,yes,,BRD-05,VN-direct,High,revealed,China-reported FOB exports by month of export
China,Viet Nam,export,350400,protein substances incl. soy isolate (3504),2023,5,923407,332.0,2.78,no,,BRD-05,VN-direct,High,revealed,China-reported FOB exports by month of export
China,Viet Nam,export,350400,protein substances incl. soy isolate (3504),2023,6,665162,267.0,2.49,no,,BRD-05,VN-direct,High,revealed,China-reported FOB exports by month of export
China,Viet Nam,export,350400,protein substances incl. soy isolate (3504),2023,7,775462,282.4,2.75,no,,BRD-05,VN-direct,High,revealed,China-reported FOB exports by month of export
China,Viet Nam,export,350400,protein substances incl. soy isolate (3504),2023,8,1018047,597.3,1.7,no,Vu Lan month (lunar 7/15 on 2023-08-30),BRD-05,VN-direct,High,revealed,China-reported FOB exports by month of export
China,Viet Nam,export,350400,protein substances incl. soy isolate (3504),2023,9,1424616,863.3,1.65,no,,BRD-05,VN-direct,High,revealed,China-reported FOB exports by month of export
China,Viet Nam,export,350400,protein substances incl. soy isolate (3504),2023,10,2171263,1843.4,1.18,no,,BRD-05,VN-direct,High,revealed,China-reported FOB exports by month of export
China,Viet Nam,export,350400,protein substances incl. soy isolate (3504),2023,11,3422452,3062.0,1.12,no,,BRD-05,VN-direct,High,revealed,China-reported FOB exports by month of export
China,Viet Nam,export,350400,protein substances incl. soy isolate (3504),2023,12,1822636,1377.9,1.32,no,,BRD-05,VN-direct,High,revealed,China-reported FOB exports by month of export
China,Viet Nam,export,350400,protein substances incl. soy isolate (3504),2024,1,1751706,1660.1,1.06,no,,BRD-05,VN-direct,High,revealed,China-reported FOB exports by month of export
China,Viet Nam,export,350400,protein substances incl. soy isolate (3504),2024,2,1406929,967.9,1.45,no,Tet month (lunar 1/1 on 2024-02-10),BRD-05,VN-direct,High,revealed,China-reported FOB exports by month of export
China,Viet Nam,export,350400,protein substances incl. soy isolate (3504),2024,3,3689695,3520.8,1.05,no,,BRD-05,VN-direct,High,revealed,China-reported FOB exports by month of export
China,Viet Nam,export,350400,protein substances incl. soy isolate (3504),2024,4,3605967,3978.3,0.91,no,,BRD-05,VN-direct,High,revealed,China-reported FOB exports by month of export
China,Viet Nam,export,350400,protein substances incl. soy isolate (3504),2024,5,2240384,2272.5,0.99,no,,BRD-05,VN-direct,High,revealed,China-reported FOB exports by month of export
China,Viet Nam,export,350400,protein substances incl. soy isolate (3504),2024,6,1384687,1208.5,1.15,no,,BRD-05,VN-direct,High,revealed,China-reported FOB exports by month of export
China,Viet Nam,export,350400,protein substances incl. soy isolate (3504),2024,7,1930428,2060.6,0.94,no,,BRD-05,VN-direct,High,revealed,China-reported FOB exports by month of export
China,Viet Nam,export,350400,protein substances incl. soy isolate (3504),2024,8,3038386,2745.6,1.11,no,Vu Lan month (lunar 7/15 on 2024-08-18),BRD-05,VN-direct,High,revealed,China-reported FOB exports by month of export
China,Viet Nam,export,350400,protein substances incl. soy isolate (3504),2024,9,1733114,1915.1,0.9,no,,BRD-05,VN-direct,High,revealed,China-reported FOB exports by month of export
China,Viet Nam,export,350400,protein substances incl. soy isolate (3504),2024,10,1508811,1242.9,1.21,no,,BRD-05,VN-direct,High,revealed,China-reported FOB exports by month of export
China,Viet Nam,export,350400,protein substances incl. soy isolate (3504),2024,11,1241837,1144.0,1.09,no,,BRD-05,VN-direct,High,revealed,China-reported FOB exports by month of export
China,Viet Nam,export,350400,protein substances incl. soy isolate (3504),2024,12,2380070,2550.8,0.93,no,,BRD-05,VN-direct,High,revealed,China-reported FOB exports by month of export
China,Thailand,export,110900,wheat gluten (1109),2019,1,789664,555.0,1.42,no,,BRD-05,VN-adjacent,High,revealed,China-reported FOB exports by month of export
China,Thailand,export,110900,wheat gluten (1109),2019,2,394254,308.0,1.28,no,Tet month (lunar 1/1 on 2019-02-05),BRD-05,VN-adjacent,High,revealed,China-reported FOB exports by month of export
China,Thailand,export,110900,wheat gluten (1109),2019,3,514936,396.0,1.3,no,,BRD-05,VN-adjacent,High,revealed,China-reported FOB exports by month of export
China,Thailand,export,110900,wheat gluten (1109),2019,4,642102,507.0,1.27,no,,BRD-05,VN-adjacent,High,revealed,China-reported FOB exports by month of export
China,Thailand,export,110900,wheat gluten (1109),2019,5,969975,792.0,1.22,no,,BRD-05,VN-adjacent,High,revealed,China-reported FOB exports by month of export
China,Thailand,export,110900,wheat gluten (1109),2019,6,1031530,792.0,1.3,no,,BRD-05,VN-adjacent,High,revealed,China-reported FOB exports by month of export
China,Thailand,export,110900,wheat gluten (1109),2019,7,686896,528.0,1.3,no,,BRD-05,VN-adjacent,High,revealed,China-reported FOB exports by month of export
China,Thailand,export,110900,wheat gluten (1109),2019,8,958247,770.0,1.24,no,Vu Lan month (lunar 7/15 on 2019-08-15),BRD-05,VN-adjacent,High,revealed,China-reported FOB exports by month of export
China,Thailand,export,110900,wheat gluten (1109),2019,9,1174850,1028.0,1.14,no,,BRD-05,VN-adjacent,High,revealed,China-reported FOB exports by month of export
China,Thailand,export,110900,wheat gluten (1109),2019,10,611719,550.0,1.11,no,,BRD-05,VN-adjacent,High,revealed,China-reported FOB exports by month of export
China,Thailand,export,110900,wheat gluten (1109),2019,11,893862,835.5,1.07,no,,BRD-05,VN-adjacent,High,revealed,China-reported FOB exports by month of export
China,Thailand,export,110900,wheat gluten (1109),2019,12,730726,635.6,1.15,no,,BRD-05,VN-adjacent,High,revealed,China-reported FOB exports by month of export
China,Thailand,export,110900,wheat gluten (1109),2020,1,696540,629.4,1.11,no,Tet month (lunar 1/1 on 2020-01-25),BRD-05,VN-adjacent,High,revealed,China-reported FOB exports by month of export
China,Thailand,export,110900,wheat gluten (1109),2020,2,28470,22.0,1.29,no,,BRD-05,VN-adjacent,High,revealed,China-reported FOB exports by month of export
China,Thailand,export,110900,wheat gluten (1109),2020,3,650486,559.0,1.16,no,,BRD-05,VN-adjacent,High,revealed,China-reported FOB exports by month of export
China,Thailand,export,110900,wheat gluten (1109),2020,4,667156,546.0,1.22,no,,BRD-05,VN-adjacent,High,revealed,China-reported FOB exports by month of export
China,Thailand,export,110900,wheat gluten (1109),2020,5,566812,440.0,1.29,no,,BRD-05,VN-adjacent,High,revealed,China-reported FOB exports by month of export
China,Thailand,export,110900,wheat gluten (1109),2020,6,536916,440.0,1.22,no,,BRD-05,VN-adjacent,High,revealed,China-reported FOB exports by month of export
China,Thailand,export,110900,wheat gluten (1109),2020,7,1117373,944.0,1.18,no,,BRD-05,VN-adjacent,High,revealed,China-reported FOB exports by month of export
China,Thailand,export,110900,wheat gluten (1109),2020,8,953303,726.0,1.31,no,,BRD-05,VN-adjacent,High,revealed,China-reported FOB exports by month of export
China,Thailand,export,110900,wheat gluten (1109),2020,9,711917,582.3,1.22,no,Vu Lan month (lunar 7/15 on 2020-09-02),BRD-05,VN-adjacent,High,revealed,China-reported FOB exports by month of export
China,Thailand,export,110900,wheat gluten (1109),2020,10,1159611,880.0,1.32,no,,BRD-05,VN-adjacent,High,revealed,China-reported FOB exports by month of export
China,Thailand,export,110900,wheat gluten (1109),2020,11,878292,665.0,1.32,no,,BRD-05,VN-adjacent,High,revealed,China-reported FOB exports by month of export
China,Thailand,export,110900,wheat gluten (1109),2020,12,892698,656.0,1.36,no,,BRD-05,VN-adjacent,High,revealed,China-reported FOB exports by month of export
China,Thailand,export,110900,wheat gluten (1109),2021,1,962744,682.0,1.41,no,,BRD-05,VN-adjacent,High,revealed,China-reported FOB exports by month of export
China,Thailand,export,110900,wheat gluten (1109),2021,2,1044853,744.0,1.4,no,Tet month (lunar 1/1 on 2021-02-12),BRD-05,VN-adjacent,High,revealed,China-reported FOB exports by month of export
China,Thailand,export,110900,wheat gluten (1109),2021,3,1544632,1105.2,1.4,no,,BRD-05,VN-adjacent,High,revealed,China-reported FOB exports by month of export
China,Thailand,export,110900,wheat gluten (1109),2021,4,555146,396.0,1.4,no,,BRD-05,VN-adjacent,High,revealed,China-reported FOB exports by month of export
China,Thailand,export,110900,wheat gluten (1109),2021,5,615444,454.0,1.36,no,,BRD-05,VN-adjacent,High,revealed,China-reported FOB exports by month of export
China,Thailand,export,110900,wheat gluten (1109),2021,6,442005,331.0,1.34,no,,BRD-05,VN-adjacent,High,revealed,China-reported FOB exports by month of export
China,Thailand,export,110900,wheat gluten (1109),2021,7,702590,519.0,1.35,no,,BRD-05,VN-adjacent,High,revealed,China-reported FOB exports by month of export
China,Thailand,export,110900,wheat gluten (1109),2021,8,1374646,1005.0,1.37,no,Vu Lan month (lunar 7/15 on 2021-08-22),BRD-05,VN-adjacent,High,revealed,China-reported FOB exports by month of export
China,Thailand,export,110900,wheat gluten (1109),2021,9,752317,551.0,1.37,no,,BRD-05,VN-adjacent,High,revealed,China-reported FOB exports by month of export
China,Thailand,export,110900,wheat gluten (1109),2021,10,368580,260.0,1.42,no,,BRD-05,VN-adjacent,High,revealed,China-reported FOB exports by month of export
China,Thailand,export,110900,wheat gluten (1109),2021,11,1256496,861.0,1.46,no,,BRD-05,VN-adjacent,High,revealed,China-reported FOB exports by month of export
China,Thailand,export,110900,wheat gluten (1109),2021,12,2244525,1401.0,1.6,no,,BRD-05,VN-adjacent,High,revealed,China-reported FOB exports by month of export
China,Thailand,export,110900,wheat gluten (1109),2022,1,2072320,1322.2,1.57,no,,BRD-05,VN-adjacent,High,revealed,China-reported FOB exports by month of export
China,Thailand,export,110900,wheat gluten (1109),2022,2,1663682,974.5,1.71,no,Tet month (lunar 1/1 on 2022-02-01),BRD-05,VN-adjacent,High,revealed,China-reported FOB exports by month of export
China,Thailand,export,110900,wheat gluten (1109),2022,3,2233954,1324.0,1.69,no,,BRD-05,VN-adjacent,High,revealed,China-reported FOB exports by month of export
China,Thailand,export,110900,wheat gluten (1109),2022,4,1697918,959.2,1.77,no,,BRD-05,VN-adjacent,High,revealed,China-reported FOB exports by month of export
China,Thailand,export,110900,wheat gluten (1109),2022,5,2051235,1129.0,1.82,no,,BRD-05,VN-adjacent,High,revealed,China-reported FOB exports by month of export
China,Thailand,export,110900,wheat gluten (1109),2022,6,2980196,1598.0,1.86,no,,BRD-05,VN-adjacent,High,revealed,China-reported FOB exports by month of export
China,Thailand,export,110900,wheat gluten (1109),2022,7,2943819,1513.0,1.95,no,,BRD-05,VN-adjacent,High,revealed,China-reported FOB exports by month of export
China,Thailand,export,110900,wheat gluten (1109),2022,8,2038076,1042.0,1.96,no,Vu Lan month (lunar 7/15 on 2022-08-12),BRD-05,VN-adjacent,High,revealed,China-reported FOB exports by month of export
China,Thailand,export,110900,wheat gluten (1109),2022,9,1843222,948.0,1.94,no,,BRD-05,VN-adjacent,High,revealed,China-reported FOB exports by month of export
China,Thailand,export,110900,wheat gluten (1109),2022,10,1234363,650.0,1.9,no,,BRD-05,VN-adjacent,High,revealed,China-reported FOB exports by month of export
China,Thailand,export,110900,wheat gluten (1109),2022,11,1533581,779.0,1.97,no,,BRD-05,VN-adjacent,High,revealed,China-reported FOB exports by month of export
China,Thailand,export,110900,wheat gluten (1109),2022,12,2314387,1162.5,1.99,no,,BRD-05,VN-adjacent,High,revealed,China-reported FOB exports by month of export
China,Thailand,export,110900,wheat gluten (1109),2023,1,1162505,591.0,1.97,no,Tet month (lunar 1/1 on 2023-01-22),BRD-05,VN-adjacent,High,revealed,China-reported FOB exports by month of export
China,Thailand,export,110900,wheat gluten (1109),2023,2,2550906,1308.8,1.95,no,,BRD-05,VN-adjacent,High,revealed,China-reported FOB exports by month of export
China,Thailand,export,110900,wheat gluten (1109),2023,3,1173797,596.2,1.97,no,,BRD-05,VN-adjacent,High,revealed,China-reported FOB exports by month of export
China,Thailand,export,110900,wheat gluten (1109),2023,4,1580379,780.0,2.03,no,,BRD-05,VN-adjacent,High,revealed,China-reported FOB exports by month of export
China,Thailand,export,110900,wheat gluten (1109),2023,5,1296428,642.1,2.02,no,,BRD-05,VN-adjacent,High,revealed,China-reported FOB exports by month of export
China,Thailand,export,110900,wheat gluten (1109),2023,6,1666149,864.0,1.93,no,,BRD-05,VN-adjacent,High,revealed,China-reported FOB exports by month of export
China,Thailand,export,110900,wheat gluten (1109),2023,7,2382870,1284.0,1.86,no,,BRD-05,VN-adjacent,High,revealed,China-reported FOB exports by month of export
China,Thailand,export,110900,wheat gluten (1109),2023,8,1529326,922.0,1.66,no,Vu Lan month (lunar 7/15 on 2023-08-30),BRD-05,VN-adjacent,High,revealed,China-reported FOB exports by month of export
China,Thailand,export,110900,wheat gluten (1109),2023,9,1673501,1048.0,1.6,no,,BRD-05,VN-adjacent,High,revealed,China-reported FOB exports by month of export
China,Thailand,export,110900,wheat gluten (1109),2023,10,1188424,692.0,1.72,no,,BRD-05,VN-adjacent,High,revealed,China-reported FOB exports by month of export
China,Thailand,export,110900,wheat gluten (1109),2023,11,1055541,658.0,1.6,no,,BRD-05,VN-adjacent,High,revealed,China-reported FOB exports by month of export
China,Thailand,export,110900,wheat gluten (1109),2023,12,1186582,798.0,1.49,no,,BRD-05,VN-adjacent,High,revealed,China-reported FOB exports by month of export
China,Thailand,export,110900,wheat gluten (1109),2024,1,1700171,1074.2,1.58,no,,BRD-05,VN-adjacent,High,revealed,China-reported FOB exports by month of export
China,Thailand,export,110900,wheat gluten (1109),2024,2,738382,533.0,1.39,no,Tet month (lunar 1/1 on 2024-02-10),BRD-05,VN-adjacent,High,revealed,China-reported FOB exports by month of export
China,Thailand,export,110900,wheat gluten (1109),2024,3,1971673,1352.0,1.46,no,,BRD-05,VN-adjacent,High,revealed,China-reported FOB exports by month of export
China,Thailand,export,110900,wheat gluten (1109),2024,4,1282005,900.0,1.42,no,,BRD-05,VN-adjacent,High,revealed,China-reported FOB exports by month of export
China,Thailand,export,110900,wheat gluten (1109),2024,5,1876857,1334.0,1.41,no,,BRD-05,VN-adjacent,High,revealed,China-reported FOB exports by month of export
China,Thailand,export,110900,wheat gluten (1109),2024,6,1272710,968.0,1.31,no,,BRD-05,VN-adjacent,High,revealed,China-reported FOB exports by month of export
China,Thailand,export,110900,wheat gluten (1109),2024,7,1653542,1294.0,1.28,no,,BRD-05,VN-adjacent,High,revealed,China-reported FOB exports by month of export
China,Thailand,export,110900,wheat gluten (1109),2024,8,1919459,1513.7,1.27,no,Vu Lan month (lunar 7/15 on 2024-08-18),BRD-05,VN-adjacent,High,revealed,China-reported FOB exports by month of export
China,Thailand,export,110900,wheat gluten (1109),2024,9,1112478,901.6,1.23,no,,BRD-05,VN-adjacent,High,revealed,China-reported FOB exports by month of export
China,Thailand,export,110900,wheat gluten (1109),2024,10,1511994,1220.0,1.24,no,,BRD-05,VN-adjacent,High,revealed,China-reported FOB exports by month of export
China,Thailand,export,110900,wheat gluten (1109),2024,11,1530978,1261.9,1.21,no,,BRD-05,VN-adjacent,High,revealed,China-reported FOB exports by month of export
China,Thailand,export,110900,wheat gluten (1109),2024,12,1662829,1410.0,1.18,no,,BRD-05,VN-adjacent,High,revealed,China-reported FOB exports by month of export
China,Thailand,export,210610,protein concentrates and textured protein (2106.10),2019,1,384004,245.0,1.57,no,,BRD-05,VN-adjacent,High,revealed,China-reported FOB exports by month of export
China,Thailand,export,210610,protein concentrates and textured protein (2106.10),2019,2,391958,169.5,2.31,no,Tet month (lunar 1/1 on 2019-02-05),BRD-05,VN-adjacent,High,revealed,China-reported FOB exports by month of export
China,Thailand,export,210610,protein concentrates and textured protein (2106.10),2019,3,525566,249.7,2.1,no,,BRD-05,VN-adjacent,High,revealed,China-reported FOB exports by month of export
China,Thailand,export,210610,protein concentrates and textured protein (2106.10),2019,4,436687,281.1,1.55,no,,BRD-05,VN-adjacent,High,revealed,China-reported FOB exports by month of export
China,Thailand,export,210610,protein concentrates and textured protein (2106.10),2019,5,505370,288.0,1.75,no,,BRD-05,VN-adjacent,High,revealed,China-reported FOB exports by month of export
China,Thailand,export,210610,protein concentrates and textured protein (2106.10),2019,6,233665,227.2,1.03,no,,BRD-05,VN-adjacent,High,revealed,China-reported FOB exports by month of export
China,Thailand,export,210610,protein concentrates and textured protein (2106.10),2019,7,456173,425.3,1.07,no,,BRD-05,VN-adjacent,High,revealed,China-reported FOB exports by month of export
China,Thailand,export,210610,protein concentrates and textured protein (2106.10),2019,8,482050,316.5,1.52,no,Vu Lan month (lunar 7/15 on 2019-08-15),BRD-05,VN-adjacent,High,revealed,China-reported FOB exports by month of export
China,Thailand,export,210610,protein concentrates and textured protein (2106.10),2019,9,450475,438.6,1.03,no,,BRD-05,VN-adjacent,High,revealed,China-reported FOB exports by month of export
China,Thailand,export,210610,protein concentrates and textured protein (2106.10),2019,10,594367,597.3,1.0,no,,BRD-05,VN-adjacent,High,revealed,China-reported FOB exports by month of export
China,Thailand,export,210610,protein concentrates and textured protein (2106.10),2019,11,586271,537.3,1.09,no,,BRD-05,VN-adjacent,High,revealed,China-reported FOB exports by month of export
China,Thailand,export,210610,protein concentrates and textured protein (2106.10),2019,12,572340,673.0,0.85,no,,BRD-05,VN-adjacent,High,revealed,China-reported FOB exports by month of export
China,Thailand,export,210610,protein concentrates and textured protein (2106.10),2020,1,719968,650.1,1.11,no,Tet month (lunar 1/1 on 2020-01-25),BRD-05,VN-adjacent,High,revealed,China-reported FOB exports by month of export
China,Thailand,export,210610,protein concentrates and textured protein (2106.10),2020,2,253455,151.9,1.67,no,,BRD-05,VN-adjacent,High,revealed,China-reported FOB exports by month of export
China,Thailand,export,210610,protein concentrates and textured protein (2106.10),2020,3,670727,447.8,1.5,no,,BRD-05,VN-adjacent,High,revealed,China-reported FOB exports by month of export
China,Thailand,export,210610,protein concentrates and textured protein (2106.10),2020,4,1027963,752.3,1.37,no,,BRD-05,VN-adjacent,High,revealed,China-reported FOB exports by month of export
China,Thailand,export,210610,protein concentrates and textured protein (2106.10),2020,5,596893,526.8,1.13,no,,BRD-05,VN-adjacent,High,revealed,China-reported FOB exports by month of export
China,Thailand,export,210610,protein concentrates and textured protein (2106.10),2020,6,750664,842.3,0.89,no,,BRD-05,VN-adjacent,High,revealed,China-reported FOB exports by month of export
China,Thailand,export,210610,protein concentrates and textured protein (2106.10),2020,7,371874,380.6,0.98,no,,BRD-05,VN-adjacent,High,revealed,China-reported FOB exports by month of export
China,Thailand,export,210610,protein concentrates and textured protein (2106.10),2020,8,527210,442.0,1.19,no,,BRD-05,VN-adjacent,High,revealed,China-reported FOB exports by month of export
China,Thailand,export,210610,protein concentrates and textured protein (2106.10),2020,9,439538,360.5,1.22,no,Vu Lan month (lunar 7/15 on 2020-09-02),BRD-05,VN-adjacent,High,revealed,China-reported FOB exports by month of export
China,Thailand,export,210610,protein concentrates and textured protein (2106.10),2020,10,378562,354.8,1.07,no,,BRD-05,VN-adjacent,High,revealed,China-reported FOB exports by month of export
China,Thailand,export,210610,protein concentrates and textured protein (2106.10),2020,11,704969,619.8,1.14,no,,BRD-05,VN-adjacent,High,revealed,China-reported FOB exports by month of export
China,Thailand,export,210610,protein concentrates and textured protein (2106.10),2020,12,652265,341.1,1.91,no,,BRD-05,VN-adjacent,High,revealed,China-reported FOB exports by month of export
China,Thailand,export,210610,protein concentrates and textured protein (2106.10),2021,1,662726,462.9,1.43,no,,BRD-05,VN-adjacent,High,revealed,China-reported FOB exports by month of export
China,Thailand,export,210610,protein concentrates and textured protein (2106.10),2021,2,407360,177.4,2.3,no,Tet month (lunar 1/1 on 2021-02-12),BRD-05,VN-adjacent,High,revealed,China-reported FOB exports by month of export
China,Thailand,export,210610,protein concentrates and textured protein (2106.10),2021,3,566894,243.5,2.33,no,,BRD-05,VN-adjacent,High,revealed,China-reported FOB exports by month of export
China,Thailand,export,210610,protein concentrates and textured protein (2106.10),2021,4,493894,269.9,1.83,no,,BRD-05,VN-adjacent,High,revealed,China-reported FOB exports by month of export
China,Thailand,export,210610,protein concentrates and textured protein (2106.10),2021,5,694477,372.5,1.86,no,,BRD-05,VN-adjacent,High,revealed,China-reported FOB exports by month of export
China,Thailand,export,210610,protein concentrates and textured protein (2106.10),2021,6,248890,162.5,1.53,no,,BRD-05,VN-adjacent,High,revealed,China-reported FOB exports by month of export
China,Thailand,export,210610,protein concentrates and textured protein (2106.10),2021,7,694943,399.0,1.74,no,,BRD-05,VN-adjacent,High,revealed,China-reported FOB exports by month of export
China,Thailand,export,210610,protein concentrates and textured protein (2106.10),2021,8,501166,369.9,1.35,no,Vu Lan month (lunar 7/15 on 2021-08-22),BRD-05,VN-adjacent,High,revealed,China-reported FOB exports by month of export
China,Thailand,export,210610,protein concentrates and textured protein (2106.10),2021,9,474186,315.4,1.5,no,,BRD-05,VN-adjacent,High,revealed,China-reported FOB exports by month of export
China,Thailand,export,210610,protein concentrates and textured protein (2106.10),2021,10,565152,305.6,1.85,no,,BRD-05,VN-adjacent,High,revealed,China-reported FOB exports by month of export
China,Thailand,export,210610,protein concentrates and textured protein (2106.10),2021,11,854176,448.1,1.91,no,,BRD-05,VN-adjacent,High,revealed,China-reported FOB exports by month of export
China,Thailand,export,210610,protein concentrates and textured protein (2106.10),2021,12,1226989,819.0,1.5,no,,BRD-05,VN-adjacent,High,revealed,China-reported FOB exports by month of export
China,Thailand,export,210610,protein concentrates and textured protein (2106.10),2022,1,779424,429.5,1.81,no,,BRD-05,VN-adjacent,High,revealed,China-reported FOB exports by month of export
China,Thailand,export,210610,protein concentrates and textured protein (2106.10),2022,2,626771,148.4,4.22,no,Tet month (lunar 1/1 on 2022-02-01),BRD-05,VN-adjacent,High,revealed,China-reported FOB exports by month of export
China,Thailand,export,210610,protein concentrates and textured protein (2106.10),2022,3,670552,384.9,1.74,no,,BRD-05,VN-adjacent,High,revealed,China-reported FOB exports by month of export
China,Thailand,export,210610,protein concentrates and textured protein (2106.10),2022,4,601581,264.4,2.28,no,,BRD-05,VN-adjacent,High,revealed,China-reported FOB exports by month of export
China,Thailand,export,210610,protein concentrates and textured protein (2106.10),2022,5,828265,423.8,1.95,no,,BRD-05,VN-adjacent,High,revealed,China-reported FOB exports by month of export
China,Thailand,export,210610,protein concentrates and textured protein (2106.10),2022,6,964143,634.0,1.52,no,,BRD-05,VN-adjacent,High,revealed,China-reported FOB exports by month of export
China,Thailand,export,210610,protein concentrates and textured protein (2106.10),2022,7,1220889,729.7,1.67,no,,BRD-05,VN-adjacent,High,revealed,China-reported FOB exports by month of export
China,Thailand,export,210610,protein concentrates and textured protein (2106.10),2022,8,647521,262.1,2.47,no,Vu Lan month (lunar 7/15 on 2022-08-12),BRD-05,VN-adjacent,High,revealed,China-reported FOB exports by month of export
China,Thailand,export,210610,protein concentrates and textured protein (2106.10),2022,9,845204,519.2,1.63,no,,BRD-05,VN-adjacent,High,revealed,China-reported FOB exports by month of export
China,Thailand,export,210610,protein concentrates and textured protein (2106.10),2022,10,387883,188.8,2.05,no,,BRD-05,VN-adjacent,High,revealed,China-reported FOB exports by month of export
China,Thailand,export,210610,protein concentrates and textured protein (2106.10),2022,11,383154,220.5,1.74,no,,BRD-05,VN-adjacent,High,revealed,China-reported FOB exports by month of export
China,Thailand,export,210610,protein concentrates and textured protein (2106.10),2022,12,613689,270.2,2.27,no,,BRD-05,VN-adjacent,High,revealed,China-reported FOB exports by month of export
China,Thailand,export,210610,protein concentrates and textured protein (2106.10),2023,1,1050980,507.0,2.07,no,Tet month (lunar 1/1 on 2023-01-22),BRD-05,VN-adjacent,High,revealed,China-reported FOB exports by month of export
China,Thailand,export,210610,protein concentrates and textured protein (2106.10),2023,2,1271221,161.1,7.89,no,,BRD-05,VN-adjacent,High,revealed,China-reported FOB exports by month of export
China,Thailand,export,210610,protein concentrates and textured protein (2106.10),2023,3,1336631,440.2,3.04,no,,BRD-05,VN-adjacent,High,revealed,China-reported FOB exports by month of export
China,Thailand,export,210610,protein concentrates and textured protein (2106.10),2023,4,974474,423.4,2.3,no,,BRD-05,VN-adjacent,High,revealed,China-reported FOB exports by month of export
China,Thailand,export,210610,protein concentrates and textured protein (2106.10),2023,5,502260,296.7,1.69,no,,BRD-05,VN-adjacent,High,revealed,China-reported FOB exports by month of export
China,Thailand,export,210610,protein concentrates and textured protein (2106.10),2023,6,779522,333.7,2.34,no,,BRD-05,VN-adjacent,High,revealed,China-reported FOB exports by month of export
China,Thailand,export,210610,protein concentrates and textured protein (2106.10),2023,7,898390,235.0,3.82,no,,BRD-05,VN-adjacent,High,revealed,China-reported FOB exports by month of export
China,Thailand,export,210610,protein concentrates and textured protein (2106.10),2023,8,756837,281.3,2.69,no,Vu Lan month (lunar 7/15 on 2023-08-30),BRD-05,VN-adjacent,High,revealed,China-reported FOB exports by month of export
China,Thailand,export,210610,protein concentrates and textured protein (2106.10),2023,9,684037,282.0,2.43,no,,BRD-05,VN-adjacent,High,revealed,China-reported FOB exports by month of export
China,Thailand,export,210610,protein concentrates and textured protein (2106.10),2023,10,647974,292.5,2.22,no,,BRD-05,VN-adjacent,High,revealed,China-reported FOB exports by month of export
China,Thailand,export,210610,protein concentrates and textured protein (2106.10),2023,11,879111,315.2,2.79,no,,BRD-05,VN-adjacent,High,revealed,China-reported FOB exports by month of export
China,Thailand,export,210610,protein concentrates and textured protein (2106.10),2023,12,777708,299.3,2.6,no,,BRD-05,VN-adjacent,High,revealed,China-reported FOB exports by month of export
China,Thailand,export,210610,protein concentrates and textured protein (2106.10),2024,1,669687,311.8,2.15,no,,BRD-05,VN-adjacent,High,revealed,China-reported FOB exports by month of export
China,Thailand,export,210610,protein concentrates and textured protein (2106.10),2024,2,569386,288.4,1.97,no,Tet month (lunar 1/1 on 2024-02-10),BRD-05,VN-adjacent,High,revealed,China-reported FOB exports by month of export
China,Thailand,export,210610,protein concentrates and textured protein (2106.10),2024,3,857514,285.4,3.0,no,,BRD-05,VN-adjacent,High,revealed,China-reported FOB exports by month of export
China,Thailand,export,210610,protein concentrates and textured protein (2106.10),2024,4,653389,273.6,2.39,no,,BRD-05,VN-adjacent,High,revealed,China-reported FOB exports by month of export
China,Thailand,export,210610,protein concentrates and textured protein (2106.10),2024,5,1016409,326.8,3.11,no,,BRD-05,VN-adjacent,High,revealed,China-reported FOB exports by month of export
China,Thailand,export,210610,protein concentrates and textured protein (2106.10),2024,6,286754,155.2,1.85,no,,BRD-05,VN-adjacent,High,revealed,China-reported FOB exports by month of export
China,Thailand,export,210610,protein concentrates and textured protein (2106.10),2024,7,914951,456.2,2.01,no,,BRD-05,VN-adjacent,High,revealed,China-reported FOB exports by month of export
China,Thailand,export,210610,protein concentrates and textured protein (2106.10),2024,8,810910,419.3,1.93,no,Vu Lan month (lunar 7/15 on 2024-08-18),BRD-05,VN-adjacent,High,revealed,China-reported FOB exports by month of export
China,Thailand,export,210610,protein concentrates and textured protein (2106.10),2024,9,942969,311.4,3.03,no,,BRD-05,VN-adjacent,High,revealed,China-reported FOB exports by month of export
China,Thailand,export,210610,protein concentrates and textured protein (2106.10),2024,10,583045,274.8,2.12,no,,BRD-05,VN-adjacent,High,revealed,China-reported FOB exports by month of export
China,Thailand,export,210610,protein concentrates and textured protein (2106.10),2024,11,799643,446.6,1.79,no,,BRD-05,VN-adjacent,High,revealed,China-reported FOB exports by month of export
China,Thailand,export,210610,protein concentrates and textured protein (2106.10),2024,12,880162,351.3,2.51,no,,BRD-05,VN-adjacent,High,revealed,China-reported FOB exports by month of export
China,Thailand,export,230990,"animal feed preparations (2309.90), feed control",2019,1,2890655,2052.4,1.41,no,,BRD-05,VN-adjacent,High,revealed,China-reported FOB exports by month of export
China,Thailand,export,230990,"animal feed preparations (2309.90), feed control",2019,2,1481570,756.0,1.96,no,Tet month (lunar 1/1 on 2019-02-05),BRD-05,VN-adjacent,High,revealed,China-reported FOB exports by month of export
China,Thailand,export,230990,"animal feed preparations (2309.90), feed control",2019,3,3435338,2969.3,1.16,no,,BRD-05,VN-adjacent,High,revealed,China-reported FOB exports by month of export
China,Thailand,export,230990,"animal feed preparations (2309.90), feed control",2019,4,3928323,3122.1,1.26,no,,BRD-05,VN-adjacent,High,revealed,China-reported FOB exports by month of export
China,Thailand,export,230990,"animal feed preparations (2309.90), feed control",2019,5,3501424,1857.6,1.88,no,,BRD-05,VN-adjacent,High,revealed,China-reported FOB exports by month of export
China,Thailand,export,230990,"animal feed preparations (2309.90), feed control",2019,6,3086239,1399.1,2.21,no,,BRD-05,VN-adjacent,High,revealed,China-reported FOB exports by month of export
China,Thailand,export,230990,"animal feed preparations (2309.90), feed control",2019,7,2734831,1356.9,2.02,no,,BRD-05,VN-adjacent,High,revealed,China-reported FOB exports by month of export
China,Thailand,export,230990,"animal feed preparations (2309.90), feed control",2019,8,3043644,1154.5,2.64,no,Vu Lan month (lunar 7/15 on 2019-08-15),BRD-05,VN-adjacent,High,revealed,China-reported FOB exports by month of export
China,Thailand,export,230990,"animal feed preparations (2309.90), feed control",2019,9,3397769,1855.0,1.83,no,,BRD-05,VN-adjacent,High,revealed,China-reported FOB exports by month of export
China,Thailand,export,230990,"animal feed preparations (2309.90), feed control",2019,10,2898413,1443.0,2.01,no,,BRD-05,VN-adjacent,High,revealed,China-reported FOB exports by month of export
China,Thailand,export,230990,"animal feed preparations (2309.90), feed control",2019,11,3015542,2021.9,1.49,no,,BRD-05,VN-adjacent,High,revealed,China-reported FOB exports by month of export
China,Thailand,export,230990,"animal feed preparations (2309.90), feed control",2019,12,3315352,1800.1,1.84,no,,BRD-05,VN-adjacent,High,revealed,China-reported FOB exports by month of export
China,Thailand,export,230990,"animal feed preparations (2309.90), feed control",2020,1,2926136,1628.7,1.8,no,Tet month (lunar 1/1 on 2020-01-25),BRD-05,VN-adjacent,High,revealed,China-reported FOB exports by month of export
China,Thailand,export,230990,"animal feed preparations (2309.90), feed control",2020,2,1402850,961.6,1.46,no,,BRD-05,VN-adjacent,High,revealed,China-reported FOB exports by month of export
China,Thailand,export,230990,"animal feed preparations (2309.90), feed control",2020,3,3933451,2450.6,1.61,no,,BRD-05,VN-adjacent,High,revealed,China-reported FOB exports by month of export
China,Thailand,export,230990,"animal feed preparations (2309.90), feed control",2020,4,4463130,2999.9,1.49,no,,BRD-05,VN-adjacent,High,revealed,China-reported FOB exports by month of export
China,Thailand,export,230990,"animal feed preparations (2309.90), feed control",2020,5,3226536,1695.2,1.9,no,,BRD-05,VN-adjacent,High,revealed,China-reported FOB exports by month of export
China,Thailand,export,230990,"animal feed preparations (2309.90), feed control",2020,6,2337463,1731.8,1.35,no,,BRD-05,VN-adjacent,High,revealed,China-reported FOB exports by month of export
China,Thailand,export,230990,"animal feed preparations (2309.90), feed control",2020,7,2377932,1736.8,1.37,no,,BRD-05,VN-adjacent,High,revealed,China-reported FOB exports by month of export
China,Thailand,export,230990,"animal feed preparations (2309.90), feed control",2020,8,2454103,1360.2,1.8,no,,BRD-05,VN-adjacent,High,revealed,China-reported FOB exports by month of export
China,Thailand,export,230990,"animal feed preparations (2309.90), feed control",2020,9,2907121,2198.4,1.32,no,Vu Lan month (lunar 7/15 on 2020-09-02),BRD-05,VN-adjacent,High,revealed,China-reported FOB exports by month of export
China,Thailand,export,230990,"animal feed preparations (2309.90), feed control",2020,10,2180809,1945.6,1.12,no,,BRD-05,VN-adjacent,High,revealed,China-reported FOB exports by month of export
China,Thailand,export,230990,"animal feed preparations (2309.90), feed control",2020,11,3247516,1884.0,1.72,no,,BRD-05,VN-adjacent,High,revealed,China-reported FOB exports by month of export
China,Thailand,export,230990,"animal feed preparations (2309.90), feed control",2020,12,3763284,2434.3,1.55,no,,BRD-05,VN-adjacent,High,revealed,China-reported FOB exports by month of export
China,Thailand,export,230990,"animal feed preparations (2309.90), feed control",2021,1,3723999,2339.6,1.59,no,,BRD-05,VN-adjacent,High,revealed,China-reported FOB exports by month of export
China,Thailand,export,230990,"animal feed preparations (2309.90), feed control",2021,2,3746984,1363.0,2.75,no,Tet month (lunar 1/1 on 2021-02-12),BRD-05,VN-adjacent,High,revealed,China-reported FOB exports by month of export
China,Thailand,export,230990,"animal feed preparations (2309.90), feed control",2021,3,7958594,2801.8,2.84,no,,BRD-05,VN-adjacent,High,revealed,China-reported FOB exports by month of export
China,Thailand,export,230990,"animal feed preparations (2309.90), feed control",2021,4,6108670,3349.0,1.82,no,,BRD-05,VN-adjacent,High,revealed,China-reported FOB exports by month of export
China,Thailand,export,230990,"animal feed preparations (2309.90), feed control",2021,5,4448807,3387.2,1.31,no,,BRD-05,VN-adjacent,High,revealed,China-reported FOB exports by month of export
China,Thailand,export,230990,"animal feed preparations (2309.90), feed control",2021,6,9428098,2284.3,4.13,no,,BRD-05,VN-adjacent,High,revealed,China-reported FOB exports by month of export
China,Thailand,export,230990,"animal feed preparations (2309.90), feed control",2021,7,3931052,1512.6,2.6,no,,BRD-05,VN-adjacent,High,revealed,China-reported FOB exports by month of export
China,Thailand,export,230990,"animal feed preparations (2309.90), feed control",2021,8,4733340,2514.0,1.88,no,Vu Lan month (lunar 7/15 on 2021-08-22),BRD-05,VN-adjacent,High,revealed,China-reported FOB exports by month of export
China,Thailand,export,230990,"animal feed preparations (2309.90), feed control",2021,9,7968389,2199.2,3.62,no,,BRD-05,VN-adjacent,High,revealed,China-reported FOB exports by month of export
China,Thailand,export,230990,"animal feed preparations (2309.90), feed control",2021,10,3414726,1638.4,2.08,no,,BRD-05,VN-adjacent,High,revealed,China-reported FOB exports by month of export
China,Thailand,export,230990,"animal feed preparations (2309.90), feed control",2021,11,4758737,2641.4,1.8,no,,BRD-05,VN-adjacent,High,revealed,China-reported FOB exports by month of export
China,Thailand,export,230990,"animal feed preparations (2309.90), feed control",2021,12,5106667,2491.2,2.05,no,,BRD-05,VN-adjacent,High,revealed,China-reported FOB exports by month of export
China,Thailand,export,230990,"animal feed preparations (2309.90), feed control",2022,1,4232188,1785.5,2.37,no,,BRD-05,VN-adjacent,High,revealed,China-reported FOB exports by month of export
China,Thailand,export,230990,"animal feed preparations (2309.90), feed control",2022,2,3232002,2010.4,1.61,no,Tet month (lunar 1/1 on 2022-02-01),BRD-05,VN-adjacent,High,revealed,China-reported FOB exports by month of export
China,Thailand,export,230990,"animal feed preparations (2309.90), feed control",2022,3,6945809,3123.8,2.22,no,,BRD-05,VN-adjacent,High,revealed,China-reported FOB exports by month of export
China,Thailand,export,230990,"animal feed preparations (2309.90), feed control",2022,4,8678634,1581.2,5.49,no,,BRD-05,VN-adjacent,High,revealed,China-reported FOB exports by month of export
China,Thailand,export,230990,"animal feed preparations (2309.90), feed control",2022,5,8867463,2192.5,4.04,no,,BRD-05,VN-adjacent,High,revealed,China-reported FOB exports by month of export
China,Thailand,export,230990,"animal feed preparations (2309.90), feed control",2022,6,10154497,1832.7,5.54,no,,BRD-05,VN-adjacent,High,revealed,China-reported FOB exports by month of export
China,Thailand,export,230990,"animal feed preparations (2309.90), feed control",2022,7,3233568,1584.9,2.04,no,,BRD-05,VN-adjacent,High,revealed,China-reported FOB exports by month of export
China,Thailand,export,230990,"animal feed preparations (2309.90), feed control",2022,8,5870504,1341.7,4.38,no,Vu Lan month (lunar 7/15 on 2022-08-12),BRD-05,VN-adjacent,High,revealed,China-reported FOB exports by month of export
China,Thailand,export,230990,"animal feed preparations (2309.90), feed control",2022,9,4806587,1317.0,3.65,no,,BRD-05,VN-adjacent,High,revealed,China-reported FOB exports by month of export
China,Thailand,export,230990,"animal feed preparations (2309.90), feed control",2022,10,3295675,1482.5,2.22,no,,BRD-05,VN-adjacent,High,revealed,China-reported FOB exports by month of export
China,Thailand,export,230990,"animal feed preparations (2309.90), feed control",2022,11,3483963,1699.2,2.05,no,,BRD-05,VN-adjacent,High,revealed,China-reported FOB exports by month of export
China,Thailand,export,230990,"animal feed preparations (2309.90), feed control",2022,12,4052317,2355.1,1.72,no,,BRD-05,VN-adjacent,High,revealed,China-reported FOB exports by month of export
China,Thailand,export,230990,"animal feed preparations (2309.90), feed control",2023,1,9362932,2585.8,3.62,no,Tet month (lunar 1/1 on 2023-01-22),BRD-05,VN-adjacent,High,revealed,China-reported FOB exports by month of export
China,Thailand,export,230990,"animal feed preparations (2309.90), feed control",2023,2,6805357,2486.9,2.74,no,,BRD-05,VN-adjacent,High,revealed,China-reported FOB exports by month of export
China,Thailand,export,230990,"animal feed preparations (2309.90), feed control",2023,3,8127580,2618.5,3.1,no,,BRD-05,VN-adjacent,High,revealed,China-reported FOB exports by month of export
China,Thailand,export,230990,"animal feed preparations (2309.90), feed control",2023,4,5587694,2779.2,2.01,no,,BRD-05,VN-adjacent,High,revealed,China-reported FOB exports by month of export
China,Thailand,export,230990,"animal feed preparations (2309.90), feed control",2023,5,8032039,2647.2,3.03,no,,BRD-05,VN-adjacent,High,revealed,China-reported FOB exports by month of export
China,Thailand,export,230990,"animal feed preparations (2309.90), feed control",2023,6,9254705,2183.7,4.24,no,,BRD-05,VN-adjacent,High,revealed,China-reported FOB exports by month of export
China,Thailand,export,230990,"animal feed preparations (2309.90), feed control",2023,7,5667972,1685.9,3.36,no,,BRD-05,VN-adjacent,High,revealed,China-reported FOB exports by month of export
China,Thailand,export,230990,"animal feed preparations (2309.90), feed control",2023,8,3206974,1783.5,1.8,no,Vu Lan month (lunar 7/15 on 2023-08-30),BRD-05,VN-adjacent,High,revealed,China-reported FOB exports by month of export
China,Thailand,export,230990,"animal feed preparations (2309.90), feed control",2023,9,3181294,1858.7,1.71,no,,BRD-05,VN-adjacent,High,revealed,China-reported FOB exports by month of export
China,Thailand,export,230990,"animal feed preparations (2309.90), feed control",2023,10,2748552,1908.8,1.44,no,,BRD-05,VN-adjacent,High,revealed,China-reported FOB exports by month of export
China,Thailand,export,230990,"animal feed preparations (2309.90), feed control",2023,11,3361441,2069.6,1.62,no,,BRD-05,VN-adjacent,High,revealed,China-reported FOB exports by month of export
China,Thailand,export,230990,"animal feed preparations (2309.90), feed control",2023,12,4718220,3561.8,1.32,no,,BRD-05,VN-adjacent,High,revealed,China-reported FOB exports by month of export
China,Thailand,export,230990,"animal feed preparations (2309.90), feed control",2024,1,3596873,2487.9,1.45,no,,BRD-05,VN-adjacent,High,revealed,China-reported FOB exports by month of export
China,Thailand,export,230990,"animal feed preparations (2309.90), feed control",2024,2,2588951,2080.5,1.24,no,Tet month (lunar 1/1 on 2024-02-10),BRD-05,VN-adjacent,High,revealed,China-reported FOB exports by month of export
China,Thailand,export,230990,"animal feed preparations (2309.90), feed control",2024,3,4356792,2773.2,1.57,no,,BRD-05,VN-adjacent,High,revealed,China-reported FOB exports by month of export
China,Thailand,export,230990,"animal feed preparations (2309.90), feed control",2024,4,3224229,2054.0,1.57,no,,BRD-05,VN-adjacent,High,revealed,China-reported FOB exports by month of export
China,Thailand,export,230990,"animal feed preparations (2309.90), feed control",2024,5,3209014,2032.0,1.58,no,,BRD-05,VN-adjacent,High,revealed,China-reported FOB exports by month of export
China,Thailand,export,230990,"animal feed preparations (2309.90), feed control",2024,6,2810764,2088.8,1.35,no,,BRD-05,VN-adjacent,High,revealed,China-reported FOB exports by month of export
China,Thailand,export,230990,"animal feed preparations (2309.90), feed control",2024,7,2616967,1759.1,1.49,no,,BRD-05,VN-adjacent,High,revealed,China-reported FOB exports by month of export
China,Thailand,export,230990,"animal feed preparations (2309.90), feed control",2024,8,3142126,1751.3,1.79,no,Vu Lan month (lunar 7/15 on 2024-08-18),BRD-05,VN-adjacent,High,revealed,China-reported FOB exports by month of export
China,Thailand,export,230990,"animal feed preparations (2309.90), feed control",2024,9,2797694,1728.8,1.62,no,,BRD-05,VN-adjacent,High,revealed,China-reported FOB exports by month of export
China,Thailand,export,230990,"animal feed preparations (2309.90), feed control",2024,10,3350441,2327.3,1.44,no,,BRD-05,VN-adjacent,High,revealed,China-reported FOB exports by month of export
China,Thailand,export,230990,"animal feed preparations (2309.90), feed control",2024,11,3734419,2333.9,1.6,no,,BRD-05,VN-adjacent,High,revealed,China-reported FOB exports by month of export
China,Thailand,export,230990,"animal feed preparations (2309.90), feed control",2024,12,2996256,2841.8,1.05,no,,BRD-05,VN-adjacent,High,revealed,China-reported FOB exports by month of export
China,Thailand,export,350400,protein substances incl. soy isolate (3504),2019,1,1363591,424.6,3.21,no,,BRD-05,VN-adjacent,High,revealed,China-reported FOB exports by month of export
China,Thailand,export,350400,protein substances incl. soy isolate (3504),2019,2,480724,182.4,2.64,no,Tet month (lunar 1/1 on 2019-02-05),BRD-05,VN-adjacent,High,revealed,China-reported FOB exports by month of export
China,Thailand,export,350400,protein substances incl. soy isolate (3504),2019,3,655197,286.5,2.29,no,,BRD-05,VN-adjacent,High,revealed,China-reported FOB exports by month of export
China,Thailand,export,350400,protein substances incl. soy isolate (3504),2019,4,1238829,360.9,3.43,no,,BRD-05,VN-adjacent,High,revealed,China-reported FOB exports by month of export
China,Thailand,export,350400,protein substances incl. soy isolate (3504),2019,5,1293341,508.4,2.54,no,,BRD-05,VN-adjacent,High,revealed,China-reported FOB exports by month of export
China,Thailand,export,350400,protein substances incl. soy isolate (3504),2019,6,871327,351.8,2.48,no,,BRD-05,VN-adjacent,High,revealed,China-reported FOB exports by month of export
China,Thailand,export,350400,protein substances incl. soy isolate (3504),2019,7,977637,426.8,2.29,no,,BRD-05,VN-adjacent,High,revealed,China-reported FOB exports by month of export
China,Thailand,export,350400,protein substances incl. soy isolate (3504),2019,8,755009,346.1,2.18,no,Vu Lan month (lunar 7/15 on 2019-08-15),BRD-05,VN-adjacent,High,revealed,China-reported FOB exports by month of export
China,Thailand,export,350400,protein substances incl. soy isolate (3504),2019,9,1076843,466.7,2.31,no,,BRD-05,VN-adjacent,High,revealed,China-reported FOB exports by month of export
China,Thailand,export,350400,protein substances incl. soy isolate (3504),2019,10,613836,277.8,2.21,no,,BRD-05,VN-adjacent,High,revealed,China-reported FOB exports by month of export
China,Thailand,export,350400,protein substances incl. soy isolate (3504),2019,11,788486,309.1,2.55,no,,BRD-05,VN-adjacent,High,revealed,China-reported FOB exports by month of export
China,Thailand,export,350400,protein substances incl. soy isolate (3504),2019,12,800828,355.3,2.25,no,,BRD-05,VN-adjacent,High,revealed,China-reported FOB exports by month of export
China,Thailand,export,350400,protein substances incl. soy isolate (3504),2020,1,1317753,591.0,2.23,no,Tet month (lunar 1/1 on 2020-01-25),BRD-05,VN-adjacent,High,revealed,China-reported FOB exports by month of export
China,Thailand,export,350400,protein substances incl. soy isolate (3504),2020,2,789874,369.0,2.14,no,,BRD-05,VN-adjacent,High,revealed,China-reported FOB exports by month of export
China,Thailand,export,350400,protein substances incl. soy isolate (3504),2020,3,1666504,582.0,2.86,no,,BRD-05,VN-adjacent,High,revealed,China-reported FOB exports by month of export
China,Thailand,export,350400,protein substances incl. soy isolate (3504),2020,4,2637529,509.3,5.18,no,,BRD-05,VN-adjacent,High,revealed,China-reported FOB exports by month of export
China,Thailand,export,350400,protein substances incl. soy isolate (3504),2020,5,1395846,488.6,2.86,no,,BRD-05,VN-adjacent,High,revealed,China-reported FOB exports by month of export
China,Thailand,export,350400,protein substances incl. soy isolate (3504),2020,6,1828937,384.9,4.75,no,,BRD-05,VN-adjacent,High,revealed,China-reported FOB exports by month of export
China,Thailand,export,350400,protein substances incl. soy isolate (3504),2020,7,1560602,310.6,5.02,no,,BRD-05,VN-adjacent,High,revealed,China-reported FOB exports by month of export
China,Thailand,export,350400,protein substances incl. soy isolate (3504),2020,8,1136658,286.0,3.97,no,,BRD-05,VN-adjacent,High,revealed,China-reported FOB exports by month of export
China,Thailand,export,350400,protein substances incl. soy isolate (3504),2020,9,1025172,289.7,3.54,no,Vu Lan month (lunar 7/15 on 2020-09-02),BRD-05,VN-adjacent,High,revealed,China-reported FOB exports by month of export
China,Thailand,export,350400,protein substances incl. soy isolate (3504),2020,10,870449,273.3,3.19,no,,BRD-05,VN-adjacent,High,revealed,China-reported FOB exports by month of export
China,Thailand,export,350400,protein substances incl. soy isolate (3504),2020,11,1205899,442.6,2.72,no,,BRD-05,VN-adjacent,High,revealed,China-reported FOB exports by month of export
China,Thailand,export,350400,protein substances incl. soy isolate (3504),2020,12,1398207,455.2,3.07,no,,BRD-05,VN-adjacent,High,revealed,China-reported FOB exports by month of export
China,Thailand,export,350400,protein substances incl. soy isolate (3504),2021,1,1661779,522.8,3.18,no,,BRD-05,VN-adjacent,High,revealed,China-reported FOB exports by month of export
China,Thailand,export,350400,protein substances incl. soy isolate (3504),2021,2,1240268,390.3,3.18,no,Tet month (lunar 1/1 on 2021-02-12),BRD-05,VN-adjacent,High,revealed,China-reported FOB exports by month of export
China,Thailand,export,350400,protein substances incl. soy isolate (3504),2021,3,1691617,544.6,3.11,yes,,BRD-05,VN-adjacent,High,revealed,China-reported FOB exports by month of export
China,Thailand,export,350400,protein substances incl. soy isolate (3504),2021,4,1495571,500.2,2.99,no,,BRD-05,VN-adjacent,High,revealed,China-reported FOB exports by month of export
China,Thailand,export,350400,protein substances incl. soy isolate (3504),2021,5,662650,221.6,2.99,no,,BRD-05,VN-adjacent,High,revealed,China-reported FOB exports by month of export
China,Thailand,export,350400,protein substances incl. soy isolate (3504),2021,6,629480,172.9,3.64,no,,BRD-05,VN-adjacent,High,revealed,China-reported FOB exports by month of export
China,Thailand,export,350400,protein substances incl. soy isolate (3504),2021,7,1302239,431.1,3.02,no,,BRD-05,VN-adjacent,High,revealed,China-reported FOB exports by month of export
China,Thailand,export,350400,protein substances incl. soy isolate (3504),2021,8,1288676,396.7,3.25,yes,Vu Lan month (lunar 7/15 on 2021-08-22),BRD-05,VN-adjacent,High,revealed,China-reported FOB exports by month of export
China,Thailand,export,350400,protein substances incl. soy isolate (3504),2021,9,908344,308.4,2.95,no,,BRD-05,VN-adjacent,High,revealed,China-reported FOB exports by month of export
China,Thailand,export,350400,protein substances incl. soy isolate (3504),2021,10,1816068,571.8,3.18,no,,BRD-05,VN-adjacent,High,revealed,China-reported FOB exports by month of export
China,Thailand,export,350400,protein substances incl. soy isolate (3504),2021,11,1525523,473.0,3.22,no,,BRD-05,VN-adjacent,High,revealed,China-reported FOB exports by month of export
China,Thailand,export,350400,protein substances incl. soy isolate (3504),2021,12,1578368,612.4,2.58,no,,BRD-05,VN-adjacent,High,revealed,China-reported FOB exports by month of export
China,Thailand,export,350400,protein substances incl. soy isolate (3504),2022,1,1719621,477.1,3.6,no,,BRD-05,VN-adjacent,High,revealed,China-reported FOB exports by month of export
China,Thailand,export,350400,protein substances incl. soy isolate (3504),2022,2,1846846,508.8,3.63,no,Tet month (lunar 1/1 on 2022-02-01),BRD-05,VN-adjacent,High,revealed,China-reported FOB exports by month of export
China,Thailand,export,350400,protein substances incl. soy isolate (3504),2022,3,1476807,507.6,2.91,no,,BRD-05,VN-adjacent,High,revealed,China-reported FOB exports by month of export
China,Thailand,export,350400,protein substances incl. soy isolate (3504),2022,4,2230156,866.7,2.57,no,,BRD-05,VN-adjacent,High,revealed,China-reported FOB exports by month of export
China,Thailand,export,350400,protein substances incl. soy isolate (3504),2022,5,1561238,1115.5,1.4,no,,BRD-05,VN-adjacent,High,revealed,China-reported FOB exports by month of export
China,Thailand,export,350400,protein substances incl. soy isolate (3504),2022,6,1810115,969.6,1.87,no,,BRD-05,VN-adjacent,High,revealed,China-reported FOB exports by month of export
China,Thailand,export,350400,protein substances incl. soy isolate (3504),2022,7,2262835,626.1,3.61,no,,BRD-05,VN-adjacent,High,revealed,China-reported FOB exports by month of export
China,Thailand,export,350400,protein substances incl. soy isolate (3504),2022,8,1039233,619.1,1.68,no,Vu Lan month (lunar 7/15 on 2022-08-12),BRD-05,VN-adjacent,High,revealed,China-reported FOB exports by month of export
China,Thailand,export,350400,protein substances incl. soy isolate (3504),2022,9,1126999,453.5,2.49,no,,BRD-05,VN-adjacent,High,revealed,China-reported FOB exports by month of export
China,Thailand,export,350400,protein substances incl. soy isolate (3504),2022,10,869308,388.7,2.24,no,,BRD-05,VN-adjacent,High,revealed,China-reported FOB exports by month of export
China,Thailand,export,350400,protein substances incl. soy isolate (3504),2022,11,1603972,1394.6,1.15,no,,BRD-05,VN-adjacent,High,revealed,China-reported FOB exports by month of export
China,Thailand,export,350400,protein substances incl. soy isolate (3504),2022,12,1535557,902.5,1.7,no,,BRD-05,VN-adjacent,High,revealed,China-reported FOB exports by month of export
China,Thailand,export,350400,protein substances incl. soy isolate (3504),2023,1,1385074,780.1,1.78,no,Tet month (lunar 1/1 on 2023-01-22),BRD-05,VN-adjacent,High,revealed,China-reported FOB exports by month of export
China,Thailand,export,350400,protein substances incl. soy isolate (3504),2023,2,1557636,1107.7,1.41,no,,BRD-05,VN-adjacent,High,revealed,China-reported FOB exports by month of export
China,Thailand,export,350400,protein substances incl. soy isolate (3504),2023,3,1501354,516.2,2.91,no,,BRD-05,VN-adjacent,High,revealed,China-reported FOB exports by month of export
China,Thailand,export,350400,protein substances incl. soy isolate (3504),2023,4,1529630,522.5,2.93,no,,BRD-05,VN-adjacent,High,revealed,China-reported FOB exports by month of export
China,Thailand,export,350400,protein substances incl. soy isolate (3504),2023,5,1312087,445.0,2.95,no,,BRD-05,VN-adjacent,High,revealed,China-reported FOB exports by month of export
China,Thailand,export,350400,protein substances incl. soy isolate (3504),2023,6,1203420,425.4,2.83,no,,BRD-05,VN-adjacent,High,revealed,China-reported FOB exports by month of export
China,Thailand,export,350400,protein substances incl. soy isolate (3504),2023,7,1745967,665.8,2.62,no,,BRD-05,VN-adjacent,High,revealed,China-reported FOB exports by month of export
China,Thailand,export,350400,protein substances incl. soy isolate (3504),2023,8,1568686,594.5,2.64,no,Vu Lan month (lunar 7/15 on 2023-08-30),BRD-05,VN-adjacent,High,revealed,China-reported FOB exports by month of export
China,Thailand,export,350400,protein substances incl. soy isolate (3504),2023,9,1843327,667.4,2.76,no,,BRD-05,VN-adjacent,High,revealed,China-reported FOB exports by month of export
China,Thailand,export,350400,protein substances incl. soy isolate (3504),2023,10,1283553,510.5,2.51,no,,BRD-05,VN-adjacent,High,revealed,China-reported FOB exports by month of export
China,Thailand,export,350400,protein substances incl. soy isolate (3504),2023,11,1763916,670.5,2.63,no,,BRD-05,VN-adjacent,High,revealed,China-reported FOB exports by month of export
China,Thailand,export,350400,protein substances incl. soy isolate (3504),2023,12,1056418,387.5,2.73,no,,BRD-05,VN-adjacent,High,revealed,China-reported FOB exports by month of export
China,Thailand,export,350400,protein substances incl. soy isolate (3504),2024,1,1805600,752.0,2.4,no,,BRD-05,VN-adjacent,High,revealed,China-reported FOB exports by month of export
China,Thailand,export,350400,protein substances incl. soy isolate (3504),2024,2,1052829,434.4,2.42,no,Tet month (lunar 1/1 on 2024-02-10),BRD-05,VN-adjacent,High,revealed,China-reported FOB exports by month of export
China,Thailand,export,350400,protein substances incl. soy isolate (3504),2024,3,1400562,534.9,2.62,no,,BRD-05,VN-adjacent,High,revealed,China-reported FOB exports by month of export
China,Thailand,export,350400,protein substances incl. soy isolate (3504),2024,4,1568831,579.7,2.71,no,,BRD-05,VN-adjacent,High,revealed,China-reported FOB exports by month of export
China,Thailand,export,350400,protein substances incl. soy isolate (3504),2024,5,2108104,889.9,2.37,no,,BRD-05,VN-adjacent,High,revealed,China-reported FOB exports by month of export
China,Thailand,export,350400,protein substances incl. soy isolate (3504),2024,6,1767576,718.8,2.46,no,,BRD-05,VN-adjacent,High,revealed,China-reported FOB exports by month of export
China,Thailand,export,350400,protein substances incl. soy isolate (3504),2024,7,1232086,555.2,2.22,no,,BRD-05,VN-adjacent,High,revealed,China-reported FOB exports by month of export
China,Thailand,export,350400,protein substances incl. soy isolate (3504),2024,8,2273384,961.7,2.36,no,Vu Lan month (lunar 7/15 on 2024-08-18),BRD-05,VN-adjacent,High,revealed,China-reported FOB exports by month of export
China,Thailand,export,350400,protein substances incl. soy isolate (3504),2024,9,1134046,498.3,2.28,no,,BRD-05,VN-adjacent,High,revealed,China-reported FOB exports by month of export
China,Thailand,export,350400,protein substances incl. soy isolate (3504),2024,10,1880181,795.1,2.36,no,,BRD-05,VN-adjacent,High,revealed,China-reported FOB exports by month of export
China,Thailand,export,350400,protein substances incl. soy isolate (3504),2024,11,1391830,586.6,2.37,no,,BRD-05,VN-adjacent,High,revealed,China-reported FOB exports by month of export
China,Thailand,export,350400,protein substances incl. soy isolate (3504),2024,12,1483168,709.0,2.09,no,,BRD-05,VN-adjacent,High,revealed,China-reported FOB exports by month of export
Viet Nam,World,import,110900,wheat gluten (1109),2019,1,940061,587.5,1.6,yes,,BRD-06,VN-direct,Medium,revealed,Viet Nam-reported CIF imports; quantities flagged as estimated
Viet Nam,World,import,110900,wheat gluten (1109),2019,2,398826,249.3,1.6,yes,Tet month (lunar 1/1 on 2019-02-05),BRD-06,VN-direct,Medium,revealed,Viet Nam-reported CIF imports; quantities flagged as estimated
Viet Nam,World,import,110900,wheat gluten (1109),2019,3,1647068,1029.4,1.6,yes,,BRD-06,VN-direct,Medium,revealed,Viet Nam-reported CIF imports; quantities flagged as estimated
Viet Nam,World,import,110900,wheat gluten (1109),2019,4,1254538,784.1,1.6,yes,,BRD-06,VN-direct,Medium,revealed,Viet Nam-reported CIF imports; quantities flagged as estimated
Viet Nam,World,import,110900,wheat gluten (1109),2019,5,2289720,1431.1,1.6,yes,,BRD-06,VN-direct,Medium,revealed,Viet Nam-reported CIF imports; quantities flagged as estimated
Viet Nam,World,import,110900,wheat gluten (1109),2019,6,1599957,1000.0,1.6,yes,,BRD-06,VN-direct,Medium,revealed,Viet Nam-reported CIF imports; quantities flagged as estimated
Viet Nam,World,import,110900,wheat gluten (1109),2019,7,1295580,809.7,1.6,yes,,BRD-06,VN-direct,Medium,revealed,Viet Nam-reported CIF imports; quantities flagged as estimated
Viet Nam,World,import,110900,wheat gluten (1109),2019,8,1043953,652.5,1.6,yes,Vu Lan month (lunar 7/15 on 2019-08-15),BRD-06,VN-direct,Medium,revealed,Viet Nam-reported CIF imports; quantities flagged as estimated
Viet Nam,World,import,110900,wheat gluten (1109),2019,9,1489304,930.8,1.6,yes,,BRD-06,VN-direct,Medium,revealed,Viet Nam-reported CIF imports; quantities flagged as estimated
Viet Nam,World,import,110900,wheat gluten (1109),2019,10,987133,617.0,1.6,yes,,BRD-06,VN-direct,Medium,revealed,Viet Nam-reported CIF imports; quantities flagged as estimated
Viet Nam,World,import,110900,wheat gluten (1109),2019,11,945649,591.0,1.6,yes,,BRD-06,VN-direct,Medium,revealed,Viet Nam-reported CIF imports; quantities flagged as estimated
Viet Nam,World,import,110900,wheat gluten (1109),2019,12,1314090,821.3,1.6,yes,,BRD-06,VN-direct,Medium,revealed,Viet Nam-reported CIF imports; quantities flagged as estimated
Viet Nam,World,import,110900,wheat gluten (1109),2020,1,737314,513.5,1.44,yes,Tet month (lunar 1/1 on 2020-01-25),BRD-06,VN-direct,Medium,revealed,Viet Nam-reported CIF imports; quantities flagged as estimated
Viet Nam,World,import,110900,wheat gluten (1109),2020,2,832659,579.9,1.44,yes,,BRD-06,VN-direct,Medium,revealed,Viet Nam-reported CIF imports; quantities flagged as estimated
Viet Nam,World,import,110900,wheat gluten (1109),2020,3,1437990,1001.5,1.44,yes,,BRD-06,VN-direct,Medium,revealed,Viet Nam-reported CIF imports; quantities flagged as estimated
Viet Nam,World,import,110900,wheat gluten (1109),2020,4,1721776,1199.1,1.44,yes,,BRD-06,VN-direct,Medium,revealed,Viet Nam-reported CIF imports; quantities flagged as estimated
Viet Nam,World,import,110900,wheat gluten (1109),2020,5,1738859,1211.0,1.44,yes,,BRD-06,VN-direct,Medium,revealed,Viet Nam-reported CIF imports; quantities flagged as estimated
Viet Nam,World,import,110900,wheat gluten (1109),2020,6,1035325,721.0,1.44,yes,,BRD-06,VN-direct,Medium,revealed,Viet Nam-reported CIF imports; quantities flagged as estimated
Viet Nam,World,import,110900,wheat gluten (1109),2020,7,1306292,909.7,1.44,yes,,BRD-06,VN-direct,Medium,revealed,Viet Nam-reported CIF imports; quantities flagged as estimated
Viet Nam,World,import,110900,wheat gluten (1109),2020,8,1562508,1088.2,1.44,yes,,BRD-06,VN-direct,Medium,revealed,Viet Nam-reported CIF imports; quantities flagged as estimated
Viet Nam,World,import,110900,wheat gluten (1109),2020,9,1042950,726.3,1.44,yes,Vu Lan month (lunar 7/15 on 2020-09-02),BRD-06,VN-direct,Medium,revealed,Viet Nam-reported CIF imports; quantities flagged as estimated
Viet Nam,World,import,110900,wheat gluten (1109),2020,10,1602147,1115.8,1.44,yes,,BRD-06,VN-direct,Medium,revealed,Viet Nam-reported CIF imports; quantities flagged as estimated
Viet Nam,World,import,110900,wheat gluten (1109),2020,11,1275896,888.6,1.44,yes,,BRD-06,VN-direct,Medium,revealed,Viet Nam-reported CIF imports; quantities flagged as estimated
Viet Nam,World,import,110900,wheat gluten (1109),2020,12,1851322,1289.3,1.44,yes,,BRD-06,VN-direct,Medium,revealed,Viet Nam-reported CIF imports; quantities flagged as estimated
Viet Nam,World,import,110900,wheat gluten (1109),2021,1,2480769,1557.6,1.59,yes,,BRD-06,VN-direct,Medium,revealed,Viet Nam-reported CIF imports; quantities flagged as estimated
Viet Nam,World,import,110900,wheat gluten (1109),2021,2,1636124,1027.3,1.59,yes,Tet month (lunar 1/1 on 2021-02-12),BRD-06,VN-direct,Medium,revealed,Viet Nam-reported CIF imports; quantities flagged as estimated
Viet Nam,World,import,110900,wheat gluten (1109),2021,3,2657916,1668.8,1.59,yes,,BRD-06,VN-direct,Medium,revealed,Viet Nam-reported CIF imports; quantities flagged as estimated
Viet Nam,World,import,110900,wheat gluten (1109),2021,4,1360779,854.4,1.59,yes,,BRD-06,VN-direct,Medium,revealed,Viet Nam-reported CIF imports; quantities flagged as estimated
Viet Nam,World,import,110900,wheat gluten (1109),2021,5,1844649,1158.2,1.59,yes,,BRD-06,VN-direct,Medium,revealed,Viet Nam-reported CIF imports; quantities flagged as estimated
Viet Nam,World,import,110900,wheat gluten (1109),2021,6,1743399,1094.6,1.59,yes,,BRD-06,VN-direct,Medium,revealed,Viet Nam-reported CIF imports; quantities flagged as estimated
Viet Nam,World,import,110900,wheat gluten (1109),2021,7,2363050,1483.7,1.59,yes,,BRD-06,VN-direct,Medium,revealed,Viet Nam-reported CIF imports; quantities flagged as estimated
Viet Nam,World,import,110900,wheat gluten (1109),2021,8,2834014,1779.4,1.59,yes,Vu Lan month (lunar 7/15 on 2021-08-22),BRD-06,VN-direct,Medium,revealed,Viet Nam-reported CIF imports; quantities flagged as estimated
Viet Nam,World,import,110900,wheat gluten (1109),2021,9,2322940,1458.5,1.59,yes,,BRD-06,VN-direct,Medium,revealed,Viet Nam-reported CIF imports; quantities flagged as estimated
Viet Nam,World,import,110900,wheat gluten (1109),2021,10,2145945,1347.4,1.59,yes,,BRD-06,VN-direct,Medium,revealed,Viet Nam-reported CIF imports; quantities flagged as estimated
Viet Nam,World,import,110900,wheat gluten (1109),2021,11,1274668,800.3,1.59,yes,,BRD-06,VN-direct,Medium,revealed,Viet Nam-reported CIF imports; quantities flagged as estimated
Viet Nam,World,import,110900,wheat gluten (1109),2021,12,1086519,682.2,1.59,yes,,BRD-06,VN-direct,Medium,revealed,Viet Nam-reported CIF imports; quantities flagged as estimated
Viet Nam,World,import,110900,wheat gluten (1109),2022,1,2283543,1190.2,1.92,yes,,BRD-06,VN-direct,Medium,revealed,Viet Nam-reported CIF imports; quantities flagged as estimated
Viet Nam,World,import,110900,wheat gluten (1109),2022,2,1400223,729.8,1.92,yes,Tet month (lunar 1/1 on 2022-02-01),BRD-06,VN-direct,Medium,revealed,Viet Nam-reported CIF imports; quantities flagged as estimated
Viet Nam,World,import,110900,wheat gluten (1109),2022,3,2973864,1550.0,1.92,yes,,BRD-06,VN-direct,Medium,revealed,Viet Nam-reported CIF imports; quantities flagged as estimated
Viet Nam,World,import,110900,wheat gluten (1109),2022,4,2992913,1559.9,1.92,yes,,BRD-06,VN-direct,Medium,revealed,Viet Nam-reported CIF imports; quantities flagged as estimated
Viet Nam,World,import,110900,wheat gluten (1109),2022,5,3878469,2021.5,1.92,yes,,BRD-06,VN-direct,Medium,revealed,Viet Nam-reported CIF imports; quantities flagged as estimated
Viet Nam,World,import,110900,wheat gluten (1109),2022,6,4587009,2390.7,1.92,yes,,BRD-06,VN-direct,Medium,revealed,Viet Nam-reported CIF imports; quantities flagged as estimated
Viet Nam,World,import,110900,wheat gluten (1109),2022,7,4098161,2136.0,1.92,yes,,BRD-06,VN-direct,Medium,revealed,Viet Nam-reported CIF imports; quantities flagged as estimated
Viet Nam,World,import,110900,wheat gluten (1109),2022,8,7751893,4040.3,1.92,yes,Vu Lan month (lunar 7/15 on 2022-08-12),BRD-06,VN-direct,Medium,revealed,Viet Nam-reported CIF imports; quantities flagged as estimated
Viet Nam,World,import,110900,wheat gluten (1109),2022,9,2048315,1067.6,1.92,yes,,BRD-06,VN-direct,Medium,revealed,Viet Nam-reported CIF imports; quantities flagged as estimated
Viet Nam,World,import,110900,wheat gluten (1109),2022,10,1828489,953.0,1.92,yes,,BRD-06,VN-direct,Medium,revealed,Viet Nam-reported CIF imports; quantities flagged as estimated
Viet Nam,World,import,110900,wheat gluten (1109),2022,11,1610624,839.5,1.92,yes,,BRD-06,VN-direct,Medium,revealed,Viet Nam-reported CIF imports; quantities flagged as estimated
Viet Nam,World,import,110900,wheat gluten (1109),2022,12,1109506,578.3,1.92,yes,,BRD-06,VN-direct,Medium,revealed,Viet Nam-reported CIF imports; quantities flagged as estimated
Viet Nam,World,import,110900,wheat gluten (1109),2023,1,1433196,569.3,2.52,yes,Tet month (lunar 1/1 on 2023-01-22),BRD-06,VN-direct,Medium,revealed,Viet Nam-reported CIF imports; quantities flagged as estimated
Viet Nam,World,import,110900,wheat gluten (1109),2023,2,1908156,758.0,2.52,yes,,BRD-06,VN-direct,Medium,revealed,Viet Nam-reported CIF imports; quantities flagged as estimated
Viet Nam,World,import,110900,wheat gluten (1109),2023,3,2149106,853.7,2.52,yes,,BRD-06,VN-direct,Medium,revealed,Viet Nam-reported CIF imports; quantities flagged as estimated
Viet Nam,World,import,110900,wheat gluten (1109),2023,4,3899213,1548.8,2.52,yes,,BRD-06,VN-direct,Medium,revealed,Viet Nam-reported CIF imports; quantities flagged as estimated
Viet Nam,World,import,110900,wheat gluten (1109),2023,5,4823182,1915.9,2.52,yes,,BRD-06,VN-direct,Medium,revealed,Viet Nam-reported CIF imports; quantities flagged as estimated
Viet Nam,World,import,110900,wheat gluten (1109),2023,6,3203430,1272.5,2.52,yes,,BRD-06,VN-direct,Medium,revealed,Viet Nam-reported CIF imports; quantities flagged as estimated
Viet Nam,World,import,110900,wheat gluten (1109),2023,7,3480512,1382.5,2.52,yes,,BRD-06,VN-direct,Medium,revealed,Viet Nam-reported CIF imports; quantities flagged as estimated
Viet Nam,World,import,110900,wheat gluten (1109),2023,8,3065325,1217.6,2.52,yes,Vu Lan month (lunar 7/15 on 2023-08-30),BRD-06,VN-direct,Medium,revealed,Viet Nam-reported CIF imports; quantities flagged as estimated
Viet Nam,World,import,110900,wheat gluten (1109),2023,9,1396390,554.7,2.52,yes,,BRD-06,VN-direct,Medium,revealed,Viet Nam-reported CIF imports; quantities flagged as estimated
Viet Nam,World,import,110900,wheat gluten (1109),2023,10,1347319,535.2,2.52,yes,,BRD-06,VN-direct,Medium,revealed,Viet Nam-reported CIF imports; quantities flagged as estimated
Viet Nam,World,import,110900,wheat gluten (1109),2023,11,3374641,1340.5,2.52,yes,,BRD-06,VN-direct,Medium,revealed,Viet Nam-reported CIF imports; quantities flagged as estimated
Viet Nam,World,import,110900,wheat gluten (1109),2023,12,976878,388.0,2.52,yes,,BRD-06,VN-direct,Medium,revealed,Viet Nam-reported CIF imports; quantities flagged as estimated
Viet Nam,World,import,210610,protein concentrates and textured protein (2106.10),2019,1,2989918,719.2,4.16,yes,,BRD-06,VN-direct,Medium,revealed,Viet Nam-reported CIF imports; quantities flagged as estimated
Viet Nam,World,import,210610,protein concentrates and textured protein (2106.10),2019,2,1226214,295.0,4.16,yes,Tet month (lunar 1/1 on 2019-02-05),BRD-06,VN-direct,Medium,revealed,Viet Nam-reported CIF imports; quantities flagged as estimated
Viet Nam,World,import,210610,protein concentrates and textured protein (2106.10),2019,3,2153084,517.9,4.16,yes,,BRD-06,VN-direct,Medium,revealed,Viet Nam-reported CIF imports; quantities flagged as estimated
Viet Nam,World,import,210610,protein concentrates and textured protein (2106.10),2019,4,3220210,774.6,4.16,yes,,BRD-06,VN-direct,Medium,revealed,Viet Nam-reported CIF imports; quantities flagged as estimated
Viet Nam,World,import,210610,protein concentrates and textured protein (2106.10),2019,5,3040645,731.4,4.16,yes,,BRD-06,VN-direct,Medium,revealed,Viet Nam-reported CIF imports; quantities flagged as estimated
Viet Nam,World,import,210610,protein concentrates and textured protein (2106.10),2019,6,2061814,496.0,4.16,yes,,BRD-06,VN-direct,Medium,revealed,Viet Nam-reported CIF imports; quantities flagged as estimated
Viet Nam,World,import,210610,protein concentrates and textured protein (2106.10),2019,7,4298352,1033.9,4.16,yes,,BRD-06,VN-direct,Medium,revealed,Viet Nam-reported CIF imports; quantities flagged as estimated
Viet Nam,World,import,210610,protein concentrates and textured protein (2106.10),2019,8,2801013,673.8,4.16,yes,Vu Lan month (lunar 7/15 on 2019-08-15),BRD-06,VN-direct,Medium,revealed,Viet Nam-reported CIF imports; quantities flagged as estimated
Viet Nam,World,import,210610,protein concentrates and textured protein (2106.10),2019,9,1271281,305.8,4.16,yes,,BRD-06,VN-direct,Medium,revealed,Viet Nam-reported CIF imports; quantities flagged as estimated
Viet Nam,World,import,210610,protein concentrates and textured protein (2106.10),2019,10,3848535,925.7,4.16,yes,,BRD-06,VN-direct,Medium,revealed,Viet Nam-reported CIF imports; quantities flagged as estimated
Viet Nam,World,import,210610,protein concentrates and textured protein (2106.10),2019,11,6147939,1478.8,4.16,yes,,BRD-06,VN-direct,Medium,revealed,Viet Nam-reported CIF imports; quantities flagged as estimated
Viet Nam,World,import,210610,protein concentrates and textured protein (2106.10),2019,12,3973213,955.7,4.16,yes,,BRD-06,VN-direct,Medium,revealed,Viet Nam-reported CIF imports; quantities flagged as estimated
Viet Nam,World,import,210610,protein concentrates and textured protein (2106.10),2020,1,1489668,306.2,4.86,yes,Tet month (lunar 1/1 on 2020-01-25),BRD-06,VN-direct,Medium,revealed,Viet Nam-reported CIF imports; quantities flagged as estimated
Viet Nam,World,import,210610,protein concentrates and textured protein (2106.10),2020,2,1220307,250.9,4.86,yes,,BRD-06,VN-direct,Medium,revealed,Viet Nam-reported CIF imports; quantities flagged as estimated
Viet Nam,World,import,210610,protein concentrates and textured protein (2106.10),2020,3,1918029,394.3,4.86,yes,,BRD-06,VN-direct,Medium,revealed,Viet Nam-reported CIF imports; quantities flagged as estimated
Viet Nam,World,import,210610,protein concentrates and textured protein (2106.10),2020,4,2554261,525.1,4.86,yes,,BRD-06,VN-direct,Medium,revealed,Viet Nam-reported CIF imports; quantities flagged as estimated
Viet Nam,World,import,210610,protein concentrates and textured protein (2106.10),2020,5,2220264,456.4,4.86,yes,,BRD-06,VN-direct,Medium,revealed,Viet Nam-reported CIF imports; quantities flagged as estimated
Viet Nam,World,import,210610,protein concentrates and textured protein (2106.10),2020,6,3408877,700.8,4.86,yes,,BRD-06,VN-direct,Medium,revealed,Viet Nam-reported CIF imports; quantities flagged as estimated
Viet Nam,World,import,210610,protein concentrates and textured protein (2106.10),2020,7,1887255,388.0,4.86,yes,,BRD-06,VN-direct,Medium,revealed,Viet Nam-reported CIF imports; quantities flagged as estimated
Viet Nam,World,import,210610,protein concentrates and textured protein (2106.10),2020,8,2263156,465.2,4.86,yes,,BRD-06,VN-direct,Medium,revealed,Viet Nam-reported CIF imports; quantities flagged as estimated
Viet Nam,World,import,210610,protein concentrates and textured protein (2106.10),2020,9,5178066,1064.5,4.86,yes,Vu Lan month (lunar 7/15 on 2020-09-02),BRD-06,VN-direct,Medium,revealed,Viet Nam-reported CIF imports; quantities flagged as estimated
Viet Nam,World,import,210610,protein concentrates and textured protein (2106.10),2020,10,3640556,748.4,4.86,yes,,BRD-06,VN-direct,Medium,revealed,Viet Nam-reported CIF imports; quantities flagged as estimated
Viet Nam,World,import,210610,protein concentrates and textured protein (2106.10),2020,11,3187404,655.3,4.86,yes,,BRD-06,VN-direct,Medium,revealed,Viet Nam-reported CIF imports; quantities flagged as estimated
Viet Nam,World,import,210610,protein concentrates and textured protein (2106.10),2020,12,3557302,731.3,4.86,yes,,BRD-06,VN-direct,Medium,revealed,Viet Nam-reported CIF imports; quantities flagged as estimated
Viet Nam,World,import,210610,protein concentrates and textured protein (2106.10),2021,1,3180211,599.1,5.31,yes,,BRD-06,VN-direct,Medium,revealed,Viet Nam-reported CIF imports; quantities flagged as estimated
Viet Nam,World,import,210610,protein concentrates and textured protein (2106.10),2021,2,1885200,355.1,5.31,yes,Tet month (lunar 1/1 on 2021-02-12),BRD-06,VN-direct,Medium,revealed,Viet Nam-reported CIF imports; quantities flagged as estimated
Viet Nam,World,import,210610,protein concentrates and textured protein (2106.10),2021,3,2701710,508.9,5.31,yes,,BRD-06,VN-direct,Medium,revealed,Viet Nam-reported CIF imports; quantities flagged as estimated
Viet Nam,World,import,210610,protein concentrates and textured protein (2106.10),2021,4,3449222,649.7,5.31,yes,,BRD-06,VN-direct,Medium,revealed,Viet Nam-reported CIF imports; quantities flagged as estimated
Viet Nam,World,import,210610,protein concentrates and textured protein (2106.10),2021,5,5101916,961.1,5.31,yes,,BRD-06,VN-direct,Medium,revealed,Viet Nam-reported CIF imports; quantities flagged as estimated
Viet Nam,World,import,210610,protein concentrates and textured protein (2106.10),2021,6,3027454,570.3,5.31,yes,,BRD-06,VN-direct,Medium,revealed,Viet Nam-reported CIF imports; quantities flagged as estimated
Viet Nam,World,import,210610,protein concentrates and textured protein (2106.10),2021,7,3711939,699.2,5.31,yes,,BRD-06,VN-direct,Medium,revealed,Viet Nam-reported CIF imports; quantities flagged as estimated
Viet Nam,World,import,210610,protein concentrates and textured protein (2106.10),2021,8,5145012,969.2,5.31,yes,Vu Lan month (lunar 7/15 on 2021-08-22),BRD-06,VN-direct,Medium,revealed,Viet Nam-reported CIF imports; quantities flagged as estimated
Viet Nam,World,import,210610,protein concentrates and textured protein (2106.10),2021,9,3723368,701.4,5.31,yes,,BRD-06,VN-direct,Medium,revealed,Viet Nam-reported CIF imports; quantities flagged as estimated
Viet Nam,World,import,210610,protein concentrates and textured protein (2106.10),2021,10,4593191,865.2,5.31,yes,,BRD-06,VN-direct,Medium,revealed,Viet Nam-reported CIF imports; quantities flagged as estimated
Viet Nam,World,import,210610,protein concentrates and textured protein (2106.10),2021,11,7269007,1369.3,5.31,yes,,BRD-06,VN-direct,Medium,revealed,Viet Nam-reported CIF imports; quantities flagged as estimated
Viet Nam,World,import,210610,protein concentrates and textured protein (2106.10),2021,12,3009964,567.0,5.31,yes,,BRD-06,VN-direct,Medium,revealed,Viet Nam-reported CIF imports; quantities flagged as estimated
Viet Nam,World,import,210610,protein concentrates and textured protein (2106.10),2022,1,2861059,501.8,5.7,yes,,BRD-06,VN-direct,Medium,revealed,Viet Nam-reported CIF imports; quantities flagged as estimated
Viet Nam,World,import,210610,protein concentrates and textured protein (2106.10),2022,2,3485370,611.3,5.7,yes,Tet month (lunar 1/1 on 2022-02-01),BRD-06,VN-direct,Medium,revealed,Viet Nam-reported CIF imports; quantities flagged as estimated
Viet Nam,World,import,210610,protein concentrates and textured protein (2106.10),2022,3,2268400,397.8,5.7,yes,,BRD-06,VN-direct,Medium,revealed,Viet Nam-reported CIF imports; quantities flagged as estimated
Viet Nam,World,import,210610,protein concentrates and textured protein (2106.10),2022,4,1835657,321.9,5.7,yes,,BRD-06,VN-direct,Medium,revealed,Viet Nam-reported CIF imports; quantities flagged as estimated
Viet Nam,World,import,210610,protein concentrates and textured protein (2106.10),2022,5,3314221,581.3,5.7,yes,,BRD-06,VN-direct,Medium,revealed,Viet Nam-reported CIF imports; quantities flagged as estimated
Viet Nam,World,import,210610,protein concentrates and textured protein (2106.10),2022,6,1517465,266.1,5.7,yes,,BRD-06,VN-direct,Medium,revealed,Viet Nam-reported CIF imports; quantities flagged as estimated
Viet Nam,World,import,210610,protein concentrates and textured protein (2106.10),2022,7,2585798,453.5,5.7,yes,,BRD-06,VN-direct,Medium,revealed,Viet Nam-reported CIF imports; quantities flagged as estimated
Viet Nam,World,import,210610,protein concentrates and textured protein (2106.10),2022,8,4741176,831.5,5.7,yes,Vu Lan month (lunar 7/15 on 2022-08-12),BRD-06,VN-direct,Medium,revealed,Viet Nam-reported CIF imports; quantities flagged as estimated
Viet Nam,World,import,210610,protein concentrates and textured protein (2106.10),2022,9,1242889,218.0,5.7,yes,,BRD-06,VN-direct,Medium,revealed,Viet Nam-reported CIF imports; quantities flagged as estimated
Viet Nam,World,import,210610,protein concentrates and textured protein (2106.10),2022,10,3456752,606.3,5.7,yes,,BRD-06,VN-direct,Medium,revealed,Viet Nam-reported CIF imports; quantities flagged as estimated
Viet Nam,World,import,210610,protein concentrates and textured protein (2106.10),2022,11,1786430,313.3,5.7,yes,,BRD-06,VN-direct,Medium,revealed,Viet Nam-reported CIF imports; quantities flagged as estimated
Viet Nam,World,import,210610,protein concentrates and textured protein (2106.10),2022,12,2544010,446.2,5.7,yes,,BRD-06,VN-direct,Medium,revealed,Viet Nam-reported CIF imports; quantities flagged as estimated
Viet Nam,World,import,210610,protein concentrates and textured protein (2106.10),2023,1,1613566,273.7,5.9,yes,Tet month (lunar 1/1 on 2023-01-22),BRD-06,VN-direct,Medium,revealed,Viet Nam-reported CIF imports; quantities flagged as estimated
Viet Nam,World,import,210610,protein concentrates and textured protein (2106.10),2023,2,1590247,269.7,5.9,yes,,BRD-06,VN-direct,Medium,revealed,Viet Nam-reported CIF imports; quantities flagged as estimated
Viet Nam,World,import,210610,protein concentrates and textured protein (2106.10),2023,3,3891494,660.0,5.9,yes,,BRD-06,VN-direct,Medium,revealed,Viet Nam-reported CIF imports; quantities flagged as estimated
Viet Nam,World,import,210610,protein concentrates and textured protein (2106.10),2023,4,5719384,970.0,5.9,yes,,BRD-06,VN-direct,Medium,revealed,Viet Nam-reported CIF imports; quantities flagged as estimated
Viet Nam,World,import,210610,protein concentrates and textured protein (2106.10),2023,5,1980612,335.9,5.9,yes,,BRD-06,VN-direct,Medium,revealed,Viet Nam-reported CIF imports; quantities flagged as estimated
Viet Nam,World,import,210610,protein concentrates and textured protein (2106.10),2023,6,2038894,345.8,5.9,yes,,BRD-06,VN-direct,Medium,revealed,Viet Nam-reported CIF imports; quantities flagged as estimated
Viet Nam,World,import,210610,protein concentrates and textured protein (2106.10),2023,7,1730331,293.5,5.9,yes,,BRD-06,VN-direct,Medium,revealed,Viet Nam-reported CIF imports; quantities flagged as estimated
Viet Nam,World,import,210610,protein concentrates and textured protein (2106.10),2023,8,2295201,389.3,5.9,yes,Vu Lan month (lunar 7/15 on 2023-08-30),BRD-06,VN-direct,Medium,revealed,Viet Nam-reported CIF imports; quantities flagged as estimated
Viet Nam,World,import,210610,protein concentrates and textured protein (2106.10),2023,9,1709903,290.0,5.9,yes,,BRD-06,VN-direct,Medium,revealed,Viet Nam-reported CIF imports; quantities flagged as estimated
Viet Nam,World,import,210610,protein concentrates and textured protein (2106.10),2023,10,5482069,929.8,5.9,yes,,BRD-06,VN-direct,Medium,revealed,Viet Nam-reported CIF imports; quantities flagged as estimated
Viet Nam,World,import,210610,protein concentrates and textured protein (2106.10),2023,11,3088307,523.8,5.9,yes,,BRD-06,VN-direct,Medium,revealed,Viet Nam-reported CIF imports; quantities flagged as estimated
Viet Nam,World,import,210610,protein concentrates and textured protein (2106.10),2023,12,2841544,481.9,5.9,yes,,BRD-06,VN-direct,Medium,revealed,Viet Nam-reported CIF imports; quantities flagged as estimated
Viet Nam,World,import,230990,"animal feed preparations (2309.90), feed control",2019,1,57745167,38309.2,1.51,yes,,BRD-06,VN-direct,Medium,revealed,Viet Nam-reported CIF imports; quantities flagged as estimated
Viet Nam,World,import,230990,"animal feed preparations (2309.90), feed control",2019,2,30343974,20130.7,1.51,yes,Tet month (lunar 1/1 on 2019-02-05),BRD-06,VN-direct,Medium,revealed,Viet Nam-reported CIF imports; quantities flagged as estimated
Viet Nam,World,import,230990,"animal feed preparations (2309.90), feed control",2019,3,50817820,33713.4,1.51,yes,,BRD-06,VN-direct,Medium,revealed,Viet Nam-reported CIF imports; quantities flagged as estimated
Viet Nam,World,import,230990,"animal feed preparations (2309.90), feed control",2019,4,39884729,26460.2,1.51,yes,,BRD-06,VN-direct,Medium,revealed,Viet Nam-reported CIF imports; quantities flagged as estimated
Viet Nam,World,import,230990,"animal feed preparations (2309.90), feed control",2019,5,53144359,35256.9,1.51,yes,,BRD-06,VN-direct,Medium,revealed,Viet Nam-reported CIF imports; quantities flagged as estimated
Viet Nam,World,import,230990,"animal feed preparations (2309.90), feed control",2019,6,41026538,27217.7,1.51,yes,,BRD-06,VN-direct,Medium,revealed,Viet Nam-reported CIF imports; quantities flagged as estimated
Viet Nam,World,import,230990,"animal feed preparations (2309.90), feed control",2019,7,48443589,32138.3,1.51,yes,,BRD-06,VN-direct,Medium,revealed,Viet Nam-reported CIF imports; quantities flagged as estimated
Viet Nam,World,import,230990,"animal feed preparations (2309.90), feed control",2019,8,36124682,23965.7,1.51,yes,Vu Lan month (lunar 7/15 on 2019-08-15),BRD-06,VN-direct,Medium,revealed,Viet Nam-reported CIF imports; quantities flagged as estimated
Viet Nam,World,import,230990,"animal feed preparations (2309.90), feed control",2019,9,36729863,24367.2,1.51,yes,,BRD-06,VN-direct,Medium,revealed,Viet Nam-reported CIF imports; quantities flagged as estimated
Viet Nam,World,import,230990,"animal feed preparations (2309.90), feed control",2019,10,37198850,24678.4,1.51,yes,,BRD-06,VN-direct,Medium,revealed,Viet Nam-reported CIF imports; quantities flagged as estimated
Viet Nam,World,import,230990,"animal feed preparations (2309.90), feed control",2019,11,34386919,22812.9,1.51,yes,,BRD-06,VN-direct,Medium,revealed,Viet Nam-reported CIF imports; quantities flagged as estimated
Viet Nam,World,import,230990,"animal feed preparations (2309.90), feed control",2019,12,38904554,25810.0,1.51,yes,,BRD-06,VN-direct,Medium,revealed,Viet Nam-reported CIF imports; quantities flagged as estimated
Viet Nam,World,import,230990,"animal feed preparations (2309.90), feed control",2020,1,29457960,18293.1,1.61,yes,Tet month (lunar 1/1 on 2020-01-25),BRD-06,VN-direct,Medium,revealed,Viet Nam-reported CIF imports; quantities flagged as estimated
Viet Nam,World,import,230990,"animal feed preparations (2309.90), feed control",2020,2,38303585,23786.2,1.61,yes,,BRD-06,VN-direct,Medium,revealed,Viet Nam-reported CIF imports; quantities flagged as estimated
Viet Nam,World,import,230990,"animal feed preparations (2309.90), feed control",2020,3,57999441,36017.1,1.61,yes,,BRD-06,VN-direct,Medium,revealed,Viet Nam-reported CIF imports; quantities flagged as estimated
Viet Nam,World,import,230990,"animal feed preparations (2309.90), feed control",2020,4,50429906,31316.5,1.61,yes,,BRD-06,VN-direct,Medium,revealed,Viet Nam-reported CIF imports; quantities flagged as estimated
Viet Nam,World,import,230990,"animal feed preparations (2309.90), feed control",2020,5,38873691,24140.2,1.61,yes,,BRD-06,VN-direct,Medium,revealed,Viet Nam-reported CIF imports; quantities flagged as estimated
Viet Nam,World,import,230990,"animal feed preparations (2309.90), feed control",2020,6,55551175,34496.8,1.61,yes,,BRD-06,VN-direct,Medium,revealed,Viet Nam-reported CIF imports; quantities flagged as estimated
Viet Nam,World,import,230990,"animal feed preparations (2309.90), feed control",2020,7,43984008,27313.7,1.61,yes,,BRD-06,VN-direct,Medium,revealed,Viet Nam-reported CIF imports; quantities flagged as estimated
Viet Nam,World,import,230990,"animal feed preparations (2309.90), feed control",2020,8,44374312,27556.1,1.61,yes,,BRD-06,VN-direct,Medium,revealed,Viet Nam-reported CIF imports; quantities flagged as estimated
Viet Nam,World,import,230990,"animal feed preparations (2309.90), feed control",2020,9,43746471,27166.2,1.61,yes,Vu Lan month (lunar 7/15 on 2020-09-02),BRD-06,VN-direct,Medium,revealed,Viet Nam-reported CIF imports; quantities flagged as estimated
Viet Nam,World,import,230990,"animal feed preparations (2309.90), feed control",2020,10,42268136,26248.1,1.61,yes,,BRD-06,VN-direct,Medium,revealed,Viet Nam-reported CIF imports; quantities flagged as estimated
Viet Nam,World,import,230990,"animal feed preparations (2309.90), feed control",2020,11,44871969,27865.1,1.61,yes,,BRD-06,VN-direct,Medium,revealed,Viet Nam-reported CIF imports; quantities flagged as estimated
Viet Nam,World,import,230990,"animal feed preparations (2309.90), feed control",2020,12,51752012,32137.5,1.61,yes,,BRD-06,VN-direct,Medium,revealed,Viet Nam-reported CIF imports; quantities flagged as estimated
Viet Nam,World,import,230990,"animal feed preparations (2309.90), feed control",2021,1,53277125,29562.2,1.8,yes,,BRD-06,VN-direct,Medium,revealed,Viet Nam-reported CIF imports; quantities flagged as estimated
Viet Nam,World,import,230990,"animal feed preparations (2309.90), feed control",2021,2,35373583,19627.9,1.8,yes,Tet month (lunar 1/1 on 2021-02-12),BRD-06,VN-direct,Medium,revealed,Viet Nam-reported CIF imports; quantities flagged as estimated
Viet Nam,World,import,230990,"animal feed preparations (2309.90), feed control",2021,3,59443431,32983.7,1.8,yes,,BRD-06,VN-direct,Medium,revealed,Viet Nam-reported CIF imports; quantities flagged as estimated
Viet Nam,World,import,230990,"animal feed preparations (2309.90), feed control",2021,4,48836665,27098.3,1.8,yes,,BRD-06,VN-direct,Medium,revealed,Viet Nam-reported CIF imports; quantities flagged as estimated
Viet Nam,World,import,230990,"animal feed preparations (2309.90), feed control",2021,5,48957506,27165.3,1.8,yes,,BRD-06,VN-direct,Medium,revealed,Viet Nam-reported CIF imports; quantities flagged as estimated
Viet Nam,World,import,230990,"animal feed preparations (2309.90), feed control",2021,6,54190621,30069.1,1.8,yes,,BRD-06,VN-direct,Medium,revealed,Viet Nam-reported CIF imports; quantities flagged as estimated
Viet Nam,World,import,230990,"animal feed preparations (2309.90), feed control",2021,7,52058037,28885.7,1.8,yes,,BRD-06,VN-direct,Medium,revealed,Viet Nam-reported CIF imports; quantities flagged as estimated
Viet Nam,World,import,230990,"animal feed preparations (2309.90), feed control",2021,8,85586090,47489.6,1.8,yes,Vu Lan month (lunar 7/15 on 2021-08-22),BRD-06,VN-direct,Medium,revealed,Viet Nam-reported CIF imports; quantities flagged as estimated
Viet Nam,World,import,230990,"animal feed preparations (2309.90), feed control",2021,9,50520136,28032.4,1.8,yes,,BRD-06,VN-direct,Medium,revealed,Viet Nam-reported CIF imports; quantities flagged as estimated
Viet Nam,World,import,230990,"animal feed preparations (2309.90), feed control",2021,10,51713469,28694.5,1.8,yes,,BRD-06,VN-direct,Medium,revealed,Viet Nam-reported CIF imports; quantities flagged as estimated
Viet Nam,World,import,230990,"animal feed preparations (2309.90), feed control",2021,11,51535767,28595.9,1.8,yes,,BRD-06,VN-direct,Medium,revealed,Viet Nam-reported CIF imports; quantities flagged as estimated
Viet Nam,World,import,230990,"animal feed preparations (2309.90), feed control",2021,12,51805995,28745.9,1.8,yes,,BRD-06,VN-direct,Medium,revealed,Viet Nam-reported CIF imports; quantities flagged as estimated
Viet Nam,World,import,230990,"animal feed preparations (2309.90), feed control",2022,1,48921393,24866.6,1.97,yes,,BRD-06,VN-direct,Medium,revealed,Viet Nam-reported CIF imports; quantities flagged as estimated
Viet Nam,World,import,230990,"animal feed preparations (2309.90), feed control",2022,2,43450718,22085.9,1.97,yes,Tet month (lunar 1/1 on 2022-02-01),BRD-06,VN-direct,Medium,revealed,Viet Nam-reported CIF imports; quantities flagged as estimated
Viet Nam,World,import,230990,"animal feed preparations (2309.90), feed control",2022,3,56633523,28786.7,1.97,yes,,BRD-06,VN-direct,Medium,revealed,Viet Nam-reported CIF imports; quantities flagged as estimated
Viet Nam,World,import,230990,"animal feed preparations (2309.90), feed control",2022,4,56587258,28763.2,1.97,yes,,BRD-06,VN-direct,Medium,revealed,Viet Nam-reported CIF imports; quantities flagged as estimated
Viet Nam,World,import,230990,"animal feed preparations (2309.90), feed control",2022,5,63387713,32219.8,1.97,yes,,BRD-06,VN-direct,Medium,revealed,Viet Nam-reported CIF imports; quantities flagged as estimated
Viet Nam,World,import,230990,"animal feed preparations (2309.90), feed control",2022,6,71489281,36337.8,1.97,yes,,BRD-06,VN-direct,Medium,revealed,Viet Nam-reported CIF imports; quantities flagged as estimated
Viet Nam,World,import,230990,"animal feed preparations (2309.90), feed control",2022,7,49801240,25313.9,1.97,yes,,BRD-06,VN-direct,Medium,revealed,Viet Nam-reported CIF imports; quantities flagged as estimated
Viet Nam,World,import,230990,"animal feed preparations (2309.90), feed control",2022,8,51831541,26345.9,1.97,yes,Vu Lan month (lunar 7/15 on 2022-08-12),BRD-06,VN-direct,Medium,revealed,Viet Nam-reported CIF imports; quantities flagged as estimated
Viet Nam,World,import,230990,"animal feed preparations (2309.90), feed control",2022,9,43944478,22336.9,1.97,yes,,BRD-06,VN-direct,Medium,revealed,Viet Nam-reported CIF imports; quantities flagged as estimated
Viet Nam,World,import,230990,"animal feed preparations (2309.90), feed control",2022,10,47143008,23962.7,1.97,yes,,BRD-06,VN-direct,Medium,revealed,Viet Nam-reported CIF imports; quantities flagged as estimated
Viet Nam,World,import,230990,"animal feed preparations (2309.90), feed control",2022,11,73154103,37184.1,1.97,yes,,BRD-06,VN-direct,Medium,revealed,Viet Nam-reported CIF imports; quantities flagged as estimated
Viet Nam,World,import,230990,"animal feed preparations (2309.90), feed control",2022,12,55194529,28055.3,1.97,yes,,BRD-06,VN-direct,Medium,revealed,Viet Nam-reported CIF imports; quantities flagged as estimated
Viet Nam,World,import,230990,"animal feed preparations (2309.90), feed control",2023,1,37785272,20196.6,1.87,yes,Tet month (lunar 1/1 on 2023-01-22),BRD-06,VN-direct,Medium,revealed,Viet Nam-reported CIF imports; quantities flagged as estimated
Viet Nam,World,import,230990,"animal feed preparations (2309.90), feed control",2023,2,40280254,21530.2,1.87,yes,,BRD-06,VN-direct,Medium,revealed,Viet Nam-reported CIF imports; quantities flagged as estimated
Viet Nam,World,import,230990,"animal feed preparations (2309.90), feed control",2023,3,55879435,29868.2,1.87,yes,,BRD-06,VN-direct,Medium,revealed,Viet Nam-reported CIF imports; quantities flagged as estimated
Viet Nam,World,import,230990,"animal feed preparations (2309.90), feed control",2023,4,42366293,22645.2,1.87,yes,,BRD-06,VN-direct,Medium,revealed,Viet Nam-reported CIF imports; quantities flagged as estimated
Viet Nam,World,import,230990,"animal feed preparations (2309.90), feed control",2023,5,54491299,29126.2,1.87,yes,,BRD-06,VN-direct,Medium,revealed,Viet Nam-reported CIF imports; quantities flagged as estimated
Viet Nam,World,import,230990,"animal feed preparations (2309.90), feed control",2023,6,48670403,26014.9,1.87,yes,,BRD-06,VN-direct,Medium,revealed,Viet Nam-reported CIF imports; quantities flagged as estimated
Viet Nam,World,import,230990,"animal feed preparations (2309.90), feed control",2023,7,52920387,28286.5,1.87,yes,,BRD-06,VN-direct,Medium,revealed,Viet Nam-reported CIF imports; quantities flagged as estimated
Viet Nam,World,import,230990,"animal feed preparations (2309.90), feed control",2023,8,48650209,26004.1,1.87,yes,Vu Lan month (lunar 7/15 on 2023-08-30),BRD-06,VN-direct,Medium,revealed,Viet Nam-reported CIF imports; quantities flagged as estimated
Viet Nam,World,import,230990,"animal feed preparations (2309.90), feed control",2023,9,47902794,25604.6,1.87,yes,,BRD-06,VN-direct,Medium,revealed,Viet Nam-reported CIF imports; quantities flagged as estimated
Viet Nam,World,import,230990,"animal feed preparations (2309.90), feed control",2023,10,44135422,23590.9,1.87,yes,,BRD-06,VN-direct,Medium,revealed,Viet Nam-reported CIF imports; quantities flagged as estimated
Viet Nam,World,import,230990,"animal feed preparations (2309.90), feed control",2023,11,46695405,24959.2,1.87,yes,,BRD-06,VN-direct,Medium,revealed,Viet Nam-reported CIF imports; quantities flagged as estimated
Viet Nam,World,import,230990,"animal feed preparations (2309.90), feed control",2023,12,48003063,25658.2,1.87,yes,,BRD-06,VN-direct,Medium,revealed,Viet Nam-reported CIF imports; quantities flagged as estimated
Viet Nam,World,import,350400,protein substances incl. soy isolate (3504),2019,1,440899,74.7,5.91,yes,,BRD-06,VN-direct,Medium,revealed,Viet Nam-reported CIF imports; quantities flagged as estimated
Viet Nam,World,import,350400,protein substances incl. soy isolate (3504),2019,2,247623,41.9,5.91,yes,Tet month (lunar 1/1 on 2019-02-05),BRD-06,VN-direct,Medium,revealed,Viet Nam-reported CIF imports; quantities flagged as estimated
Viet Nam,World,import,350400,protein substances incl. soy isolate (3504),2019,3,866221,146.7,5.91,yes,,BRD-06,VN-direct,Medium,revealed,Viet Nam-reported CIF imports; quantities flagged as estimated
Viet Nam,World,import,350400,protein substances incl. soy isolate (3504),2019,4,653486,110.6,5.91,yes,,BRD-06,VN-direct,Medium,revealed,Viet Nam-reported CIF imports; quantities flagged as estimated
Viet Nam,World,import,350400,protein substances incl. soy isolate (3504),2019,5,806953,136.6,5.91,yes,,BRD-06,VN-direct,Medium,revealed,Viet Nam-reported CIF imports; quantities flagged as estimated
Viet Nam,World,import,350400,protein substances incl. soy isolate (3504),2019,6,521614,88.3,5.91,yes,,BRD-06,VN-direct,Medium,revealed,Viet Nam-reported CIF imports; quantities flagged as estimated
Viet Nam,World,import,350400,protein substances incl. soy isolate (3504),2019,7,477843,80.9,5.91,yes,,BRD-06,VN-direct,Medium,revealed,Viet Nam-reported CIF imports; quantities flagged as estimated
Viet Nam,World,import,350400,protein substances incl. soy isolate (3504),2019,8,488792,82.8,5.91,yes,Vu Lan month (lunar 7/15 on 2019-08-15),BRD-06,VN-direct,Medium,revealed,Viet Nam-reported CIF imports; quantities flagged as estimated
Viet Nam,World,import,350400,protein substances incl. soy isolate (3504),2019,9,767863,130.0,5.91,yes,,BRD-06,VN-direct,Medium,revealed,Viet Nam-reported CIF imports; quantities flagged as estimated
Viet Nam,World,import,350400,protein substances incl. soy isolate (3504),2019,10,709246,120.1,5.91,yes,,BRD-06,VN-direct,Medium,revealed,Viet Nam-reported CIF imports; quantities flagged as estimated
Viet Nam,World,import,350400,protein substances incl. soy isolate (3504),2019,11,692271,117.2,5.91,yes,,BRD-06,VN-direct,Medium,revealed,Viet Nam-reported CIF imports; quantities flagged as estimated
Viet Nam,World,import,350400,protein substances incl. soy isolate (3504),2019,12,758894,128.5,5.91,yes,,BRD-06,VN-direct,Medium,revealed,Viet Nam-reported CIF imports; quantities flagged as estimated
Viet Nam,World,import,350400,protein substances incl. soy isolate (3504),2020,1,1013325,145.4,6.97,yes,Tet month (lunar 1/1 on 2020-01-25),BRD-06,VN-direct,Medium,revealed,Viet Nam-reported CIF imports; quantities flagged as estimated
Viet Nam,World,import,350400,protein substances incl. soy isolate (3504),2020,2,523776,75.2,6.97,yes,,BRD-06,VN-direct,Medium,revealed,Viet Nam-reported CIF imports; quantities flagged as estimated
Viet Nam,World,import,350400,protein substances incl. soy isolate (3504),2020,3,979269,140.6,6.97,yes,,BRD-06,VN-direct,Medium,revealed,Viet Nam-reported CIF imports; quantities flagged as estimated
Viet Nam,World,import,350400,protein substances incl. soy isolate (3504),2020,4,1268336,182.0,6.97,yes,,BRD-06,VN-direct,Medium,revealed,Viet Nam-reported CIF imports; quantities flagged as estimated
Viet Nam,World,import,350400,protein substances incl. soy isolate (3504),2020,5,666183,95.6,6.97,yes,,BRD-06,VN-direct,Medium,revealed,Viet Nam-reported CIF imports; quantities flagged as estimated
Viet Nam,World,import,350400,protein substances incl. soy isolate (3504),2020,6,989246,142.0,6.97,yes,,BRD-06,VN-direct,Medium,revealed,Viet Nam-reported CIF imports; quantities flagged as estimated
Viet Nam,World,import,350400,protein substances incl. soy isolate (3504),2020,7,968301,139.0,6.97,yes,,BRD-06,VN-direct,Medium,revealed,Viet Nam-reported CIF imports; quantities flagged as estimated
Viet Nam,World,import,350400,protein substances incl. soy isolate (3504),2020,8,1040771,149.4,6.97,yes,,BRD-06,VN-direct,Medium,revealed,Viet Nam-reported CIF imports; quantities flagged as estimated
Viet Nam,World,import,350400,protein substances incl. soy isolate (3504),2020,9,570413,81.9,6.97,yes,Vu Lan month (lunar 7/15 on 2020-09-02),BRD-06,VN-direct,Medium,revealed,Viet Nam-reported CIF imports; quantities flagged as estimated
Viet Nam,World,import,350400,protein substances incl. soy isolate (3504),2020,10,1090100,156.5,6.97,yes,,BRD-06,VN-direct,Medium,revealed,Viet Nam-reported CIF imports; quantities flagged as estimated
Viet Nam,World,import,350400,protein substances incl. soy isolate (3504),2020,11,1259383,180.8,6.97,yes,,BRD-06,VN-direct,Medium,revealed,Viet Nam-reported CIF imports; quantities flagged as estimated
Viet Nam,World,import,350400,protein substances incl. soy isolate (3504),2020,12,1451838,208.4,6.97,yes,,BRD-06,VN-direct,Medium,revealed,Viet Nam-reported CIF imports; quantities flagged as estimated
Viet Nam,World,import,350400,protein substances incl. soy isolate (3504),2021,1,751495,106.3,7.07,yes,,BRD-06,VN-direct,Medium,revealed,Viet Nam-reported CIF imports; quantities flagged as estimated
Viet Nam,World,import,350400,protein substances incl. soy isolate (3504),2021,2,959882,135.7,7.07,yes,Tet month (lunar 1/1 on 2021-02-12),BRD-06,VN-direct,Medium,revealed,Viet Nam-reported CIF imports; quantities flagged as estimated
Viet Nam,World,import,350400,protein substances incl. soy isolate (3504),2021,3,1223596,173.0,7.07,yes,,BRD-06,VN-direct,Medium,revealed,Viet Nam-reported CIF imports; quantities flagged as estimated
Viet Nam,World,import,350400,protein substances incl. soy isolate (3504),2021,4,1337175,189.1,7.07,yes,,BRD-06,VN-direct,Medium,revealed,Viet Nam-reported CIF imports; quantities flagged as estimated
Viet Nam,World,import,350400,protein substances incl. soy isolate (3504),2021,5,1303625,184.4,7.07,yes,,BRD-06,VN-direct,Medium,revealed,Viet Nam-reported CIF imports; quantities flagged as estimated
Viet Nam,World,import,350400,protein substances incl. soy isolate (3504),2021,6,1238786,175.2,7.07,yes,,BRD-06,VN-direct,Medium,revealed,Viet Nam-reported CIF imports; quantities flagged as estimated
Viet Nam,World,import,350400,protein substances incl. soy isolate (3504),2021,7,715210,101.1,7.07,yes,,BRD-06,VN-direct,Medium,revealed,Viet Nam-reported CIF imports; quantities flagged as estimated
Viet Nam,World,import,350400,protein substances incl. soy isolate (3504),2021,8,1708854,241.7,7.07,yes,Vu Lan month (lunar 7/15 on 2021-08-22),BRD-06,VN-direct,Medium,revealed,Viet Nam-reported CIF imports; quantities flagged as estimated
Viet Nam,World,import,350400,protein substances incl. soy isolate (3504),2021,9,1301629,184.1,7.07,yes,,BRD-06,VN-direct,Medium,revealed,Viet Nam-reported CIF imports; quantities flagged as estimated
Viet Nam,World,import,350400,protein substances incl. soy isolate (3504),2021,10,1456076,205.9,7.07,yes,,BRD-06,VN-direct,Medium,revealed,Viet Nam-reported CIF imports; quantities flagged as estimated
Viet Nam,World,import,350400,protein substances incl. soy isolate (3504),2021,11,1259399,178.1,7.07,yes,,BRD-06,VN-direct,Medium,revealed,Viet Nam-reported CIF imports; quantities flagged as estimated
Viet Nam,World,import,350400,protein substances incl. soy isolate (3504),2021,12,1787081,252.7,7.07,yes,,BRD-06,VN-direct,Medium,revealed,Viet Nam-reported CIF imports; quantities flagged as estimated
Viet Nam,World,import,350400,protein substances incl. soy isolate (3504),2022,1,2390843,275.0,8.7,yes,,BRD-06,VN-direct,Medium,revealed,Viet Nam-reported CIF imports; quantities flagged as estimated
Viet Nam,World,import,350400,protein substances incl. soy isolate (3504),2022,2,1747287,200.9,8.7,yes,Tet month (lunar 1/1 on 2022-02-01),BRD-06,VN-direct,Medium,revealed,Viet Nam-reported CIF imports; quantities flagged as estimated
Viet Nam,World,import,350400,protein substances incl. soy isolate (3504),2022,3,2578861,296.6,8.7,yes,,BRD-06,VN-direct,Medium,revealed,Viet Nam-reported CIF imports; quantities flagged as estimated
Viet Nam,World,import,350400,protein substances incl. soy isolate (3504),2022,4,3328243,382.8,8.7,yes,,BRD-06,VN-direct,Medium,revealed,Viet Nam-reported CIF imports; quantities flagged as estimated
Viet Nam,World,import,350400,protein substances incl. soy isolate (3504),2022,5,2971573,341.7,8.7,yes,,BRD-06,VN-direct,Medium,revealed,Viet Nam-reported CIF imports; quantities flagged as estimated
Viet Nam,World,import,350400,protein substances incl. soy isolate (3504),2022,6,4093517,470.8,8.7,yes,,BRD-06,VN-direct,Medium,revealed,Viet Nam-reported CIF imports; quantities flagged as estimated
Viet Nam,World,import,350400,protein substances incl. soy isolate (3504),2022,7,1976693,227.3,8.7,yes,,BRD-06,VN-direct,Medium,revealed,Viet Nam-reported CIF imports; quantities flagged as estimated
Viet Nam,World,import,350400,protein substances incl. soy isolate (3504),2022,8,2684177,308.7,8.7,yes,Vu Lan month (lunar 7/15 on 2022-08-12),BRD-06,VN-direct,Medium,revealed,Viet Nam-reported CIF imports; quantities flagged as estimated
Viet Nam,World,import,350400,protein substances incl. soy isolate (3504),2022,9,2304053,265.0,8.7,yes,,BRD-06,VN-direct,Medium,revealed,Viet Nam-reported CIF imports; quantities flagged as estimated
Viet Nam,World,import,350400,protein substances incl. soy isolate (3504),2022,10,1655902,190.4,8.7,yes,,BRD-06,VN-direct,Medium,revealed,Viet Nam-reported CIF imports; quantities flagged as estimated
Viet Nam,World,import,350400,protein substances incl. soy isolate (3504),2022,11,2029835,233.4,8.7,yes,,BRD-06,VN-direct,Medium,revealed,Viet Nam-reported CIF imports; quantities flagged as estimated
Viet Nam,World,import,350400,protein substances incl. soy isolate (3504),2022,12,2080538,239.3,8.7,yes,,BRD-06,VN-direct,Medium,revealed,Viet Nam-reported CIF imports; quantities flagged as estimated
Viet Nam,World,import,350400,protein substances incl. soy isolate (3504),2023,1,1406308,153.5,9.16,yes,Tet month (lunar 1/1 on 2023-01-22),BRD-06,VN-direct,Medium,revealed,Viet Nam-reported CIF imports; quantities flagged as estimated
Viet Nam,World,import,350400,protein substances incl. soy isolate (3504),2023,2,2046851,223.4,9.16,yes,,BRD-06,VN-direct,Medium,revealed,Viet Nam-reported CIF imports; quantities flagged as estimated
Viet Nam,World,import,350400,protein substances incl. soy isolate (3504),2023,3,3006174,328.1,9.16,yes,,BRD-06,VN-direct,Medium,revealed,Viet Nam-reported CIF imports; quantities flagged as estimated
Viet Nam,World,import,350400,protein substances incl. soy isolate (3504),2023,4,2555239,278.9,9.16,yes,,BRD-06,VN-direct,Medium,revealed,Viet Nam-reported CIF imports; quantities flagged as estimated
Viet Nam,World,import,350400,protein substances incl. soy isolate (3504),2023,5,2217475,242.0,9.16,yes,,BRD-06,VN-direct,Medium,revealed,Viet Nam-reported CIF imports; quantities flagged as estimated
Viet Nam,World,import,350400,protein substances incl. soy isolate (3504),2023,6,1244617,135.9,9.16,yes,,BRD-06,VN-direct,Medium,revealed,Viet Nam-reported CIF imports; quantities flagged as estimated
Viet Nam,World,import,350400,protein substances incl. soy isolate (3504),2023,7,1497176,163.4,9.16,yes,,BRD-06,VN-direct,Medium,revealed,Viet Nam-reported CIF imports; quantities flagged as estimated
Viet Nam,World,import,350400,protein substances incl. soy isolate (3504),2023,8,1374940,150.1,9.16,yes,Vu Lan month (lunar 7/15 on 2023-08-30),BRD-06,VN-direct,Medium,revealed,Viet Nam-reported CIF imports; quantities flagged as estimated
Viet Nam,World,import,350400,protein substances incl. soy isolate (3504),2023,9,1535420,167.6,9.16,yes,,BRD-06,VN-direct,Medium,revealed,Viet Nam-reported CIF imports; quantities flagged as estimated
Viet Nam,World,import,350400,protein substances incl. soy isolate (3504),2023,10,1973289,215.4,9.16,yes,,BRD-06,VN-direct,Medium,revealed,Viet Nam-reported CIF imports; quantities flagged as estimated
Viet Nam,World,import,350400,protein substances incl. soy isolate (3504),2023,11,1749433,191.0,9.16,yes,,BRD-06,VN-direct,Medium,revealed,Viet Nam-reported CIF imports; quantities flagged as estimated
Viet Nam,World,import,350400,protein substances incl. soy isolate (3504),2023,12,1577345,172.2,9.16,yes,,BRD-06,VN-direct,Medium,revealed,Viet Nam-reported CIF imports; quantities flagged as estimated
Viet Nam,China,import,110900,wheat gluten (1109),2019,1,814661,509.2,1.6,yes,,BRD-06,VN-direct,Medium,revealed,Viet Nam-reported CIF imports; quantities flagged as estimated
Viet Nam,China,import,110900,wheat gluten (1109),2019,2,245410,153.4,1.6,yes,Tet month (lunar 1/1 on 2019-02-05),BRD-06,VN-direct,Medium,revealed,Viet Nam-reported CIF imports; quantities flagged as estimated
Viet Nam,China,import,110900,wheat gluten (1109),2019,3,1555351,972.1,1.6,yes,,BRD-06,VN-direct,Medium,revealed,Viet Nam-reported CIF imports; quantities flagged as estimated
Viet Nam,China,import,110900,wheat gluten (1109),2019,4,875161,547.0,1.6,yes,,BRD-06,VN-direct,Medium,revealed,Viet Nam-reported CIF imports; quantities flagged as estimated
Viet Nam,China,import,110900,wheat gluten (1109),2019,5,1694127,1058.8,1.6,yes,,BRD-06,VN-direct,Medium,revealed,Viet Nam-reported CIF imports; quantities flagged as estimated
Viet Nam,China,import,110900,wheat gluten (1109),2019,6,950190,593.9,1.6,yes,,BRD-06,VN-direct,Medium,revealed,Viet Nam-reported CIF imports; quantities flagged as estimated
Viet Nam,China,import,110900,wheat gluten (1109),2019,7,974315,608.9,1.6,yes,,BRD-06,VN-direct,Medium,revealed,Viet Nam-reported CIF imports; quantities flagged as estimated
Viet Nam,China,import,110900,wheat gluten (1109),2019,8,911329,569.6,1.6,yes,Vu Lan month (lunar 7/15 on 2019-08-15),BRD-06,VN-direct,Medium,revealed,Viet Nam-reported CIF imports; quantities flagged as estimated
Viet Nam,China,import,110900,wheat gluten (1109),2019,9,1228150,767.6,1.6,yes,,BRD-06,VN-direct,Medium,revealed,Viet Nam-reported CIF imports; quantities flagged as estimated
Viet Nam,China,import,110900,wheat gluten (1109),2019,10,785293,490.8,1.6,yes,,BRD-06,VN-direct,Medium,revealed,Viet Nam-reported CIF imports; quantities flagged as estimated
Viet Nam,China,import,110900,wheat gluten (1109),2019,11,725929,453.7,1.6,yes,,BRD-06,VN-direct,Medium,revealed,Viet Nam-reported CIF imports; quantities flagged as estimated
Viet Nam,China,import,110900,wheat gluten (1109),2019,12,1112266,695.2,1.6,yes,,BRD-06,VN-direct,Medium,revealed,Viet Nam-reported CIF imports; quantities flagged as estimated
Viet Nam,China,import,110900,wheat gluten (1109),2020,1,663058,461.8,1.44,yes,Tet month (lunar 1/1 on 2020-01-25),BRD-06,VN-direct,Medium,revealed,Viet Nam-reported CIF imports; quantities flagged as estimated
Viet Nam,China,import,110900,wheat gluten (1109),2020,2,620290,432.0,1.44,yes,,BRD-06,VN-direct,Medium,revealed,Viet Nam-reported CIF imports; quantities flagged as estimated
Viet Nam,China,import,110900,wheat gluten (1109),2020,3,1124300,783.0,1.44,yes,,BRD-06,VN-direct,Medium,revealed,Viet Nam-reported CIF imports; quantities flagged as estimated
Viet Nam,China,import,110900,wheat gluten (1109),2020,4,1311342,913.3,1.44,yes,,BRD-06,VN-direct,Medium,revealed,Viet Nam-reported CIF imports; quantities flagged as estimated
Viet Nam,China,import,110900,wheat gluten (1109),2020,5,1166252,812.2,1.44,yes,,BRD-06,VN-direct,Medium,revealed,Viet Nam-reported CIF imports; quantities flagged as estimated
Viet Nam,China,import,110900,wheat gluten (1109),2020,6,813472,566.5,1.44,yes,,BRD-06,VN-direct,Medium,revealed,Viet Nam-reported CIF imports; quantities flagged as estimated
Viet Nam,China,import,110900,wheat gluten (1109),2020,7,701932,488.9,1.44,yes,,BRD-06,VN-direct,Medium,revealed,Viet Nam-reported CIF imports; quantities flagged as estimated
Viet Nam,China,import,110900,wheat gluten (1109),2020,8,894300,622.8,1.44,yes,,BRD-06,VN-direct,Medium,revealed,Viet Nam-reported CIF imports; quantities flagged as estimated
Viet Nam,China,import,110900,wheat gluten (1109),2020,9,922950,642.8,1.44,yes,Vu Lan month (lunar 7/15 on 2020-09-02),BRD-06,VN-direct,Medium,revealed,Viet Nam-reported CIF imports; quantities flagged as estimated
Viet Nam,China,import,110900,wheat gluten (1109),2020,10,738651,514.4,1.44,yes,,BRD-06,VN-direct,Medium,revealed,Viet Nam-reported CIF imports; quantities flagged as estimated
Viet Nam,China,import,110900,wheat gluten (1109),2020,11,1219900,849.6,1.44,yes,,BRD-06,VN-direct,Medium,revealed,Viet Nam-reported CIF imports; quantities flagged as estimated
Viet Nam,China,import,110900,wheat gluten (1109),2020,12,1330243,926.4,1.44,yes,,BRD-06,VN-direct,Medium,revealed,Viet Nam-reported CIF imports; quantities flagged as estimated
Viet Nam,China,import,110900,wheat gluten (1109),2021,1,1332798,836.8,1.59,yes,,BRD-06,VN-direct,Medium,revealed,Viet Nam-reported CIF imports; quantities flagged as estimated
Viet Nam,China,import,110900,wheat gluten (1109),2021,2,970050,609.1,1.59,yes,Tet month (lunar 1/1 on 2021-02-12),BRD-06,VN-direct,Medium,revealed,Viet Nam-reported CIF imports; quantities flagged as estimated
Viet Nam,China,import,110900,wheat gluten (1109),2021,3,1703222,1069.4,1.59,yes,,BRD-06,VN-direct,Medium,revealed,Viet Nam-reported CIF imports; quantities flagged as estimated
Viet Nam,China,import,110900,wheat gluten (1109),2021,4,1018946,639.8,1.59,yes,,BRD-06,VN-direct,Medium,revealed,Viet Nam-reported CIF imports; quantities flagged as estimated
Viet Nam,China,import,110900,wheat gluten (1109),2021,5,1053558,661.5,1.59,yes,,BRD-06,VN-direct,Medium,revealed,Viet Nam-reported CIF imports; quantities flagged as estimated
Viet Nam,China,import,110900,wheat gluten (1109),2021,6,1024270,643.1,1.59,yes,,BRD-06,VN-direct,Medium,revealed,Viet Nam-reported CIF imports; quantities flagged as estimated
Viet Nam,China,import,110900,wheat gluten (1109),2021,7,1418902,890.9,1.59,yes,,BRD-06,VN-direct,Medium,revealed,Viet Nam-reported CIF imports; quantities flagged as estimated
Viet Nam,China,import,110900,wheat gluten (1109),2021,8,1479489,928.9,1.59,yes,Vu Lan month (lunar 7/15 on 2021-08-22),BRD-06,VN-direct,Medium,revealed,Viet Nam-reported CIF imports; quantities flagged as estimated
Viet Nam,China,import,110900,wheat gluten (1109),2021,9,1169102,734.0,1.59,yes,,BRD-06,VN-direct,Medium,revealed,Viet Nam-reported CIF imports; quantities flagged as estimated
Viet Nam,China,import,110900,wheat gluten (1109),2021,10,813862,511.0,1.59,yes,,BRD-06,VN-direct,Medium,revealed,Viet Nam-reported CIF imports; quantities flagged as estimated
Viet Nam,China,import,110900,wheat gluten (1109),2021,11,1006984,632.3,1.59,yes,,BRD-06,VN-direct,Medium,revealed,Viet Nam-reported CIF imports; quantities flagged as estimated
Viet Nam,China,import,110900,wheat gluten (1109),2021,12,647315,406.4,1.59,yes,,BRD-06,VN-direct,Medium,revealed,Viet Nam-reported CIF imports; quantities flagged as estimated
Viet Nam,China,import,110900,wheat gluten (1109),2022,1,1030220,536.9,1.92,yes,,BRD-06,VN-direct,Medium,revealed,Viet Nam-reported CIF imports; quantities flagged as estimated
Viet Nam,China,import,110900,wheat gluten (1109),2022,2,398090,207.5,1.92,yes,Tet month (lunar 1/1 on 2022-02-01),BRD-06,VN-direct,Medium,revealed,Viet Nam-reported CIF imports; quantities flagged as estimated
Viet Nam,China,import,110900,wheat gluten (1109),2022,3,1564500,815.4,1.92,yes,,BRD-06,VN-direct,Medium,revealed,Viet Nam-reported CIF imports; quantities flagged as estimated
Viet Nam,China,import,110900,wheat gluten (1109),2022,4,2278796,1187.7,1.92,yes,,BRD-06,VN-direct,Medium,revealed,Viet Nam-reported CIF imports; quantities flagged as estimated
Viet Nam,China,import,110900,wheat gluten (1109),2022,5,3484012,1815.9,1.92,yes,,BRD-06,VN-direct,Medium,revealed,Viet Nam-reported CIF imports; quantities flagged as estimated
Viet Nam,China,import,110900,wheat gluten (1109),2022,6,3104398,1618.0,1.92,yes,,BRD-06,VN-direct,Medium,revealed,Viet Nam-reported CIF imports; quantities flagged as estimated
Viet Nam,China,import,110900,wheat gluten (1109),2022,7,3241791,1689.6,1.92,yes,,BRD-06,VN-direct,Medium,revealed,Viet Nam-reported CIF imports; quantities flagged as estimated
Viet Nam,China,import,110900,wheat gluten (1109),2022,8,5980491,3117.0,1.92,yes,Vu Lan month (lunar 7/15 on 2022-08-12),BRD-06,VN-direct,Medium,revealed,Viet Nam-reported CIF imports; quantities flagged as estimated
Viet Nam,China,import,110900,wheat gluten (1109),2022,9,1386936,722.9,1.92,yes,,BRD-06,VN-direct,Medium,revealed,Viet Nam-reported CIF imports; quantities flagged as estimated
Viet Nam,China,import,110900,wheat gluten (1109),2022,10,1255048,654.1,1.92,yes,,BRD-06,VN-direct,Medium,revealed,Viet Nam-reported CIF imports; quantities flagged as estimated
Viet Nam,China,import,110900,wheat gluten (1109),2022,11,1566180,816.3,1.92,yes,,BRD-06,VN-direct,Medium,revealed,Viet Nam-reported CIF imports; quantities flagged as estimated
Viet Nam,China,import,110900,wheat gluten (1109),2022,12,1109506,578.3,1.92,yes,,BRD-06,VN-direct,Medium,revealed,Viet Nam-reported CIF imports; quantities flagged as estimated
Viet Nam,China,import,110900,wheat gluten (1109),2023,1,1372296,545.1,2.52,yes,Tet month (lunar 1/1 on 2023-01-22),BRD-06,VN-direct,Medium,revealed,Viet Nam-reported CIF imports; quantities flagged as estimated
Viet Nam,China,import,110900,wheat gluten (1109),2023,2,1383594,549.6,2.52,yes,,BRD-06,VN-direct,Medium,revealed,Viet Nam-reported CIF imports; quantities flagged as estimated
Viet Nam,China,import,110900,wheat gluten (1109),2023,3,1604540,637.4,2.52,yes,,BRD-06,VN-direct,Medium,revealed,Viet Nam-reported CIF imports; quantities flagged as estimated
Viet Nam,China,import,110900,wheat gluten (1109),2023,4,1970746,782.8,2.52,yes,,BRD-06,VN-direct,Medium,revealed,Viet Nam-reported CIF imports; quantities flagged as estimated
Viet Nam,China,import,110900,wheat gluten (1109),2023,5,2280810,906.0,2.52,yes,,BRD-06,VN-direct,Medium,revealed,Viet Nam-reported CIF imports; quantities flagged as estimated
Viet Nam,China,import,110900,wheat gluten (1109),2023,6,1398896,555.7,2.52,yes,,BRD-06,VN-direct,Medium,revealed,Viet Nam-reported CIF imports; quantities flagged as estimated
Viet Nam,China,import,110900,wheat gluten (1109),2023,7,1922162,763.5,2.52,yes,,BRD-06,VN-direct,Medium,revealed,Viet Nam-reported CIF imports; quantities flagged as estimated
Viet Nam,China,import,110900,wheat gluten (1109),2023,8,1301842,517.1,2.52,yes,Vu Lan month (lunar 7/15 on 2023-08-30),BRD-06,VN-direct,Medium,revealed,Viet Nam-reported CIF imports; quantities flagged as estimated
Viet Nam,China,import,110900,wheat gluten (1109),2023,9,1293094,513.6,2.52,yes,,BRD-06,VN-direct,Medium,revealed,Viet Nam-reported CIF imports; quantities flagged as estimated
Viet Nam,China,import,110900,wheat gluten (1109),2023,10,1162956,461.9,2.52,yes,,BRD-06,VN-direct,Medium,revealed,Viet Nam-reported CIF imports; quantities flagged as estimated
Viet Nam,China,import,110900,wheat gluten (1109),2023,11,1747862,694.3,2.52,yes,,BRD-06,VN-direct,Medium,revealed,Viet Nam-reported CIF imports; quantities flagged as estimated
Viet Nam,China,import,110900,wheat gluten (1109),2023,12,973960,386.9,2.52,yes,,BRD-06,VN-direct,Medium,revealed,Viet Nam-reported CIF imports; quantities flagged as estimated
Viet Nam,China,import,210610,protein concentrates and textured protein (2106.10),2019,1,407172,97.9,4.16,yes,,BRD-06,VN-direct,Medium,revealed,Viet Nam-reported CIF imports; quantities flagged as estimated
Viet Nam,China,import,210610,protein concentrates and textured protein (2106.10),2019,2,235520,56.7,4.16,yes,Tet month (lunar 1/1 on 2019-02-05),BRD-06,VN-direct,Medium,revealed,Viet Nam-reported CIF imports; quantities flagged as estimated
Viet Nam,China,import,210610,protein concentrates and textured protein (2106.10),2019,3,347738,83.6,4.16,yes,,BRD-06,VN-direct,Medium,revealed,Viet Nam-reported CIF imports; quantities flagged as estimated
Viet Nam,China,import,210610,protein concentrates and textured protein (2106.10),2019,4,279739,67.3,4.16,yes,,BRD-06,VN-direct,Medium,revealed,Viet Nam-reported CIF imports; quantities flagged as estimated
Viet Nam,China,import,210610,protein concentrates and textured protein (2106.10),2019,5,523252,125.9,4.16,yes,,BRD-06,VN-direct,Medium,revealed,Viet Nam-reported CIF imports; quantities flagged as estimated
Viet Nam,China,import,210610,protein concentrates and textured protein (2106.10),2019,6,97596,23.5,4.16,yes,,BRD-06,VN-direct,Medium,revealed,Viet Nam-reported CIF imports; quantities flagged as estimated
Viet Nam,China,import,210610,protein concentrates and textured protein (2106.10),2019,7,506088,121.7,4.16,yes,,BRD-06,VN-direct,Medium,revealed,Viet Nam-reported CIF imports; quantities flagged as estimated
Viet Nam,China,import,210610,protein concentrates and textured protein (2106.10),2019,8,511611,123.1,4.16,yes,Vu Lan month (lunar 7/15 on 2019-08-15),BRD-06,VN-direct,Medium,revealed,Viet Nam-reported CIF imports; quantities flagged as estimated
Viet Nam,China,import,210610,protein concentrates and textured protein (2106.10),2019,9,339713,81.7,4.16,yes,,BRD-06,VN-direct,Medium,revealed,Viet Nam-reported CIF imports; quantities flagged as estimated
Viet Nam,China,import,210610,protein concentrates and textured protein (2106.10),2019,10,467037,112.3,4.16,yes,,BRD-06,VN-direct,Medium,revealed,Viet Nam-reported CIF imports; quantities flagged as estimated
Viet Nam,China,import,210610,protein concentrates and textured protein (2106.10),2019,11,346802,83.4,4.16,yes,,BRD-06,VN-direct,Medium,revealed,Viet Nam-reported CIF imports; quantities flagged as estimated
Viet Nam,China,import,210610,protein concentrates and textured protein (2106.10),2019,12,619278,149.0,4.16,yes,,BRD-06,VN-direct,Medium,revealed,Viet Nam-reported CIF imports; quantities flagged as estimated
Viet Nam,China,import,210610,protein concentrates and textured protein (2106.10),2020,1,309946,63.7,4.86,yes,Tet month (lunar 1/1 on 2020-01-25),BRD-06,VN-direct,Medium,revealed,Viet Nam-reported CIF imports; quantities flagged as estimated
Viet Nam,China,import,210610,protein concentrates and textured protein (2106.10),2020,2,166228,34.2,4.86,yes,,BRD-06,VN-direct,Medium,revealed,Viet Nam-reported CIF imports; quantities flagged as estimated
Viet Nam,China,import,210610,protein concentrates and textured protein (2106.10),2020,3,768731,158.0,4.86,yes,,BRD-06,VN-direct,Medium,revealed,Viet Nam-reported CIF imports; quantities flagged as estimated
Viet Nam,China,import,210610,protein concentrates and textured protein (2106.10),2020,4,416607,85.6,4.86,yes,,BRD-06,VN-direct,Medium,revealed,Viet Nam-reported CIF imports; quantities flagged as estimated
Viet Nam,China,import,210610,protein concentrates and textured protein (2106.10),2020,5,546109,112.3,4.86,yes,,BRD-06,VN-direct,Medium,revealed,Viet Nam-reported CIF imports; quantities flagged as estimated
Viet Nam,China,import,210610,protein concentrates and textured protein (2106.10),2020,6,509984,104.8,4.86,yes,,BRD-06,VN-direct,Medium,revealed,Viet Nam-reported CIF imports; quantities flagged as estimated
Viet Nam,China,import,210610,protein concentrates and textured protein (2106.10),2020,7,565218,116.2,4.86,yes,,BRD-06,VN-direct,Medium,revealed,Viet Nam-reported CIF imports; quantities flagged as estimated
Viet Nam,China,import,210610,protein concentrates and textured protein (2106.10),2020,8,553044,113.7,4.86,yes,,BRD-06,VN-direct,Medium,revealed,Viet Nam-reported CIF imports; quantities flagged as estimated
Viet Nam,China,import,210610,protein concentrates and textured protein (2106.10),2020,9,865174,177.9,4.86,yes,Vu Lan month (lunar 7/15 on 2020-09-02),BRD-06,VN-direct,Medium,revealed,Viet Nam-reported CIF imports; quantities flagged as estimated
Viet Nam,China,import,210610,protein concentrates and textured protein (2106.10),2020,10,1014204,208.5,4.86,yes,,BRD-06,VN-direct,Medium,revealed,Viet Nam-reported CIF imports; quantities flagged as estimated
Viet Nam,China,import,210610,protein concentrates and textured protein (2106.10),2020,11,759062,156.0,4.86,yes,,BRD-06,VN-direct,Medium,revealed,Viet Nam-reported CIF imports; quantities flagged as estimated
Viet Nam,China,import,210610,protein concentrates and textured protein (2106.10),2020,12,1059082,217.7,4.86,yes,,BRD-06,VN-direct,Medium,revealed,Viet Nam-reported CIF imports; quantities flagged as estimated
Viet Nam,China,import,210610,protein concentrates and textured protein (2106.10),2021,1,859766,162.0,5.31,yes,,BRD-06,VN-direct,Medium,revealed,Viet Nam-reported CIF imports; quantities flagged as estimated
Viet Nam,China,import,210610,protein concentrates and textured protein (2106.10),2021,2,351136,66.1,5.31,yes,Tet month (lunar 1/1 on 2021-02-12),BRD-06,VN-direct,Medium,revealed,Viet Nam-reported CIF imports; quantities flagged as estimated
Viet Nam,China,import,210610,protein concentrates and textured protein (2106.10),2021,3,729020,137.3,5.31,yes,,BRD-06,VN-direct,Medium,revealed,Viet Nam-reported CIF imports; quantities flagged as estimated
Viet Nam,China,import,210610,protein concentrates and textured protein (2106.10),2021,4,575373,108.4,5.31,yes,,BRD-06,VN-direct,Medium,revealed,Viet Nam-reported CIF imports; quantities flagged as estimated
Viet Nam,China,import,210610,protein concentrates and textured protein (2106.10),2021,5,1019411,192.0,5.31,yes,,BRD-06,VN-direct,Medium,revealed,Viet Nam-reported CIF imports; quantities flagged as estimated
Viet Nam,China,import,210610,protein concentrates and textured protein (2106.10),2021,6,820208,154.5,5.31,yes,,BRD-06,VN-direct,Medium,revealed,Viet Nam-reported CIF imports; quantities flagged as estimated
Viet Nam,China,import,210610,protein concentrates and textured protein (2106.10),2021,7,858480,161.7,5.31,yes,,BRD-06,VN-direct,Medium,revealed,Viet Nam-reported CIF imports; quantities flagged as estimated
Viet Nam,China,import,210610,protein concentrates and textured protein (2106.10),2021,8,233012,43.9,5.31,yes,Vu Lan month (lunar 7/15 on 2021-08-22),BRD-06,VN-direct,Medium,revealed,Viet Nam-reported CIF imports; quantities flagged as estimated
Viet Nam,China,import,210610,protein concentrates and textured protein (2106.10),2021,9,1120650,211.1,5.31,yes,,BRD-06,VN-direct,Medium,revealed,Viet Nam-reported CIF imports; quantities flagged as estimated
Viet Nam,China,import,210610,protein concentrates and textured protein (2106.10),2021,10,954967,179.9,5.31,yes,,BRD-06,VN-direct,Medium,revealed,Viet Nam-reported CIF imports; quantities flagged as estimated
Viet Nam,China,import,210610,protein concentrates and textured protein (2106.10),2021,11,1194821,225.1,5.31,yes,,BRD-06,VN-direct,Medium,revealed,Viet Nam-reported CIF imports; quantities flagged as estimated
Viet Nam,China,import,210610,protein concentrates and textured protein (2106.10),2021,12,1152923,217.2,5.31,yes,,BRD-06,VN-direct,Medium,revealed,Viet Nam-reported CIF imports; quantities flagged as estimated
Viet Nam,China,import,210610,protein concentrates and textured protein (2106.10),2022,1,1244442,218.3,5.7,yes,,BRD-06,VN-direct,Medium,revealed,Viet Nam-reported CIF imports; quantities flagged as estimated
Viet Nam,China,import,210610,protein concentrates and textured protein (2106.10),2022,2,324680,56.9,5.7,yes,Tet month (lunar 1/1 on 2022-02-01),BRD-06,VN-direct,Medium,revealed,Viet Nam-reported CIF imports; quantities flagged as estimated
Viet Nam,China,import,210610,protein concentrates and textured protein (2106.10),2022,3,523901,91.9,5.7,yes,,BRD-06,VN-direct,Medium,revealed,Viet Nam-reported CIF imports; quantities flagged as estimated
Viet Nam,China,import,210610,protein concentrates and textured protein (2106.10),2022,4,736250,129.1,5.7,yes,,BRD-06,VN-direct,Medium,revealed,Viet Nam-reported CIF imports; quantities flagged as estimated
Viet Nam,China,import,210610,protein concentrates and textured protein (2106.10),2022,5,829375,145.5,5.7,yes,,BRD-06,VN-direct,Medium,revealed,Viet Nam-reported CIF imports; quantities flagged as estimated
Viet Nam,China,import,210610,protein concentrates and textured protein (2106.10),2022,6,952333,167.0,5.7,yes,,BRD-06,VN-direct,Medium,revealed,Viet Nam-reported CIF imports; quantities flagged as estimated
Viet Nam,China,import,210610,protein concentrates and textured protein (2106.10),2022,7,1065516,186.9,5.7,yes,,BRD-06,VN-direct,Medium,revealed,Viet Nam-reported CIF imports; quantities flagged as estimated
Viet Nam,China,import,210610,protein concentrates and textured protein (2106.10),2022,8,917615,160.9,5.7,yes,Vu Lan month (lunar 7/15 on 2022-08-12),BRD-06,VN-direct,Medium,revealed,Viet Nam-reported CIF imports; quantities flagged as estimated
Viet Nam,China,import,210610,protein concentrates and textured protein (2106.10),2022,9,406358,71.3,5.7,yes,,BRD-06,VN-direct,Medium,revealed,Viet Nam-reported CIF imports; quantities flagged as estimated
Viet Nam,China,import,210610,protein concentrates and textured protein (2106.10),2022,10,539050,94.5,5.7,yes,,BRD-06,VN-direct,Medium,revealed,Viet Nam-reported CIF imports; quantities flagged as estimated
Viet Nam,China,import,210610,protein concentrates and textured protein (2106.10),2022,11,430838,75.6,5.7,yes,,BRD-06,VN-direct,Medium,revealed,Viet Nam-reported CIF imports; quantities flagged as estimated
Viet Nam,China,import,210610,protein concentrates and textured protein (2106.10),2022,12,809205,141.9,5.7,yes,,BRD-06,VN-direct,Medium,revealed,Viet Nam-reported CIF imports; quantities flagged as estimated
Viet Nam,China,import,210610,protein concentrates and textured protein (2106.10),2023,1,332415,56.4,5.9,yes,Tet month (lunar 1/1 on 2023-01-22),BRD-06,VN-direct,Medium,revealed,Viet Nam-reported CIF imports; quantities flagged as estimated
Viet Nam,China,import,210610,protein concentrates and textured protein (2106.10),2023,2,390205,66.2,5.9,yes,,BRD-06,VN-direct,Medium,revealed,Viet Nam-reported CIF imports; quantities flagged as estimated
Viet Nam,China,import,210610,protein concentrates and textured protein (2106.10),2023,3,661630,112.2,5.9,yes,,BRD-06,VN-direct,Medium,revealed,Viet Nam-reported CIF imports; quantities flagged as estimated
Viet Nam,China,import,210610,protein concentrates and textured protein (2106.10),2023,4,673425,114.2,5.9,yes,,BRD-06,VN-direct,Medium,revealed,Viet Nam-reported CIF imports; quantities flagged as estimated
Viet Nam,China,import,210610,protein concentrates and textured protein (2106.10),2023,5,926996,157.2,5.9,yes,,BRD-06,VN-direct,Medium,revealed,Viet Nam-reported CIF imports; quantities flagged as estimated
Viet Nam,China,import,210610,protein concentrates and textured protein (2106.10),2023,6,541051,91.8,5.9,yes,,BRD-06,VN-direct,Medium,revealed,Viet Nam-reported CIF imports; quantities flagged as estimated
Viet Nam,China,import,210610,protein concentrates and textured protein (2106.10),2023,7,698124,118.4,5.9,yes,,BRD-06,VN-direct,Medium,revealed,Viet Nam-reported CIF imports; quantities flagged as estimated
Viet Nam,China,import,210610,protein concentrates and textured protein (2106.10),2023,8,1297790,220.1,5.9,yes,Vu Lan month (lunar 7/15 on 2023-08-30),BRD-06,VN-direct,Medium,revealed,Viet Nam-reported CIF imports; quantities flagged as estimated
Viet Nam,China,import,210610,protein concentrates and textured protein (2106.10),2023,9,824571,139.9,5.9,yes,,BRD-06,VN-direct,Medium,revealed,Viet Nam-reported CIF imports; quantities flagged as estimated
Viet Nam,China,import,210610,protein concentrates and textured protein (2106.10),2023,10,652781,110.7,5.9,yes,,BRD-06,VN-direct,Medium,revealed,Viet Nam-reported CIF imports; quantities flagged as estimated
Viet Nam,China,import,210610,protein concentrates and textured protein (2106.10),2023,11,1065983,180.8,5.9,yes,,BRD-06,VN-direct,Medium,revealed,Viet Nam-reported CIF imports; quantities flagged as estimated
Viet Nam,China,import,210610,protein concentrates and textured protein (2106.10),2023,12,1080550,183.3,5.9,yes,,BRD-06,VN-direct,Medium,revealed,Viet Nam-reported CIF imports; quantities flagged as estimated
Viet Nam,China,import,230990,"animal feed preparations (2309.90), feed control",2019,1,14347725,9518.5,1.51,yes,,BRD-06,VN-direct,Medium,revealed,Viet Nam-reported CIF imports; quantities flagged as estimated
Viet Nam,China,import,230990,"animal feed preparations (2309.90), feed control",2019,2,3154822,2093.0,1.51,yes,Tet month (lunar 1/1 on 2019-02-05),BRD-06,VN-direct,Medium,revealed,Viet Nam-reported CIF imports; quantities flagged as estimated
Viet Nam,China,import,230990,"animal feed preparations (2309.90), feed control",2019,3,10348170,6865.2,1.51,yes,,BRD-06,VN-direct,Medium,revealed,Viet Nam-reported CIF imports; quantities flagged as estimated
Viet Nam,China,import,230990,"animal feed preparations (2309.90), feed control",2019,4,8055194,5344.0,1.51,yes,,BRD-06,VN-direct,Medium,revealed,Viet Nam-reported CIF imports; quantities flagged as estimated
Viet Nam,China,import,230990,"animal feed preparations (2309.90), feed control",2019,5,10685644,7089.0,1.51,yes,,BRD-06,VN-direct,Medium,revealed,Viet Nam-reported CIF imports; quantities flagged as estimated
Viet Nam,China,import,230990,"animal feed preparations (2309.90), feed control",2019,6,9188075,6095.5,1.51,yes,,BRD-06,VN-direct,Medium,revealed,Viet Nam-reported CIF imports; quantities flagged as estimated
Viet Nam,China,import,230990,"animal feed preparations (2309.90), feed control",2019,7,9445302,6266.2,1.51,yes,,BRD-06,VN-direct,Medium,revealed,Viet Nam-reported CIF imports; quantities flagged as estimated
Viet Nam,China,import,230990,"animal feed preparations (2309.90), feed control",2019,8,8461744,5613.7,1.51,yes,Vu Lan month (lunar 7/15 on 2019-08-15),BRD-06,VN-direct,Medium,revealed,Viet Nam-reported CIF imports; quantities flagged as estimated
Viet Nam,China,import,230990,"animal feed preparations (2309.90), feed control",2019,9,8155037,5410.2,1.51,yes,,BRD-06,VN-direct,Medium,revealed,Viet Nam-reported CIF imports; quantities flagged as estimated
Viet Nam,China,import,230990,"animal feed preparations (2309.90), feed control",2019,10,8757686,5810.0,1.51,yes,,BRD-06,VN-direct,Medium,revealed,Viet Nam-reported CIF imports; quantities flagged as estimated
Viet Nam,China,import,230990,"animal feed preparations (2309.90), feed control",2019,11,7152970,4745.4,1.51,yes,,BRD-06,VN-direct,Medium,revealed,Viet Nam-reported CIF imports; quantities flagged as estimated
Viet Nam,China,import,230990,"animal feed preparations (2309.90), feed control",2019,12,10393548,6895.3,1.51,yes,,BRD-06,VN-direct,Medium,revealed,Viet Nam-reported CIF imports; quantities flagged as estimated
Viet Nam,China,import,230990,"animal feed preparations (2309.90), feed control",2020,1,7083647,4398.9,1.61,yes,Tet month (lunar 1/1 on 2020-01-25),BRD-06,VN-direct,Medium,revealed,Viet Nam-reported CIF imports; quantities flagged as estimated
Viet Nam,China,import,230990,"animal feed preparations (2309.90), feed control",2020,2,7421594,4608.7,1.61,yes,,BRD-06,VN-direct,Medium,revealed,Viet Nam-reported CIF imports; quantities flagged as estimated
Viet Nam,China,import,230990,"animal feed preparations (2309.90), feed control",2020,3,18803545,11676.8,1.61,yes,,BRD-06,VN-direct,Medium,revealed,Viet Nam-reported CIF imports; quantities flagged as estimated
Viet Nam,China,import,230990,"animal feed preparations (2309.90), feed control",2020,4,12598377,7823.5,1.61,yes,,BRD-06,VN-direct,Medium,revealed,Viet Nam-reported CIF imports; quantities flagged as estimated
Viet Nam,China,import,230990,"animal feed preparations (2309.90), feed control",2020,5,6820996,4235.8,1.61,yes,,BRD-06,VN-direct,Medium,revealed,Viet Nam-reported CIF imports; quantities flagged as estimated
Viet Nam,China,import,230990,"animal feed preparations (2309.90), feed control",2020,6,7276125,4518.4,1.61,yes,,BRD-06,VN-direct,Medium,revealed,Viet Nam-reported CIF imports; quantities flagged as estimated
Viet Nam,China,import,230990,"animal feed preparations (2309.90), feed control",2020,7,9141366,5676.7,1.61,yes,,BRD-06,VN-direct,Medium,revealed,Viet Nam-reported CIF imports; quantities flagged as estimated
Viet Nam,China,import,230990,"animal feed preparations (2309.90), feed control",2020,8,9938658,6171.8,1.61,yes,,BRD-06,VN-direct,Medium,revealed,Viet Nam-reported CIF imports; quantities flagged as estimated
Viet Nam,China,import,230990,"animal feed preparations (2309.90), feed control",2020,9,12819269,7960.7,1.61,yes,Vu Lan month (lunar 7/15 on 2020-09-02),BRD-06,VN-direct,Medium,revealed,Viet Nam-reported CIF imports; quantities flagged as estimated
Viet Nam,China,import,230990,"animal feed preparations (2309.90), feed control",2020,10,10454986,6492.5,1.61,yes,,BRD-06,VN-direct,Medium,revealed,Viet Nam-reported CIF imports; quantities flagged as estimated
Viet Nam,China,import,230990,"animal feed preparations (2309.90), feed control",2020,11,13384334,8311.6,1.61,yes,,BRD-06,VN-direct,Medium,revealed,Viet Nam-reported CIF imports; quantities flagged as estimated
Viet Nam,China,import,230990,"animal feed preparations (2309.90), feed control",2020,12,15374333,9547.3,1.61,yes,,BRD-06,VN-direct,Medium,revealed,Viet Nam-reported CIF imports; quantities flagged as estimated
Viet Nam,China,import,230990,"animal feed preparations (2309.90), feed control",2021,1,13615603,7555.0,1.8,yes,,BRD-06,VN-direct,Medium,revealed,Viet Nam-reported CIF imports; quantities flagged as estimated
Viet Nam,China,import,230990,"animal feed preparations (2309.90), feed control",2021,2,5653972,3137.3,1.8,yes,Tet month (lunar 1/1 on 2021-02-12),BRD-06,VN-direct,Medium,revealed,Viet Nam-reported CIF imports; quantities flagged as estimated
Viet Nam,China,import,230990,"animal feed preparations (2309.90), feed control",2021,3,15707855,8715.9,1.8,yes,,BRD-06,VN-direct,Medium,revealed,Viet Nam-reported CIF imports; quantities flagged as estimated
Viet Nam,China,import,230990,"animal feed preparations (2309.90), feed control",2021,4,10710323,5942.9,1.8,yes,,BRD-06,VN-direct,Medium,revealed,Viet Nam-reported CIF imports; quantities flagged as estimated
Viet Nam,China,import,230990,"animal feed preparations (2309.90), feed control",2021,5,11090387,6153.8,1.8,yes,,BRD-06,VN-direct,Medium,revealed,Viet Nam-reported CIF imports; quantities flagged as estimated
Viet Nam,China,import,230990,"animal feed preparations (2309.90), feed control",2021,6,12031666,6676.1,1.8,yes,,BRD-06,VN-direct,Medium,revealed,Viet Nam-reported CIF imports; quantities flagged as estimated
Viet Nam,China,import,230990,"animal feed preparations (2309.90), feed control",2021,7,15752623,8740.7,1.8,yes,,BRD-06,VN-direct,Medium,revealed,Viet Nam-reported CIF imports; quantities flagged as estimated
Viet Nam,China,import,230990,"animal feed preparations (2309.90), feed control",2021,8,15405190,8548.0,1.8,yes,Vu Lan month (lunar 7/15 on 2021-08-22),BRD-06,VN-direct,Medium,revealed,Viet Nam-reported CIF imports; quantities flagged as estimated
Viet Nam,China,import,230990,"animal feed preparations (2309.90), feed control",2021,9,13272087,7364.4,1.8,yes,,BRD-06,VN-direct,Medium,revealed,Viet Nam-reported CIF imports; quantities flagged as estimated
Viet Nam,China,import,230990,"animal feed preparations (2309.90), feed control",2021,10,10660213,5915.1,1.8,yes,,BRD-06,VN-direct,Medium,revealed,Viet Nam-reported CIF imports; quantities flagged as estimated
Viet Nam,China,import,230990,"animal feed preparations (2309.90), feed control",2021,11,14370464,7973.8,1.8,yes,,BRD-06,VN-direct,Medium,revealed,Viet Nam-reported CIF imports; quantities flagged as estimated
Viet Nam,China,import,230990,"animal feed preparations (2309.90), feed control",2021,12,19513852,10827.8,1.8,yes,,BRD-06,VN-direct,Medium,revealed,Viet Nam-reported CIF imports; quantities flagged as estimated
Viet Nam,China,import,230990,"animal feed preparations (2309.90), feed control",2022,1,14677255,7460.4,1.97,yes,,BRD-06,VN-direct,Medium,revealed,Viet Nam-reported CIF imports; quantities flagged as estimated
Viet Nam,China,import,230990,"animal feed preparations (2309.90), feed control",2022,2,8655412,4399.5,1.97,yes,Tet month (lunar 1/1 on 2022-02-01),BRD-06,VN-direct,Medium,revealed,Viet Nam-reported CIF imports; quantities flagged as estimated
Viet Nam,China,import,230990,"animal feed preparations (2309.90), feed control",2022,3,16025731,8145.8,1.97,yes,,BRD-06,VN-direct,Medium,revealed,Viet Nam-reported CIF imports; quantities flagged as estimated
Viet Nam,China,import,230990,"animal feed preparations (2309.90), feed control",2022,4,16397338,8334.7,1.97,yes,,BRD-06,VN-direct,Medium,revealed,Viet Nam-reported CIF imports; quantities flagged as estimated
Viet Nam,China,import,230990,"animal feed preparations (2309.90), feed control",2022,5,15431014,7843.6,1.97,yes,,BRD-06,VN-direct,Medium,revealed,Viet Nam-reported CIF imports; quantities flagged as estimated
Viet Nam,China,import,230990,"animal feed preparations (2309.90), feed control",2022,6,21854950,11108.8,1.97,yes,,BRD-06,VN-direct,Medium,revealed,Viet Nam-reported CIF imports; quantities flagged as estimated
Viet Nam,China,import,230990,"animal feed preparations (2309.90), feed control",2022,7,13258215,6739.1,1.97,yes,,BRD-06,VN-direct,Medium,revealed,Viet Nam-reported CIF imports; quantities flagged as estimated
Viet Nam,China,import,230990,"animal feed preparations (2309.90), feed control",2022,8,14662607,7453.0,1.97,yes,Vu Lan month (lunar 7/15 on 2022-08-12),BRD-06,VN-direct,Medium,revealed,Viet Nam-reported CIF imports; quantities flagged as estimated
Viet Nam,China,import,230990,"animal feed preparations (2309.90), feed control",2022,9,10913127,5547.1,1.97,yes,,BRD-06,VN-direct,Medium,revealed,Viet Nam-reported CIF imports; quantities flagged as estimated
Viet Nam,China,import,230990,"animal feed preparations (2309.90), feed control",2022,10,15192266,7722.2,1.97,yes,,BRD-06,VN-direct,Medium,revealed,Viet Nam-reported CIF imports; quantities flagged as estimated
Viet Nam,China,import,230990,"animal feed preparations (2309.90), feed control",2022,11,13890676,7060.6,1.97,yes,,BRD-06,VN-direct,Medium,revealed,Viet Nam-reported CIF imports; quantities flagged as estimated
Viet Nam,China,import,230990,"animal feed preparations (2309.90), feed control",2022,12,15405984,7830.8,1.97,yes,,BRD-06,VN-direct,Medium,revealed,Viet Nam-reported CIF imports; quantities flagged as estimated
Viet Nam,China,import,230990,"animal feed preparations (2309.90), feed control",2023,1,9680444,5174.3,1.87,yes,Tet month (lunar 1/1 on 2023-01-22),BRD-06,VN-direct,Medium,revealed,Viet Nam-reported CIF imports; quantities flagged as estimated
Viet Nam,China,import,230990,"animal feed preparations (2309.90), feed control",2023,2,8548834,4569.4,1.87,yes,,BRD-06,VN-direct,Medium,revealed,Viet Nam-reported CIF imports; quantities flagged as estimated
Viet Nam,China,import,230990,"animal feed preparations (2309.90), feed control",2023,3,16479120,8808.3,1.87,yes,,BRD-06,VN-direct,Medium,revealed,Viet Nam-reported CIF imports; quantities flagged as estimated
Viet Nam,China,import,230990,"animal feed preparations (2309.90), feed control",2023,4,13451627,7190.0,1.87,yes,,BRD-06,VN-direct,Medium,revealed,Viet Nam-reported CIF imports; quantities flagged as estimated
Viet Nam,China,import,230990,"animal feed preparations (2309.90), feed control",2023,5,16155044,8635.0,1.87,yes,,BRD-06,VN-direct,Medium,revealed,Viet Nam-reported CIF imports; quantities flagged as estimated
Viet Nam,China,import,230990,"animal feed preparations (2309.90), feed control",2023,6,15368639,8214.7,1.87,yes,,BRD-06,VN-direct,Medium,revealed,Viet Nam-reported CIF imports; quantities flagged as estimated
Viet Nam,China,import,230990,"animal feed preparations (2309.90), feed control",2023,7,15365625,8213.1,1.87,yes,,BRD-06,VN-direct,Medium,revealed,Viet Nam-reported CIF imports; quantities flagged as estimated
Viet Nam,China,import,230990,"animal feed preparations (2309.90), feed control",2023,8,14355089,7673.0,1.87,yes,Vu Lan month (lunar 7/15 on 2023-08-30),BRD-06,VN-direct,Medium,revealed,Viet Nam-reported CIF imports; quantities flagged as estimated
Viet Nam,China,import,230990,"animal feed preparations (2309.90), feed control",2023,9,16768100,8962.7,1.87,yes,,BRD-06,VN-direct,Medium,revealed,Viet Nam-reported CIF imports; quantities flagged as estimated
Viet Nam,China,import,230990,"animal feed preparations (2309.90), feed control",2023,10,12726761,6802.6,1.87,yes,,BRD-06,VN-direct,Medium,revealed,Viet Nam-reported CIF imports; quantities flagged as estimated
Viet Nam,China,import,230990,"animal feed preparations (2309.90), feed control",2023,11,16012312,8558.8,1.87,yes,,BRD-06,VN-direct,Medium,revealed,Viet Nam-reported CIF imports; quantities flagged as estimated
Viet Nam,China,import,230990,"animal feed preparations (2309.90), feed control",2023,12,13470519,7200.1,1.87,yes,,BRD-06,VN-direct,Medium,revealed,Viet Nam-reported CIF imports; quantities flagged as estimated
Viet Nam,China,import,350400,protein substances incl. soy isolate (3504),2019,1,283230,48.0,5.91,yes,,BRD-06,VN-direct,Medium,revealed,Viet Nam-reported CIF imports; quantities flagged as estimated
Viet Nam,China,import,350400,protein substances incl. soy isolate (3504),2019,2,118698,20.1,5.91,yes,Tet month (lunar 1/1 on 2019-02-05),BRD-06,VN-direct,Medium,revealed,Viet Nam-reported CIF imports; quantities flagged as estimated
Viet Nam,China,import,350400,protein substances incl. soy isolate (3504),2019,3,285474,48.3,5.91,yes,,BRD-06,VN-direct,Medium,revealed,Viet Nam-reported CIF imports; quantities flagged as estimated
Viet Nam,China,import,350400,protein substances incl. soy isolate (3504),2019,4,225244,38.1,5.91,yes,,BRD-06,VN-direct,Medium,revealed,Viet Nam-reported CIF imports; quantities flagged as estimated
Viet Nam,China,import,350400,protein substances incl. soy isolate (3504),2019,5,415208,70.3,5.91,yes,,BRD-06,VN-direct,Medium,revealed,Viet Nam-reported CIF imports; quantities flagged as estimated
Viet Nam,China,import,350400,protein substances incl. soy isolate (3504),2019,6,221838,37.6,5.91,yes,,BRD-06,VN-direct,Medium,revealed,Viet Nam-reported CIF imports; quantities flagged as estimated
Viet Nam,China,import,350400,protein substances incl. soy isolate (3504),2019,7,78281,13.3,5.91,yes,,BRD-06,VN-direct,Medium,revealed,Viet Nam-reported CIF imports; quantities flagged as estimated
Viet Nam,China,import,350400,protein substances incl. soy isolate (3504),2019,8,247429,41.9,5.91,yes,Vu Lan month (lunar 7/15 on 2019-08-15),BRD-06,VN-direct,Medium,revealed,Viet Nam-reported CIF imports; quantities flagged as estimated
Viet Nam,China,import,350400,protein substances incl. soy isolate (3504),2019,9,251892,42.6,5.91,yes,,BRD-06,VN-direct,Medium,revealed,Viet Nam-reported CIF imports; quantities flagged as estimated
Viet Nam,China,import,350400,protein substances incl. soy isolate (3504),2019,10,334668,56.7,5.91,yes,,BRD-06,VN-direct,Medium,revealed,Viet Nam-reported CIF imports; quantities flagged as estimated
Viet Nam,China,import,350400,protein substances incl. soy isolate (3504),2019,11,383063,64.9,5.91,yes,,BRD-06,VN-direct,Medium,revealed,Viet Nam-reported CIF imports; quantities flagged as estimated
Viet Nam,China,import,350400,protein substances incl. soy isolate (3504),2019,12,345806,58.5,5.91,yes,,BRD-06,VN-direct,Medium,revealed,Viet Nam-reported CIF imports; quantities flagged as estimated
Viet Nam,China,import,350400,protein substances incl. soy isolate (3504),2020,1,331160,47.5,6.97,yes,Tet month (lunar 1/1 on 2020-01-25),BRD-06,VN-direct,Medium,revealed,Viet Nam-reported CIF imports; quantities flagged as estimated
Viet Nam,China,import,350400,protein substances incl. soy isolate (3504),2020,2,141836,20.4,6.97,yes,,BRD-06,VN-direct,Medium,revealed,Viet Nam-reported CIF imports; quantities flagged as estimated
Viet Nam,China,import,350400,protein substances incl. soy isolate (3504),2020,3,522010,74.9,6.97,yes,,BRD-06,VN-direct,Medium,revealed,Viet Nam-reported CIF imports; quantities flagged as estimated
Viet Nam,China,import,350400,protein substances incl. soy isolate (3504),2020,4,468305,67.2,6.97,yes,,BRD-06,VN-direct,Medium,revealed,Viet Nam-reported CIF imports; quantities flagged as estimated
Viet Nam,China,import,350400,protein substances incl. soy isolate (3504),2020,5,327882,47.1,6.97,yes,,BRD-06,VN-direct,Medium,revealed,Viet Nam-reported CIF imports; quantities flagged as estimated
Viet Nam,China,import,350400,protein substances incl. soy isolate (3504),2020,6,485535,69.7,6.97,yes,,BRD-06,VN-direct,Medium,revealed,Viet Nam-reported CIF imports; quantities flagged as estimated
Viet Nam,China,import,350400,protein substances incl. soy isolate (3504),2020,7,534238,76.7,6.97,yes,,BRD-06,VN-direct,Medium,revealed,Viet Nam-reported CIF imports; quantities flagged as estimated
Viet Nam,China,import,350400,protein substances incl. soy isolate (3504),2020,8,324790,46.6,6.97,yes,,BRD-06,VN-direct,Medium,revealed,Viet Nam-reported CIF imports; quantities flagged as estimated
Viet Nam,China,import,350400,protein substances incl. soy isolate (3504),2020,9,285828,41.0,6.97,yes,Vu Lan month (lunar 7/15 on 2020-09-02),BRD-06,VN-direct,Medium,revealed,Viet Nam-reported CIF imports; quantities flagged as estimated
Viet Nam,China,import,350400,protein substances incl. soy isolate (3504),2020,10,344102,49.4,6.97,yes,,BRD-06,VN-direct,Medium,revealed,Viet Nam-reported CIF imports; quantities flagged as estimated
Viet Nam,China,import,350400,protein substances incl. soy isolate (3504),2020,11,507052,72.8,6.97,yes,,BRD-06,VN-direct,Medium,revealed,Viet Nam-reported CIF imports; quantities flagged as estimated
Viet Nam,China,import,350400,protein substances incl. soy isolate (3504),2020,12,472768,67.9,6.97,yes,,BRD-06,VN-direct,Medium,revealed,Viet Nam-reported CIF imports; quantities flagged as estimated
Viet Nam,China,import,350400,protein substances incl. soy isolate (3504),2021,1,360004,50.9,7.07,yes,,BRD-06,VN-direct,Medium,revealed,Viet Nam-reported CIF imports; quantities flagged as estimated
Viet Nam,China,import,350400,protein substances incl. soy isolate (3504),2021,2,386681,54.7,7.07,yes,Tet month (lunar 1/1 on 2021-02-12),BRD-06,VN-direct,Medium,revealed,Viet Nam-reported CIF imports; quantities flagged as estimated
Viet Nam,China,import,350400,protein substances incl. soy isolate (3504),2021,3,554662,78.4,7.07,yes,,BRD-06,VN-direct,Medium,revealed,Viet Nam-reported CIF imports; quantities flagged as estimated
Viet Nam,China,import,350400,protein substances incl. soy isolate (3504),2021,4,698233,98.7,7.07,yes,,BRD-06,VN-direct,Medium,revealed,Viet Nam-reported CIF imports; quantities flagged as estimated
Viet Nam,China,import,350400,protein substances incl. soy isolate (3504),2021,5,449835,63.6,7.07,yes,,BRD-06,VN-direct,Medium,revealed,Viet Nam-reported CIF imports; quantities flagged as estimated
Viet Nam,China,import,350400,protein substances incl. soy isolate (3504),2021,6,583484,82.5,7.07,yes,,BRD-06,VN-direct,Medium,revealed,Viet Nam-reported CIF imports; quantities flagged as estimated
Viet Nam,China,import,350400,protein substances incl. soy isolate (3504),2021,7,297116,42.0,7.07,yes,,BRD-06,VN-direct,Medium,revealed,Viet Nam-reported CIF imports; quantities flagged as estimated
Viet Nam,China,import,350400,protein substances incl. soy isolate (3504),2021,8,889042,125.7,7.07,yes,Vu Lan month (lunar 7/15 on 2021-08-22),BRD-06,VN-direct,Medium,revealed,Viet Nam-reported CIF imports; quantities flagged as estimated
Viet Nam,China,import,350400,protein substances incl. soy isolate (3504),2021,9,539583,76.3,7.07,yes,,BRD-06,VN-direct,Medium,revealed,Viet Nam-reported CIF imports; quantities flagged as estimated
Viet Nam,China,import,350400,protein substances incl. soy isolate (3504),2021,10,428004,60.5,7.07,yes,,BRD-06,VN-direct,Medium,revealed,Viet Nam-reported CIF imports; quantities flagged as estimated
Viet Nam,China,import,350400,protein substances incl. soy isolate (3504),2021,11,690626,97.7,7.07,yes,,BRD-06,VN-direct,Medium,revealed,Viet Nam-reported CIF imports; quantities flagged as estimated
Viet Nam,China,import,350400,protein substances incl. soy isolate (3504),2021,12,530490,75.0,7.07,yes,,BRD-06,VN-direct,Medium,revealed,Viet Nam-reported CIF imports; quantities flagged as estimated
Viet Nam,China,import,350400,protein substances incl. soy isolate (3504),2022,1,877486,100.9,8.7,yes,,BRD-06,VN-direct,Medium,revealed,Viet Nam-reported CIF imports; quantities flagged as estimated
Viet Nam,China,import,350400,protein substances incl. soy isolate (3504),2022,2,475244,54.7,8.7,yes,Tet month (lunar 1/1 on 2022-02-01),BRD-06,VN-direct,Medium,revealed,Viet Nam-reported CIF imports; quantities flagged as estimated
Viet Nam,China,import,350400,protein substances incl. soy isolate (3504),2022,3,1353551,155.7,8.7,yes,,BRD-06,VN-direct,Medium,revealed,Viet Nam-reported CIF imports; quantities flagged as estimated
Viet Nam,China,import,350400,protein substances incl. soy isolate (3504),2022,4,1828367,210.3,8.7,yes,,BRD-06,VN-direct,Medium,revealed,Viet Nam-reported CIF imports; quantities flagged as estimated
Viet Nam,China,import,350400,protein substances incl. soy isolate (3504),2022,5,1471150,169.2,8.7,yes,,BRD-06,VN-direct,Medium,revealed,Viet Nam-reported CIF imports; quantities flagged as estimated
Viet Nam,China,import,350400,protein substances incl. soy isolate (3504),2022,6,1963831,225.8,8.7,yes,,BRD-06,VN-direct,Medium,revealed,Viet Nam-reported CIF imports; quantities flagged as estimated
Viet Nam,China,import,350400,protein substances incl. soy isolate (3504),2022,7,883113,101.6,8.7,yes,,BRD-06,VN-direct,Medium,revealed,Viet Nam-reported CIF imports; quantities flagged as estimated
Viet Nam,China,import,350400,protein substances incl. soy isolate (3504),2022,8,949117,109.2,8.7,yes,Vu Lan month (lunar 7/15 on 2022-08-12),BRD-06,VN-direct,Medium,revealed,Viet Nam-reported CIF imports; quantities flagged as estimated
Viet Nam,China,import,350400,protein substances incl. soy isolate (3504),2022,9,1302183,149.8,8.7,yes,,BRD-06,VN-direct,Medium,revealed,Viet Nam-reported CIF imports; quantities flagged as estimated
Viet Nam,China,import,350400,protein substances incl. soy isolate (3504),2022,10,775760,89.2,8.7,yes,,BRD-06,VN-direct,Medium,revealed,Viet Nam-reported CIF imports; quantities flagged as estimated
Viet Nam,China,import,350400,protein substances incl. soy isolate (3504),2022,11,1108141,127.4,8.7,yes,,BRD-06,VN-direct,Medium,revealed,Viet Nam-reported CIF imports; quantities flagged as estimated
Viet Nam,China,import,350400,protein substances incl. soy isolate (3504),2022,12,963306,110.8,8.7,yes,,BRD-06,VN-direct,Medium,revealed,Viet Nam-reported CIF imports; quantities flagged as estimated
Viet Nam,China,import,350400,protein substances incl. soy isolate (3504),2023,1,567234,61.9,9.16,yes,Tet month (lunar 1/1 on 2023-01-22),BRD-06,VN-direct,Medium,revealed,Viet Nam-reported CIF imports; quantities flagged as estimated
Viet Nam,China,import,350400,protein substances incl. soy isolate (3504),2023,2,1042218,113.8,9.16,yes,,BRD-06,VN-direct,Medium,revealed,Viet Nam-reported CIF imports; quantities flagged as estimated
Viet Nam,China,import,350400,protein substances incl. soy isolate (3504),2023,3,1447217,158.0,9.16,yes,,BRD-06,VN-direct,Medium,revealed,Viet Nam-reported CIF imports; quantities flagged as estimated
Viet Nam,China,import,350400,protein substances incl. soy isolate (3504),2023,4,979198,106.9,9.16,yes,,BRD-06,VN-direct,Medium,revealed,Viet Nam-reported CIF imports; quantities flagged as estimated
Viet Nam,China,import,350400,protein substances incl. soy isolate (3504),2023,5,752586,82.1,9.16,yes,,BRD-06,VN-direct,Medium,revealed,Viet Nam-reported CIF imports; quantities flagged as estimated
Viet Nam,China,import,350400,protein substances incl. soy isolate (3504),2023,6,385610,42.1,9.16,yes,,BRD-06,VN-direct,Medium,revealed,Viet Nam-reported CIF imports; quantities flagged as estimated
Viet Nam,China,import,350400,protein substances incl. soy isolate (3504),2023,7,895662,97.8,9.16,yes,,BRD-06,VN-direct,Medium,revealed,Viet Nam-reported CIF imports; quantities flagged as estimated
Viet Nam,China,import,350400,protein substances incl. soy isolate (3504),2023,8,425641,46.5,9.16,yes,Vu Lan month (lunar 7/15 on 2023-08-30),BRD-06,VN-direct,Medium,revealed,Viet Nam-reported CIF imports; quantities flagged as estimated
Viet Nam,China,import,350400,protein substances incl. soy isolate (3504),2023,9,745061,81.3,9.16,yes,,BRD-06,VN-direct,Medium,revealed,Viet Nam-reported CIF imports; quantities flagged as estimated
Viet Nam,China,import,350400,protein substances incl. soy isolate (3504),2023,10,1041227,113.7,9.16,yes,,BRD-06,VN-direct,Medium,revealed,Viet Nam-reported CIF imports; quantities flagged as estimated
Viet Nam,China,import,350400,protein substances incl. soy isolate (3504),2023,11,917019,100.1,9.16,yes,,BRD-06,VN-direct,Medium,revealed,Viet Nam-reported CIF imports; quantities flagged as estimated
Viet Nam,China,import,350400,protein substances incl. soy isolate (3504),2023,12,867754,94.7,9.16,yes,,BRD-06,VN-direct,Medium,revealed,Viet Nam-reported CIF imports; quantities flagged as estimated
Viet Nam,China,import,210690,"food preparations n.e.s. (2106.90), heading check",2022,11,4823767,,,no,,BRD-06,VN-direct,Medium,revealed,Check of other Vietnamese headings that might receive the Chinese 3504 flow after Oct 2023; none rises consistently (our reading)
Viet Nam,China,import,230120,"fish meal (2301.20), heading check",2022,11,1243693,749.2,1.66,yes,,BRD-06,VN-direct,Medium,revealed,Check of other Vietnamese headings that might receive the Chinese 3504 flow after Oct 2023; none rises consistently (our reading)
Viet Nam,China,import,230910,"dog or cat food, retail (2309.10), heading check",2022,11,37497,15.4,2.44,yes,,BRD-06,VN-direct,Medium,revealed,Check of other Vietnamese headings that might receive the Chinese 3504 flow after Oct 2023; none rises consistently (our reading)
Viet Nam,China,import,230400,"soybean oilcake (2304), heading check",2022,11,133398,212.1,0.63,yes,,BRD-06,VN-direct,Medium,revealed,Check of other Vietnamese headings that might receive the Chinese 3504 flow after Oct 2023; none rises consistently (our reading)
Viet Nam,China,import,230310,"starch residues incl. corn gluten meal (2303.10), heading check",2022,11,6606832,6884.1,0.96,yes,,BRD-06,VN-direct,Medium,revealed,Check of other Vietnamese headings that might receive the Chinese 3504 flow after Oct 2023; none rises consistently (our reading)
Viet Nam,China,import,210690,"food preparations n.e.s. (2106.90), heading check",2022,12,5205362,,,no,,BRD-06,VN-direct,Medium,revealed,Check of other Vietnamese headings that might receive the Chinese 3504 flow after Oct 2023; none rises consistently (our reading)
Viet Nam,China,import,230910,"dog or cat food, retail (2309.10), heading check",2022,12,46571,19.1,2.44,yes,,BRD-06,VN-direct,Medium,revealed,Check of other Vietnamese headings that might receive the Chinese 3504 flow after Oct 2023; none rises consistently (our reading)
Viet Nam,China,import,230310,"starch residues incl. corn gluten meal (2303.10), heading check",2022,12,5509264,5740.5,0.96,yes,,BRD-06,VN-direct,Medium,revealed,Check of other Vietnamese headings that might receive the Chinese 3504 flow after Oct 2023; none rises consistently (our reading)
Viet Nam,China,import,230400,"soybean oilcake (2304), heading check",2022,12,233500,371.2,0.63,yes,,BRD-06,VN-direct,Medium,revealed,Check of other Vietnamese headings that might receive the Chinese 3504 flow after Oct 2023; none rises consistently (our reading)
Viet Nam,China,import,230120,"fish meal (2301.20), heading check",2022,12,274536,165.4,1.66,yes,,BRD-06,VN-direct,Medium,revealed,Check of other Vietnamese headings that might receive the Chinese 3504 flow after Oct 2023; none rises consistently (our reading)
Viet Nam,China,import,120810,"soybean flour (1208.10), heading check",2023,8,1650,1.4,1.21,yes,,BRD-06,VN-direct,Medium,revealed,Check of other Vietnamese headings that might receive the Chinese 3504 flow after Oct 2023; none rises consistently (our reading)
Viet Nam,China,import,230310,"starch residues incl. corn gluten meal (2303.10), heading check",2023,8,7262506,7073.0,1.03,yes,,BRD-06,VN-direct,Medium,revealed,Check of other Vietnamese headings that might receive the Chinese 3504 flow after Oct 2023; none rises consistently (our reading)
Viet Nam,China,import,230910,"dog or cat food, retail (2309.10), heading check",2023,8,90972,30.2,3.01,yes,,BRD-06,VN-direct,Medium,revealed,Check of other Vietnamese headings that might receive the Chinese 3504 flow after Oct 2023; none rises consistently (our reading)
Viet Nam,China,import,230400,"soybean oilcake (2304), heading check",2023,8,435004,733.9,0.59,yes,,BRD-06,VN-direct,Medium,revealed,Check of other Vietnamese headings that might receive the Chinese 3504 flow after Oct 2023; none rises consistently (our reading)
Viet Nam,China,import,230120,"fish meal (2301.20), heading check",2023,8,785741,419.0,1.88,yes,,BRD-06,VN-direct,Medium,revealed,Check of other Vietnamese headings that might receive the Chinese 3504 flow after Oct 2023; none rises consistently (our reading)
Viet Nam,China,import,210690,"food preparations n.e.s. (2106.90), heading check",2023,8,9455561,,,no,,BRD-06,VN-direct,Medium,revealed,Check of other Vietnamese headings that might receive the Chinese 3504 flow after Oct 2023; none rises consistently (our reading)
Viet Nam,China,import,210690,"food preparations n.e.s. (2106.90), heading check",2023,9,5860716,,,no,,BRD-06,VN-direct,Medium,revealed,Check of other Vietnamese headings that might receive the Chinese 3504 flow after Oct 2023; none rises consistently (our reading)
Viet Nam,China,import,230120,"fish meal (2301.20), heading check",2023,9,494241,263.6,1.88,yes,,BRD-06,VN-direct,Medium,revealed,Check of other Vietnamese headings that might receive the Chinese 3504 flow after Oct 2023; none rises consistently (our reading)
Viet Nam,China,import,230400,"soybean oilcake (2304), heading check",2023,9,276627,466.7,0.59,yes,,BRD-06,VN-direct,Medium,revealed,Check of other Vietnamese headings that might receive the Chinese 3504 flow after Oct 2023; none rises consistently (our reading)
Viet Nam,China,import,230310,"starch residues incl. corn gluten meal (2303.10), heading check",2023,9,5294754,5156.6,1.03,yes,,BRD-06,VN-direct,Medium,revealed,Check of other Vietnamese headings that might receive the Chinese 3504 flow after Oct 2023; none rises consistently (our reading)
Viet Nam,China,import,230910,"dog or cat food, retail (2309.10), heading check",2023,9,24078,8.0,3.01,yes,,BRD-06,VN-direct,Medium,revealed,Check of other Vietnamese headings that might receive the Chinese 3504 flow after Oct 2023; none rises consistently (our reading)
Viet Nam,China,import,210690,"food preparations n.e.s. (2106.90), heading check",2023,10,6264990,,,no,,BRD-06,VN-direct,Medium,revealed,Check of other Vietnamese headings that might receive the Chinese 3504 flow after Oct 2023; none rises consistently (our reading)
Viet Nam,China,import,120810,"soybean flour (1208.10), heading check",2023,10,3250,2.7,1.21,yes,,BRD-06,VN-direct,Medium,revealed,Check of other Vietnamese headings that might receive the Chinese 3504 flow after Oct 2023; none rises consistently (our reading)
Viet Nam,China,import,230310,"starch residues incl. corn gluten meal (2303.10), heading check",2023,10,5185982,5050.7,1.03,yes,,BRD-06,VN-direct,Medium,revealed,Check of other Vietnamese headings that might receive the Chinese 3504 flow after Oct 2023; none rises consistently (our reading)
Viet Nam,China,import,230910,"dog or cat food, retail (2309.10), heading check",2023,10,144321,48.0,3.01,yes,,BRD-06,VN-direct,Medium,revealed,Check of other Vietnamese headings that might receive the Chinese 3504 flow after Oct 2023; none rises consistently (our reading)
Viet Nam,China,import,230400,"soybean oilcake (2304), heading check",2023,10,328469,554.2,0.59,yes,,BRD-06,VN-direct,Medium,revealed,Check of other Vietnamese headings that might receive the Chinese 3504 flow after Oct 2023; none rises consistently (our reading)
Viet Nam,China,import,230120,"fish meal (2301.20), heading check",2023,10,758488,404.5,1.88,yes,,BRD-06,VN-direct,Medium,revealed,Check of other Vietnamese headings that might receive the Chinese 3504 flow after Oct 2023; none rises consistently (our reading)
Viet Nam,China,import,210690,"food preparations n.e.s. (2106.90), heading check",2023,11,5432145,,,no,,BRD-06,VN-direct,Medium,revealed,Check of other Vietnamese headings that might receive the Chinese 3504 flow after Oct 2023; none rises consistently (our reading)
Viet Nam,China,import,230310,"starch residues incl. corn gluten meal (2303.10), heading check",2023,11,4598746,4478.8,1.03,yes,,BRD-06,VN-direct,Medium,revealed,Check of other Vietnamese headings that might receive the Chinese 3504 flow after Oct 2023; none rises consistently (our reading)
Viet Nam,China,import,230910,"dog or cat food, retail (2309.10), heading check",2023,11,54376,18.1,3.01,yes,,BRD-06,VN-direct,Medium,revealed,Check of other Vietnamese headings that might receive the Chinese 3504 flow after Oct 2023; none rises consistently (our reading)
Viet Nam,China,import,230400,"soybean oilcake (2304), heading check",2023,11,487671,822.8,0.59,yes,,BRD-06,VN-direct,Medium,revealed,Check of other Vietnamese headings that might receive the Chinese 3504 flow after Oct 2023; none rises consistently (our reading)
Viet Nam,China,import,230120,"fish meal (2301.20), heading check",2023,11,301449,160.8,1.88,yes,,BRD-06,VN-direct,Medium,revealed,Check of other Vietnamese headings that might receive the Chinese 3504 flow after Oct 2023; none rises consistently (our reading)
Viet Nam,China,import,210690,"food preparations n.e.s. (2106.90), heading check",2023,12,4496110,,,no,,BRD-06,VN-direct,Medium,revealed,Check of other Vietnamese headings that might receive the Chinese 3504 flow after Oct 2023; none rises consistently (our reading)
Viet Nam,China,import,230310,"starch residues incl. corn gluten meal (2303.10), heading check",2023,12,5452253,5310.0,1.03,yes,,BRD-06,VN-direct,Medium,revealed,Check of other Vietnamese headings that might receive the Chinese 3504 flow after Oct 2023; none rises consistently (our reading)
Viet Nam,China,import,230910,"dog or cat food, retail (2309.10), heading check",2023,12,40623,13.5,3.01,yes,,BRD-06,VN-direct,Medium,revealed,Check of other Vietnamese headings that might receive the Chinese 3504 flow after Oct 2023; none rises consistently (our reading)
Viet Nam,China,import,230400,"soybean oilcake (2304), heading check",2023,12,7571056,12773.4,0.59,yes,,BRD-06,VN-direct,Medium,revealed,Check of other Vietnamese headings that might receive the Chinese 3504 flow after Oct 2023; none rises consistently (our reading)
Viet Nam,China,import,230120,"fish meal (2301.20), heading check",2023,12,479400,255.6,1.88,yes,,BRD-06,VN-direct,Medium,revealed,Check of other Vietnamese headings that might receive the Chinese 3504 flow after Oct 2023; none rises consistently (our reading)
