record_id,scenario,year,indicator,value,unit,foresight_type,evidence_label,confidence,source_ids,notes
BLO-0001,S-BASE,2025,population,101.6,million,calibration (2025 base),VN-direct,Medium,QNT model (assumptions.csv),Calibrated to 2025 anchors; identical in all scenarios.
BLO-0002,S-BASE,2025,pc_pork_demand_kg_cwe,39.907,"kg per person, carcass weight",calibration (2025 base),VN-direct,Medium,QNT model (assumptions.csv),Calibrated to 2025 anchors; identical in all scenarios.
BLO-0003,S-BASE,2025,prod_pork_kt_lw,5389.2,kt live weight,calibration (2025 base),VN-direct,Medium,QNT model (assumptions.csv),Calibrated to 2025 anchors; identical in all scenarios.
BLO-0004,S-BASE,2025,prod_pork_kt_cwe,3896.4,kt carcass weight,calibration (2025 base),VN-direct,Medium,QNT model (assumptions.csv),Calibrated to 2025 anchors; identical in all scenarios.
BLO-0005,S-BASE,2025,pc_poultry_demand_kg_cwe,20.487,"kg per person, carcass weight",calibration (2025 base),VN-direct,Medium,QNT model (assumptions.csv),Calibrated to 2025 anchors; identical in all scenarios.
BLO-0006,S-BASE,2025,prod_poultry_kt_lw,2601.9,kt live weight,calibration (2025 base),VN-direct,Medium,QNT model (assumptions.csv),Calibrated to 2025 anchors; identical in all scenarios.
BLO-0007,S-BASE,2025,prod_poultry_kt_cwe,1821.3,kt carcass weight,calibration (2025 base),VN-direct,Medium,QNT model (assumptions.csv),Calibrated to 2025 anchors; identical in all scenarios.
BLO-0008,S-BASE,2025,pc_ruminant_demand_kg_cwe,6.062,"kg per person, carcass weight",calibration (2025 base),VN-direct,Medium,QNT model (assumptions.csv),Calibrated to 2025 anchors; identical in all scenarios.
BLO-0009,S-BASE,2025,prod_ruminant_kt_lw,624.3,kt live weight,calibration (2025 base),VN-direct,Medium,QNT model (assumptions.csv),Calibrated to 2025 anchors; identical in all scenarios.
BLO-0010,S-BASE,2025,prod_ruminant_kt_cwe,321.5,kt carcass weight,calibration (2025 base),VN-direct,Medium,QNT model (assumptions.csv),Calibrated to 2025 anchors; identical in all scenarios.
BLO-0011,S-BASE,2025,pc_meat_demand_kg_cwe,66.456,"kg per person, carcass weight",calibration (2025 base),VN-direct,Medium,QNT model (assumptions.csv),Calibrated to 2025 anchors; identical in all scenarios.
BLO-0012,S-BASE,2025,meat_consumption_animal_kt_cwe,6752.0,kt carcass weight (after S-ALT substitution),calibration (2025 base),VN-direct,Medium,QNT model (assumptions.csv),Calibrated to 2025 anchors; identical in all scenarios.
BLO-0013,S-BASE,2025,meat_production_kt_cwe,6039.2,kt carcass weight,calibration (2025 base),VN-direct,Medium,QNT model (assumptions.csv),Calibrated to 2025 anchors; identical in all scenarios.
BLO-0014,S-BASE,2025,pc_eggs_number,210.6,eggs per person,calibration (2025 base),VN-direct,Medium,QNT model (assumptions.csv),Calibrated to 2025 anchors; identical in all scenarios.
BLO-0015,S-BASE,2025,prod_eggs_bn,21.4,billion eggs,calibration (2025 base),VN-direct,Medium,QNT model (assumptions.csv),Calibrated to 2025 anchors; identical in all scenarios.
BLO-0016,S-BASE,2025,prod_milk_kt,1300.0,kt fresh milk,calibration (2025 base),VN-direct,Medium,QNT model (assumptions.csv),Calibrated to 2025 anchors; identical in all scenarios.
BLO-0017,S-BASE,2025,pc_milk_domestic_kg,12.795,kg domestic fresh milk per person,calibration (2025 base),VN-direct,Medium,QNT model (assumptions.csv),Calibrated to 2025 anchors; identical in all scenarios.
BLO-0018,S-BASE,2025,prod_aq_pangasius_kt,1938.8,kt live weight,calibration (2025 base),VN-direct,Medium,QNT model (assumptions.csv),Calibrated to 2025 anchors; identical in all scenarios.
BLO-0019,S-BASE,2025,prod_aq_whiteleg_kt,994.4,kt live weight,calibration (2025 base),VN-direct,Medium,QNT model (assumptions.csv),Calibrated to 2025 anchors; identical in all scenarios.
BLO-0020,S-BASE,2025,prod_aq_othershrimp_kt,387.3,kt live weight,calibration (2025 base),VN-direct,Medium,QNT model (assumptions.csv),Calibrated to 2025 anchors; identical in all scenarios.
BLO-0021,S-BASE,2025,prod_aq_otherfish_kt,2096.2,kt live weight,calibration (2025 base),VN-direct,Medium,QNT model (assumptions.csv),Calibrated to 2025 anchors; identical in all scenarios.
BLO-0022,S-BASE,2025,prod_aq_nonfed_kt,700.1,kt live weight,calibration (2025 base),VN-direct,Medium,QNT model (assumptions.csv),Calibrated to 2025 anchors; identical in all scenarios.
BLO-0023,S-BASE,2025,prod_aquaculture_kt,6116.8,kt live weight,calibration (2025 base),VN-direct,Medium,QNT model (assumptions.csv),Calibrated to 2025 anchors; identical in all scenarios.
BLO-0024,S-BASE,2025,aquaculture_exports_kt_lwe,3142.8,kt live-weight equivalent,calibration (2025 base),VN-direct,Medium,QNT model (assumptions.csv),Calibrated to 2025 anchors; identical in all scenarios.
BLO-0025,S-BASE,2025,aquaculture_export_share,0.5138,share,calibration (2025 base),VN-direct,Medium,QNT model (assumptions.csv),Calibrated to 2025 anchors; identical in all scenarios.
BLO-0026,S-BASE,2025,pc_farmed_aquatic_domestic_kg,29.272,kg live weight per person,calibration (2025 base),VN-direct,Medium,QNT model (assumptions.csv),Calibrated to 2025 anchors; identical in all scenarios.
BLO-0027,S-BASE,2025,feed_pig_mt,12.166,Mt compound feed,calibration (2025 base),VN-direct,Medium,QNT model (assumptions.csv),Calibrated to 2025 anchors; identical in all scenarios.
BLO-0028,S-BASE,2025,feed_poultry_mt,8.998,Mt compound feed,calibration (2025 base),VN-direct,Medium,QNT model (assumptions.csv),Calibrated to 2025 anchors; identical in all scenarios.
BLO-0029,S-BASE,2025,feed_other_livestock_mt,0.814,Mt compound feed,calibration (2025 base),VN-direct,Medium,QNT model (assumptions.csv),Calibrated to 2025 anchors; identical in all scenarios.
BLO-0030,S-BASE,2025,feed_pangasius_mt,2.902,Mt compound feed,calibration (2025 base),VN-direct,Medium,QNT model (assumptions.csv),Calibrated to 2025 anchors; identical in all scenarios.
BLO-0031,S-BASE,2025,feed_whiteleg_mt,1.29,Mt compound feed,calibration (2025 base),VN-direct,Medium,QNT model (assumptions.csv),Calibrated to 2025 anchors; identical in all scenarios.
BLO-0032,S-BASE,2025,feed_othershrimp_mt,0.1739,Mt compound feed,calibration (2025 base),VN-direct,Medium,QNT model (assumptions.csv),Calibrated to 2025 anchors; identical in all scenarios.
BLO-0033,S-BASE,2025,feed_otherfish_mt,2.134,Mt compound feed,calibration (2025 base),VN-direct,Medium,QNT model (assumptions.csv),Calibrated to 2025 anchors; identical in all scenarios.
BLO-0034,S-BASE,2025,feed_livestock_mt,21.978,"Mt compound feed (pigs, poultry, other livestock)",calibration (2025 base),VN-direct,Medium,QNT model (assumptions.csv),Calibrated to 2025 anchors; identical in all scenarios.
BLO-0035,S-BASE,2025,feed_aquafeed_mt,6.5,Mt compound feed,calibration (2025 base),VN-direct,Medium,QNT model (assumptions.csv),Calibrated to 2025 anchors; identical in all scenarios.
BLO-0036,S-BASE,2025,feed_total_mt,28.478,Mt compound feed,calibration (2025 base),VN-direct,Medium,QNT model (assumptions.csv),Calibrated to 2025 anchors; identical in all scenarios.
BLO-0037,S-BASE,2025,compound_share_pig,0.8062,share,calibration (2025 base),VN-direct,Medium,QNT model (assumptions.csv),Calibrated to 2025 anchors; identical in all scenarios.
BLO-0038,S-BASE,2025,sbm_demand_mt,7.2,Mt soybean meal,calibration (2025 base),VN-direct,Medium,QNT model (assumptions.csv),Calibrated to 2025 anchors; identical in all scenarios.
BLO-0039,S-BASE,2025,sbm_import_need_mt,7.2,"Mt soybean meal (as meal, or as beans crushed in Vietnam)",calibration (2025 base),VN-direct,Medium,QNT model (assumptions.csv),Calibrated to 2025 anchors; identical in all scenarios.
BLO-0040,S-BASE,2025,sbm_import_need_bean_eq_mt,9.231,Mt soybeans equivalent,calibration (2025 base),VN-direct,Medium,QNT model (assumptions.csv),Calibrated to 2025 anchors; identical in all scenarios.
BLO-0041,S-BASE,2025,fishmeal_demand_kt,261.7,kt fishmeal,calibration (2025 base),VN-direct,Medium,QNT model (assumptions.csv),Calibrated to 2025 anchors; identical in all scenarios.
BLO-0042,S-BASE,2025,other_meals_sbmeq_mt,2.43,Mt soybean-meal equivalent,calibration (2025 base),VN-direct,Medium,QNT model (assumptions.csv),Calibrated to 2025 anchors; identical in all scenarios.
BLO-0043,S-BASE,2025,protein_meal_demand_sbmeq_mt,10.0,Mt soybean-meal equivalent (46% CP),calibration (2025 base),VN-direct,Medium,QNT model (assumptions.csv),Calibrated to 2025 anchors; identical in all scenarios.
BLO-0044,S-BASE,2025,sbm_intensity_kg_per_t_feed,252.8,kg soybean meal per t compound feed,calibration (2025 base),VN-direct,Medium,QNT model (assumptions.csv),Calibrated to 2025 anchors; identical in all scenarios.
BLO-0045,S-BASE,2025,maize_compound_feed_mt,10.9,Mt maize,calibration (2025 base),VN-direct,Medium,QNT model (assumptions.csv),Calibrated to 2025 anchors; identical in all scenarios.
BLO-0046,S-BASE,2025,maize_total_use_mt,16.01,Mt maize,calibration (2025 base),VN-direct,Medium,QNT model (assumptions.csv),Calibrated to 2025 anchors; identical in all scenarios.
BLO-0047,S-BASE,2025,maize_production_mt,4.1,Mt maize,calibration (2025 base),VN-direct,Medium,QNT model (assumptions.csv),Calibrated to 2025 anchors; identical in all scenarios.
BLO-0048,S-BASE,2025,maize_import_need_mt,11.91,Mt maize,calibration (2025 base),VN-direct,Medium,QNT model (assumptions.csv),Calibrated to 2025 anchors; identical in all scenarios.
BLO-0049,S-BASE,2025,soy_land_abroad_mha,2.337,million ha (mass allocation to meal),calibration (2025 base),VN-direct,Medium,QNT model (assumptions.csv),Calibrated to 2025 anchors; identical in all scenarios.
BLO-0050,S-BASE,2025,maize_land_abroad_mha,1.636,million ha,calibration (2025 base),VN-direct,Medium,QNT model (assumptions.csv),Calibrated to 2025 anchors; identical in all scenarios.
BLO-0051,S-BASE,2030,population,104.2,million,estimate,VN-direct,Low,QNT model (assumptions.csv),"Our estimate for horizon year 2030; scenario, not forecast."
BLO-0052,S-BASE,2030,pc_pork_demand_kg_cwe,43.307,"kg per person, carcass weight",estimate,VN-direct,Low,QNT model (assumptions.csv),"Our estimate for horizon year 2030; scenario, not forecast."
BLO-0053,S-BASE,2030,prod_pork_kt_lw,6000.9,kt live weight,estimate,VN-direct,Low,QNT model (assumptions.csv),"Our estimate for horizon year 2030; scenario, not forecast."
BLO-0054,S-BASE,2030,prod_pork_kt_cwe,4338.7,kt carcass weight,estimate,VN-direct,Low,QNT model (assumptions.csv),"Our estimate for horizon year 2030; scenario, not forecast."
BLO-0055,S-BASE,2030,pc_poultry_demand_kg_cwe,25.54,"kg per person, carcass weight",estimate,VN-direct,Low,QNT model (assumptions.csv),"Our estimate for horizon year 2030; scenario, not forecast."
BLO-0056,S-BASE,2030,prod_poultry_kt_lw,3328.1,kt live weight,estimate,VN-direct,Low,QNT model (assumptions.csv),"Our estimate for horizon year 2030; scenario, not forecast."
BLO-0057,S-BASE,2030,prod_poultry_kt_cwe,2329.7,kt carcass weight,estimate,VN-direct,Low,QNT model (assumptions.csv),"Our estimate for horizon year 2030; scenario, not forecast."
BLO-0058,S-BASE,2030,pc_ruminant_demand_kg_cwe,6.543,"kg per person, carcass weight",estimate,VN-direct,Low,QNT model (assumptions.csv),"Our estimate for horizon year 2030; scenario, not forecast."
BLO-0059,S-BASE,2030,prod_ruminant_kt_lw,691.4,kt live weight,estimate,VN-direct,Low,QNT model (assumptions.csv),"Our estimate for horizon year 2030; scenario, not forecast."
BLO-0060,S-BASE,2030,prod_ruminant_kt_cwe,356.1,kt carcass weight,estimate,VN-direct,Low,QNT model (assumptions.csv),"Our estimate for horizon year 2030; scenario, not forecast."
BLO-0061,S-BASE,2030,pc_meat_demand_kg_cwe,75.389,"kg per person, carcass weight",estimate,VN-direct,Low,QNT model (assumptions.csv),"Our estimate for horizon year 2030; scenario, not forecast."
BLO-0062,S-BASE,2030,meat_consumption_animal_kt_cwe,7859.3,kt carcass weight (after S-ALT substitution),estimate,VN-direct,Low,QNT model (assumptions.csv),"Our estimate for horizon year 2030; scenario, not forecast."
BLO-0063,S-BASE,2030,meat_production_kt_cwe,7024.4,kt carcass weight,estimate,VN-direct,Low,QNT model (assumptions.csv),"Our estimate for horizon year 2030; scenario, not forecast."
BLO-0064,S-BASE,2030,pc_eggs_number,235.1,eggs per person,estimate,VN-direct,Low,QNT model (assumptions.csv),"Our estimate for horizon year 2030; scenario, not forecast."
BLO-0065,S-BASE,2030,prod_eggs_bn,24.505,billion eggs,estimate,VN-direct,Low,QNT model (assumptions.csv),"Our estimate for horizon year 2030; scenario, not forecast."
BLO-0066,S-BASE,2030,prod_milk_kt,1598.4,kt fresh milk,estimate,VN-direct,Low,QNT model (assumptions.csv),"Our estimate for horizon year 2030; scenario, not forecast."
BLO-0067,S-BASE,2030,pc_milk_domestic_kg,15.332,kg domestic fresh milk per person,estimate,VN-direct,Low,QNT model (assumptions.csv),"Our estimate for horizon year 2030; scenario, not forecast."
BLO-0068,S-BASE,2030,prod_aq_pangasius_kt,2085.8,kt live weight,estimate,VN-direct,Low,QNT model (assumptions.csv),"Our estimate for horizon year 2030; scenario, not forecast."
BLO-0069,S-BASE,2030,prod_aq_whiteleg_kt,1069.8,kt live weight,estimate,VN-direct,Low,QNT model (assumptions.csv),"Our estimate for horizon year 2030; scenario, not forecast."
BLO-0070,S-BASE,2030,prod_aq_othershrimp_kt,416.7,kt live weight,estimate,VN-direct,Low,QNT model (assumptions.csv),"Our estimate for horizon year 2030; scenario, not forecast."
BLO-0071,S-BASE,2030,prod_aq_otherfish_kt,2255.1,kt live weight,estimate,VN-direct,Low,QNT model (assumptions.csv),"Our estimate for horizon year 2030; scenario, not forecast."
BLO-0072,S-BASE,2030,prod_aq_nonfed_kt,753.2,kt live weight,estimate,VN-direct,Low,QNT model (assumptions.csv),"Our estimate for horizon year 2030; scenario, not forecast."
BLO-0073,S-BASE,2030,prod_aquaculture_kt,6580.5,kt live weight,estimate,VN-direct,Low,QNT model (assumptions.csv),"Our estimate for horizon year 2030; scenario, not forecast."
BLO-0074,S-BASE,2030,aquaculture_exports_kt_lwe,3381.0,kt live-weight equivalent,estimate,VN-direct,Low,QNT model (assumptions.csv),"Our estimate for horizon year 2030; scenario, not forecast."
BLO-0075,S-BASE,2030,aquaculture_export_share,0.5138,share,estimate,VN-direct,Low,QNT model (assumptions.csv),"Our estimate for horizon year 2030; scenario, not forecast."
BLO-0076,S-BASE,2030,pc_farmed_aquatic_domestic_kg,30.69,kg live weight per person,estimate,VN-direct,Low,QNT model (assumptions.csv),"Our estimate for horizon year 2030; scenario, not forecast."
BLO-0077,S-BASE,2030,feed_pig_mt,14.493,Mt compound feed,estimate,VN-direct,Low,QNT model (assumptions.csv),"Our estimate for horizon year 2030; scenario, not forecast."
BLO-0078,S-BASE,2030,feed_poultry_mt,10.986,Mt compound feed,estimate,VN-direct,Low,QNT model (assumptions.csv),"Our estimate for horizon year 2030; scenario, not forecast."
BLO-0079,S-BASE,2030,feed_other_livestock_mt,0.9494,Mt compound feed,estimate,VN-direct,Low,QNT model (assumptions.csv),"Our estimate for horizon year 2030; scenario, not forecast."
BLO-0080,S-BASE,2030,feed_pangasius_mt,3.076,Mt compound feed,estimate,VN-direct,Low,QNT model (assumptions.csv),"Our estimate for horizon year 2030; scenario, not forecast."
BLO-0081,S-BASE,2030,feed_whiteleg_mt,1.367,Mt compound feed,estimate,VN-direct,Low,QNT model (assumptions.csv),"Our estimate for horizon year 2030; scenario, not forecast."
BLO-0082,S-BASE,2030,feed_othershrimp_mt,0.215,Mt compound feed,estimate,VN-direct,Low,QNT model (assumptions.csv),"Our estimate for horizon year 2030; scenario, not forecast."
BLO-0083,S-BASE,2030,feed_otherfish_mt,2.42,Mt compound feed,estimate,VN-direct,Low,QNT model (assumptions.csv),"Our estimate for horizon year 2030; scenario, not forecast."
BLO-0084,S-BASE,2030,feed_livestock_mt,26.428,"Mt compound feed (pigs, poultry, other livestock)",estimate,VN-direct,Low,QNT model (assumptions.csv),"Our estimate for horizon year 2030; scenario, not forecast."
BLO-0085,S-BASE,2030,feed_aquafeed_mt,7.077,Mt compound feed,estimate,VN-direct,Low,QNT model (assumptions.csv),"Our estimate for horizon year 2030; scenario, not forecast."
BLO-0086,S-BASE,2030,feed_total_mt,33.506,Mt compound feed,estimate,VN-direct,Low,QNT model (assumptions.csv),"Our estimate for horizon year 2030; scenario, not forecast."
BLO-0087,S-BASE,2030,compound_share_pig,0.88,share,estimate,VN-direct,Low,QNT model (assumptions.csv),"Our estimate for horizon year 2030; scenario, not forecast."
BLO-0088,S-BASE,2030,sbm_demand_mt,8.456,Mt soybean meal,estimate,VN-direct,Low,QNT model (assumptions.csv),"Our estimate for horizon year 2030; scenario, not forecast."
BLO-0089,S-BASE,2030,sbm_import_need_mt,8.456,"Mt soybean meal (as meal, or as beans crushed in Vietnam)",estimate,VN-direct,Low,QNT model (assumptions.csv),"Our estimate for horizon year 2030; scenario, not forecast."
BLO-0090,S-BASE,2030,sbm_import_need_bean_eq_mt,10.841,Mt soybeans equivalent,estimate,VN-direct,Low,QNT model (assumptions.csv),"Our estimate for horizon year 2030; scenario, not forecast."
BLO-0091,S-BASE,2030,fishmeal_demand_kt,264.5,kt fishmeal,estimate,VN-direct,Low,QNT model (assumptions.csv),"Our estimate for horizon year 2030; scenario, not forecast."
BLO-0092,S-BASE,2030,other_meals_sbmeq_mt,2.859,Mt soybean-meal equivalent,estimate,VN-direct,Low,QNT model (assumptions.csv),"Our estimate for horizon year 2030; scenario, not forecast."
BLO-0093,S-BASE,2030,protein_meal_demand_sbmeq_mt,11.689,Mt soybean-meal equivalent (46% CP),estimate,VN-direct,Low,QNT model (assumptions.csv),"Our estimate for horizon year 2030; scenario, not forecast."
BLO-0094,S-BASE,2030,sbm_intensity_kg_per_t_feed,252.4,kg soybean meal per t compound feed,estimate,VN-direct,Low,QNT model (assumptions.csv),"Our estimate for horizon year 2030; scenario, not forecast."
BLO-0095,S-BASE,2030,maize_compound_feed_mt,13.086,Mt maize,estimate,VN-direct,Low,QNT model (assumptions.csv),"Our estimate for horizon year 2030; scenario, not forecast."
BLO-0096,S-BASE,2030,maize_total_use_mt,17.062,Mt maize,estimate,VN-direct,Low,QNT model (assumptions.csv),"Our estimate for horizon year 2030; scenario, not forecast."
BLO-0097,S-BASE,2030,maize_production_mt,4.1,Mt maize,estimate,VN-direct,Low,QNT model (assumptions.csv),"Our estimate for horizon year 2030; scenario, not forecast."
BLO-0098,S-BASE,2030,maize_import_need_mt,12.962,Mt maize,estimate,VN-direct,Low,QNT model (assumptions.csv),"Our estimate for horizon year 2030; scenario, not forecast."
BLO-0099,S-BASE,2030,soy_land_abroad_mha,2.664,million ha (mass allocation to meal),estimate,VN-direct,Low,QNT model (assumptions.csv),"Our estimate for horizon year 2030; scenario, not forecast."
BLO-0100,S-BASE,2030,maize_land_abroad_mha,1.754,million ha,estimate,VN-direct,Low,QNT model (assumptions.csv),"Our estimate for horizon year 2030; scenario, not forecast."
BLO-0101,S-BASE,2035,population,106.5,million,estimate,VN-direct,Low,QNT model (assumptions.csv),"Our estimate for horizon year 2035; scenario, not forecast."
BLO-0102,S-BASE,2035,pc_pork_demand_kg_cwe,43.909,"kg per person, carcass weight",estimate,VN-direct,Low,QNT model (assumptions.csv),"Our estimate for horizon year 2035; scenario, not forecast."
BLO-0103,S-BASE,2035,prod_pork_kt_lw,6217.5,kt live weight,estimate,VN-direct,Low,QNT model (assumptions.csv),"Our estimate for horizon year 2035; scenario, not forecast."
BLO-0104,S-BASE,2035,prod_pork_kt_cwe,4495.2,kt carcass weight,estimate,VN-direct,Low,QNT model (assumptions.csv),"Our estimate for horizon year 2035; scenario, not forecast."
BLO-0105,S-BASE,2035,pc_poultry_demand_kg_cwe,31.043,"kg per person, carcass weight",estimate,VN-direct,Low,QNT model (assumptions.csv),"Our estimate for horizon year 2035; scenario, not forecast."
BLO-0106,S-BASE,2035,prod_poultry_kt_lw,4133.7,kt live weight,estimate,VN-direct,Low,QNT model (assumptions.csv),"Our estimate for horizon year 2035; scenario, not forecast."
BLO-0107,S-BASE,2035,prod_poultry_kt_cwe,2893.6,kt carcass weight,estimate,VN-direct,Low,QNT model (assumptions.csv),"Our estimate for horizon year 2035; scenario, not forecast."
BLO-0108,S-BASE,2035,pc_ruminant_demand_kg_cwe,6.983,"kg per person, carcass weight",estimate,VN-direct,Low,QNT model (assumptions.csv),"Our estimate for horizon year 2035; scenario, not forecast."
BLO-0109,S-BASE,2035,prod_ruminant_kt_lw,754.0,kt live weight,estimate,VN-direct,Low,QNT model (assumptions.csv),"Our estimate for horizon year 2035; scenario, not forecast."
BLO-0110,S-BASE,2035,prod_ruminant_kt_cwe,388.3,kt carcass weight,estimate,VN-direct,Low,QNT model (assumptions.csv),"Our estimate for horizon year 2035; scenario, not forecast."
BLO-0111,S-BASE,2035,pc_meat_demand_kg_cwe,81.934,"kg per person, carcass weight",estimate,VN-direct,Low,QNT model (assumptions.csv),"Our estimate for horizon year 2035; scenario, not forecast."
BLO-0112,S-BASE,2035,meat_consumption_animal_kt_cwe,8728.5,kt carcass weight (after S-ALT substitution),estimate,VN-direct,Low,QNT model (assumptions.csv),"Our estimate for horizon year 2035; scenario, not forecast."
BLO-0113,S-BASE,2035,meat_production_kt_cwe,7777.1,kt carcass weight,estimate,VN-direct,Low,QNT model (assumptions.csv),"Our estimate for horizon year 2035; scenario, not forecast."
BLO-0114,S-BASE,2035,pc_eggs_number,247.5,eggs per person,estimate,VN-direct,Low,QNT model (assumptions.csv),"Our estimate for horizon year 2035; scenario, not forecast."
BLO-0115,S-BASE,2035,prod_eggs_bn,26.365,billion eggs,estimate,VN-direct,Low,QNT model (assumptions.csv),"Our estimate for horizon year 2035; scenario, not forecast."
BLO-0116,S-BASE,2035,prod_milk_kt,1947.9,kt fresh milk,estimate,VN-direct,Low,QNT model (assumptions.csv),"Our estimate for horizon year 2035; scenario, not forecast."
BLO-0117,S-BASE,2035,pc_milk_domestic_kg,18.285,kg domestic fresh milk per person,estimate,VN-direct,Low,QNT model (assumptions.csv),"Our estimate for horizon year 2035; scenario, not forecast."
BLO-0118,S-BASE,2035,prod_aq_pangasius_kt,2325.6,kt live weight,estimate,VN-direct,Low,QNT model (assumptions.csv),"Our estimate for horizon year 2035; scenario, not forecast."
BLO-0119,S-BASE,2035,prod_aq_whiteleg_kt,1192.8,kt live weight,estimate,VN-direct,Low,QNT model (assumptions.csv),"Our estimate for horizon year 2035; scenario, not forecast."
BLO-0120,S-BASE,2035,prod_aq_othershrimp_kt,464.6,kt live weight,estimate,VN-direct,Low,QNT model (assumptions.csv),"Our estimate for horizon year 2035; scenario, not forecast."
BLO-0121,S-BASE,2035,prod_aq_otherfish_kt,2514.4,kt live weight,estimate,VN-direct,Low,QNT model (assumptions.csv),"Our estimate for horizon year 2035; scenario, not forecast."
BLO-0122,S-BASE,2035,prod_aq_nonfed_kt,839.8,kt live weight,estimate,VN-direct,Low,QNT model (assumptions.csv),"Our estimate for horizon year 2035; scenario, not forecast."
BLO-0123,S-BASE,2035,prod_aquaculture_kt,7337.1,kt live weight,estimate,VN-direct,Low,QNT model (assumptions.csv),"Our estimate for horizon year 2035; scenario, not forecast."
BLO-0124,S-BASE,2035,aquaculture_exports_kt_lwe,3769.7,kt live-weight equivalent,estimate,VN-direct,Low,QNT model (assumptions.csv),"Our estimate for horizon year 2035; scenario, not forecast."
BLO-0125,S-BASE,2035,aquaculture_export_share,0.5138,share,estimate,VN-direct,Low,QNT model (assumptions.csv),"Our estimate for horizon year 2035; scenario, not forecast."
BLO-0126,S-BASE,2035,pc_farmed_aquatic_domestic_kg,33.487,kg live weight per person,estimate,VN-direct,Low,QNT model (assumptions.csv),"Our estimate for horizon year 2035; scenario, not forecast."
BLO-0127,S-BASE,2035,feed_pig_mt,15.22,Mt compound feed,estimate,VN-direct,Low,QNT model (assumptions.csv),"Our estimate for horizon year 2035; scenario, not forecast."
BLO-0128,S-BASE,2035,feed_poultry_mt,12.94,Mt compound feed,estimate,VN-direct,Low,QNT model (assumptions.csv),"Our estimate for horizon year 2035; scenario, not forecast."
BLO-0129,S-BASE,2035,feed_other_livestock_mt,1.098,Mt compound feed,estimate,VN-direct,Low,QNT model (assumptions.csv),"Our estimate for horizon year 2035; scenario, not forecast."
BLO-0130,S-BASE,2035,feed_pangasius_mt,3.378,Mt compound feed,estimate,VN-direct,Low,QNT model (assumptions.csv),"Our estimate for horizon year 2035; scenario, not forecast."
BLO-0131,S-BASE,2035,feed_whiteleg_mt,1.502,Mt compound feed,estimate,VN-direct,Low,QNT model (assumptions.csv),"Our estimate for horizon year 2035; scenario, not forecast."
BLO-0132,S-BASE,2035,feed_othershrimp_mt,0.2699,Mt compound feed,estimate,VN-direct,Low,QNT model (assumptions.csv),"Our estimate for horizon year 2035; scenario, not forecast."
BLO-0133,S-BASE,2035,feed_otherfish_mt,2.782,Mt compound feed,estimate,VN-direct,Low,QNT model (assumptions.csv),"Our estimate for horizon year 2035; scenario, not forecast."
BLO-0134,S-BASE,2035,feed_livestock_mt,29.258,"Mt compound feed (pigs, poultry, other livestock)",estimate,VN-direct,Low,QNT model (assumptions.csv),"Our estimate for horizon year 2035; scenario, not forecast."
BLO-0135,S-BASE,2035,feed_aquafeed_mt,7.932,Mt compound feed,estimate,VN-direct,Low,QNT model (assumptions.csv),"Our estimate for horizon year 2035; scenario, not forecast."
BLO-0136,S-BASE,2035,feed_total_mt,37.189,Mt compound feed,estimate,VN-direct,Low,QNT model (assumptions.csv),"Our estimate for horizon year 2035; scenario, not forecast."
BLO-0137,S-BASE,2035,compound_share_pig,0.91,share,estimate,VN-direct,Low,QNT model (assumptions.csv),"Our estimate for horizon year 2035; scenario, not forecast."
BLO-0138,S-BASE,2035,sbm_demand_mt,9.467,Mt soybean meal,estimate,VN-direct,Low,QNT model (assumptions.csv),"Our estimate for horizon year 2035; scenario, not forecast."
BLO-0139,S-BASE,2035,sbm_import_need_mt,9.467,"Mt soybean meal (as meal, or as beans crushed in Vietnam)",estimate,VN-direct,Low,QNT model (assumptions.csv),"Our estimate for horizon year 2035; scenario, not forecast."
BLO-0140,S-BASE,2035,sbm_import_need_bean_eq_mt,12.137,Mt soybeans equivalent,estimate,VN-direct,Low,QNT model (assumptions.csv),"Our estimate for horizon year 2035; scenario, not forecast."
BLO-0141,S-BASE,2035,fishmeal_demand_kt,274.4,kt fishmeal,estimate,VN-direct,Low,QNT model (assumptions.csv),"Our estimate for horizon year 2035; scenario, not forecast."
BLO-0142,S-BASE,2035,other_meals_sbmeq_mt,3.173,Mt soybean-meal equivalent,estimate,VN-direct,Low,QNT model (assumptions.csv),"Our estimate for horizon year 2035; scenario, not forecast."
BLO-0143,S-BASE,2035,protein_meal_demand_sbmeq_mt,13.028,Mt soybean-meal equivalent (46% CP),estimate,VN-direct,Low,QNT model (assumptions.csv),"Our estimate for horizon year 2035; scenario, not forecast."
BLO-0144,S-BASE,2035,sbm_intensity_kg_per_t_feed,254.6,kg soybean meal per t compound feed,estimate,VN-direct,Low,QNT model (assumptions.csv),"Our estimate for horizon year 2035; scenario, not forecast."
BLO-0145,S-BASE,2035,maize_compound_feed_mt,14.54,Mt maize,estimate,VN-direct,Low,QNT model (assumptions.csv),"Our estimate for horizon year 2035; scenario, not forecast."
BLO-0146,S-BASE,2035,maize_total_use_mt,17.952,Mt maize,estimate,VN-direct,Low,QNT model (assumptions.csv),"Our estimate for horizon year 2035; scenario, not forecast."
BLO-0147,S-BASE,2035,maize_production_mt,4.1,Mt maize,estimate,VN-direct,Low,QNT model (assumptions.csv),"Our estimate for horizon year 2035; scenario, not forecast."
BLO-0148,S-BASE,2035,maize_import_need_mt,13.852,Mt maize,estimate,VN-direct,Low,QNT model (assumptions.csv),"Our estimate for horizon year 2035; scenario, not forecast."
BLO-0149,S-BASE,2035,soy_land_abroad_mha,2.894,million ha (mass allocation to meal),estimate,VN-direct,Low,QNT model (assumptions.csv),"Our estimate for horizon year 2035; scenario, not forecast."
BLO-0150,S-BASE,2035,maize_land_abroad_mha,1.847,million ha,estimate,VN-direct,Low,QNT model (assumptions.csv),"Our estimate for horizon year 2035; scenario, not forecast."
BLO-0151,S-BASE,2040,population,108.4,million,estimate,VN-direct,Low,QNT model (assumptions.csv),"Our estimate for horizon year 2040; scenario, not forecast."
BLO-0152,S-BASE,2040,pc_pork_demand_kg_cwe,44.348,"kg per person, carcass weight",estimate,VN-direct,Low,QNT model (assumptions.csv),"Our estimate for horizon year 2040; scenario, not forecast."
BLO-0153,S-BASE,2040,prod_pork_kt_lw,6392.2,kt live weight,estimate,VN-direct,Low,QNT model (assumptions.csv),"Our estimate for horizon year 2040; scenario, not forecast."
BLO-0154,S-BASE,2040,prod_pork_kt_cwe,4621.6,kt carcass weight,estimate,VN-direct,Low,QNT model (assumptions.csv),"Our estimate for horizon year 2040; scenario, not forecast."
BLO-0155,S-BASE,2040,pc_poultry_demand_kg_cwe,32.626,"kg per person, carcass weight",estimate,VN-direct,Low,QNT model (assumptions.csv),"Our estimate for horizon year 2040; scenario, not forecast."
BLO-0156,S-BASE,2040,prod_poultry_kt_lw,4422.5,kt live weight,estimate,VN-direct,Low,QNT model (assumptions.csv),"Our estimate for horizon year 2040; scenario, not forecast."
BLO-0157,S-BASE,2040,prod_poultry_kt_cwe,3095.7,kt carcass weight,estimate,VN-direct,Low,QNT model (assumptions.csv),"Our estimate for horizon year 2040; scenario, not forecast."
BLO-0158,S-BASE,2040,pc_ruminant_demand_kg_cwe,7.339,"kg per person, carcass weight",estimate,VN-direct,Low,QNT model (assumptions.csv),"Our estimate for horizon year 2040; scenario, not forecast."
BLO-0159,S-BASE,2040,prod_ruminant_kt_lw,806.7,kt live weight,estimate,VN-direct,Low,QNT model (assumptions.csv),"Our estimate for horizon year 2040; scenario, not forecast."
BLO-0160,S-BASE,2040,prod_ruminant_kt_cwe,415.4,kt carcass weight,estimate,VN-direct,Low,QNT model (assumptions.csv),"Our estimate for horizon year 2040; scenario, not forecast."
BLO-0161,S-BASE,2040,pc_meat_demand_kg_cwe,84.313,"kg per person, carcass weight",estimate,VN-direct,Low,QNT model (assumptions.csv),"Our estimate for horizon year 2040; scenario, not forecast."
BLO-0162,S-BASE,2040,meat_consumption_animal_kt_cwe,9143.0,kt carcass weight (after S-ALT substitution),estimate,VN-direct,Low,QNT model (assumptions.csv),"Our estimate for horizon year 2040; scenario, not forecast."
BLO-0163,S-BASE,2040,meat_production_kt_cwe,8132.7,kt carcass weight,estimate,VN-direct,Low,QNT model (assumptions.csv),"Our estimate for horizon year 2040; scenario, not forecast."
BLO-0164,S-BASE,2040,pc_eggs_number,260.1,eggs per person,estimate,VN-direct,Low,QNT model (assumptions.csv),"Our estimate for horizon year 2040; scenario, not forecast."
BLO-0165,S-BASE,2040,prod_eggs_bn,28.208,billion eggs,estimate,VN-direct,Low,QNT model (assumptions.csv),"Our estimate for horizon year 2040; scenario, not forecast."
BLO-0166,S-BASE,2040,prod_milk_kt,2258.2,kt fresh milk,estimate,VN-direct,Low,QNT model (assumptions.csv),"Our estimate for horizon year 2040; scenario, not forecast."
BLO-0167,S-BASE,2040,pc_milk_domestic_kg,20.825,kg domestic fresh milk per person,estimate,VN-direct,Low,QNT model (assumptions.csv),"Our estimate for horizon year 2040; scenario, not forecast."
BLO-0168,S-BASE,2040,prod_aq_pangasius_kt,2444.2,kt live weight,estimate,VN-direct,Low,QNT model (assumptions.csv),"Our estimate for horizon year 2040; scenario, not forecast."
BLO-0169,S-BASE,2040,prod_aq_whiteleg_kt,1253.6,kt live weight,estimate,VN-direct,Low,QNT model (assumptions.csv),"Our estimate for horizon year 2040; scenario, not forecast."
BLO-0170,S-BASE,2040,prod_aq_othershrimp_kt,488.3,kt live weight,estimate,VN-direct,Low,QNT model (assumptions.csv),"Our estimate for horizon year 2040; scenario, not forecast."
BLO-0171,S-BASE,2040,prod_aq_otherfish_kt,2642.7,kt live weight,estimate,VN-direct,Low,QNT model (assumptions.csv),"Our estimate for horizon year 2040; scenario, not forecast."
BLO-0172,S-BASE,2040,prod_aq_nonfed_kt,882.6,kt live weight,estimate,VN-direct,Low,QNT model (assumptions.csv),"Our estimate for horizon year 2040; scenario, not forecast."
BLO-0173,S-BASE,2040,prod_aquaculture_kt,7711.4,kt live weight,estimate,VN-direct,Low,QNT model (assumptions.csv),"Our estimate for horizon year 2040; scenario, not forecast."
BLO-0174,S-BASE,2040,aquaculture_exports_kt_lwe,3962.1,kt live-weight equivalent,estimate,VN-direct,Low,QNT model (assumptions.csv),"Our estimate for horizon year 2040; scenario, not forecast."
BLO-0175,S-BASE,2040,aquaculture_export_share,0.5138,share,estimate,VN-direct,Low,QNT model (assumptions.csv),"Our estimate for horizon year 2040; scenario, not forecast."
BLO-0176,S-BASE,2040,pc_farmed_aquatic_domestic_kg,34.576,kg live weight per person,estimate,VN-direct,Low,QNT model (assumptions.csv),"Our estimate for horizon year 2040; scenario, not forecast."
BLO-0177,S-BASE,2040,feed_pig_mt,15.843,Mt compound feed,estimate,VN-direct,Low,QNT model (assumptions.csv),"Our estimate for horizon year 2040; scenario, not forecast."
BLO-0178,S-BASE,2040,feed_poultry_mt,13.639,Mt compound feed,estimate,VN-direct,Low,QNT model (assumptions.csv),"Our estimate for horizon year 2040; scenario, not forecast."
BLO-0179,S-BASE,2040,feed_other_livestock_mt,1.221,Mt compound feed,estimate,VN-direct,Low,QNT model (assumptions.csv),"Our estimate for horizon year 2040; scenario, not forecast."
BLO-0180,S-BASE,2040,feed_pangasius_mt,3.498,Mt compound feed,estimate,VN-direct,Low,QNT model (assumptions.csv),"Our estimate for horizon year 2040; scenario, not forecast."
BLO-0181,S-BASE,2040,feed_whiteleg_mt,1.555,Mt compound feed,estimate,VN-direct,Low,QNT model (assumptions.csv),"Our estimate for horizon year 2040; scenario, not forecast."
BLO-0182,S-BASE,2040,feed_othershrimp_mt,0.3144,Mt compound feed,estimate,VN-direct,Low,QNT model (assumptions.csv),"Our estimate for horizon year 2040; scenario, not forecast."
BLO-0183,S-BASE,2040,feed_otherfish_mt,3.034,Mt compound feed,estimate,VN-direct,Low,QNT model (assumptions.csv),"Our estimate for horizon year 2040; scenario, not forecast."
BLO-0184,S-BASE,2040,feed_livestock_mt,30.702,"Mt compound feed (pigs, poultry, other livestock)",estimate,VN-direct,Low,QNT model (assumptions.csv),"Our estimate for horizon year 2040; scenario, not forecast."
BLO-0185,S-BASE,2040,feed_aquafeed_mt,8.401,Mt compound feed,estimate,VN-direct,Low,QNT model (assumptions.csv),"Our estimate for horizon year 2040; scenario, not forecast."
BLO-0186,S-BASE,2040,feed_total_mt,39.104,Mt compound feed,estimate,VN-direct,Low,QNT model (assumptions.csv),"Our estimate for horizon year 2040; scenario, not forecast."
BLO-0187,S-BASE,2040,compound_share_pig,0.94,share,estimate,VN-direct,Low,QNT model (assumptions.csv),"Our estimate for horizon year 2040; scenario, not forecast."
BLO-0188,S-BASE,2040,sbm_demand_mt,9.953,Mt soybean meal,estimate,VN-direct,Low,QNT model (assumptions.csv),"Our estimate for horizon year 2040; scenario, not forecast."
BLO-0189,S-BASE,2040,sbm_import_need_mt,9.953,"Mt soybean meal (as meal, or as beans crushed in Vietnam)",estimate,VN-direct,Low,QNT model (assumptions.csv),"Our estimate for horizon year 2040; scenario, not forecast."
BLO-0190,S-BASE,2040,sbm_import_need_bean_eq_mt,12.76,Mt soybeans equivalent,estimate,VN-direct,Low,QNT model (assumptions.csv),"Our estimate for horizon year 2040; scenario, not forecast."
BLO-0191,S-BASE,2040,fishmeal_demand_kt,268.9,kt fishmeal,estimate,VN-direct,Low,QNT model (assumptions.csv),"Our estimate for horizon year 2040; scenario, not forecast."
BLO-0192,S-BASE,2040,other_meals_sbmeq_mt,3.337,Mt soybean-meal equivalent,estimate,VN-direct,Low,QNT model (assumptions.csv),"Our estimate for horizon year 2040; scenario, not forecast."
BLO-0193,S-BASE,2040,protein_meal_demand_sbmeq_mt,13.669,Mt soybean-meal equivalent (46% CP),estimate,VN-direct,Low,QNT model (assumptions.csv),"Our estimate for horizon year 2040; scenario, not forecast."
BLO-0194,S-BASE,2040,sbm_intensity_kg_per_t_feed,254.5,kg soybean meal per t compound feed,estimate,VN-direct,Low,QNT model (assumptions.csv),"Our estimate for horizon year 2040; scenario, not forecast."
BLO-0195,S-BASE,2040,maize_compound_feed_mt,15.256,Mt maize,estimate,VN-direct,Low,QNT model (assumptions.csv),"Our estimate for horizon year 2040; scenario, not forecast."
BLO-0196,S-BASE,2040,maize_total_use_mt,18.076,Mt maize,estimate,VN-direct,Low,QNT model (assumptions.csv),"Our estimate for horizon year 2040; scenario, not forecast."
BLO-0197,S-BASE,2040,maize_production_mt,4.1,Mt maize,estimate,VN-direct,Low,QNT model (assumptions.csv),"Our estimate for horizon year 2040; scenario, not forecast."
BLO-0198,S-BASE,2040,maize_import_need_mt,13.976,Mt maize,estimate,VN-direct,Low,QNT model (assumptions.csv),"Our estimate for horizon year 2040; scenario, not forecast."
BLO-0199,S-BASE,2040,soy_land_abroad_mha,2.953,million ha (mass allocation to meal),estimate,VN-direct,Low,QNT model (assumptions.csv),"Our estimate for horizon year 2040; scenario, not forecast."
BLO-0200,S-BASE,2040,maize_land_abroad_mha,1.835,million ha,estimate,VN-direct,Low,QNT model (assumptions.csv),"Our estimate for horizon year 2040; scenario, not forecast."
BLO-0201,S-BASE,2050,population,110.0,million,estimate,VN-direct,Low,QNT model (assumptions.csv),"Our estimate for horizon year 2050; scenario, not forecast."
BLO-0202,S-BASE,2050,pc_pork_demand_kg_cwe,45.242,"kg per person, carcass weight",estimate,VN-direct,Low,QNT model (assumptions.csv),"Our estimate for horizon year 2050; scenario, not forecast."
BLO-0203,S-BASE,2050,prod_pork_kt_lw,6615.5,kt live weight,estimate,VN-direct,Low,QNT model (assumptions.csv),"Our estimate for horizon year 2050; scenario, not forecast."
BLO-0204,S-BASE,2050,prod_pork_kt_cwe,4783.0,kt carcass weight,estimate,VN-direct,Low,QNT model (assumptions.csv),"Our estimate for horizon year 2050; scenario, not forecast."
BLO-0205,S-BASE,2050,pc_poultry_demand_kg_cwe,34.296,"kg per person, carcass weight",estimate,VN-direct,Low,QNT model (assumptions.csv),"Our estimate for horizon year 2050; scenario, not forecast."
BLO-0206,S-BASE,2050,prod_poultry_kt_lw,4716.1,kt live weight,estimate,VN-direct,Low,QNT model (assumptions.csv),"Our estimate for horizon year 2050; scenario, not forecast."
BLO-0207,S-BASE,2050,prod_poultry_kt_cwe,3301.3,kt carcass weight,estimate,VN-direct,Low,QNT model (assumptions.csv),"Our estimate for horizon year 2050; scenario, not forecast."
BLO-0208,S-BASE,2050,pc_ruminant_demand_kg_cwe,8.106,"kg per person, carcass weight",estimate,VN-direct,Low,QNT model (assumptions.csv),"Our estimate for horizon year 2050; scenario, not forecast."
BLO-0209,S-BASE,2050,prod_ruminant_kt_lw,903.9,kt live weight,estimate,VN-direct,Low,QNT model (assumptions.csv),"Our estimate for horizon year 2050; scenario, not forecast."
BLO-0210,S-BASE,2050,prod_ruminant_kt_cwe,465.5,kt carcass weight,estimate,VN-direct,Low,QNT model (assumptions.csv),"Our estimate for horizon year 2050; scenario, not forecast."
BLO-0211,S-BASE,2050,pc_meat_demand_kg_cwe,87.645,"kg per person, carcass weight",estimate,VN-direct,Low,QNT model (assumptions.csv),"Our estimate for horizon year 2050; scenario, not forecast."
BLO-0212,S-BASE,2050,meat_consumption_animal_kt_cwe,9641.8,kt carcass weight (after S-ALT substitution),estimate,VN-direct,Low,QNT model (assumptions.csv),"Our estimate for horizon year 2050; scenario, not forecast."
BLO-0213,S-BASE,2050,meat_production_kt_cwe,8549.8,kt carcass weight,estimate,VN-direct,Low,QNT model (assumptions.csv),"Our estimate for horizon year 2050; scenario, not forecast."
BLO-0214,S-BASE,2050,pc_eggs_number,275.1,eggs per person,estimate,VN-direct,Low,QNT model (assumptions.csv),"Our estimate for horizon year 2050; scenario, not forecast."
BLO-0215,S-BASE,2050,prod_eggs_bn,30.262,billion eggs,estimate,VN-direct,Low,QNT model (assumptions.csv),"Our estimate for horizon year 2050; scenario, not forecast."
BLO-0216,S-BASE,2050,prod_milk_kt,2752.8,kt fresh milk,estimate,VN-direct,Low,QNT model (assumptions.csv),"Our estimate for horizon year 2050; scenario, not forecast."
BLO-0217,S-BASE,2050,pc_milk_domestic_kg,25.023,kg domestic fresh milk per person,estimate,VN-direct,Low,QNT model (assumptions.csv),"Our estimate for horizon year 2050; scenario, not forecast."
BLO-0218,S-BASE,2050,prod_aq_pangasius_kt,2700.0,kt live weight,estimate,VN-direct,Low,QNT model (assumptions.csv),"Our estimate for horizon year 2050; scenario, not forecast."
BLO-0219,S-BASE,2050,prod_aq_whiteleg_kt,1384.8,kt live weight,estimate,VN-direct,Low,QNT model (assumptions.csv),"Our estimate for horizon year 2050; scenario, not forecast."
BLO-0220,S-BASE,2050,prod_aq_othershrimp_kt,539.4,kt live weight,estimate,VN-direct,Low,QNT model (assumptions.csv),"Our estimate for horizon year 2050; scenario, not forecast."
BLO-0221,S-BASE,2050,prod_aq_otherfish_kt,2919.2,kt live weight,estimate,VN-direct,Low,QNT model (assumptions.csv),"Our estimate for horizon year 2050; scenario, not forecast."
BLO-0222,S-BASE,2050,prod_aq_nonfed_kt,975.0,kt live weight,estimate,VN-direct,Low,QNT model (assumptions.csv),"Our estimate for horizon year 2050; scenario, not forecast."
BLO-0223,S-BASE,2050,prod_aquaculture_kt,8518.3,kt live weight,estimate,VN-direct,Low,QNT model (assumptions.csv),"Our estimate for horizon year 2050; scenario, not forecast."
BLO-0224,S-BASE,2050,aquaculture_exports_kt_lwe,4376.6,kt live-weight equivalent,estimate,VN-direct,Low,QNT model (assumptions.csv),"Our estimate for horizon year 2050; scenario, not forecast."
BLO-0225,S-BASE,2050,aquaculture_export_share,0.5138,share,estimate,VN-direct,Low,QNT model (assumptions.csv),"Our estimate for horizon year 2050; scenario, not forecast."
BLO-0226,S-BASE,2050,pc_farmed_aquatic_domestic_kg,37.648,kg live weight per person,estimate,VN-direct,Low,QNT model (assumptions.csv),"Our estimate for horizon year 2050; scenario, not forecast."
BLO-0227,S-BASE,2050,feed_pig_mt,16.255,Mt compound feed,estimate,VN-direct,Low,QNT model (assumptions.csv),"Our estimate for horizon year 2050; scenario, not forecast."
BLO-0228,S-BASE,2050,feed_poultry_mt,13.994,Mt compound feed,estimate,VN-direct,Low,QNT model (assumptions.csv),"Our estimate for horizon year 2050; scenario, not forecast."
BLO-0229,S-BASE,2050,feed_other_livestock_mt,1.399,Mt compound feed,estimate,VN-direct,Low,QNT model (assumptions.csv),"Our estimate for horizon year 2050; scenario, not forecast."
BLO-0230,S-BASE,2050,feed_pangasius_mt,3.749,Mt compound feed,estimate,VN-direct,Low,QNT model (assumptions.csv),"Our estimate for horizon year 2050; scenario, not forecast."
BLO-0231,S-BASE,2050,feed_whiteleg_mt,1.667,Mt compound feed,estimate,VN-direct,Low,QNT model (assumptions.csv),"Our estimate for horizon year 2050; scenario, not forecast."
BLO-0232,S-BASE,2050,feed_othershrimp_mt,0.3745,Mt compound feed,estimate,VN-direct,Low,QNT model (assumptions.csv),"Our estimate for horizon year 2050; scenario, not forecast."
BLO-0233,S-BASE,2050,feed_otherfish_mt,3.446,Mt compound feed,estimate,VN-direct,Low,QNT model (assumptions.csv),"Our estimate for horizon year 2050; scenario, not forecast."
BLO-0234,S-BASE,2050,feed_livestock_mt,31.648,"Mt compound feed (pigs, poultry, other livestock)",estimate,VN-direct,Low,QNT model (assumptions.csv),"Our estimate for horizon year 2050; scenario, not forecast."
BLO-0235,S-BASE,2050,feed_aquafeed_mt,9.236,Mt compound feed,estimate,VN-direct,Low,QNT model (assumptions.csv),"Our estimate for horizon year 2050; scenario, not forecast."
BLO-0236,S-BASE,2050,feed_total_mt,40.884,Mt compound feed,estimate,VN-direct,Low,QNT model (assumptions.csv),"Our estimate for horizon year 2050; scenario, not forecast."
BLO-0237,S-BASE,2050,compound_share_pig,0.97,share,estimate,VN-direct,Low,QNT model (assumptions.csv),"Our estimate for horizon year 2050; scenario, not forecast."
BLO-0238,S-BASE,2050,sbm_demand_mt,10.403,Mt soybean meal,estimate,VN-direct,Low,QNT model (assumptions.csv),"Our estimate for horizon year 2050; scenario, not forecast."
BLO-0239,S-BASE,2050,sbm_import_need_mt,10.403,"Mt soybean meal (as meal, or as beans crushed in Vietnam)",estimate,VN-direct,Low,QNT model (assumptions.csv),"Our estimate for horizon year 2050; scenario, not forecast."
BLO-0240,S-BASE,2050,sbm_import_need_bean_eq_mt,13.337,Mt soybeans equivalent,estimate,VN-direct,Low,QNT model (assumptions.csv),"Our estimate for horizon year 2050; scenario, not forecast."
BLO-0241,S-BASE,2050,fishmeal_demand_kt,252.7,kt fishmeal,estimate,VN-direct,Low,QNT model (assumptions.csv),"Our estimate for horizon year 2050; scenario, not forecast."
BLO-0242,S-BASE,2050,other_meals_sbmeq_mt,3.489,Mt soybean-meal equivalent,estimate,VN-direct,Low,QNT model (assumptions.csv),"Our estimate for horizon year 2050; scenario, not forecast."
BLO-0243,S-BASE,2050,protein_meal_demand_sbmeq_mt,14.248,Mt soybean-meal equivalent (46% CP),estimate,VN-direct,Low,QNT model (assumptions.csv),"Our estimate for horizon year 2050; scenario, not forecast."
BLO-0244,S-BASE,2050,sbm_intensity_kg_per_t_feed,254.4,kg soybean meal per t compound feed,estimate,VN-direct,Low,QNT model (assumptions.csv),"Our estimate for horizon year 2050; scenario, not forecast."
BLO-0245,S-BASE,2050,maize_compound_feed_mt,15.729,Mt maize,estimate,VN-direct,Low,QNT model (assumptions.csv),"Our estimate for horizon year 2050; scenario, not forecast."
BLO-0246,S-BASE,2050,maize_total_use_mt,17.941,Mt maize,estimate,VN-direct,Low,QNT model (assumptions.csv),"Our estimate for horizon year 2050; scenario, not forecast."
BLO-0247,S-BASE,2050,maize_production_mt,4.1,Mt maize,estimate,VN-direct,Low,QNT model (assumptions.csv),"Our estimate for horizon year 2050; scenario, not forecast."
BLO-0248,S-BASE,2050,maize_import_need_mt,13.841,Mt maize,estimate,VN-direct,Low,QNT model (assumptions.csv),"Our estimate for horizon year 2050; scenario, not forecast."
BLO-0249,S-BASE,2050,soy_land_abroad_mha,2.907,million ha (mass allocation to meal),estimate,VN-direct,Low,QNT model (assumptions.csv),"Our estimate for horizon year 2050; scenario, not forecast."
BLO-0250,S-BASE,2050,maize_land_abroad_mha,1.764,million ha,estimate,VN-direct,Low,QNT model (assumptions.csv),"Our estimate for horizon year 2050; scenario, not forecast."
BLO-0251,S-HIGH,2025,population,101.6,million,calibration (2025 base),VN-direct,Medium,QNT model (assumptions.csv),Calibrated to 2025 anchors; identical in all scenarios.
BLO-0252,S-HIGH,2025,pc_pork_demand_kg_cwe,39.907,"kg per person, carcass weight",calibration (2025 base),VN-direct,Medium,QNT model (assumptions.csv),Calibrated to 2025 anchors; identical in all scenarios.
BLO-0253,S-HIGH,2025,prod_pork_kt_lw,5389.2,kt live weight,calibration (2025 base),VN-direct,Medium,QNT model (assumptions.csv),Calibrated to 2025 anchors; identical in all scenarios.
BLO-0254,S-HIGH,2025,prod_pork_kt_cwe,3896.4,kt carcass weight,calibration (2025 base),VN-direct,Medium,QNT model (assumptions.csv),Calibrated to 2025 anchors; identical in all scenarios.
BLO-0255,S-HIGH,2025,pc_poultry_demand_kg_cwe,20.487,"kg per person, carcass weight",calibration (2025 base),VN-direct,Medium,QNT model (assumptions.csv),Calibrated to 2025 anchors; identical in all scenarios.
BLO-0256,S-HIGH,2025,prod_poultry_kt_lw,2601.9,kt live weight,calibration (2025 base),VN-direct,Medium,QNT model (assumptions.csv),Calibrated to 2025 anchors; identical in all scenarios.
BLO-0257,S-HIGH,2025,prod_poultry_kt_cwe,1821.3,kt carcass weight,calibration (2025 base),VN-direct,Medium,QNT model (assumptions.csv),Calibrated to 2025 anchors; identical in all scenarios.
BLO-0258,S-HIGH,2025,pc_ruminant_demand_kg_cwe,6.062,"kg per person, carcass weight",calibration (2025 base),VN-direct,Medium,QNT model (assumptions.csv),Calibrated to 2025 anchors; identical in all scenarios.
BLO-0259,S-HIGH,2025,prod_ruminant_kt_lw,624.3,kt live weight,calibration (2025 base),VN-direct,Medium,QNT model (assumptions.csv),Calibrated to 2025 anchors; identical in all scenarios.
BLO-0260,S-HIGH,2025,prod_ruminant_kt_cwe,321.5,kt carcass weight,calibration (2025 base),VN-direct,Medium,QNT model (assumptions.csv),Calibrated to 2025 anchors; identical in all scenarios.
BLO-0261,S-HIGH,2025,pc_meat_demand_kg_cwe,66.456,"kg per person, carcass weight",calibration (2025 base),VN-direct,Medium,QNT model (assumptions.csv),Calibrated to 2025 anchors; identical in all scenarios.
BLO-0262,S-HIGH,2025,meat_consumption_animal_kt_cwe,6752.0,kt carcass weight (after S-ALT substitution),calibration (2025 base),VN-direct,Medium,QNT model (assumptions.csv),Calibrated to 2025 anchors; identical in all scenarios.
BLO-0263,S-HIGH,2025,meat_production_kt_cwe,6039.2,kt carcass weight,calibration (2025 base),VN-direct,Medium,QNT model (assumptions.csv),Calibrated to 2025 anchors; identical in all scenarios.
BLO-0264,S-HIGH,2025,pc_eggs_number,210.6,eggs per person,calibration (2025 base),VN-direct,Medium,QNT model (assumptions.csv),Calibrated to 2025 anchors; identical in all scenarios.
BLO-0265,S-HIGH,2025,prod_eggs_bn,21.4,billion eggs,calibration (2025 base),VN-direct,Medium,QNT model (assumptions.csv),Calibrated to 2025 anchors; identical in all scenarios.
BLO-0266,S-HIGH,2025,prod_milk_kt,1300.0,kt fresh milk,calibration (2025 base),VN-direct,Medium,QNT model (assumptions.csv),Calibrated to 2025 anchors; identical in all scenarios.
BLO-0267,S-HIGH,2025,pc_milk_domestic_kg,12.795,kg domestic fresh milk per person,calibration (2025 base),VN-direct,Medium,QNT model (assumptions.csv),Calibrated to 2025 anchors; identical in all scenarios.
BLO-0268,S-HIGH,2025,prod_aq_pangasius_kt,1938.8,kt live weight,calibration (2025 base),VN-direct,Medium,QNT model (assumptions.csv),Calibrated to 2025 anchors; identical in all scenarios.
BLO-0269,S-HIGH,2025,prod_aq_whiteleg_kt,994.4,kt live weight,calibration (2025 base),VN-direct,Medium,QNT model (assumptions.csv),Calibrated to 2025 anchors; identical in all scenarios.
BLO-0270,S-HIGH,2025,prod_aq_othershrimp_kt,387.3,kt live weight,calibration (2025 base),VN-direct,Medium,QNT model (assumptions.csv),Calibrated to 2025 anchors; identical in all scenarios.
BLO-0271,S-HIGH,2025,prod_aq_otherfish_kt,2096.2,kt live weight,calibration (2025 base),VN-direct,Medium,QNT model (assumptions.csv),Calibrated to 2025 anchors; identical in all scenarios.
BLO-0272,S-HIGH,2025,prod_aq_nonfed_kt,700.1,kt live weight,calibration (2025 base),VN-direct,Medium,QNT model (assumptions.csv),Calibrated to 2025 anchors; identical in all scenarios.
BLO-0273,S-HIGH,2025,prod_aquaculture_kt,6116.8,kt live weight,calibration (2025 base),VN-direct,Medium,QNT model (assumptions.csv),Calibrated to 2025 anchors; identical in all scenarios.
BLO-0274,S-HIGH,2025,aquaculture_exports_kt_lwe,3142.8,kt live-weight equivalent,calibration (2025 base),VN-direct,Medium,QNT model (assumptions.csv),Calibrated to 2025 anchors; identical in all scenarios.
BLO-0275,S-HIGH,2025,aquaculture_export_share,0.5138,share,calibration (2025 base),VN-direct,Medium,QNT model (assumptions.csv),Calibrated to 2025 anchors; identical in all scenarios.
BLO-0276,S-HIGH,2025,pc_farmed_aquatic_domestic_kg,29.272,kg live weight per person,calibration (2025 base),VN-direct,Medium,QNT model (assumptions.csv),Calibrated to 2025 anchors; identical in all scenarios.
BLO-0277,S-HIGH,2025,feed_pig_mt,12.166,Mt compound feed,calibration (2025 base),VN-direct,Medium,QNT model (assumptions.csv),Calibrated to 2025 anchors; identical in all scenarios.
BLO-0278,S-HIGH,2025,feed_poultry_mt,8.998,Mt compound feed,calibration (2025 base),VN-direct,Medium,QNT model (assumptions.csv),Calibrated to 2025 anchors; identical in all scenarios.
BLO-0279,S-HIGH,2025,feed_other_livestock_mt,0.814,Mt compound feed,calibration (2025 base),VN-direct,Medium,QNT model (assumptions.csv),Calibrated to 2025 anchors; identical in all scenarios.
BLO-0280,S-HIGH,2025,feed_pangasius_mt,2.902,Mt compound feed,calibration (2025 base),VN-direct,Medium,QNT model (assumptions.csv),Calibrated to 2025 anchors; identical in all scenarios.
BLO-0281,S-HIGH,2025,feed_whiteleg_mt,1.29,Mt compound feed,calibration (2025 base),VN-direct,Medium,QNT model (assumptions.csv),Calibrated to 2025 anchors; identical in all scenarios.
BLO-0282,S-HIGH,2025,feed_othershrimp_mt,0.1739,Mt compound feed,calibration (2025 base),VN-direct,Medium,QNT model (assumptions.csv),Calibrated to 2025 anchors; identical in all scenarios.
BLO-0283,S-HIGH,2025,feed_otherfish_mt,2.134,Mt compound feed,calibration (2025 base),VN-direct,Medium,QNT model (assumptions.csv),Calibrated to 2025 anchors; identical in all scenarios.
BLO-0284,S-HIGH,2025,feed_livestock_mt,21.978,"Mt compound feed (pigs, poultry, other livestock)",calibration (2025 base),VN-direct,Medium,QNT model (assumptions.csv),Calibrated to 2025 anchors; identical in all scenarios.
BLO-0285,S-HIGH,2025,feed_aquafeed_mt,6.5,Mt compound feed,calibration (2025 base),VN-direct,Medium,QNT model (assumptions.csv),Calibrated to 2025 anchors; identical in all scenarios.
BLO-0286,S-HIGH,2025,feed_total_mt,28.478,Mt compound feed,calibration (2025 base),VN-direct,Medium,QNT model (assumptions.csv),Calibrated to 2025 anchors; identical in all scenarios.
BLO-0287,S-HIGH,2025,compound_share_pig,0.8062,share,calibration (2025 base),VN-direct,Medium,QNT model (assumptions.csv),Calibrated to 2025 anchors; identical in all scenarios.
BLO-0288,S-HIGH,2025,sbm_demand_mt,7.2,Mt soybean meal,calibration (2025 base),VN-direct,Medium,QNT model (assumptions.csv),Calibrated to 2025 anchors; identical in all scenarios.
BLO-0289,S-HIGH,2025,sbm_import_need_mt,7.2,"Mt soybean meal (as meal, or as beans crushed in Vietnam)",calibration (2025 base),VN-direct,Medium,QNT model (assumptions.csv),Calibrated to 2025 anchors; identical in all scenarios.
BLO-0290,S-HIGH,2025,sbm_import_need_bean_eq_mt,9.231,Mt soybeans equivalent,calibration (2025 base),VN-direct,Medium,QNT model (assumptions.csv),Calibrated to 2025 anchors; identical in all scenarios.
BLO-0291,S-HIGH,2025,fishmeal_demand_kt,261.7,kt fishmeal,calibration (2025 base),VN-direct,Medium,QNT model (assumptions.csv),Calibrated to 2025 anchors; identical in all scenarios.
BLO-0292,S-HIGH,2025,other_meals_sbmeq_mt,2.43,Mt soybean-meal equivalent,calibration (2025 base),VN-direct,Medium,QNT model (assumptions.csv),Calibrated to 2025 anchors; identical in all scenarios.
BLO-0293,S-HIGH,2025,protein_meal_demand_sbmeq_mt,10.0,Mt soybean-meal equivalent (46% CP),calibration (2025 base),VN-direct,Medium,QNT model (assumptions.csv),Calibrated to 2025 anchors; identical in all scenarios.
BLO-0294,S-HIGH,2025,sbm_intensity_kg_per_t_feed,252.8,kg soybean meal per t compound feed,calibration (2025 base),VN-direct,Medium,QNT model (assumptions.csv),Calibrated to 2025 anchors; identical in all scenarios.
BLO-0295,S-HIGH,2025,maize_compound_feed_mt,10.9,Mt maize,calibration (2025 base),VN-direct,Medium,QNT model (assumptions.csv),Calibrated to 2025 anchors; identical in all scenarios.
BLO-0296,S-HIGH,2025,maize_total_use_mt,16.01,Mt maize,calibration (2025 base),VN-direct,Medium,QNT model (assumptions.csv),Calibrated to 2025 anchors; identical in all scenarios.
BLO-0297,S-HIGH,2025,maize_production_mt,4.1,Mt maize,calibration (2025 base),VN-direct,Medium,QNT model (assumptions.csv),Calibrated to 2025 anchors; identical in all scenarios.
BLO-0298,S-HIGH,2025,maize_import_need_mt,11.91,Mt maize,calibration (2025 base),VN-direct,Medium,QNT model (assumptions.csv),Calibrated to 2025 anchors; identical in all scenarios.
BLO-0299,S-HIGH,2025,soy_land_abroad_mha,2.337,million ha (mass allocation to meal),calibration (2025 base),VN-direct,Medium,QNT model (assumptions.csv),Calibrated to 2025 anchors; identical in all scenarios.
BLO-0300,S-HIGH,2025,maize_land_abroad_mha,1.636,million ha,calibration (2025 base),VN-direct,Medium,QNT model (assumptions.csv),Calibrated to 2025 anchors; identical in all scenarios.
BLO-0301,S-HIGH,2030,population,104.2,million,estimate,VN-direct,Low,QNT model (assumptions.csv),"Our estimate for horizon year 2030; scenario, not forecast."
BLO-0302,S-HIGH,2030,pc_pork_demand_kg_cwe,45.97,"kg per person, carcass weight",estimate,VN-direct,Low,QNT model (assumptions.csv),"Our estimate for horizon year 2030; scenario, not forecast."
BLO-0303,S-HIGH,2030,prod_pork_kt_lw,6370.0,kt live weight,estimate,VN-direct,Low,QNT model (assumptions.csv),"Our estimate for horizon year 2030; scenario, not forecast."
BLO-0304,S-HIGH,2030,prod_pork_kt_cwe,4605.5,kt carcass weight,estimate,VN-direct,Low,QNT model (assumptions.csv),"Our estimate for horizon year 2030; scenario, not forecast."
BLO-0305,S-HIGH,2030,pc_poultry_demand_kg_cwe,27.11,"kg per person, carcass weight",estimate,VN-direct,Low,QNT model (assumptions.csv),"Our estimate for horizon year 2030; scenario, not forecast."
BLO-0306,S-HIGH,2030,prod_poultry_kt_lw,3532.8,kt live weight,estimate,VN-direct,Low,QNT model (assumptions.csv),"Our estimate for horizon year 2030; scenario, not forecast."
BLO-0307,S-HIGH,2030,prod_poultry_kt_cwe,2473.0,kt carcass weight,estimate,VN-direct,Low,QNT model (assumptions.csv),"Our estimate for horizon year 2030; scenario, not forecast."
BLO-0308,S-HIGH,2030,pc_ruminant_demand_kg_cwe,6.945,"kg per person, carcass weight",estimate,VN-direct,Low,QNT model (assumptions.csv),"Our estimate for horizon year 2030; scenario, not forecast."
BLO-0309,S-HIGH,2030,prod_ruminant_kt_lw,733.9,kt live weight,estimate,VN-direct,Low,QNT model (assumptions.csv),"Our estimate for horizon year 2030; scenario, not forecast."
BLO-0310,S-HIGH,2030,prod_ruminant_kt_cwe,378.0,kt carcass weight,estimate,VN-direct,Low,QNT model (assumptions.csv),"Our estimate for horizon year 2030; scenario, not forecast."
BLO-0311,S-HIGH,2030,pc_meat_demand_kg_cwe,80.026,"kg per person, carcass weight",estimate,VN-direct,Low,QNT model (assumptions.csv),"Our estimate for horizon year 2030; scenario, not forecast."
BLO-0312,S-HIGH,2030,meat_consumption_animal_kt_cwe,8342.7,kt carcass weight (after S-ALT substitution),estimate,VN-direct,Low,QNT model (assumptions.csv),"Our estimate for horizon year 2030; scenario, not forecast."
BLO-0313,S-HIGH,2030,meat_production_kt_cwe,7456.4,kt carcass weight,estimate,VN-direct,Low,QNT model (assumptions.csv),"Our estimate for horizon year 2030; scenario, not forecast."
BLO-0314,S-HIGH,2030,pc_eggs_number,249.5,eggs per person,estimate,VN-direct,Low,QNT model (assumptions.csv),"Our estimate for horizon year 2030; scenario, not forecast."
BLO-0315,S-HIGH,2030,prod_eggs_bn,26.012,billion eggs,estimate,VN-direct,Low,QNT model (assumptions.csv),"Our estimate for horizon year 2030; scenario, not forecast."
BLO-0316,S-HIGH,2030,prod_milk_kt,1696.6,kt fresh milk,estimate,VN-direct,Low,QNT model (assumptions.csv),"Our estimate for horizon year 2030; scenario, not forecast."
BLO-0317,S-HIGH,2030,pc_milk_domestic_kg,16.275,kg domestic fresh milk per person,estimate,VN-direct,Low,QNT model (assumptions.csv),"Our estimate for horizon year 2030; scenario, not forecast."
BLO-0318,S-HIGH,2030,prod_aq_pangasius_kt,2218.8,kt live weight,estimate,VN-direct,Low,QNT model (assumptions.csv),"Our estimate for horizon year 2030; scenario, not forecast."
BLO-0319,S-HIGH,2030,prod_aq_whiteleg_kt,1138.0,kt live weight,estimate,VN-direct,Low,QNT model (assumptions.csv),"Our estimate for horizon year 2030; scenario, not forecast."
BLO-0320,S-HIGH,2030,prod_aq_othershrimp_kt,443.2,kt live weight,estimate,VN-direct,Low,QNT model (assumptions.csv),"Our estimate for horizon year 2030; scenario, not forecast."
BLO-0321,S-HIGH,2030,prod_aq_otherfish_kt,2398.9,kt live weight,estimate,VN-direct,Low,QNT model (assumptions.csv),"Our estimate for horizon year 2030; scenario, not forecast."
BLO-0322,S-HIGH,2030,prod_aq_nonfed_kt,801.2,kt live weight,estimate,VN-direct,Low,QNT model (assumptions.csv),"Our estimate for horizon year 2030; scenario, not forecast."
BLO-0323,S-HIGH,2030,prod_aquaculture_kt,7000.1,kt live weight,estimate,VN-direct,Low,QNT model (assumptions.csv),"Our estimate for horizon year 2030; scenario, not forecast."
BLO-0324,S-HIGH,2030,aquaculture_exports_kt_lwe,3596.6,kt live-weight equivalent,estimate,VN-direct,Low,QNT model (assumptions.csv),"Our estimate for horizon year 2030; scenario, not forecast."
BLO-0325,S-HIGH,2030,aquaculture_export_share,0.5138,share,estimate,VN-direct,Low,QNT model (assumptions.csv),"Our estimate for horizon year 2030; scenario, not forecast."
BLO-0326,S-HIGH,2030,pc_farmed_aquatic_domestic_kg,32.648,kg live weight per person,estimate,VN-direct,Low,QNT model (assumptions.csv),"Our estimate for horizon year 2030; scenario, not forecast."
BLO-0327,S-HIGH,2030,feed_pig_mt,15.384,Mt compound feed,estimate,VN-direct,Low,QNT model (assumptions.csv),"Our estimate for horizon year 2030; scenario, not forecast."
BLO-0328,S-HIGH,2030,feed_poultry_mt,11.662,Mt compound feed,estimate,VN-direct,Low,QNT model (assumptions.csv),"Our estimate for horizon year 2030; scenario, not forecast."
BLO-0329,S-HIGH,2030,feed_other_livestock_mt,1.008,Mt compound feed,estimate,VN-direct,Low,QNT model (assumptions.csv),"Our estimate for horizon year 2030; scenario, not forecast."
BLO-0330,S-HIGH,2030,feed_pangasius_mt,3.272,Mt compound feed,estimate,VN-direct,Low,QNT model (assumptions.csv),"Our estimate for horizon year 2030; scenario, not forecast."
BLO-0331,S-HIGH,2030,feed_whiteleg_mt,1.454,Mt compound feed,estimate,VN-direct,Low,QNT model (assumptions.csv),"Our estimate for horizon year 2030; scenario, not forecast."
BLO-0332,S-HIGH,2030,feed_othershrimp_mt,0.2288,Mt compound feed,estimate,VN-direct,Low,QNT model (assumptions.csv),"Our estimate for horizon year 2030; scenario, not forecast."
BLO-0333,S-HIGH,2030,feed_otherfish_mt,2.574,Mt compound feed,estimate,VN-direct,Low,QNT model (assumptions.csv),"Our estimate for horizon year 2030; scenario, not forecast."
BLO-0334,S-HIGH,2030,feed_livestock_mt,28.054,"Mt compound feed (pigs, poultry, other livestock)",estimate,VN-direct,Low,QNT model (assumptions.csv),"Our estimate for horizon year 2030; scenario, not forecast."
BLO-0335,S-HIGH,2030,feed_aquafeed_mt,7.529,Mt compound feed,estimate,VN-direct,Low,QNT model (assumptions.csv),"Our estimate for horizon year 2030; scenario, not forecast."
BLO-0336,S-HIGH,2030,feed_total_mt,35.582,Mt compound feed,estimate,VN-direct,Low,QNT model (assumptions.csv),"Our estimate for horizon year 2030; scenario, not forecast."
BLO-0337,S-HIGH,2030,compound_share_pig,0.88,share,estimate,VN-direct,Low,QNT model (assumptions.csv),"Our estimate for horizon year 2030; scenario, not forecast."
BLO-0338,S-HIGH,2030,sbm_demand_mt,8.981,Mt soybean meal,estimate,VN-direct,Low,QNT model (assumptions.csv),"Our estimate for horizon year 2030; scenario, not forecast."
BLO-0339,S-HIGH,2030,sbm_import_need_mt,8.981,"Mt soybean meal (as meal, or as beans crushed in Vietnam)",estimate,VN-direct,Low,QNT model (assumptions.csv),"Our estimate for horizon year 2030; scenario, not forecast."
BLO-0340,S-HIGH,2030,sbm_import_need_bean_eq_mt,11.514,Mt soybeans equivalent,estimate,VN-direct,Low,QNT model (assumptions.csv),"Our estimate for horizon year 2030; scenario, not forecast."
BLO-0341,S-HIGH,2030,fishmeal_demand_kt,281.3,kt fishmeal,estimate,VN-direct,Low,QNT model (assumptions.csv),"Our estimate for horizon year 2030; scenario, not forecast."
BLO-0342,S-HIGH,2030,other_meals_sbmeq_mt,3.036,Mt soybean-meal equivalent,estimate,VN-direct,Low,QNT model (assumptions.csv),"Our estimate for horizon year 2030; scenario, not forecast."
BLO-0343,S-HIGH,2030,protein_meal_demand_sbmeq_mt,12.414,Mt soybean-meal equivalent (46% CP),estimate,VN-direct,Low,QNT model (assumptions.csv),"Our estimate for horizon year 2030; scenario, not forecast."
BLO-0344,S-HIGH,2030,sbm_intensity_kg_per_t_feed,252.4,kg soybean meal per t compound feed,estimate,VN-direct,Low,QNT model (assumptions.csv),"Our estimate for horizon year 2030; scenario, not forecast."
BLO-0345,S-HIGH,2030,maize_compound_feed_mt,13.891,Mt maize,estimate,VN-direct,Low,QNT model (assumptions.csv),"Our estimate for horizon year 2030; scenario, not forecast."
BLO-0346,S-HIGH,2030,maize_total_use_mt,18.013,Mt maize,estimate,VN-direct,Low,QNT model (assumptions.csv),"Our estimate for horizon year 2030; scenario, not forecast."
BLO-0347,S-HIGH,2030,maize_production_mt,4.1,Mt maize,estimate,VN-direct,Low,QNT model (assumptions.csv),"Our estimate for horizon year 2030; scenario, not forecast."
BLO-0348,S-HIGH,2030,maize_import_need_mt,13.913,Mt maize,estimate,VN-direct,Low,QNT model (assumptions.csv),"Our estimate for horizon year 2030; scenario, not forecast."
BLO-0349,S-HIGH,2030,soy_land_abroad_mha,2.829,million ha (mass allocation to meal),estimate,VN-direct,Low,QNT model (assumptions.csv),"Our estimate for horizon year 2030; scenario, not forecast."
BLO-0350,S-HIGH,2030,maize_land_abroad_mha,1.883,million ha,estimate,VN-direct,Low,QNT model (assumptions.csv),"Our estimate for horizon year 2030; scenario, not forecast."
BLO-0351,S-HIGH,2035,population,106.5,million,estimate,VN-direct,Low,QNT model (assumptions.csv),"Our estimate for horizon year 2035; scenario, not forecast."
BLO-0352,S-HIGH,2035,pc_pork_demand_kg_cwe,47.47,"kg per person, carcass weight",estimate,VN-direct,Low,QNT model (assumptions.csv),"Our estimate for horizon year 2035; scenario, not forecast."
BLO-0353,S-HIGH,2035,prod_pork_kt_lw,6721.7,kt live weight,estimate,VN-direct,Low,QNT model (assumptions.csv),"Our estimate for horizon year 2035; scenario, not forecast."
BLO-0354,S-HIGH,2035,prod_pork_kt_cwe,4859.8,kt carcass weight,estimate,VN-direct,Low,QNT model (assumptions.csv),"Our estimate for horizon year 2035; scenario, not forecast."
BLO-0355,S-HIGH,2035,pc_poultry_demand_kg_cwe,33.56,"kg per person, carcass weight",estimate,VN-direct,Low,QNT model (assumptions.csv),"Our estimate for horizon year 2035; scenario, not forecast."
BLO-0356,S-HIGH,2035,prod_poultry_kt_lw,4468.9,kt live weight,estimate,VN-direct,Low,QNT model (assumptions.csv),"Our estimate for horizon year 2035; scenario, not forecast."
BLO-0357,S-HIGH,2035,prod_poultry_kt_cwe,3128.3,kt carcass weight,estimate,VN-direct,Low,QNT model (assumptions.csv),"Our estimate for horizon year 2035; scenario, not forecast."
BLO-0358,S-HIGH,2035,pc_ruminant_demand_kg_cwe,7.549,"kg per person, carcass weight",estimate,VN-direct,Low,QNT model (assumptions.csv),"Our estimate for horizon year 2035; scenario, not forecast."
BLO-0359,S-HIGH,2035,prod_ruminant_kt_lw,815.1,kt live weight,estimate,VN-direct,Low,QNT model (assumptions.csv),"Our estimate for horizon year 2035; scenario, not forecast."
BLO-0360,S-HIGH,2035,prod_ruminant_kt_cwe,419.8,kt carcass weight,estimate,VN-direct,Low,QNT model (assumptions.csv),"Our estimate for horizon year 2035; scenario, not forecast."
BLO-0361,S-HIGH,2035,pc_meat_demand_kg_cwe,88.579,"kg per person, carcass weight",estimate,VN-direct,Low,QNT model (assumptions.csv),"Our estimate for horizon year 2035; scenario, not forecast."
BLO-0362,S-HIGH,2035,meat_consumption_animal_kt_cwe,9436.3,kt carcass weight (after S-ALT substitution),estimate,VN-direct,Low,QNT model (assumptions.csv),"Our estimate for horizon year 2035; scenario, not forecast."
BLO-0363,S-HIGH,2035,meat_production_kt_cwe,8407.8,kt carcass weight,estimate,VN-direct,Low,QNT model (assumptions.csv),"Our estimate for horizon year 2035; scenario, not forecast."
BLO-0364,S-HIGH,2035,pc_eggs_number,267.6,eggs per person,estimate,VN-direct,Low,QNT model (assumptions.csv),"Our estimate for horizon year 2035; scenario, not forecast."
BLO-0365,S-HIGH,2035,prod_eggs_bn,28.503,billion eggs,estimate,VN-direct,Low,QNT model (assumptions.csv),"Our estimate for horizon year 2035; scenario, not forecast."
BLO-0366,S-HIGH,2035,prod_milk_kt,2105.9,kt fresh milk,estimate,VN-direct,Low,QNT model (assumptions.csv),"Our estimate for horizon year 2035; scenario, not forecast."
BLO-0367,S-HIGH,2035,pc_milk_domestic_kg,19.768,kg domestic fresh milk per person,estimate,VN-direct,Low,QNT model (assumptions.csv),"Our estimate for horizon year 2035; scenario, not forecast."
BLO-0368,S-HIGH,2035,prod_aq_pangasius_kt,2390.2,kt live weight,estimate,VN-direct,Low,QNT model (assumptions.csv),"Our estimate for horizon year 2035; scenario, not forecast."
BLO-0369,S-HIGH,2035,prod_aq_whiteleg_kt,1225.9,kt live weight,estimate,VN-direct,Low,QNT model (assumptions.csv),"Our estimate for horizon year 2035; scenario, not forecast."
BLO-0370,S-HIGH,2035,prod_aq_othershrimp_kt,477.5,kt live weight,estimate,VN-direct,Low,QNT model (assumptions.csv),"Our estimate for horizon year 2035; scenario, not forecast."
BLO-0371,S-HIGH,2035,prod_aq_otherfish_kt,2584.2,kt live weight,estimate,VN-direct,Low,QNT model (assumptions.csv),"Our estimate for horizon year 2035; scenario, not forecast."
BLO-0372,S-HIGH,2035,prod_aq_nonfed_kt,863.1,kt live weight,estimate,VN-direct,Low,QNT model (assumptions.csv),"Our estimate for horizon year 2035; scenario, not forecast."
BLO-0373,S-HIGH,2035,prod_aquaculture_kt,7540.8,kt live weight,estimate,VN-direct,Low,QNT model (assumptions.csv),"Our estimate for horizon year 2035; scenario, not forecast."
BLO-0374,S-HIGH,2035,aquaculture_exports_kt_lwe,3874.4,kt live-weight equivalent,estimate,VN-direct,Low,QNT model (assumptions.csv),"Our estimate for horizon year 2035; scenario, not forecast."
BLO-0375,S-HIGH,2035,aquaculture_export_share,0.5138,share,estimate,VN-direct,Low,QNT model (assumptions.csv),"Our estimate for horizon year 2035; scenario, not forecast."
BLO-0376,S-HIGH,2035,pc_farmed_aquatic_domestic_kg,34.417,kg live weight per person,estimate,VN-direct,Low,QNT model (assumptions.csv),"Our estimate for horizon year 2035; scenario, not forecast."
BLO-0377,S-HIGH,2035,feed_pig_mt,16.454,Mt compound feed,estimate,VN-direct,Low,QNT model (assumptions.csv),"Our estimate for horizon year 2035; scenario, not forecast."
BLO-0378,S-HIGH,2035,feed_poultry_mt,13.989,Mt compound feed,estimate,VN-direct,Low,QNT model (assumptions.csv),"Our estimate for horizon year 2035; scenario, not forecast."
BLO-0379,S-HIGH,2035,feed_other_livestock_mt,1.187,Mt compound feed,estimate,VN-direct,Low,QNT model (assumptions.csv),"Our estimate for horizon year 2035; scenario, not forecast."
BLO-0380,S-HIGH,2035,feed_pangasius_mt,3.472,Mt compound feed,estimate,VN-direct,Low,QNT model (assumptions.csv),"Our estimate for horizon year 2035; scenario, not forecast."
BLO-0381,S-HIGH,2035,feed_whiteleg_mt,1.543,Mt compound feed,estimate,VN-direct,Low,QNT model (assumptions.csv),"Our estimate for horizon year 2035; scenario, not forecast."
BLO-0382,S-HIGH,2035,feed_othershrimp_mt,0.2774,Mt compound feed,estimate,VN-direct,Low,QNT model (assumptions.csv),"Our estimate for horizon year 2035; scenario, not forecast."
BLO-0383,S-HIGH,2035,feed_otherfish_mt,2.859,Mt compound feed,estimate,VN-direct,Low,QNT model (assumptions.csv),"Our estimate for horizon year 2035; scenario, not forecast."
BLO-0384,S-HIGH,2035,feed_livestock_mt,31.63,"Mt compound feed (pigs, poultry, other livestock)",estimate,VN-direct,Low,QNT model (assumptions.csv),"Our estimate for horizon year 2035; scenario, not forecast."
BLO-0385,S-HIGH,2035,feed_aquafeed_mt,8.152,Mt compound feed,estimate,VN-direct,Low,QNT model (assumptions.csv),"Our estimate for horizon year 2035; scenario, not forecast."
BLO-0386,S-HIGH,2035,feed_total_mt,39.782,Mt compound feed,estimate,VN-direct,Low,QNT model (assumptions.csv),"Our estimate for horizon year 2035; scenario, not forecast."
BLO-0387,S-HIGH,2035,compound_share_pig,0.91,share,estimate,VN-direct,Low,QNT model (assumptions.csv),"Our estimate for horizon year 2035; scenario, not forecast."
BLO-0388,S-HIGH,2035,sbm_demand_mt,10.11,Mt soybean meal,estimate,VN-direct,Low,QNT model (assumptions.csv),"Our estimate for horizon year 2035; scenario, not forecast."
BLO-0389,S-HIGH,2035,sbm_import_need_mt,10.11,"Mt soybean meal (as meal, or as beans crushed in Vietnam)",estimate,VN-direct,Low,QNT model (assumptions.csv),"Our estimate for horizon year 2035; scenario, not forecast."
BLO-0390,S-HIGH,2035,sbm_import_need_bean_eq_mt,12.961,Mt soybeans equivalent,estimate,VN-direct,Low,QNT model (assumptions.csv),"Our estimate for horizon year 2035; scenario, not forecast."
BLO-0391,S-HIGH,2035,fishmeal_demand_kt,282.7,kt fishmeal,estimate,VN-direct,Low,QNT model (assumptions.csv),"Our estimate for horizon year 2035; scenario, not forecast."
BLO-0392,S-HIGH,2035,other_meals_sbmeq_mt,3.395,Mt soybean-meal equivalent,estimate,VN-direct,Low,QNT model (assumptions.csv),"Our estimate for horizon year 2035; scenario, not forecast."
BLO-0393,S-HIGH,2035,protein_meal_demand_sbmeq_mt,13.904,Mt soybean-meal equivalent (46% CP),estimate,VN-direct,Low,QNT model (assumptions.csv),"Our estimate for horizon year 2035; scenario, not forecast."
BLO-0394,S-HIGH,2035,sbm_intensity_kg_per_t_feed,254.1,kg soybean meal per t compound feed,estimate,VN-direct,Low,QNT model (assumptions.csv),"Our estimate for horizon year 2035; scenario, not forecast."
BLO-0395,S-HIGH,2035,maize_compound_feed_mt,15.698,Mt maize,estimate,VN-direct,Low,QNT model (assumptions.csv),"Our estimate for horizon year 2035; scenario, not forecast."
BLO-0396,S-HIGH,2035,maize_total_use_mt,19.256,Mt maize,estimate,VN-direct,Low,QNT model (assumptions.csv),"Our estimate for horizon year 2035; scenario, not forecast."
BLO-0397,S-HIGH,2035,maize_production_mt,4.1,Mt maize,estimate,VN-direct,Low,QNT model (assumptions.csv),"Our estimate for horizon year 2035; scenario, not forecast."
BLO-0398,S-HIGH,2035,maize_import_need_mt,15.156,Mt maize,estimate,VN-direct,Low,QNT model (assumptions.csv),"Our estimate for horizon year 2035; scenario, not forecast."
BLO-0399,S-HIGH,2035,soy_land_abroad_mha,3.091,million ha (mass allocation to meal),estimate,VN-direct,Low,QNT model (assumptions.csv),"Our estimate for horizon year 2035; scenario, not forecast."
BLO-0400,S-HIGH,2035,maize_land_abroad_mha,2.02,million ha,estimate,VN-direct,Low,QNT model (assumptions.csv),"Our estimate for horizon year 2035; scenario, not forecast."
BLO-0401,S-HIGH,2040,population,108.4,million,estimate,VN-direct,Low,QNT model (assumptions.csv),"Our estimate for horizon year 2040; scenario, not forecast."
BLO-0402,S-HIGH,2040,pc_pork_demand_kg_cwe,49.324,"kg per person, carcass weight",estimate,VN-direct,Low,QNT model (assumptions.csv),"Our estimate for horizon year 2040; scenario, not forecast."
BLO-0403,S-HIGH,2040,prod_pork_kt_lw,7109.4,kt live weight,estimate,VN-direct,Low,QNT model (assumptions.csv),"Our estimate for horizon year 2040; scenario, not forecast."
BLO-0404,S-HIGH,2040,prod_pork_kt_cwe,5140.1,kt carcass weight,estimate,VN-direct,Low,QNT model (assumptions.csv),"Our estimate for horizon year 2040; scenario, not forecast."
BLO-0405,S-HIGH,2040,pc_poultry_demand_kg_cwe,36.287,"kg per person, carcass weight",estimate,VN-direct,Low,QNT model (assumptions.csv),"Our estimate for horizon year 2040; scenario, not forecast."
BLO-0406,S-HIGH,2040,prod_poultry_kt_lw,4918.7,kt live weight,estimate,VN-direct,Low,QNT model (assumptions.csv),"Our estimate for horizon year 2040; scenario, not forecast."
BLO-0407,S-HIGH,2040,prod_poultry_kt_cwe,3443.1,kt carcass weight,estimate,VN-direct,Low,QNT model (assumptions.csv),"Our estimate for horizon year 2040; scenario, not forecast."
BLO-0408,S-HIGH,2040,pc_ruminant_demand_kg_cwe,8.162,"kg per person, carcass weight",estimate,VN-direct,Low,QNT model (assumptions.csv),"Our estimate for horizon year 2040; scenario, not forecast."
BLO-0409,S-HIGH,2040,prod_ruminant_kt_lw,897.2,kt live weight,estimate,VN-direct,Low,QNT model (assumptions.csv),"Our estimate for horizon year 2040; scenario, not forecast."
BLO-0410,S-HIGH,2040,prod_ruminant_kt_cwe,462.0,kt carcass weight,estimate,VN-direct,Low,QNT model (assumptions.csv),"Our estimate for horizon year 2040; scenario, not forecast."
BLO-0411,S-HIGH,2040,pc_meat_demand_kg_cwe,93.773,"kg per person, carcass weight",estimate,VN-direct,Low,QNT model (assumptions.csv),"Our estimate for horizon year 2040; scenario, not forecast."
BLO-0412,S-HIGH,2040,meat_consumption_animal_kt_cwe,10168.8,kt carcass weight (after S-ALT substitution),estimate,VN-direct,Low,QNT model (assumptions.csv),"Our estimate for horizon year 2040; scenario, not forecast."
BLO-0413,S-HIGH,2040,meat_production_kt_cwe,9045.2,kt carcass weight,estimate,VN-direct,Low,QNT model (assumptions.csv),"Our estimate for horizon year 2040; scenario, not forecast."
BLO-0414,S-HIGH,2040,pc_eggs_number,289.3,eggs per person,estimate,VN-direct,Low,QNT model (assumptions.csv),"Our estimate for horizon year 2040; scenario, not forecast."
BLO-0415,S-HIGH,2040,prod_eggs_bn,31.373,billion eggs,estimate,VN-direct,Low,QNT model (assumptions.csv),"Our estimate for horizon year 2040; scenario, not forecast."
BLO-0416,S-HIGH,2040,prod_milk_kt,2511.6,kt fresh milk,estimate,VN-direct,Low,QNT model (assumptions.csv),"Our estimate for horizon year 2040; scenario, not forecast."
BLO-0417,S-HIGH,2040,pc_milk_domestic_kg,23.161,kg domestic fresh milk per person,estimate,VN-direct,Low,QNT model (assumptions.csv),"Our estimate for horizon year 2040; scenario, not forecast."
BLO-0418,S-HIGH,2040,prod_aq_pangasius_kt,2574.9,kt live weight,estimate,VN-direct,Low,QNT model (assumptions.csv),"Our estimate for horizon year 2040; scenario, not forecast."
BLO-0419,S-HIGH,2040,prod_aq_whiteleg_kt,1320.7,kt live weight,estimate,VN-direct,Low,QNT model (assumptions.csv),"Our estimate for horizon year 2040; scenario, not forecast."
BLO-0420,S-HIGH,2040,prod_aq_othershrimp_kt,514.4,kt live weight,estimate,VN-direct,Low,QNT model (assumptions.csv),"Our estimate for horizon year 2040; scenario, not forecast."
BLO-0421,S-HIGH,2040,prod_aq_otherfish_kt,2784.0,kt live weight,estimate,VN-direct,Low,QNT model (assumptions.csv),"Our estimate for horizon year 2040; scenario, not forecast."
BLO-0422,S-HIGH,2040,prod_aq_nonfed_kt,929.8,kt live weight,estimate,VN-direct,Low,QNT model (assumptions.csv),"Our estimate for horizon year 2040; scenario, not forecast."
BLO-0423,S-HIGH,2040,prod_aquaculture_kt,8123.7,kt live weight,estimate,VN-direct,Low,QNT model (assumptions.csv),"Our estimate for horizon year 2040; scenario, not forecast."
BLO-0424,S-HIGH,2040,aquaculture_exports_kt_lwe,4173.9,kt live-weight equivalent,estimate,VN-direct,Low,QNT model (assumptions.csv),"Our estimate for horizon year 2040; scenario, not forecast."
BLO-0425,S-HIGH,2040,aquaculture_export_share,0.5138,share,estimate,VN-direct,Low,QNT model (assumptions.csv),"Our estimate for horizon year 2040; scenario, not forecast."
BLO-0426,S-HIGH,2040,pc_farmed_aquatic_domestic_kg,36.424,kg live weight per person,estimate,VN-direct,Low,QNT model (assumptions.csv),"Our estimate for horizon year 2040; scenario, not forecast."
BLO-0427,S-HIGH,2040,feed_pig_mt,17.62,Mt compound feed,estimate,VN-direct,Low,QNT model (assumptions.csv),"Our estimate for horizon year 2040; scenario, not forecast."
BLO-0428,S-HIGH,2040,feed_poultry_mt,15.169,Mt compound feed,estimate,VN-direct,Low,QNT model (assumptions.csv),"Our estimate for horizon year 2040; scenario, not forecast."
BLO-0429,S-HIGH,2040,feed_other_livestock_mt,1.358,Mt compound feed,estimate,VN-direct,Low,QNT model (assumptions.csv),"Our estimate for horizon year 2040; scenario, not forecast."
BLO-0430,S-HIGH,2040,feed_pangasius_mt,3.685,Mt compound feed,estimate,VN-direct,Low,QNT model (assumptions.csv),"Our estimate for horizon year 2040; scenario, not forecast."
BLO-0431,S-HIGH,2040,feed_whiteleg_mt,1.638,Mt compound feed,estimate,VN-direct,Low,QNT model (assumptions.csv),"Our estimate for horizon year 2040; scenario, not forecast."
BLO-0432,S-HIGH,2040,feed_othershrimp_mt,0.3312,Mt compound feed,estimate,VN-direct,Low,QNT model (assumptions.csv),"Our estimate for horizon year 2040; scenario, not forecast."
BLO-0433,S-HIGH,2040,feed_otherfish_mt,3.197,Mt compound feed,estimate,VN-direct,Low,QNT model (assumptions.csv),"Our estimate for horizon year 2040; scenario, not forecast."
BLO-0434,S-HIGH,2040,feed_livestock_mt,34.147,"Mt compound feed (pigs, poultry, other livestock)",estimate,VN-direct,Low,QNT model (assumptions.csv),"Our estimate for horizon year 2040; scenario, not forecast."
BLO-0435,S-HIGH,2040,feed_aquafeed_mt,8.85,Mt compound feed,estimate,VN-direct,Low,QNT model (assumptions.csv),"Our estimate for horizon year 2040; scenario, not forecast."
BLO-0436,S-HIGH,2040,feed_total_mt,42.998,Mt compound feed,estimate,VN-direct,Low,QNT model (assumptions.csv),"Our estimate for horizon year 2040; scenario, not forecast."
BLO-0437,S-HIGH,2040,compound_share_pig,0.94,share,estimate,VN-direct,Low,QNT model (assumptions.csv),"Our estimate for horizon year 2040; scenario, not forecast."
BLO-0438,S-HIGH,2040,sbm_demand_mt,10.924,Mt soybean meal,estimate,VN-direct,Low,QNT model (assumptions.csv),"Our estimate for horizon year 2040; scenario, not forecast."
BLO-0439,S-HIGH,2040,sbm_import_need_mt,10.924,"Mt soybean meal (as meal, or as beans crushed in Vietnam)",estimate,VN-direct,Low,QNT model (assumptions.csv),"Our estimate for horizon year 2040; scenario, not forecast."
BLO-0440,S-HIGH,2040,sbm_import_need_bean_eq_mt,14.005,Mt soybeans equivalent,estimate,VN-direct,Low,QNT model (assumptions.csv),"Our estimate for horizon year 2040; scenario, not forecast."
BLO-0441,S-HIGH,2040,fishmeal_demand_kt,283.9,kt fishmeal,estimate,VN-direct,Low,QNT model (assumptions.csv),"Our estimate for horizon year 2040; scenario, not forecast."
BLO-0442,S-HIGH,2040,other_meals_sbmeq_mt,3.669,Mt soybean-meal equivalent,estimate,VN-direct,Low,QNT model (assumptions.csv),"Our estimate for horizon year 2040; scenario, not forecast."
BLO-0443,S-HIGH,2040,protein_meal_demand_sbmeq_mt,14.994,Mt soybean-meal equivalent (46% CP),estimate,VN-direct,Low,QNT model (assumptions.csv),"Our estimate for horizon year 2040; scenario, not forecast."
BLO-0444,S-HIGH,2040,sbm_intensity_kg_per_t_feed,254.1,kg soybean meal per t compound feed,estimate,VN-direct,Low,QNT model (assumptions.csv),"Our estimate for horizon year 2040; scenario, not forecast."
BLO-0445,S-HIGH,2040,maize_compound_feed_mt,16.942,Mt maize,estimate,VN-direct,Low,QNT model (assumptions.csv),"Our estimate for horizon year 2040; scenario, not forecast."
BLO-0446,S-HIGH,2040,maize_total_use_mt,19.899,Mt maize,estimate,VN-direct,Low,QNT model (assumptions.csv),"Our estimate for horizon year 2040; scenario, not forecast."
BLO-0447,S-HIGH,2040,maize_production_mt,4.1,Mt maize,estimate,VN-direct,Low,QNT model (assumptions.csv),"Our estimate for horizon year 2040; scenario, not forecast."
BLO-0448,S-HIGH,2040,maize_import_need_mt,15.799,Mt maize,estimate,VN-direct,Low,QNT model (assumptions.csv),"Our estimate for horizon year 2040; scenario, not forecast."
BLO-0449,S-HIGH,2040,soy_land_abroad_mha,3.241,million ha (mass allocation to meal),estimate,VN-direct,Low,QNT model (assumptions.csv),"Our estimate for horizon year 2040; scenario, not forecast."
BLO-0450,S-HIGH,2040,maize_land_abroad_mha,2.075,million ha,estimate,VN-direct,Low,QNT model (assumptions.csv),"Our estimate for horizon year 2040; scenario, not forecast."
BLO-0451,S-HIGH,2050,population,110.0,million,estimate,VN-direct,Low,QNT model (assumptions.csv),"Our estimate for horizon year 2050; scenario, not forecast."
BLO-0452,S-HIGH,2050,pc_pork_demand_kg_cwe,52.133,"kg per person, carcass weight",estimate,VN-direct,Low,QNT model (assumptions.csv),"Our estimate for horizon year 2050; scenario, not forecast."
BLO-0453,S-HIGH,2050,prod_pork_kt_lw,7623.0,kt live weight,estimate,VN-direct,Low,QNT model (assumptions.csv),"Our estimate for horizon year 2050; scenario, not forecast."
BLO-0454,S-HIGH,2050,prod_pork_kt_cwe,5511.4,kt carcass weight,estimate,VN-direct,Low,QNT model (assumptions.csv),"Our estimate for horizon year 2050; scenario, not forecast."
BLO-0455,S-HIGH,2050,pc_poultry_demand_kg_cwe,39.519,"kg per person, carcass weight",estimate,VN-direct,Low,QNT model (assumptions.csv),"Our estimate for horizon year 2050; scenario, not forecast."
BLO-0456,S-HIGH,2050,prod_poultry_kt_lw,5434.4,kt live weight,estimate,VN-direct,Low,QNT model (assumptions.csv),"Our estimate for horizon year 2050; scenario, not forecast."
BLO-0457,S-HIGH,2050,prod_poultry_kt_cwe,3804.1,kt carcass weight,estimate,VN-direct,Low,QNT model (assumptions.csv),"Our estimate for horizon year 2050; scenario, not forecast."
BLO-0458,S-HIGH,2050,pc_ruminant_demand_kg_cwe,9.341,"kg per person, carcass weight",estimate,VN-direct,Low,QNT model (assumptions.csv),"Our estimate for horizon year 2050; scenario, not forecast."
BLO-0459,S-HIGH,2050,prod_ruminant_kt_lw,1041.6,kt live weight,estimate,VN-direct,Low,QNT model (assumptions.csv),"Our estimate for horizon year 2050; scenario, not forecast."
BLO-0460,S-HIGH,2050,prod_ruminant_kt_cwe,536.4,kt carcass weight,estimate,VN-direct,Low,QNT model (assumptions.csv),"Our estimate for horizon year 2050; scenario, not forecast."
BLO-0461,S-HIGH,2050,pc_meat_demand_kg_cwe,101.0,"kg per person, carcass weight",estimate,VN-direct,Low,QNT model (assumptions.csv),"Our estimate for horizon year 2050; scenario, not forecast."
BLO-0462,S-HIGH,2050,meat_consumption_animal_kt_cwe,11110.2,kt carcass weight (after S-ALT substitution),estimate,VN-direct,Low,QNT model (assumptions.csv),"Our estimate for horizon year 2050; scenario, not forecast."
BLO-0463,S-HIGH,2050,meat_production_kt_cwe,9851.9,kt carcass weight,estimate,VN-direct,Low,QNT model (assumptions.csv),"Our estimate for horizon year 2050; scenario, not forecast."
BLO-0464,S-HIGH,2050,pc_eggs_number,317.0,eggs per person,estimate,VN-direct,Low,QNT model (assumptions.csv),"Our estimate for horizon year 2050; scenario, not forecast."
BLO-0465,S-HIGH,2050,prod_eggs_bn,34.871,billion eggs,estimate,VN-direct,Low,QNT model (assumptions.csv),"Our estimate for horizon year 2050; scenario, not forecast."
BLO-0466,S-HIGH,2050,prod_milk_kt,3172.0,kt fresh milk,estimate,VN-direct,Low,QNT model (assumptions.csv),"Our estimate for horizon year 2050; scenario, not forecast."
BLO-0467,S-HIGH,2050,pc_milk_domestic_kg,28.834,kg domestic fresh milk per person,estimate,VN-direct,Low,QNT model (assumptions.csv),"Our estimate for horizon year 2050; scenario, not forecast."
BLO-0468,S-HIGH,2050,prod_aq_pangasius_kt,2844.4,kt live weight,estimate,VN-direct,Low,QNT model (assumptions.csv),"Our estimate for horizon year 2050; scenario, not forecast."
BLO-0469,S-HIGH,2050,prod_aq_whiteleg_kt,1458.9,kt live weight,estimate,VN-direct,Low,QNT model (assumptions.csv),"Our estimate for horizon year 2050; scenario, not forecast."
BLO-0470,S-HIGH,2050,prod_aq_othershrimp_kt,568.2,kt live weight,estimate,VN-direct,Low,QNT model (assumptions.csv),"Our estimate for horizon year 2050; scenario, not forecast."
BLO-0471,S-HIGH,2050,prod_aq_otherfish_kt,3075.3,kt live weight,estimate,VN-direct,Low,QNT model (assumptions.csv),"Our estimate for horizon year 2050; scenario, not forecast."
BLO-0472,S-HIGH,2050,prod_aq_nonfed_kt,1027.1,kt live weight,estimate,VN-direct,Low,QNT model (assumptions.csv),"Our estimate for horizon year 2050; scenario, not forecast."
BLO-0473,S-HIGH,2050,prod_aquaculture_kt,8974.0,kt live weight,estimate,VN-direct,Low,QNT model (assumptions.csv),"Our estimate for horizon year 2050; scenario, not forecast."
BLO-0474,S-HIGH,2050,aquaculture_exports_kt_lwe,4610.7,kt live-weight equivalent,estimate,VN-direct,Low,QNT model (assumptions.csv),"Our estimate for horizon year 2050; scenario, not forecast."
BLO-0475,S-HIGH,2050,aquaculture_export_share,0.5138,share,estimate,VN-direct,Low,QNT model (assumptions.csv),"Our estimate for horizon year 2050; scenario, not forecast."
BLO-0476,S-HIGH,2050,pc_farmed_aquatic_domestic_kg,39.662,kg live weight per person,estimate,VN-direct,Low,QNT model (assumptions.csv),"Our estimate for horizon year 2050; scenario, not forecast."
BLO-0477,S-HIGH,2050,feed_pig_mt,18.73,Mt compound feed,estimate,VN-direct,Low,QNT model (assumptions.csv),"Our estimate for horizon year 2050; scenario, not forecast."
BLO-0478,S-HIGH,2050,feed_poultry_mt,16.126,Mt compound feed,estimate,VN-direct,Low,QNT model (assumptions.csv),"Our estimate for horizon year 2050; scenario, not forecast."
BLO-0479,S-HIGH,2050,feed_other_livestock_mt,1.612,Mt compound feed,estimate,VN-direct,Low,QNT model (assumptions.csv),"Our estimate for horizon year 2050; scenario, not forecast."
BLO-0480,S-HIGH,2050,feed_pangasius_mt,3.95,Mt compound feed,estimate,VN-direct,Low,QNT model (assumptions.csv),"Our estimate for horizon year 2050; scenario, not forecast."
BLO-0481,S-HIGH,2050,feed_whiteleg_mt,1.756,Mt compound feed,estimate,VN-direct,Low,QNT model (assumptions.csv),"Our estimate for horizon year 2050; scenario, not forecast."
BLO-0482,S-HIGH,2050,feed_othershrimp_mt,0.3945,Mt compound feed,estimate,VN-direct,Low,QNT model (assumptions.csv),"Our estimate for horizon year 2050; scenario, not forecast."
BLO-0483,S-HIGH,2050,feed_otherfish_mt,3.63,Mt compound feed,estimate,VN-direct,Low,QNT model (assumptions.csv),"Our estimate for horizon year 2050; scenario, not forecast."
BLO-0484,S-HIGH,2050,feed_livestock_mt,36.468,"Mt compound feed (pigs, poultry, other livestock)",estimate,VN-direct,Low,QNT model (assumptions.csv),"Our estimate for horizon year 2050; scenario, not forecast."
BLO-0485,S-HIGH,2050,feed_aquafeed_mt,9.73,Mt compound feed,estimate,VN-direct,Low,QNT model (assumptions.csv),"Our estimate for horizon year 2050; scenario, not forecast."
BLO-0486,S-HIGH,2050,feed_total_mt,46.198,Mt compound feed,estimate,VN-direct,Low,QNT model (assumptions.csv),"Our estimate for horizon year 2050; scenario, not forecast."
BLO-0487,S-HIGH,2050,compound_share_pig,0.97,share,estimate,VN-direct,Low,QNT model (assumptions.csv),"Our estimate for horizon year 2050; scenario, not forecast."
BLO-0488,S-HIGH,2050,sbm_demand_mt,11.717,Mt soybean meal,estimate,VN-direct,Low,QNT model (assumptions.csv),"Our estimate for horizon year 2050; scenario, not forecast."
BLO-0489,S-HIGH,2050,sbm_import_need_mt,11.717,"Mt soybean meal (as meal, or as beans crushed in Vietnam)",estimate,VN-direct,Low,QNT model (assumptions.csv),"Our estimate for horizon year 2050; scenario, not forecast."
BLO-0490,S-HIGH,2050,sbm_import_need_bean_eq_mt,15.022,Mt soybeans equivalent,estimate,VN-direct,Low,QNT model (assumptions.csv),"Our estimate for horizon year 2050; scenario, not forecast."
BLO-0491,S-HIGH,2050,fishmeal_demand_kt,267.2,kt fishmeal,estimate,VN-direct,Low,QNT model (assumptions.csv),"Our estimate for horizon year 2050; scenario, not forecast."
BLO-0492,S-HIGH,2050,other_meals_sbmeq_mt,3.942,Mt soybean-meal equivalent,estimate,VN-direct,Low,QNT model (assumptions.csv),"Our estimate for horizon year 2050; scenario, not forecast."
BLO-0493,S-HIGH,2050,protein_meal_demand_sbmeq_mt,16.037,Mt soybean-meal equivalent (46% CP),estimate,VN-direct,Low,QNT model (assumptions.csv),"Our estimate for horizon year 2050; scenario, not forecast."
BLO-0494,S-HIGH,2050,sbm_intensity_kg_per_t_feed,253.6,kg soybean meal per t compound feed,estimate,VN-direct,Low,QNT model (assumptions.csv),"Our estimate for horizon year 2050; scenario, not forecast."
BLO-0495,S-HIGH,2050,maize_compound_feed_mt,18.078,Mt maize,estimate,VN-direct,Low,QNT model (assumptions.csv),"Our estimate for horizon year 2050; scenario, not forecast."
BLO-0496,S-HIGH,2050,maize_total_use_mt,20.381,Mt maize,estimate,VN-direct,Low,QNT model (assumptions.csv),"Our estimate for horizon year 2050; scenario, not forecast."
BLO-0497,S-HIGH,2050,maize_production_mt,4.1,Mt maize,estimate,VN-direct,Low,QNT model (assumptions.csv),"Our estimate for horizon year 2050; scenario, not forecast."
BLO-0498,S-HIGH,2050,maize_import_need_mt,16.281,Mt maize,estimate,VN-direct,Low,QNT model (assumptions.csv),"Our estimate for horizon year 2050; scenario, not forecast."
BLO-0499,S-HIGH,2050,soy_land_abroad_mha,3.275,million ha (mass allocation to meal),estimate,VN-direct,Low,QNT model (assumptions.csv),"Our estimate for horizon year 2050; scenario, not forecast."
BLO-0500,S-HIGH,2050,maize_land_abroad_mha,2.075,million ha,estimate,VN-direct,Low,QNT model (assumptions.csv),"Our estimate for horizon year 2050; scenario, not forecast."
BLO-0501,S-EFF,2025,population,101.6,million,calibration (2025 base),VN-direct,Medium,QNT model (assumptions.csv),Calibrated to 2025 anchors; identical in all scenarios.
BLO-0502,S-EFF,2025,pc_pork_demand_kg_cwe,39.907,"kg per person, carcass weight",calibration (2025 base),VN-direct,Medium,QNT model (assumptions.csv),Calibrated to 2025 anchors; identical in all scenarios.
BLO-0503,S-EFF,2025,prod_pork_kt_lw,5389.2,kt live weight,calibration (2025 base),VN-direct,Medium,QNT model (assumptions.csv),Calibrated to 2025 anchors; identical in all scenarios.
BLO-0504,S-EFF,2025,prod_pork_kt_cwe,3896.4,kt carcass weight,calibration (2025 base),VN-direct,Medium,QNT model (assumptions.csv),Calibrated to 2025 anchors; identical in all scenarios.
BLO-0505,S-EFF,2025,pc_poultry_demand_kg_cwe,20.487,"kg per person, carcass weight",calibration (2025 base),VN-direct,Medium,QNT model (assumptions.csv),Calibrated to 2025 anchors; identical in all scenarios.
BLO-0506,S-EFF,2025,prod_poultry_kt_lw,2601.9,kt live weight,calibration (2025 base),VN-direct,Medium,QNT model (assumptions.csv),Calibrated to 2025 anchors; identical in all scenarios.
BLO-0507,S-EFF,2025,prod_poultry_kt_cwe,1821.3,kt carcass weight,calibration (2025 base),VN-direct,Medium,QNT model (assumptions.csv),Calibrated to 2025 anchors; identical in all scenarios.
BLO-0508,S-EFF,2025,pc_ruminant_demand_kg_cwe,6.062,"kg per person, carcass weight",calibration (2025 base),VN-direct,Medium,QNT model (assumptions.csv),Calibrated to 2025 anchors; identical in all scenarios.
BLO-0509,S-EFF,2025,prod_ruminant_kt_lw,624.3,kt live weight,calibration (2025 base),VN-direct,Medium,QNT model (assumptions.csv),Calibrated to 2025 anchors; identical in all scenarios.
BLO-0510,S-EFF,2025,prod_ruminant_kt_cwe,321.5,kt carcass weight,calibration (2025 base),VN-direct,Medium,QNT model (assumptions.csv),Calibrated to 2025 anchors; identical in all scenarios.
BLO-0511,S-EFF,2025,pc_meat_demand_kg_cwe,66.456,"kg per person, carcass weight",calibration (2025 base),VN-direct,Medium,QNT model (assumptions.csv),Calibrated to 2025 anchors; identical in all scenarios.
BLO-0512,S-EFF,2025,meat_consumption_animal_kt_cwe,6752.0,kt carcass weight (after S-ALT substitution),calibration (2025 base),VN-direct,Medium,QNT model (assumptions.csv),Calibrated to 2025 anchors; identical in all scenarios.
BLO-0513,S-EFF,2025,meat_production_kt_cwe,6039.2,kt carcass weight,calibration (2025 base),VN-direct,Medium,QNT model (assumptions.csv),Calibrated to 2025 anchors; identical in all scenarios.
BLO-0514,S-EFF,2025,pc_eggs_number,210.6,eggs per person,calibration (2025 base),VN-direct,Medium,QNT model (assumptions.csv),Calibrated to 2025 anchors; identical in all scenarios.
BLO-0515,S-EFF,2025,prod_eggs_bn,21.4,billion eggs,calibration (2025 base),VN-direct,Medium,QNT model (assumptions.csv),Calibrated to 2025 anchors; identical in all scenarios.
BLO-0516,S-EFF,2025,prod_milk_kt,1300.0,kt fresh milk,calibration (2025 base),VN-direct,Medium,QNT model (assumptions.csv),Calibrated to 2025 anchors; identical in all scenarios.
BLO-0517,S-EFF,2025,pc_milk_domestic_kg,12.795,kg domestic fresh milk per person,calibration (2025 base),VN-direct,Medium,QNT model (assumptions.csv),Calibrated to 2025 anchors; identical in all scenarios.
BLO-0518,S-EFF,2025,prod_aq_pangasius_kt,1938.8,kt live weight,calibration (2025 base),VN-direct,Medium,QNT model (assumptions.csv),Calibrated to 2025 anchors; identical in all scenarios.
BLO-0519,S-EFF,2025,prod_aq_whiteleg_kt,994.4,kt live weight,calibration (2025 base),VN-direct,Medium,QNT model (assumptions.csv),Calibrated to 2025 anchors; identical in all scenarios.
BLO-0520,S-EFF,2025,prod_aq_othershrimp_kt,387.3,kt live weight,calibration (2025 base),VN-direct,Medium,QNT model (assumptions.csv),Calibrated to 2025 anchors; identical in all scenarios.
BLO-0521,S-EFF,2025,prod_aq_otherfish_kt,2096.2,kt live weight,calibration (2025 base),VN-direct,Medium,QNT model (assumptions.csv),Calibrated to 2025 anchors; identical in all scenarios.
BLO-0522,S-EFF,2025,prod_aq_nonfed_kt,700.1,kt live weight,calibration (2025 base),VN-direct,Medium,QNT model (assumptions.csv),Calibrated to 2025 anchors; identical in all scenarios.
BLO-0523,S-EFF,2025,prod_aquaculture_kt,6116.8,kt live weight,calibration (2025 base),VN-direct,Medium,QNT model (assumptions.csv),Calibrated to 2025 anchors; identical in all scenarios.
BLO-0524,S-EFF,2025,aquaculture_exports_kt_lwe,3142.8,kt live-weight equivalent,calibration (2025 base),VN-direct,Medium,QNT model (assumptions.csv),Calibrated to 2025 anchors; identical in all scenarios.
BLO-0525,S-EFF,2025,aquaculture_export_share,0.5138,share,calibration (2025 base),VN-direct,Medium,QNT model (assumptions.csv),Calibrated to 2025 anchors; identical in all scenarios.
BLO-0526,S-EFF,2025,pc_farmed_aquatic_domestic_kg,29.272,kg live weight per person,calibration (2025 base),VN-direct,Medium,QNT model (assumptions.csv),Calibrated to 2025 anchors; identical in all scenarios.
BLO-0527,S-EFF,2025,feed_pig_mt,12.166,Mt compound feed,calibration (2025 base),VN-direct,Medium,QNT model (assumptions.csv),Calibrated to 2025 anchors; identical in all scenarios.
BLO-0528,S-EFF,2025,feed_poultry_mt,8.998,Mt compound feed,calibration (2025 base),VN-direct,Medium,QNT model (assumptions.csv),Calibrated to 2025 anchors; identical in all scenarios.
BLO-0529,S-EFF,2025,feed_other_livestock_mt,0.814,Mt compound feed,calibration (2025 base),VN-direct,Medium,QNT model (assumptions.csv),Calibrated to 2025 anchors; identical in all scenarios.
BLO-0530,S-EFF,2025,feed_pangasius_mt,2.902,Mt compound feed,calibration (2025 base),VN-direct,Medium,QNT model (assumptions.csv),Calibrated to 2025 anchors; identical in all scenarios.
BLO-0531,S-EFF,2025,feed_whiteleg_mt,1.29,Mt compound feed,calibration (2025 base),VN-direct,Medium,QNT model (assumptions.csv),Calibrated to 2025 anchors; identical in all scenarios.
BLO-0532,S-EFF,2025,feed_othershrimp_mt,0.1739,Mt compound feed,calibration (2025 base),VN-direct,Medium,QNT model (assumptions.csv),Calibrated to 2025 anchors; identical in all scenarios.
BLO-0533,S-EFF,2025,feed_otherfish_mt,2.134,Mt compound feed,calibration (2025 base),VN-direct,Medium,QNT model (assumptions.csv),Calibrated to 2025 anchors; identical in all scenarios.
BLO-0534,S-EFF,2025,feed_livestock_mt,21.978,"Mt compound feed (pigs, poultry, other livestock)",calibration (2025 base),VN-direct,Medium,QNT model (assumptions.csv),Calibrated to 2025 anchors; identical in all scenarios.
BLO-0535,S-EFF,2025,feed_aquafeed_mt,6.5,Mt compound feed,calibration (2025 base),VN-direct,Medium,QNT model (assumptions.csv),Calibrated to 2025 anchors; identical in all scenarios.
BLO-0536,S-EFF,2025,feed_total_mt,28.478,Mt compound feed,calibration (2025 base),VN-direct,Medium,QNT model (assumptions.csv),Calibrated to 2025 anchors; identical in all scenarios.
BLO-0537,S-EFF,2025,compound_share_pig,0.8062,share,calibration (2025 base),VN-direct,Medium,QNT model (assumptions.csv),Calibrated to 2025 anchors; identical in all scenarios.
BLO-0538,S-EFF,2025,sbm_demand_mt,7.2,Mt soybean meal,calibration (2025 base),VN-direct,Medium,QNT model (assumptions.csv),Calibrated to 2025 anchors; identical in all scenarios.
BLO-0539,S-EFF,2025,sbm_import_need_mt,7.2,"Mt soybean meal (as meal, or as beans crushed in Vietnam)",calibration (2025 base),VN-direct,Medium,QNT model (assumptions.csv),Calibrated to 2025 anchors; identical in all scenarios.
BLO-0540,S-EFF,2025,sbm_import_need_bean_eq_mt,9.231,Mt soybeans equivalent,calibration (2025 base),VN-direct,Medium,QNT model (assumptions.csv),Calibrated to 2025 anchors; identical in all scenarios.
BLO-0541,S-EFF,2025,fishmeal_demand_kt,261.7,kt fishmeal,calibration (2025 base),VN-direct,Medium,QNT model (assumptions.csv),Calibrated to 2025 anchors; identical in all scenarios.
BLO-0542,S-EFF,2025,other_meals_sbmeq_mt,2.43,Mt soybean-meal equivalent,calibration (2025 base),VN-direct,Medium,QNT model (assumptions.csv),Calibrated to 2025 anchors; identical in all scenarios.
BLO-0543,S-EFF,2025,protein_meal_demand_sbmeq_mt,10.0,Mt soybean-meal equivalent (46% CP),calibration (2025 base),VN-direct,Medium,QNT model (assumptions.csv),Calibrated to 2025 anchors; identical in all scenarios.
BLO-0544,S-EFF,2025,sbm_intensity_kg_per_t_feed,252.8,kg soybean meal per t compound feed,calibration (2025 base),VN-direct,Medium,QNT model (assumptions.csv),Calibrated to 2025 anchors; identical in all scenarios.
BLO-0545,S-EFF,2025,maize_compound_feed_mt,10.9,Mt maize,calibration (2025 base),VN-direct,Medium,QNT model (assumptions.csv),Calibrated to 2025 anchors; identical in all scenarios.
BLO-0546,S-EFF,2025,maize_total_use_mt,16.01,Mt maize,calibration (2025 base),VN-direct,Medium,QNT model (assumptions.csv),Calibrated to 2025 anchors; identical in all scenarios.
BLO-0547,S-EFF,2025,maize_production_mt,4.1,Mt maize,calibration (2025 base),VN-direct,Medium,QNT model (assumptions.csv),Calibrated to 2025 anchors; identical in all scenarios.
BLO-0548,S-EFF,2025,maize_import_need_mt,11.91,Mt maize,calibration (2025 base),VN-direct,Medium,QNT model (assumptions.csv),Calibrated to 2025 anchors; identical in all scenarios.
BLO-0549,S-EFF,2025,soy_land_abroad_mha,2.337,million ha (mass allocation to meal),calibration (2025 base),VN-direct,Medium,QNT model (assumptions.csv),Calibrated to 2025 anchors; identical in all scenarios.
BLO-0550,S-EFF,2025,maize_land_abroad_mha,1.636,million ha,calibration (2025 base),VN-direct,Medium,QNT model (assumptions.csv),Calibrated to 2025 anchors; identical in all scenarios.
BLO-0551,S-EFF,2030,population,104.2,million,estimate,VN-direct,Low,QNT model (assumptions.csv),"Our estimate for horizon year 2030; scenario, not forecast."
BLO-0552,S-EFF,2030,pc_pork_demand_kg_cwe,43.307,"kg per person, carcass weight",estimate,VN-direct,Low,QNT model (assumptions.csv),"Our estimate for horizon year 2030; scenario, not forecast."
BLO-0553,S-EFF,2030,prod_pork_kt_lw,6000.9,kt live weight,estimate,VN-direct,Low,QNT model (assumptions.csv),"Our estimate for horizon year 2030; scenario, not forecast."
BLO-0554,S-EFF,2030,prod_pork_kt_cwe,4338.7,kt carcass weight,estimate,VN-direct,Low,QNT model (assumptions.csv),"Our estimate for horizon year 2030; scenario, not forecast."
BLO-0555,S-EFF,2030,pc_poultry_demand_kg_cwe,25.54,"kg per person, carcass weight",estimate,VN-direct,Low,QNT model (assumptions.csv),"Our estimate for horizon year 2030; scenario, not forecast."
BLO-0556,S-EFF,2030,prod_poultry_kt_lw,3328.1,kt live weight,estimate,VN-direct,Low,QNT model (assumptions.csv),"Our estimate for horizon year 2030; scenario, not forecast."
BLO-0557,S-EFF,2030,prod_poultry_kt_cwe,2329.7,kt carcass weight,estimate,VN-direct,Low,QNT model (assumptions.csv),"Our estimate for horizon year 2030; scenario, not forecast."
BLO-0558,S-EFF,2030,pc_ruminant_demand_kg_cwe,6.543,"kg per person, carcass weight",estimate,VN-direct,Low,QNT model (assumptions.csv),"Our estimate for horizon year 2030; scenario, not forecast."
BLO-0559,S-EFF,2030,prod_ruminant_kt_lw,691.4,kt live weight,estimate,VN-direct,Low,QNT model (assumptions.csv),"Our estimate for horizon year 2030; scenario, not forecast."
BLO-0560,S-EFF,2030,prod_ruminant_kt_cwe,356.1,kt carcass weight,estimate,VN-direct,Low,QNT model (assumptions.csv),"Our estimate for horizon year 2030; scenario, not forecast."
BLO-0561,S-EFF,2030,pc_meat_demand_kg_cwe,75.389,"kg per person, carcass weight",estimate,VN-direct,Low,QNT model (assumptions.csv),"Our estimate for horizon year 2030; scenario, not forecast."
BLO-0562,S-EFF,2030,meat_consumption_animal_kt_cwe,7859.3,kt carcass weight (after S-ALT substitution),estimate,VN-direct,Low,QNT model (assumptions.csv),"Our estimate for horizon year 2030; scenario, not forecast."
BLO-0563,S-EFF,2030,meat_production_kt_cwe,7024.4,kt carcass weight,estimate,VN-direct,Low,QNT model (assumptions.csv),"Our estimate for horizon year 2030; scenario, not forecast."
BLO-0564,S-EFF,2030,pc_eggs_number,235.1,eggs per person,estimate,VN-direct,Low,QNT model (assumptions.csv),"Our estimate for horizon year 2030; scenario, not forecast."
BLO-0565,S-EFF,2030,prod_eggs_bn,24.505,billion eggs,estimate,VN-direct,Low,QNT model (assumptions.csv),"Our estimate for horizon year 2030; scenario, not forecast."
BLO-0566,S-EFF,2030,prod_milk_kt,1598.4,kt fresh milk,estimate,VN-direct,Low,QNT model (assumptions.csv),"Our estimate for horizon year 2030; scenario, not forecast."
BLO-0567,S-EFF,2030,pc_milk_domestic_kg,15.332,kg domestic fresh milk per person,estimate,VN-direct,Low,QNT model (assumptions.csv),"Our estimate for horizon year 2030; scenario, not forecast."
BLO-0568,S-EFF,2030,prod_aq_pangasius_kt,2085.8,kt live weight,estimate,VN-direct,Low,QNT model (assumptions.csv),"Our estimate for horizon year 2030; scenario, not forecast."
BLO-0569,S-EFF,2030,prod_aq_whiteleg_kt,1069.8,kt live weight,estimate,VN-direct,Low,QNT model (assumptions.csv),"Our estimate for horizon year 2030; scenario, not forecast."
BLO-0570,S-EFF,2030,prod_aq_othershrimp_kt,416.7,kt live weight,estimate,VN-direct,Low,QNT model (assumptions.csv),"Our estimate for horizon year 2030; scenario, not forecast."
BLO-0571,S-EFF,2030,prod_aq_otherfish_kt,2255.1,kt live weight,estimate,VN-direct,Low,QNT model (assumptions.csv),"Our estimate for horizon year 2030; scenario, not forecast."
BLO-0572,S-EFF,2030,prod_aq_nonfed_kt,753.2,kt live weight,estimate,VN-direct,Low,QNT model (assumptions.csv),"Our estimate for horizon year 2030; scenario, not forecast."
BLO-0573,S-EFF,2030,prod_aquaculture_kt,6580.5,kt live weight,estimate,VN-direct,Low,QNT model (assumptions.csv),"Our estimate for horizon year 2030; scenario, not forecast."
BLO-0574,S-EFF,2030,aquaculture_exports_kt_lwe,3381.0,kt live-weight equivalent,estimate,VN-direct,Low,QNT model (assumptions.csv),"Our estimate for horizon year 2030; scenario, not forecast."
BLO-0575,S-EFF,2030,aquaculture_export_share,0.5138,share,estimate,VN-direct,Low,QNT model (assumptions.csv),"Our estimate for horizon year 2030; scenario, not forecast."
BLO-0576,S-EFF,2030,pc_farmed_aquatic_domestic_kg,30.69,kg live weight per person,estimate,VN-direct,Low,QNT model (assumptions.csv),"Our estimate for horizon year 2030; scenario, not forecast."
BLO-0577,S-EFF,2030,feed_pig_mt,14.062,Mt compound feed,estimate,VN-direct,Low,QNT model (assumptions.csv),"Our estimate for horizon year 2030; scenario, not forecast."
BLO-0578,S-EFF,2030,feed_poultry_mt,10.659,Mt compound feed,estimate,VN-direct,Low,QNT model (assumptions.csv),"Our estimate for horizon year 2030; scenario, not forecast."
BLO-0579,S-EFF,2030,feed_other_livestock_mt,0.9211,Mt compound feed,estimate,VN-direct,Low,QNT model (assumptions.csv),"Our estimate for horizon year 2030; scenario, not forecast."
BLO-0580,S-EFF,2030,feed_pangasius_mt,2.999,Mt compound feed,estimate,VN-direct,Low,QNT model (assumptions.csv),"Our estimate for horizon year 2030; scenario, not forecast."
BLO-0581,S-EFF,2030,feed_whiteleg_mt,1.333,Mt compound feed,estimate,VN-direct,Low,QNT model (assumptions.csv),"Our estimate for horizon year 2030; scenario, not forecast."
BLO-0582,S-EFF,2030,feed_othershrimp_mt,0.2097,Mt compound feed,estimate,VN-direct,Low,QNT model (assumptions.csv),"Our estimate for horizon year 2030; scenario, not forecast."
BLO-0583,S-EFF,2030,feed_otherfish_mt,2.359,Mt compound feed,estimate,VN-direct,Low,QNT model (assumptions.csv),"Our estimate for horizon year 2030; scenario, not forecast."
BLO-0584,S-EFF,2030,feed_livestock_mt,25.642,"Mt compound feed (pigs, poultry, other livestock)",estimate,VN-direct,Low,QNT model (assumptions.csv),"Our estimate for horizon year 2030; scenario, not forecast."
BLO-0585,S-EFF,2030,feed_aquafeed_mt,6.902,Mt compound feed,estimate,VN-direct,Low,QNT model (assumptions.csv),"Our estimate for horizon year 2030; scenario, not forecast."
BLO-0586,S-EFF,2030,feed_total_mt,32.543,Mt compound feed,estimate,VN-direct,Low,QNT model (assumptions.csv),"Our estimate for horizon year 2030; scenario, not forecast."
BLO-0587,S-EFF,2030,compound_share_pig,0.88,share,estimate,VN-direct,Low,QNT model (assumptions.csv),"Our estimate for horizon year 2030; scenario, not forecast."
BLO-0588,S-EFF,2030,sbm_demand_mt,7.812,Mt soybean meal,estimate,VN-direct,Low,QNT model (assumptions.csv),"Our estimate for horizon year 2030; scenario, not forecast."
BLO-0589,S-EFF,2030,sbm_import_need_mt,7.812,"Mt soybean meal (as meal, or as beans crushed in Vietnam)",estimate,VN-direct,Low,QNT model (assumptions.csv),"Our estimate for horizon year 2030; scenario, not forecast."
BLO-0590,S-EFF,2030,sbm_import_need_bean_eq_mt,10.015,Mt soybeans equivalent,estimate,VN-direct,Low,QNT model (assumptions.csv),"Our estimate for horizon year 2030; scenario, not forecast."
BLO-0591,S-EFF,2030,fishmeal_demand_kt,238.8,kt fishmeal,estimate,VN-direct,Low,QNT model (assumptions.csv),"Our estimate for horizon year 2030; scenario, not forecast."
BLO-0592,S-EFF,2030,other_meals_sbmeq_mt,2.847,Mt soybean-meal equivalent,estimate,VN-direct,Low,QNT model (assumptions.csv),"Our estimate for horizon year 2030; scenario, not forecast."
BLO-0593,S-EFF,2030,protein_meal_demand_sbmeq_mt,10.996,Mt soybean-meal equivalent (46% CP),estimate,VN-direct,Low,QNT model (assumptions.csv),"Our estimate for horizon year 2030; scenario, not forecast."
BLO-0594,S-EFF,2030,sbm_intensity_kg_per_t_feed,240.0,kg soybean meal per t compound feed,estimate,VN-direct,Low,QNT model (assumptions.csv),"Our estimate for horizon year 2030; scenario, not forecast."
BLO-0595,S-EFF,2030,maize_compound_feed_mt,12.698,Mt maize,estimate,VN-direct,Low,QNT model (assumptions.csv),"Our estimate for horizon year 2030; scenario, not forecast."
BLO-0596,S-EFF,2030,maize_total_use_mt,16.604,Mt maize,estimate,VN-direct,Low,QNT model (assumptions.csv),"Our estimate for horizon year 2030; scenario, not forecast."
BLO-0597,S-EFF,2030,maize_production_mt,4.1,Mt maize,estimate,VN-direct,Low,QNT model (assumptions.csv),"Our estimate for horizon year 2030; scenario, not forecast."
BLO-0598,S-EFF,2030,maize_import_need_mt,12.504,Mt maize,estimate,VN-direct,Low,QNT model (assumptions.csv),"Our estimate for horizon year 2030; scenario, not forecast."
BLO-0599,S-EFF,2030,soy_land_abroad_mha,2.461,million ha (mass allocation to meal),estimate,VN-direct,Low,QNT model (assumptions.csv),"Our estimate for horizon year 2030; scenario, not forecast."
BLO-0600,S-EFF,2030,maize_land_abroad_mha,1.692,million ha,estimate,VN-direct,Low,QNT model (assumptions.csv),"Our estimate for horizon year 2030; scenario, not forecast."
BLO-0601,S-EFF,2035,population,106.5,million,estimate,VN-direct,Low,QNT model (assumptions.csv),"Our estimate for horizon year 2035; scenario, not forecast."
BLO-0602,S-EFF,2035,pc_pork_demand_kg_cwe,43.909,"kg per person, carcass weight",estimate,VN-direct,Low,QNT model (assumptions.csv),"Our estimate for horizon year 2035; scenario, not forecast."
BLO-0603,S-EFF,2035,prod_pork_kt_lw,6217.5,kt live weight,estimate,VN-direct,Low,QNT model (assumptions.csv),"Our estimate for horizon year 2035; scenario, not forecast."
BLO-0604,S-EFF,2035,prod_pork_kt_cwe,4495.2,kt carcass weight,estimate,VN-direct,Low,QNT model (assumptions.csv),"Our estimate for horizon year 2035; scenario, not forecast."
BLO-0605,S-EFF,2035,pc_poultry_demand_kg_cwe,31.043,"kg per person, carcass weight",estimate,VN-direct,Low,QNT model (assumptions.csv),"Our estimate for horizon year 2035; scenario, not forecast."
BLO-0606,S-EFF,2035,prod_poultry_kt_lw,4133.7,kt live weight,estimate,VN-direct,Low,QNT model (assumptions.csv),"Our estimate for horizon year 2035; scenario, not forecast."
BLO-0607,S-EFF,2035,prod_poultry_kt_cwe,2893.6,kt carcass weight,estimate,VN-direct,Low,QNT model (assumptions.csv),"Our estimate for horizon year 2035; scenario, not forecast."
BLO-0608,S-EFF,2035,pc_ruminant_demand_kg_cwe,6.983,"kg per person, carcass weight",estimate,VN-direct,Low,QNT model (assumptions.csv),"Our estimate for horizon year 2035; scenario, not forecast."
BLO-0609,S-EFF,2035,prod_ruminant_kt_lw,754.0,kt live weight,estimate,VN-direct,Low,QNT model (assumptions.csv),"Our estimate for horizon year 2035; scenario, not forecast."
BLO-0610,S-EFF,2035,prod_ruminant_kt_cwe,388.3,kt carcass weight,estimate,VN-direct,Low,QNT model (assumptions.csv),"Our estimate for horizon year 2035; scenario, not forecast."
BLO-0611,S-EFF,2035,pc_meat_demand_kg_cwe,81.934,"kg per person, carcass weight",estimate,VN-direct,Low,QNT model (assumptions.csv),"Our estimate for horizon year 2035; scenario, not forecast."
BLO-0612,S-EFF,2035,meat_consumption_animal_kt_cwe,8728.5,kt carcass weight (after S-ALT substitution),estimate,VN-direct,Low,QNT model (assumptions.csv),"Our estimate for horizon year 2035; scenario, not forecast."
BLO-0613,S-EFF,2035,meat_production_kt_cwe,7777.1,kt carcass weight,estimate,VN-direct,Low,QNT model (assumptions.csv),"Our estimate for horizon year 2035; scenario, not forecast."
BLO-0614,S-EFF,2035,pc_eggs_number,247.5,eggs per person,estimate,VN-direct,Low,QNT model (assumptions.csv),"Our estimate for horizon year 2035; scenario, not forecast."
BLO-0615,S-EFF,2035,prod_eggs_bn,26.365,billion eggs,estimate,VN-direct,Low,QNT model (assumptions.csv),"Our estimate for horizon year 2035; scenario, not forecast."
BLO-0616,S-EFF,2035,prod_milk_kt,1947.9,kt fresh milk,estimate,VN-direct,Low,QNT model (assumptions.csv),"Our estimate for horizon year 2035; scenario, not forecast."
BLO-0617,S-EFF,2035,pc_milk_domestic_kg,18.285,kg domestic fresh milk per person,estimate,VN-direct,Low,QNT model (assumptions.csv),"Our estimate for horizon year 2035; scenario, not forecast."
BLO-0618,S-EFF,2035,prod_aq_pangasius_kt,2325.6,kt live weight,estimate,VN-direct,Low,QNT model (assumptions.csv),"Our estimate for horizon year 2035; scenario, not forecast."
BLO-0619,S-EFF,2035,prod_aq_whiteleg_kt,1192.8,kt live weight,estimate,VN-direct,Low,QNT model (assumptions.csv),"Our estimate for horizon year 2035; scenario, not forecast."
BLO-0620,S-EFF,2035,prod_aq_othershrimp_kt,464.6,kt live weight,estimate,VN-direct,Low,QNT model (assumptions.csv),"Our estimate for horizon year 2035; scenario, not forecast."
BLO-0621,S-EFF,2035,prod_aq_otherfish_kt,2514.4,kt live weight,estimate,VN-direct,Low,QNT model (assumptions.csv),"Our estimate for horizon year 2035; scenario, not forecast."
BLO-0622,S-EFF,2035,prod_aq_nonfed_kt,839.8,kt live weight,estimate,VN-direct,Low,QNT model (assumptions.csv),"Our estimate for horizon year 2035; scenario, not forecast."
BLO-0623,S-EFF,2035,prod_aquaculture_kt,7337.1,kt live weight,estimate,VN-direct,Low,QNT model (assumptions.csv),"Our estimate for horizon year 2035; scenario, not forecast."
BLO-0624,S-EFF,2035,aquaculture_exports_kt_lwe,3769.7,kt live-weight equivalent,estimate,VN-direct,Low,QNT model (assumptions.csv),"Our estimate for horizon year 2035; scenario, not forecast."
BLO-0625,S-EFF,2035,aquaculture_export_share,0.5138,share,estimate,VN-direct,Low,QNT model (assumptions.csv),"Our estimate for horizon year 2035; scenario, not forecast."
BLO-0626,S-EFF,2035,pc_farmed_aquatic_domestic_kg,33.487,kg live weight per person,estimate,VN-direct,Low,QNT model (assumptions.csv),"Our estimate for horizon year 2035; scenario, not forecast."
BLO-0627,S-EFF,2035,feed_pig_mt,14.327,Mt compound feed,estimate,VN-direct,Low,QNT model (assumptions.csv),"Our estimate for horizon year 2035; scenario, not forecast."
BLO-0628,S-EFF,2035,feed_poultry_mt,12.181,Mt compound feed,estimate,VN-direct,Low,QNT model (assumptions.csv),"Our estimate for horizon year 2035; scenario, not forecast."
BLO-0629,S-EFF,2035,feed_other_livestock_mt,1.034,Mt compound feed,estimate,VN-direct,Low,QNT model (assumptions.csv),"Our estimate for horizon year 2035; scenario, not forecast."
BLO-0630,S-EFF,2035,feed_pangasius_mt,3.213,Mt compound feed,estimate,VN-direct,Low,QNT model (assumptions.csv),"Our estimate for horizon year 2035; scenario, not forecast."
BLO-0631,S-EFF,2035,feed_whiteleg_mt,1.428,Mt compound feed,estimate,VN-direct,Low,QNT model (assumptions.csv),"Our estimate for horizon year 2035; scenario, not forecast."
BLO-0632,S-EFF,2035,feed_othershrimp_mt,0.2567,Mt compound feed,estimate,VN-direct,Low,QNT model (assumptions.csv),"Our estimate for horizon year 2035; scenario, not forecast."
BLO-0633,S-EFF,2035,feed_otherfish_mt,2.645,Mt compound feed,estimate,VN-direct,Low,QNT model (assumptions.csv),"Our estimate for horizon year 2035; scenario, not forecast."
BLO-0634,S-EFF,2035,feed_livestock_mt,27.542,"Mt compound feed (pigs, poultry, other livestock)",estimate,VN-direct,Low,QNT model (assumptions.csv),"Our estimate for horizon year 2035; scenario, not forecast."
BLO-0635,S-EFF,2035,feed_aquafeed_mt,7.543,Mt compound feed,estimate,VN-direct,Low,QNT model (assumptions.csv),"Our estimate for horizon year 2035; scenario, not forecast."
BLO-0636,S-EFF,2035,feed_total_mt,35.085,Mt compound feed,estimate,VN-direct,Low,QNT model (assumptions.csv),"Our estimate for horizon year 2035; scenario, not forecast."
BLO-0637,S-EFF,2035,compound_share_pig,0.91,share,estimate,VN-direct,Low,QNT model (assumptions.csv),"Our estimate for horizon year 2035; scenario, not forecast."
BLO-0638,S-EFF,2035,sbm_demand_mt,8.08,Mt soybean meal,estimate,VN-direct,Low,QNT model (assumptions.csv),"Our estimate for horizon year 2035; scenario, not forecast."
BLO-0639,S-EFF,2035,sbm_import_need_mt,8.08,"Mt soybean meal (as meal, or as beans crushed in Vietnam)",estimate,VN-direct,Low,QNT model (assumptions.csv),"Our estimate for horizon year 2035; scenario, not forecast."
BLO-0640,S-EFF,2035,sbm_import_need_bean_eq_mt,10.359,Mt soybeans equivalent,estimate,VN-direct,Low,QNT model (assumptions.csv),"Our estimate for horizon year 2035; scenario, not forecast."
BLO-0641,S-EFF,2035,fishmeal_demand_kt,223.7,kt fishmeal,estimate,VN-direct,Low,QNT model (assumptions.csv),"Our estimate for horizon year 2035; scenario, not forecast."
BLO-0642,S-EFF,2035,other_meals_sbmeq_mt,3.147,Mt soybean-meal equivalent,estimate,VN-direct,Low,QNT model (assumptions.csv),"Our estimate for horizon year 2035; scenario, not forecast."
BLO-0643,S-EFF,2035,protein_meal_demand_sbmeq_mt,11.543,Mt soybean-meal equivalent (46% CP),estimate,VN-direct,Low,QNT model (assumptions.csv),"Our estimate for horizon year 2035; scenario, not forecast."
BLO-0644,S-EFF,2035,sbm_intensity_kg_per_t_feed,230.3,kg soybean meal per t compound feed,estimate,VN-direct,Low,QNT model (assumptions.csv),"Our estimate for horizon year 2035; scenario, not forecast."
BLO-0645,S-EFF,2035,maize_compound_feed_mt,13.691,Mt maize,estimate,VN-direct,Low,QNT model (assumptions.csv),"Our estimate for horizon year 2035; scenario, not forecast."
BLO-0646,S-EFF,2035,maize_total_use_mt,16.998,Mt maize,estimate,VN-direct,Low,QNT model (assumptions.csv),"Our estimate for horizon year 2035; scenario, not forecast."
BLO-0647,S-EFF,2035,maize_production_mt,4.1,Mt maize,estimate,VN-direct,Low,QNT model (assumptions.csv),"Our estimate for horizon year 2035; scenario, not forecast."
BLO-0648,S-EFF,2035,maize_import_need_mt,12.898,Mt maize,estimate,VN-direct,Low,QNT model (assumptions.csv),"Our estimate for horizon year 2035; scenario, not forecast."
BLO-0649,S-EFF,2035,soy_land_abroad_mha,2.47,million ha (mass allocation to meal),estimate,VN-direct,Low,QNT model (assumptions.csv),"Our estimate for horizon year 2035; scenario, not forecast."
BLO-0650,S-EFF,2035,maize_land_abroad_mha,1.719,million ha,estimate,VN-direct,Low,QNT model (assumptions.csv),"Our estimate for horizon year 2035; scenario, not forecast."
BLO-0651,S-EFF,2040,population,108.4,million,estimate,VN-direct,Low,QNT model (assumptions.csv),"Our estimate for horizon year 2040; scenario, not forecast."
BLO-0652,S-EFF,2040,pc_pork_demand_kg_cwe,44.348,"kg per person, carcass weight",estimate,VN-direct,Low,QNT model (assumptions.csv),"Our estimate for horizon year 2040; scenario, not forecast."
BLO-0653,S-EFF,2040,prod_pork_kt_lw,6392.2,kt live weight,estimate,VN-direct,Low,QNT model (assumptions.csv),"Our estimate for horizon year 2040; scenario, not forecast."
BLO-0654,S-EFF,2040,prod_pork_kt_cwe,4621.6,kt carcass weight,estimate,VN-direct,Low,QNT model (assumptions.csv),"Our estimate for horizon year 2040; scenario, not forecast."
BLO-0655,S-EFF,2040,pc_poultry_demand_kg_cwe,32.626,"kg per person, carcass weight",estimate,VN-direct,Low,QNT model (assumptions.csv),"Our estimate for horizon year 2040; scenario, not forecast."
BLO-0656,S-EFF,2040,prod_poultry_kt_lw,4422.5,kt live weight,estimate,VN-direct,Low,QNT model (assumptions.csv),"Our estimate for horizon year 2040; scenario, not forecast."
BLO-0657,S-EFF,2040,prod_poultry_kt_cwe,3095.7,kt carcass weight,estimate,VN-direct,Low,QNT model (assumptions.csv),"Our estimate for horizon year 2040; scenario, not forecast."
BLO-0658,S-EFF,2040,pc_ruminant_demand_kg_cwe,7.339,"kg per person, carcass weight",estimate,VN-direct,Low,QNT model (assumptions.csv),"Our estimate for horizon year 2040; scenario, not forecast."
BLO-0659,S-EFF,2040,prod_ruminant_kt_lw,806.7,kt live weight,estimate,VN-direct,Low,QNT model (assumptions.csv),"Our estimate for horizon year 2040; scenario, not forecast."
BLO-0660,S-EFF,2040,prod_ruminant_kt_cwe,415.4,kt carcass weight,estimate,VN-direct,Low,QNT model (assumptions.csv),"Our estimate for horizon year 2040; scenario, not forecast."
BLO-0661,S-EFF,2040,pc_meat_demand_kg_cwe,84.313,"kg per person, carcass weight",estimate,VN-direct,Low,QNT model (assumptions.csv),"Our estimate for horizon year 2040; scenario, not forecast."
BLO-0662,S-EFF,2040,meat_consumption_animal_kt_cwe,9143.0,kt carcass weight (after S-ALT substitution),estimate,VN-direct,Low,QNT model (assumptions.csv),"Our estimate for horizon year 2040; scenario, not forecast."
BLO-0663,S-EFF,2040,meat_production_kt_cwe,8132.7,kt carcass weight,estimate,VN-direct,Low,QNT model (assumptions.csv),"Our estimate for horizon year 2040; scenario, not forecast."
BLO-0664,S-EFF,2040,pc_eggs_number,260.1,eggs per person,estimate,VN-direct,Low,QNT model (assumptions.csv),"Our estimate for horizon year 2040; scenario, not forecast."
BLO-0665,S-EFF,2040,prod_eggs_bn,28.208,billion eggs,estimate,VN-direct,Low,QNT model (assumptions.csv),"Our estimate for horizon year 2040; scenario, not forecast."
BLO-0666,S-EFF,2040,prod_milk_kt,2258.2,kt fresh milk,estimate,VN-direct,Low,QNT model (assumptions.csv),"Our estimate for horizon year 2040; scenario, not forecast."
BLO-0667,S-EFF,2040,pc_milk_domestic_kg,20.825,kg domestic fresh milk per person,estimate,VN-direct,Low,QNT model (assumptions.csv),"Our estimate for horizon year 2040; scenario, not forecast."
BLO-0668,S-EFF,2040,prod_aq_pangasius_kt,2444.2,kt live weight,estimate,VN-direct,Low,QNT model (assumptions.csv),"Our estimate for horizon year 2040; scenario, not forecast."
BLO-0669,S-EFF,2040,prod_aq_whiteleg_kt,1253.6,kt live weight,estimate,VN-direct,Low,QNT model (assumptions.csv),"Our estimate for horizon year 2040; scenario, not forecast."
BLO-0670,S-EFF,2040,prod_aq_othershrimp_kt,488.3,kt live weight,estimate,VN-direct,Low,QNT model (assumptions.csv),"Our estimate for horizon year 2040; scenario, not forecast."
BLO-0671,S-EFF,2040,prod_aq_otherfish_kt,2642.7,kt live weight,estimate,VN-direct,Low,QNT model (assumptions.csv),"Our estimate for horizon year 2040; scenario, not forecast."
BLO-0672,S-EFF,2040,prod_aq_nonfed_kt,882.6,kt live weight,estimate,VN-direct,Low,QNT model (assumptions.csv),"Our estimate for horizon year 2040; scenario, not forecast."
BLO-0673,S-EFF,2040,prod_aquaculture_kt,7711.4,kt live weight,estimate,VN-direct,Low,QNT model (assumptions.csv),"Our estimate for horizon year 2040; scenario, not forecast."
BLO-0674,S-EFF,2040,aquaculture_exports_kt_lwe,3962.1,kt live-weight equivalent,estimate,VN-direct,Low,QNT model (assumptions.csv),"Our estimate for horizon year 2040; scenario, not forecast."
BLO-0675,S-EFF,2040,aquaculture_export_share,0.5138,share,estimate,VN-direct,Low,QNT model (assumptions.csv),"Our estimate for horizon year 2040; scenario, not forecast."
BLO-0676,S-EFF,2040,pc_farmed_aquatic_domestic_kg,34.576,kg live weight per person,estimate,VN-direct,Low,QNT model (assumptions.csv),"Our estimate for horizon year 2040; scenario, not forecast."
BLO-0677,S-EFF,2040,feed_pig_mt,14.47,Mt compound feed,estimate,VN-direct,Low,QNT model (assumptions.csv),"Our estimate for horizon year 2040; scenario, not forecast."
BLO-0678,S-EFF,2040,feed_poultry_mt,12.457,Mt compound feed,estimate,VN-direct,Low,QNT model (assumptions.csv),"Our estimate for horizon year 2040; scenario, not forecast."
BLO-0679,S-EFF,2040,feed_other_livestock_mt,1.115,Mt compound feed,estimate,VN-direct,Low,QNT model (assumptions.csv),"Our estimate for horizon year 2040; scenario, not forecast."
BLO-0680,S-EFF,2040,feed_pangasius_mt,3.244,Mt compound feed,estimate,VN-direct,Low,QNT model (assumptions.csv),"Our estimate for horizon year 2040; scenario, not forecast."
BLO-0681,S-EFF,2040,feed_whiteleg_mt,1.442,Mt compound feed,estimate,VN-direct,Low,QNT model (assumptions.csv),"Our estimate for horizon year 2040; scenario, not forecast."
BLO-0682,S-EFF,2040,feed_othershrimp_mt,0.2916,Mt compound feed,estimate,VN-direct,Low,QNT model (assumptions.csv),"Our estimate for horizon year 2040; scenario, not forecast."
BLO-0683,S-EFF,2040,feed_otherfish_mt,2.814,Mt compound feed,estimate,VN-direct,Low,QNT model (assumptions.csv),"Our estimate for horizon year 2040; scenario, not forecast."
BLO-0684,S-EFF,2040,feed_livestock_mt,28.042,"Mt compound feed (pigs, poultry, other livestock)",estimate,VN-direct,Low,QNT model (assumptions.csv),"Our estimate for horizon year 2040; scenario, not forecast."
BLO-0685,S-EFF,2040,feed_aquafeed_mt,7.791,Mt compound feed,estimate,VN-direct,Low,QNT model (assumptions.csv),"Our estimate for horizon year 2040; scenario, not forecast."
BLO-0686,S-EFF,2040,feed_total_mt,35.833,Mt compound feed,estimate,VN-direct,Low,QNT model (assumptions.csv),"Our estimate for horizon year 2040; scenario, not forecast."
BLO-0687,S-EFF,2040,compound_share_pig,0.94,share,estimate,VN-direct,Low,QNT model (assumptions.csv),"Our estimate for horizon year 2040; scenario, not forecast."
BLO-0688,S-EFF,2040,sbm_demand_mt,7.848,Mt soybean meal,estimate,VN-direct,Low,QNT model (assumptions.csv),"Our estimate for horizon year 2040; scenario, not forecast."
BLO-0689,S-EFF,2040,sbm_import_need_mt,7.848,"Mt soybean meal (as meal, or as beans crushed in Vietnam)",estimate,VN-direct,Low,QNT model (assumptions.csv),"Our estimate for horizon year 2040; scenario, not forecast."
BLO-0690,S-EFF,2040,sbm_import_need_bean_eq_mt,10.062,Mt soybeans equivalent,estimate,VN-direct,Low,QNT model (assumptions.csv),"Our estimate for horizon year 2040; scenario, not forecast."
BLO-0691,S-EFF,2040,fishmeal_demand_kt,197.9,kt fishmeal,estimate,VN-direct,Low,QNT model (assumptions.csv),"Our estimate for horizon year 2040; scenario, not forecast."
BLO-0692,S-EFF,2040,other_meals_sbmeq_mt,3.295,Mt soybean-meal equivalent,estimate,VN-direct,Low,QNT model (assumptions.csv),"Our estimate for horizon year 2040; scenario, not forecast."
BLO-0693,S-EFF,2040,protein_meal_demand_sbmeq_mt,11.423,Mt soybean-meal equivalent (46% CP),estimate,VN-direct,Low,QNT model (assumptions.csv),"Our estimate for horizon year 2040; scenario, not forecast."
BLO-0694,S-EFF,2040,sbm_intensity_kg_per_t_feed,219.0,kg soybean meal per t compound feed,estimate,VN-direct,Low,QNT model (assumptions.csv),"Our estimate for horizon year 2040; scenario, not forecast."
BLO-0695,S-EFF,2040,maize_compound_feed_mt,13.94,Mt maize,estimate,VN-direct,Low,QNT model (assumptions.csv),"Our estimate for horizon year 2040; scenario, not forecast."
BLO-0696,S-EFF,2040,maize_total_use_mt,16.655,Mt maize,estimate,VN-direct,Low,QNT model (assumptions.csv),"Our estimate for horizon year 2040; scenario, not forecast."
BLO-0697,S-EFF,2040,maize_production_mt,4.1,Mt maize,estimate,VN-direct,Low,QNT model (assumptions.csv),"Our estimate for horizon year 2040; scenario, not forecast."
BLO-0698,S-EFF,2040,maize_import_need_mt,12.555,Mt maize,estimate,VN-direct,Low,QNT model (assumptions.csv),"Our estimate for horizon year 2040; scenario, not forecast."
BLO-0699,S-EFF,2040,soy_land_abroad_mha,2.329,million ha (mass allocation to meal),estimate,VN-direct,Low,QNT model (assumptions.csv),"Our estimate for horizon year 2040; scenario, not forecast."
BLO-0700,S-EFF,2040,maize_land_abroad_mha,1.649,million ha,estimate,VN-direct,Low,QNT model (assumptions.csv),"Our estimate for horizon year 2040; scenario, not forecast."
BLO-0701,S-EFF,2050,population,110.0,million,estimate,VN-direct,Low,QNT model (assumptions.csv),"Our estimate for horizon year 2050; scenario, not forecast."
BLO-0702,S-EFF,2050,pc_pork_demand_kg_cwe,45.242,"kg per person, carcass weight",estimate,VN-direct,Low,QNT model (assumptions.csv),"Our estimate for horizon year 2050; scenario, not forecast."
BLO-0703,S-EFF,2050,prod_pork_kt_lw,6615.5,kt live weight,estimate,VN-direct,Low,QNT model (assumptions.csv),"Our estimate for horizon year 2050; scenario, not forecast."
BLO-0704,S-EFF,2050,prod_pork_kt_cwe,4783.0,kt carcass weight,estimate,VN-direct,Low,QNT model (assumptions.csv),"Our estimate for horizon year 2050; scenario, not forecast."
BLO-0705,S-EFF,2050,pc_poultry_demand_kg_cwe,34.296,"kg per person, carcass weight",estimate,VN-direct,Low,QNT model (assumptions.csv),"Our estimate for horizon year 2050; scenario, not forecast."
BLO-0706,S-EFF,2050,prod_poultry_kt_lw,4716.1,kt live weight,estimate,VN-direct,Low,QNT model (assumptions.csv),"Our estimate for horizon year 2050; scenario, not forecast."
BLO-0707,S-EFF,2050,prod_poultry_kt_cwe,3301.3,kt carcass weight,estimate,VN-direct,Low,QNT model (assumptions.csv),"Our estimate for horizon year 2050; scenario, not forecast."
BLO-0708,S-EFF,2050,pc_ruminant_demand_kg_cwe,8.106,"kg per person, carcass weight",estimate,VN-direct,Low,QNT model (assumptions.csv),"Our estimate for horizon year 2050; scenario, not forecast."
BLO-0709,S-EFF,2050,prod_ruminant_kt_lw,903.9,kt live weight,estimate,VN-direct,Low,QNT model (assumptions.csv),"Our estimate for horizon year 2050; scenario, not forecast."
BLO-0710,S-EFF,2050,prod_ruminant_kt_cwe,465.5,kt carcass weight,estimate,VN-direct,Low,QNT model (assumptions.csv),"Our estimate for horizon year 2050; scenario, not forecast."
BLO-0711,S-EFF,2050,pc_meat_demand_kg_cwe,87.645,"kg per person, carcass weight",estimate,VN-direct,Low,QNT model (assumptions.csv),"Our estimate for horizon year 2050; scenario, not forecast."
BLO-0712,S-EFF,2050,meat_consumption_animal_kt_cwe,9641.8,kt carcass weight (after S-ALT substitution),estimate,VN-direct,Low,QNT model (assumptions.csv),"Our estimate for horizon year 2050; scenario, not forecast."
BLO-0713,S-EFF,2050,meat_production_kt_cwe,8549.8,kt carcass weight,estimate,VN-direct,Low,QNT model (assumptions.csv),"Our estimate for horizon year 2050; scenario, not forecast."
BLO-0714,S-EFF,2050,pc_eggs_number,275.1,eggs per person,estimate,VN-direct,Low,QNT model (assumptions.csv),"Our estimate for horizon year 2050; scenario, not forecast."
BLO-0715,S-EFF,2050,prod_eggs_bn,30.262,billion eggs,estimate,VN-direct,Low,QNT model (assumptions.csv),"Our estimate for horizon year 2050; scenario, not forecast."
BLO-0716,S-EFF,2050,prod_milk_kt,2752.8,kt fresh milk,estimate,VN-direct,Low,QNT model (assumptions.csv),"Our estimate for horizon year 2050; scenario, not forecast."
BLO-0717,S-EFF,2050,pc_milk_domestic_kg,25.023,kg domestic fresh milk per person,estimate,VN-direct,Low,QNT model (assumptions.csv),"Our estimate for horizon year 2050; scenario, not forecast."
BLO-0718,S-EFF,2050,prod_aq_pangasius_kt,2700.0,kt live weight,estimate,VN-direct,Low,QNT model (assumptions.csv),"Our estimate for horizon year 2050; scenario, not forecast."
BLO-0719,S-EFF,2050,prod_aq_whiteleg_kt,1384.8,kt live weight,estimate,VN-direct,Low,QNT model (assumptions.csv),"Our estimate for horizon year 2050; scenario, not forecast."
BLO-0720,S-EFF,2050,prod_aq_othershrimp_kt,539.4,kt live weight,estimate,VN-direct,Low,QNT model (assumptions.csv),"Our estimate for horizon year 2050; scenario, not forecast."
BLO-0721,S-EFF,2050,prod_aq_otherfish_kt,2919.2,kt live weight,estimate,VN-direct,Low,QNT model (assumptions.csv),"Our estimate for horizon year 2050; scenario, not forecast."
BLO-0722,S-EFF,2050,prod_aq_nonfed_kt,975.0,kt live weight,estimate,VN-direct,Low,QNT model (assumptions.csv),"Our estimate for horizon year 2050; scenario, not forecast."
BLO-0723,S-EFF,2050,prod_aquaculture_kt,8518.3,kt live weight,estimate,VN-direct,Low,QNT model (assumptions.csv),"Our estimate for horizon year 2050; scenario, not forecast."
BLO-0724,S-EFF,2050,aquaculture_exports_kt_lwe,4376.6,kt live-weight equivalent,estimate,VN-direct,Low,QNT model (assumptions.csv),"Our estimate for horizon year 2050; scenario, not forecast."
BLO-0725,S-EFF,2050,aquaculture_export_share,0.5138,share,estimate,VN-direct,Low,QNT model (assumptions.csv),"Our estimate for horizon year 2050; scenario, not forecast."
BLO-0726,S-EFF,2050,pc_farmed_aquatic_domestic_kg,37.648,kg live weight per person,estimate,VN-direct,Low,QNT model (assumptions.csv),"Our estimate for horizon year 2050; scenario, not forecast."
BLO-0727,S-EFF,2050,feed_pig_mt,13.976,Mt compound feed,estimate,VN-direct,Low,QNT model (assumptions.csv),"Our estimate for horizon year 2050; scenario, not forecast."
BLO-0728,S-EFF,2050,feed_poultry_mt,12.032,Mt compound feed,estimate,VN-direct,Low,QNT model (assumptions.csv),"Our estimate for horizon year 2050; scenario, not forecast."
BLO-0729,S-EFF,2050,feed_other_livestock_mt,1.203,Mt compound feed,estimate,VN-direct,Low,QNT model (assumptions.csv),"Our estimate for horizon year 2050; scenario, not forecast."
BLO-0730,S-EFF,2050,feed_pangasius_mt,3.306,Mt compound feed,estimate,VN-direct,Low,QNT model (assumptions.csv),"Our estimate for horizon year 2050; scenario, not forecast."
BLO-0731,S-EFF,2050,feed_whiteleg_mt,1.47,Mt compound feed,estimate,VN-direct,Low,QNT model (assumptions.csv),"Our estimate for horizon year 2050; scenario, not forecast."
BLO-0732,S-EFF,2050,feed_othershrimp_mt,0.3302,Mt compound feed,estimate,VN-direct,Low,QNT model (assumptions.csv),"Our estimate for horizon year 2050; scenario, not forecast."
BLO-0733,S-EFF,2050,feed_otherfish_mt,3.039,Mt compound feed,estimate,VN-direct,Low,QNT model (assumptions.csv),"Our estimate for horizon year 2050; scenario, not forecast."
BLO-0734,S-EFF,2050,feed_livestock_mt,27.211,"Mt compound feed (pigs, poultry, other livestock)",estimate,VN-direct,Low,QNT model (assumptions.csv),"Our estimate for horizon year 2050; scenario, not forecast."
BLO-0735,S-EFF,2050,feed_aquafeed_mt,8.145,Mt compound feed,estimate,VN-direct,Low,QNT model (assumptions.csv),"Our estimate for horizon year 2050; scenario, not forecast."
BLO-0736,S-EFF,2050,feed_total_mt,35.356,Mt compound feed,estimate,VN-direct,Low,QNT model (assumptions.csv),"Our estimate for horizon year 2050; scenario, not forecast."
BLO-0737,S-EFF,2050,compound_share_pig,0.97,share,estimate,VN-direct,Low,QNT model (assumptions.csv),"Our estimate for horizon year 2050; scenario, not forecast."
BLO-0738,S-EFF,2050,sbm_demand_mt,7.004,Mt soybean meal,estimate,VN-direct,Low,QNT model (assumptions.csv),"Our estimate for horizon year 2050; scenario, not forecast."
BLO-0739,S-EFF,2050,sbm_import_need_mt,7.004,"Mt soybean meal (as meal, or as beans crushed in Vietnam)",estimate,VN-direct,Low,QNT model (assumptions.csv),"Our estimate for horizon year 2050; scenario, not forecast."
BLO-0740,S-EFF,2050,sbm_import_need_bean_eq_mt,8.979,Mt soybeans equivalent,estimate,VN-direct,Low,QNT model (assumptions.csv),"Our estimate for horizon year 2050; scenario, not forecast."
BLO-0741,S-EFF,2050,fishmeal_demand_kt,151.7,kt fishmeal,estimate,VN-direct,Low,QNT model (assumptions.csv),"Our estimate for horizon year 2050; scenario, not forecast."
BLO-0742,S-EFF,2050,other_meals_sbmeq_mt,3.418,Mt soybean-meal equivalent,estimate,VN-direct,Low,QNT model (assumptions.csv),"Our estimate for horizon year 2050; scenario, not forecast."
BLO-0743,S-EFF,2050,protein_meal_demand_sbmeq_mt,10.636,Mt soybean-meal equivalent (46% CP),estimate,VN-direct,Low,QNT model (assumptions.csv),"Our estimate for horizon year 2050; scenario, not forecast."
BLO-0744,S-EFF,2050,sbm_intensity_kg_per_t_feed,198.1,kg soybean meal per t compound feed,estimate,VN-direct,Low,QNT model (assumptions.csv),"Our estimate for horizon year 2050; scenario, not forecast."
BLO-0745,S-EFF,2050,maize_compound_feed_mt,13.534,Mt maize,estimate,VN-direct,Low,QNT model (assumptions.csv),"Our estimate for horizon year 2050; scenario, not forecast."
BLO-0746,S-EFF,2050,maize_total_use_mt,15.661,Mt maize,estimate,VN-direct,Low,QNT model (assumptions.csv),"Our estimate for horizon year 2050; scenario, not forecast."
BLO-0747,S-EFF,2050,maize_production_mt,4.1,Mt maize,estimate,VN-direct,Low,QNT model (assumptions.csv),"Our estimate for horizon year 2050; scenario, not forecast."
BLO-0748,S-EFF,2050,maize_import_need_mt,11.561,Mt maize,estimate,VN-direct,Low,QNT model (assumptions.csv),"Our estimate for horizon year 2050; scenario, not forecast."
BLO-0749,S-EFF,2050,soy_land_abroad_mha,1.957,million ha (mass allocation to meal),estimate,VN-direct,Low,QNT model (assumptions.csv),"Our estimate for horizon year 2050; scenario, not forecast."
BLO-0750,S-EFF,2050,maize_land_abroad_mha,1.474,million ha,estimate,VN-direct,Low,QNT model (assumptions.csv),"Our estimate for horizon year 2050; scenario, not forecast."
BLO-0751,S-ALT,2025,population,101.6,million,calibration (2025 base),VN-direct,Medium,QNT model (assumptions.csv),Calibrated to 2025 anchors; identical in all scenarios.
BLO-0752,S-ALT,2025,pc_pork_demand_kg_cwe,39.907,"kg per person, carcass weight",calibration (2025 base),VN-direct,Medium,QNT model (assumptions.csv),Calibrated to 2025 anchors; identical in all scenarios.
BLO-0753,S-ALT,2025,prod_pork_kt_lw,5389.2,kt live weight,calibration (2025 base),VN-direct,Medium,QNT model (assumptions.csv),Calibrated to 2025 anchors; identical in all scenarios.
BLO-0754,S-ALT,2025,prod_pork_kt_cwe,3896.4,kt carcass weight,calibration (2025 base),VN-direct,Medium,QNT model (assumptions.csv),Calibrated to 2025 anchors; identical in all scenarios.
BLO-0755,S-ALT,2025,pc_poultry_demand_kg_cwe,20.487,"kg per person, carcass weight",calibration (2025 base),VN-direct,Medium,QNT model (assumptions.csv),Calibrated to 2025 anchors; identical in all scenarios.
BLO-0756,S-ALT,2025,prod_poultry_kt_lw,2601.9,kt live weight,calibration (2025 base),VN-direct,Medium,QNT model (assumptions.csv),Calibrated to 2025 anchors; identical in all scenarios.
BLO-0757,S-ALT,2025,prod_poultry_kt_cwe,1821.3,kt carcass weight,calibration (2025 base),VN-direct,Medium,QNT model (assumptions.csv),Calibrated to 2025 anchors; identical in all scenarios.
BLO-0758,S-ALT,2025,pc_ruminant_demand_kg_cwe,6.062,"kg per person, carcass weight",calibration (2025 base),VN-direct,Medium,QNT model (assumptions.csv),Calibrated to 2025 anchors; identical in all scenarios.
BLO-0759,S-ALT,2025,prod_ruminant_kt_lw,624.3,kt live weight,calibration (2025 base),VN-direct,Medium,QNT model (assumptions.csv),Calibrated to 2025 anchors; identical in all scenarios.
BLO-0760,S-ALT,2025,prod_ruminant_kt_cwe,321.5,kt carcass weight,calibration (2025 base),VN-direct,Medium,QNT model (assumptions.csv),Calibrated to 2025 anchors; identical in all scenarios.
BLO-0761,S-ALT,2025,pc_meat_demand_kg_cwe,66.456,"kg per person, carcass weight",calibration (2025 base),VN-direct,Medium,QNT model (assumptions.csv),Calibrated to 2025 anchors; identical in all scenarios.
BLO-0762,S-ALT,2025,meat_consumption_animal_kt_cwe,6752.0,kt carcass weight (after S-ALT substitution),calibration (2025 base),VN-direct,Medium,QNT model (assumptions.csv),Calibrated to 2025 anchors; identical in all scenarios.
BLO-0763,S-ALT,2025,meat_production_kt_cwe,6039.2,kt carcass weight,calibration (2025 base),VN-direct,Medium,QNT model (assumptions.csv),Calibrated to 2025 anchors; identical in all scenarios.
BLO-0764,S-ALT,2025,pc_eggs_number,210.6,eggs per person,calibration (2025 base),VN-direct,Medium,QNT model (assumptions.csv),Calibrated to 2025 anchors; identical in all scenarios.
BLO-0765,S-ALT,2025,prod_eggs_bn,21.4,billion eggs,calibration (2025 base),VN-direct,Medium,QNT model (assumptions.csv),Calibrated to 2025 anchors; identical in all scenarios.
BLO-0766,S-ALT,2025,prod_milk_kt,1300.0,kt fresh milk,calibration (2025 base),VN-direct,Medium,QNT model (assumptions.csv),Calibrated to 2025 anchors; identical in all scenarios.
BLO-0767,S-ALT,2025,pc_milk_domestic_kg,12.795,kg domestic fresh milk per person,calibration (2025 base),VN-direct,Medium,QNT model (assumptions.csv),Calibrated to 2025 anchors; identical in all scenarios.
BLO-0768,S-ALT,2025,prod_aq_pangasius_kt,1938.8,kt live weight,calibration (2025 base),VN-direct,Medium,QNT model (assumptions.csv),Calibrated to 2025 anchors; identical in all scenarios.
BLO-0769,S-ALT,2025,prod_aq_whiteleg_kt,994.4,kt live weight,calibration (2025 base),VN-direct,Medium,QNT model (assumptions.csv),Calibrated to 2025 anchors; identical in all scenarios.
BLO-0770,S-ALT,2025,prod_aq_othershrimp_kt,387.3,kt live weight,calibration (2025 base),VN-direct,Medium,QNT model (assumptions.csv),Calibrated to 2025 anchors; identical in all scenarios.
BLO-0771,S-ALT,2025,prod_aq_otherfish_kt,2096.2,kt live weight,calibration (2025 base),VN-direct,Medium,QNT model (assumptions.csv),Calibrated to 2025 anchors; identical in all scenarios.
BLO-0772,S-ALT,2025,prod_aq_nonfed_kt,700.1,kt live weight,calibration (2025 base),VN-direct,Medium,QNT model (assumptions.csv),Calibrated to 2025 anchors; identical in all scenarios.
BLO-0773,S-ALT,2025,prod_aquaculture_kt,6116.8,kt live weight,calibration (2025 base),VN-direct,Medium,QNT model (assumptions.csv),Calibrated to 2025 anchors; identical in all scenarios.
BLO-0774,S-ALT,2025,aquaculture_exports_kt_lwe,3142.8,kt live-weight equivalent,calibration (2025 base),VN-direct,Medium,QNT model (assumptions.csv),Calibrated to 2025 anchors; identical in all scenarios.
BLO-0775,S-ALT,2025,aquaculture_export_share,0.5138,share,calibration (2025 base),VN-direct,Medium,QNT model (assumptions.csv),Calibrated to 2025 anchors; identical in all scenarios.
BLO-0776,S-ALT,2025,pc_farmed_aquatic_domestic_kg,29.272,kg live weight per person,calibration (2025 base),VN-direct,Medium,QNT model (assumptions.csv),Calibrated to 2025 anchors; identical in all scenarios.
BLO-0777,S-ALT,2025,feed_pig_mt,12.166,Mt compound feed,calibration (2025 base),VN-direct,Medium,QNT model (assumptions.csv),Calibrated to 2025 anchors; identical in all scenarios.
BLO-0778,S-ALT,2025,feed_poultry_mt,8.998,Mt compound feed,calibration (2025 base),VN-direct,Medium,QNT model (assumptions.csv),Calibrated to 2025 anchors; identical in all scenarios.
BLO-0779,S-ALT,2025,feed_other_livestock_mt,0.814,Mt compound feed,calibration (2025 base),VN-direct,Medium,QNT model (assumptions.csv),Calibrated to 2025 anchors; identical in all scenarios.
BLO-0780,S-ALT,2025,feed_pangasius_mt,2.902,Mt compound feed,calibration (2025 base),VN-direct,Medium,QNT model (assumptions.csv),Calibrated to 2025 anchors; identical in all scenarios.
BLO-0781,S-ALT,2025,feed_whiteleg_mt,1.29,Mt compound feed,calibration (2025 base),VN-direct,Medium,QNT model (assumptions.csv),Calibrated to 2025 anchors; identical in all scenarios.
BLO-0782,S-ALT,2025,feed_othershrimp_mt,0.1739,Mt compound feed,calibration (2025 base),VN-direct,Medium,QNT model (assumptions.csv),Calibrated to 2025 anchors; identical in all scenarios.
BLO-0783,S-ALT,2025,feed_otherfish_mt,2.134,Mt compound feed,calibration (2025 base),VN-direct,Medium,QNT model (assumptions.csv),Calibrated to 2025 anchors; identical in all scenarios.
BLO-0784,S-ALT,2025,feed_livestock_mt,21.978,"Mt compound feed (pigs, poultry, other livestock)",calibration (2025 base),VN-direct,Medium,QNT model (assumptions.csv),Calibrated to 2025 anchors; identical in all scenarios.
BLO-0785,S-ALT,2025,feed_aquafeed_mt,6.5,Mt compound feed,calibration (2025 base),VN-direct,Medium,QNT model (assumptions.csv),Calibrated to 2025 anchors; identical in all scenarios.
BLO-0786,S-ALT,2025,feed_total_mt,28.478,Mt compound feed,calibration (2025 base),VN-direct,Medium,QNT model (assumptions.csv),Calibrated to 2025 anchors; identical in all scenarios.
BLO-0787,S-ALT,2025,compound_share_pig,0.8062,share,calibration (2025 base),VN-direct,Medium,QNT model (assumptions.csv),Calibrated to 2025 anchors; identical in all scenarios.
BLO-0788,S-ALT,2025,sbm_demand_mt,7.2,Mt soybean meal,calibration (2025 base),VN-direct,Medium,QNT model (assumptions.csv),Calibrated to 2025 anchors; identical in all scenarios.
BLO-0789,S-ALT,2025,sbm_import_need_mt,7.2,"Mt soybean meal (as meal, or as beans crushed in Vietnam)",calibration (2025 base),VN-direct,Medium,QNT model (assumptions.csv),Calibrated to 2025 anchors; identical in all scenarios.
BLO-0790,S-ALT,2025,sbm_import_need_bean_eq_mt,9.231,Mt soybeans equivalent,calibration (2025 base),VN-direct,Medium,QNT model (assumptions.csv),Calibrated to 2025 anchors; identical in all scenarios.
BLO-0791,S-ALT,2025,fishmeal_demand_kt,261.7,kt fishmeal,calibration (2025 base),VN-direct,Medium,QNT model (assumptions.csv),Calibrated to 2025 anchors; identical in all scenarios.
BLO-0792,S-ALT,2025,other_meals_sbmeq_mt,2.43,Mt soybean-meal equivalent,calibration (2025 base),VN-direct,Medium,QNT model (assumptions.csv),Calibrated to 2025 anchors; identical in all scenarios.
BLO-0793,S-ALT,2025,protein_meal_demand_sbmeq_mt,10.0,Mt soybean-meal equivalent (46% CP),calibration (2025 base),VN-direct,Medium,QNT model (assumptions.csv),Calibrated to 2025 anchors; identical in all scenarios.
BLO-0794,S-ALT,2025,sbm_intensity_kg_per_t_feed,252.8,kg soybean meal per t compound feed,calibration (2025 base),VN-direct,Medium,QNT model (assumptions.csv),Calibrated to 2025 anchors; identical in all scenarios.
BLO-0795,S-ALT,2025,maize_compound_feed_mt,10.9,Mt maize,calibration (2025 base),VN-direct,Medium,QNT model (assumptions.csv),Calibrated to 2025 anchors; identical in all scenarios.
BLO-0796,S-ALT,2025,maize_total_use_mt,16.01,Mt maize,calibration (2025 base),VN-direct,Medium,QNT model (assumptions.csv),Calibrated to 2025 anchors; identical in all scenarios.
BLO-0797,S-ALT,2025,maize_production_mt,4.1,Mt maize,calibration (2025 base),VN-direct,Medium,QNT model (assumptions.csv),Calibrated to 2025 anchors; identical in all scenarios.
BLO-0798,S-ALT,2025,maize_import_need_mt,11.91,Mt maize,calibration (2025 base),VN-direct,Medium,QNT model (assumptions.csv),Calibrated to 2025 anchors; identical in all scenarios.
BLO-0799,S-ALT,2025,soy_land_abroad_mha,2.337,million ha (mass allocation to meal),calibration (2025 base),VN-direct,Medium,QNT model (assumptions.csv),Calibrated to 2025 anchors; identical in all scenarios.
BLO-0800,S-ALT,2025,maize_land_abroad_mha,1.636,million ha,calibration (2025 base),VN-direct,Medium,QNT model (assumptions.csv),Calibrated to 2025 anchors; identical in all scenarios.
BLO-0801,S-ALT,2025,alt_feed_protein_kt,0.0,"kt protein (microbial, feed)",calibration (2025 base),VN-direct,Medium,QNT model (assumptions.csv),Calibrated to 2025 anchors; identical in all scenarios.
BLO-0802,S-ALT,2025,alt_feed_protein_from_sbm_kt,0.0,kt protein replacing soybean meal,calibration (2025 base),VN-direct,Medium,QNT model (assumptions.csv),Calibrated to 2025 anchors; identical in all scenarios.
BLO-0803,S-ALT,2025,alt_feed_protein_from_fishmeal_kt,0.0,kt protein replacing fishmeal,calibration (2025 base),VN-direct,Medium,QNT model (assumptions.csv),Calibrated to 2025 anchors; identical in all scenarios.
BLO-0804,S-ALT,2025,alt_feed_product_kt,0.0,kt dry product,calibration (2025 base),VN-direct,Medium,QNT model (assumptions.csv),Calibrated to 2025 anchors; identical in all scenarios.
BLO-0805,S-ALT,2025,alt_food_protein_kt,0.0,kt protein (plant-based plus fermented food),calibration (2025 base),VN-direct,Medium,QNT model (assumptions.csv),Calibrated to 2025 anchors; identical in all scenarios.
BLO-0806,S-ALT,2025,alt_food_ingredient_kt,0.0,kt dry protein ingredient,calibration (2025 base),VN-direct,Medium,QNT model (assumptions.csv),Calibrated to 2025 anchors; identical in all scenarios.
BLO-0807,S-ALT,2025,alt_food_finished_product_kt,0.0,kt finished product at 15% protein,calibration (2025 base),VN-direct,Medium,QNT model (assumptions.csv),Calibrated to 2025 anchors; identical in all scenarios.
BLO-0808,S-ALT,2025,alt_glucose_kt,0.0,"kt glucose equivalent (sugar route, feed plus food)",calibration (2025 base),VN-direct,Medium,QNT model (assumptions.csv),Calibrated to 2025 anchors; identical in all scenarios.
BLO-0809,S-ALT,2025,alt_cassava_starch_kt_if_all_cassava,0.0,kt cassava starch (if all glucose from cassava),calibration (2025 base),VN-direct,Medium,QNT model (assumptions.csv),Calibrated to 2025 anchors; identical in all scenarios.
BLO-0810,S-ALT,2025,alt_cassava_roots_kt_if_all_cassava,0.0,kt fresh cassava roots (if all glucose from cassava),calibration (2025 base),VN-direct,Medium,QNT model (assumptions.csv),Calibrated to 2025 anchors; identical in all scenarios.
BLO-0811,S-ALT,2025,alt_cassava_land_kha_if_all_cassava,0.0,thousand ha,calibration (2025 base),VN-direct,Medium,QNT model (assumptions.csv),Calibrated to 2025 anchors; identical in all scenarios.
BLO-0812,S-ALT,2025,alt_sugar_kt_if_all_sugar,0.0,"kt sucrose (alternative to cassava, not additional)",calibration (2025 base),VN-direct,Medium,QNT model (assumptions.csv),Calibrated to 2025 anchors; identical in all scenarios.
BLO-0813,S-ALT,2025,alt_electricity_twh,0.0,TWh a year,calibration (2025 base),VN-direct,Medium,QNT model (assumptions.csv),Calibrated to 2025 anchors; identical in all scenarios.
BLO-0814,S-ALT,2025,alt_hydrogen_kt,0.0,kt H2 a year,calibration (2025 base),VN-direct,Medium,QNT model (assumptions.csv),Calibrated to 2025 anchors; identical in all scenarios.
BLO-0815,S-ALT,2025,alt_co2_feedstock_kt,0.0,kt CO2 used as feedstock,calibration (2025 base),VN-direct,Medium,QNT model (assumptions.csv),Calibrated to 2025 anchors; identical in all scenarios.
BLO-0816,S-ALT,2025,alt_nitrogen_urea_eq_kt,0.0,kt urea (sugar route),calibration (2025 base),VN-direct,Medium,QNT model (assumptions.csv),Calibrated to 2025 anchors; identical in all scenarios.
BLO-0817,S-ALT,2025,alt_nitrogen_nh3_kt,0.0,kt NH3 (gas route),calibration (2025 base),VN-direct,Medium,QNT model (assumptions.csv),Calibrated to 2025 anchors; identical in all scenarios.
BLO-0818,S-ALT,2025,alt_soybeans_for_plant_food_kt,0.0,"kt soybeans (imported, for plant-based food)",calibration (2025 base),VN-direct,Medium,QNT model (assumptions.csv),Calibrated to 2025 anchors; identical in all scenarios.
BLO-0819,S-ALT,2025,alt_electricity_co2_mt,0.0,Mt CO2 at the PDP8-derived grid factor,calibration (2025 base),VN-direct,Medium,QNT model (assumptions.csv),Calibrated to 2025 anchors; identical in all scenarios.
BLO-0820,S-ALT,2025,sbm_import_avoided_mt,0.0,Mt soybean meal vs S-BASE,calibration (2025 base),VN-direct,Medium,QNT model (assumptions.csv),Calibrated to 2025 anchors; identical in all scenarios.
BLO-0821,S-ALT,2025,sbm_import_avoided_via_feed_mt,0.0,Mt (microbial protein in feed),calibration (2025 base),VN-direct,Medium,QNT model (assumptions.csv),Calibrated to 2025 anchors; identical in all scenarios.
BLO-0822,S-ALT,2025,sbm_import_avoided_via_food_mt,0.0,Mt (less meat produced),calibration (2025 base),VN-direct,Medium,QNT model (assumptions.csv),Calibrated to 2025 anchors; identical in all scenarios.
BLO-0823,S-ALT,2025,sbm_import_avoided_pct,0.0,% of S-BASE need,calibration (2025 base),VN-direct,Medium,QNT model (assumptions.csv),Calibrated to 2025 anchors; identical in all scenarios.
BLO-0824,S-ALT,2025,fishmeal_avoided_kt,0.0,kt vs S-BASE,calibration (2025 base),VN-direct,Medium,QNT model (assumptions.csv),Calibrated to 2025 anchors; identical in all scenarios.
BLO-0825,S-ALT,2025,maize_import_avoided_mt,0.0,Mt vs S-BASE,calibration (2025 base),VN-direct,Medium,QNT model (assumptions.csv),Calibrated to 2025 anchors; identical in all scenarios.
BLO-0826,S-ALT,2025,soy_land_avoided_gross_kha,0.0,thousand ha abroad,calibration (2025 base),VN-direct,Medium,QNT model (assumptions.csv),Calibrated to 2025 anchors; identical in all scenarios.
BLO-0827,S-ALT,2025,soy_land_for_plant_food_kha,0.0,thousand ha abroad,calibration (2025 base),VN-direct,Medium,QNT model (assumptions.csv),Calibrated to 2025 anchors; identical in all scenarios.
BLO-0828,S-ALT,2025,soy_land_avoided_net_kha,0.0,thousand ha abroad,calibration (2025 base),VN-direct,Medium,QNT model (assumptions.csv),Calibrated to 2025 anchors; identical in all scenarios.
BLO-0829,S-ALT,2025,sbm_emissions_avoided_mt_co2e,0.0,"Mt CO2e (published average, land-use change not checked)",calibration (2025 base),VN-direct,Medium,QNT model (assumptions.csv),Calibrated to 2025 anchors; identical in all scenarios.
BLO-0830,S-ALT,2025,fishmeal_emissions_avoided_mt_co2e,0.0,Mt CO2e,calibration (2025 base),VN-direct,Medium,QNT model (assumptions.csv),Calibrated to 2025 anchors; identical in all scenarios.
BLO-0831,S-ALT,2030,population,104.2,million,estimate,VN-direct,Low,QNT model (assumptions.csv),"Our estimate for horizon year 2030; scenario, not forecast."
BLO-0832,S-ALT,2030,pc_pork_demand_kg_cwe,43.307,"kg per person, carcass weight",estimate,VN-direct,Low,QNT model (assumptions.csv),"Our estimate for horizon year 2030; scenario, not forecast."
BLO-0833,S-ALT,2030,prod_pork_kt_lw,5940.9,kt live weight,estimate,VN-direct,Low,QNT model (assumptions.csv),"Our estimate for horizon year 2030; scenario, not forecast."
BLO-0834,S-ALT,2030,prod_pork_kt_cwe,4295.3,kt carcass weight,estimate,VN-direct,Low,QNT model (assumptions.csv),"Our estimate for horizon year 2030; scenario, not forecast."
BLO-0835,S-ALT,2030,pc_poultry_demand_kg_cwe,25.54,"kg per person, carcass weight",estimate,VN-direct,Low,QNT model (assumptions.csv),"Our estimate for horizon year 2030; scenario, not forecast."
BLO-0836,S-ALT,2030,prod_poultry_kt_lw,3294.8,kt live weight,estimate,VN-direct,Low,QNT model (assumptions.csv),"Our estimate for horizon year 2030; scenario, not forecast."
BLO-0837,S-ALT,2030,prod_poultry_kt_cwe,2306.4,kt carcass weight,estimate,VN-direct,Low,QNT model (assumptions.csv),"Our estimate for horizon year 2030; scenario, not forecast."
BLO-0838,S-ALT,2030,pc_ruminant_demand_kg_cwe,6.543,"kg per person, carcass weight",estimate,VN-direct,Low,QNT model (assumptions.csv),"Our estimate for horizon year 2030; scenario, not forecast."
BLO-0839,S-ALT,2030,prod_ruminant_kt_lw,684.5,kt live weight,estimate,VN-direct,Low,QNT model (assumptions.csv),"Our estimate for horizon year 2030; scenario, not forecast."
BLO-0840,S-ALT,2030,prod_ruminant_kt_cwe,352.5,kt carcass weight,estimate,VN-direct,Low,QNT model (assumptions.csv),"Our estimate for horizon year 2030; scenario, not forecast."
BLO-0841,S-ALT,2030,pc_meat_demand_kg_cwe,75.389,"kg per person, carcass weight",estimate,VN-direct,Low,QNT model (assumptions.csv),"Our estimate for horizon year 2030; scenario, not forecast."
BLO-0842,S-ALT,2030,meat_consumption_animal_kt_cwe,7780.7,kt carcass weight (after S-ALT substitution),estimate,VN-direct,Low,QNT model (assumptions.csv),"Our estimate for horizon year 2030; scenario, not forecast."
BLO-0843,S-ALT,2030,meat_production_kt_cwe,6954.2,kt carcass weight,estimate,VN-direct,Low,QNT model (assumptions.csv),"Our estimate for horizon year 2030; scenario, not forecast."
BLO-0844,S-ALT,2030,pc_eggs_number,235.1,eggs per person,estimate,VN-direct,Low,QNT model (assumptions.csv),"Our estimate for horizon year 2030; scenario, not forecast."
BLO-0845,S-ALT,2030,prod_eggs_bn,24.505,billion eggs,estimate,VN-direct,Low,QNT model (assumptions.csv),"Our estimate for horizon year 2030; scenario, not forecast."
BLO-0846,S-ALT,2030,prod_milk_kt,1598.4,kt fresh milk,estimate,VN-direct,Low,QNT model (assumptions.csv),"Our estimate for horizon year 2030; scenario, not forecast."
BLO-0847,S-ALT,2030,pc_milk_domestic_kg,15.332,kg domestic fresh milk per person,estimate,VN-direct,Low,QNT model (assumptions.csv),"Our estimate for horizon year 2030; scenario, not forecast."
BLO-0848,S-ALT,2030,prod_aq_pangasius_kt,2085.8,kt live weight,estimate,VN-direct,Low,QNT model (assumptions.csv),"Our estimate for horizon year 2030; scenario, not forecast."
BLO-0849,S-ALT,2030,prod_aq_whiteleg_kt,1069.8,kt live weight,estimate,VN-direct,Low,QNT model (assumptions.csv),"Our estimate for horizon year 2030; scenario, not forecast."
BLO-0850,S-ALT,2030,prod_aq_othershrimp_kt,416.7,kt live weight,estimate,VN-direct,Low,QNT model (assumptions.csv),"Our estimate for horizon year 2030; scenario, not forecast."
BLO-0851,S-ALT,2030,prod_aq_otherfish_kt,2255.1,kt live weight,estimate,VN-direct,Low,QNT model (assumptions.csv),"Our estimate for horizon year 2030; scenario, not forecast."
BLO-0852,S-ALT,2030,prod_aq_nonfed_kt,753.2,kt live weight,estimate,VN-direct,Low,QNT model (assumptions.csv),"Our estimate for horizon year 2030; scenario, not forecast."
BLO-0853,S-ALT,2030,prod_aquaculture_kt,6580.5,kt live weight,estimate,VN-direct,Low,QNT model (assumptions.csv),"Our estimate for horizon year 2030; scenario, not forecast."
BLO-0854,S-ALT,2030,aquaculture_exports_kt_lwe,3381.0,kt live-weight equivalent,estimate,VN-direct,Low,QNT model (assumptions.csv),"Our estimate for horizon year 2030; scenario, not forecast."
BLO-0855,S-ALT,2030,aquaculture_export_share,0.5138,share,estimate,VN-direct,Low,QNT model (assumptions.csv),"Our estimate for horizon year 2030; scenario, not forecast."
BLO-0856,S-ALT,2030,pc_farmed_aquatic_domestic_kg,30.69,kg live weight per person,estimate,VN-direct,Low,QNT model (assumptions.csv),"Our estimate for horizon year 2030; scenario, not forecast."
BLO-0857,S-ALT,2030,feed_pig_mt,14.348,Mt compound feed,estimate,VN-direct,Low,QNT model (assumptions.csv),"Our estimate for horizon year 2030; scenario, not forecast."
BLO-0858,S-ALT,2030,feed_poultry_mt,10.907,Mt compound feed,estimate,VN-direct,Low,QNT model (assumptions.csv),"Our estimate for horizon year 2030; scenario, not forecast."
BLO-0859,S-ALT,2030,feed_other_livestock_mt,0.9465,Mt compound feed,estimate,VN-direct,Low,QNT model (assumptions.csv),"Our estimate for horizon year 2030; scenario, not forecast."
BLO-0860,S-ALT,2030,feed_pangasius_mt,3.076,Mt compound feed,estimate,VN-direct,Low,QNT model (assumptions.csv),"Our estimate for horizon year 2030; scenario, not forecast."
BLO-0861,S-ALT,2030,feed_whiteleg_mt,1.367,Mt compound feed,estimate,VN-direct,Low,QNT model (assumptions.csv),"Our estimate for horizon year 2030; scenario, not forecast."
BLO-0862,S-ALT,2030,feed_othershrimp_mt,0.215,Mt compound feed,estimate,VN-direct,Low,QNT model (assumptions.csv),"Our estimate for horizon year 2030; scenario, not forecast."
BLO-0863,S-ALT,2030,feed_otherfish_mt,2.42,Mt compound feed,estimate,VN-direct,Low,QNT model (assumptions.csv),"Our estimate for horizon year 2030; scenario, not forecast."
BLO-0864,S-ALT,2030,feed_livestock_mt,26.201,"Mt compound feed (pigs, poultry, other livestock)",estimate,VN-direct,Low,QNT model (assumptions.csv),"Our estimate for horizon year 2030; scenario, not forecast."
BLO-0865,S-ALT,2030,feed_aquafeed_mt,7.077,Mt compound feed,estimate,VN-direct,Low,QNT model (assumptions.csv),"Our estimate for horizon year 2030; scenario, not forecast."
BLO-0866,S-ALT,2030,feed_total_mt,33.279,Mt compound feed,estimate,VN-direct,Low,QNT model (assumptions.csv),"Our estimate for horizon year 2030; scenario, not forecast."
BLO-0867,S-ALT,2030,compound_share_pig,0.88,share,estimate,VN-direct,Low,QNT model (assumptions.csv),"Our estimate for horizon year 2030; scenario, not forecast."
BLO-0868,S-ALT,2030,sbm_demand_mt,8.318,Mt soybean meal,estimate,VN-direct,Low,QNT model (assumptions.csv),"Our estimate for horizon year 2030; scenario, not forecast."
BLO-0869,S-ALT,2030,sbm_import_need_mt,8.318,"Mt soybean meal (as meal, or as beans crushed in Vietnam)",estimate,VN-direct,Low,QNT model (assumptions.csv),"Our estimate for horizon year 2030; scenario, not forecast."
BLO-0870,S-ALT,2030,sbm_import_need_bean_eq_mt,10.665,Mt soybeans equivalent,estimate,VN-direct,Low,QNT model (assumptions.csv),"Our estimate for horizon year 2030; scenario, not forecast."
BLO-0871,S-ALT,2030,fishmeal_demand_kt,237.9,kt fishmeal,estimate,VN-direct,Low,QNT model (assumptions.csv),"Our estimate for horizon year 2030; scenario, not forecast."
BLO-0872,S-ALT,2030,other_meals_sbmeq_mt,2.84,Mt soybean-meal equivalent,estimate,VN-direct,Low,QNT model (assumptions.csv),"Our estimate for horizon year 2030; scenario, not forecast."
BLO-0873,S-ALT,2030,protein_meal_demand_sbmeq_mt,11.494,Mt soybean-meal equivalent (46% CP),estimate,VN-direct,Low,QNT model (assumptions.csv),"Our estimate for horizon year 2030; scenario, not forecast."
BLO-0874,S-ALT,2030,sbm_intensity_kg_per_t_feed,250.0,kg soybean meal per t compound feed,estimate,VN-direct,Low,QNT model (assumptions.csv),"Our estimate for horizon year 2030; scenario, not forecast."
BLO-0875,S-ALT,2030,maize_compound_feed_mt,12.977,Mt maize,estimate,VN-direct,Low,QNT model (assumptions.csv),"Our estimate for horizon year 2030; scenario, not forecast."
BLO-0876,S-ALT,2030,maize_total_use_mt,16.929,Mt maize,estimate,VN-direct,Low,QNT model (assumptions.csv),"Our estimate for horizon year 2030; scenario, not forecast."
BLO-0877,S-ALT,2030,maize_production_mt,4.1,Mt maize,estimate,VN-direct,Low,QNT model (assumptions.csv),"Our estimate for horizon year 2030; scenario, not forecast."
BLO-0878,S-ALT,2030,maize_import_need_mt,12.829,Mt maize,estimate,VN-direct,Low,QNT model (assumptions.csv),"Our estimate for horizon year 2030; scenario, not forecast."
BLO-0879,S-ALT,2030,soy_land_abroad_mha,2.62,million ha (mass allocation to meal),estimate,VN-direct,Low,QNT model (assumptions.csv),"Our estimate for horizon year 2030; scenario, not forecast."
BLO-0880,S-ALT,2030,maize_land_abroad_mha,1.736,million ha,estimate,VN-direct,Low,QNT model (assumptions.csv),"Our estimate for horizon year 2030; scenario, not forecast."
BLO-0881,S-ALT,2030,alt_feed_protein_kt,55.836,"kt protein (microbial, feed)",estimate,VN-direct,Low,QNT model (assumptions.csv),"Our estimate for horizon year 2030; scenario, not forecast."
BLO-0882,S-ALT,2030,alt_feed_protein_from_sbm_kt,38.651,kt protein replacing soybean meal,estimate,VN-direct,Low,QNT model (assumptions.csv),"Our estimate for horizon year 2030; scenario, not forecast."
BLO-0883,S-ALT,2030,alt_feed_protein_from_fishmeal_kt,17.185,kt protein replacing fishmeal,estimate,VN-direct,Low,QNT model (assumptions.csv),"Our estimate for horizon year 2030; scenario, not forecast."
BLO-0884,S-ALT,2030,alt_feed_product_kt,101.5,kt dry product,estimate,VN-direct,Low,QNT model (assumptions.csv),"Our estimate for horizon year 2030; scenario, not forecast."
BLO-0885,S-ALT,2030,alt_food_protein_kt,11.789,kt protein (plant-based plus fermented food),estimate,VN-direct,Low,QNT model (assumptions.csv),"Our estimate for horizon year 2030; scenario, not forecast."
BLO-0886,S-ALT,2030,alt_food_ingredient_kt,22.864,kt dry protein ingredient,estimate,VN-direct,Low,QNT model (assumptions.csv),"Our estimate for horizon year 2030; scenario, not forecast."
BLO-0887,S-ALT,2030,alt_food_finished_product_kt,78.593,kt finished product at 15% protein,estimate,VN-direct,Low,QNT model (assumptions.csv),"Our estimate for horizon year 2030; scenario, not forecast."
BLO-0888,S-ALT,2030,alt_glucose_kt,237.5,"kt glucose equivalent (sugar route, feed plus food)",estimate,VN-direct,Low,QNT model (assumptions.csv),"Our estimate for horizon year 2030; scenario, not forecast."
BLO-0889,S-ALT,2030,alt_cassava_starch_kt_if_all_cassava,219.9,kt cassava starch (if all glucose from cassava),estimate,VN-direct,Low,QNT model (assumptions.csv),"Our estimate for horizon year 2030; scenario, not forecast."
BLO-0890,S-ALT,2030,alt_cassava_roots_kt_if_all_cassava,967.6,kt fresh cassava roots (if all glucose from cassava),estimate,VN-direct,Low,QNT model (assumptions.csv),"Our estimate for horizon year 2030; scenario, not forecast."
BLO-0891,S-ALT,2030,alt_cassava_land_kha_if_all_cassava,47.202,thousand ha,estimate,VN-direct,Low,QNT model (assumptions.csv),"Our estimate for horizon year 2030; scenario, not forecast."
BLO-0892,S-ALT,2030,alt_sugar_kt_if_all_sugar,225.6,"kt sucrose (alternative to cassava, not additional)",estimate,VN-direct,Low,QNT model (assumptions.csv),"Our estimate for horizon year 2030; scenario, not forecast."
BLO-0893,S-ALT,2030,alt_electricity_twh,0.2078,TWh a year,estimate,VN-direct,Low,QNT model (assumptions.csv),"Our estimate for horizon year 2030; scenario, not forecast."
BLO-0894,S-ALT,2030,alt_hydrogen_kt,0.0,kt H2 a year,estimate,VN-direct,Low,QNT model (assumptions.csv),"Our estimate for horizon year 2030; scenario, not forecast."
BLO-0895,S-ALT,2030,alt_co2_feedstock_kt,0.0,kt CO2 used as feedstock,estimate,VN-direct,Low,QNT model (assumptions.csv),"Our estimate for horizon year 2030; scenario, not forecast."
BLO-0896,S-ALT,2030,alt_nitrogen_urea_eq_kt,21.968,kt urea (sugar route),estimate,VN-direct,Low,QNT model (assumptions.csv),"Our estimate for horizon year 2030; scenario, not forecast."
BLO-0897,S-ALT,2030,alt_nitrogen_nh3_kt,0.0,kt NH3 (gas route),estimate,VN-direct,Low,QNT model (assumptions.csv),"Our estimate for horizon year 2030; scenario, not forecast."
BLO-0898,S-ALT,2030,alt_soybeans_for_plant_food_kt,27.233,"kt soybeans (imported, for plant-based food)",estimate,VN-direct,Low,QNT model (assumptions.csv),"Our estimate for horizon year 2030; scenario, not forecast."
BLO-0899,S-ALT,2030,alt_electricity_co2_mt,0.079,Mt CO2 at the PDP8-derived grid factor,estimate,VN-direct,Low,QNT model (assumptions.csv),"Our estimate for horizon year 2030; scenario, not forecast."
BLO-0900,S-ALT,2030,sbm_import_avoided_mt,0.1375,Mt soybean meal vs S-BASE,estimate,VN-direct,Low,QNT model (assumptions.csv),"Our estimate for horizon year 2030; scenario, not forecast."
BLO-0901,S-ALT,2030,sbm_import_avoided_via_feed_mt,0.084,Mt (microbial protein in feed),estimate,VN-direct,Low,QNT model (assumptions.csv),"Our estimate for horizon year 2030; scenario, not forecast."
BLO-0902,S-ALT,2030,sbm_import_avoided_via_food_mt,0.0535,Mt (less meat produced),estimate,VN-direct,Low,QNT model (assumptions.csv),"Our estimate for horizon year 2030; scenario, not forecast."
BLO-0903,S-ALT,2030,sbm_import_avoided_pct,1.626,% of S-BASE need,estimate,VN-direct,Low,QNT model (assumptions.csv),"Our estimate for horizon year 2030; scenario, not forecast."
BLO-0904,S-ALT,2030,fishmeal_avoided_kt,26.542,kt vs S-BASE,estimate,VN-direct,Low,QNT model (assumptions.csv),"Our estimate for horizon year 2030; scenario, not forecast."
BLO-0905,S-ALT,2030,maize_import_avoided_mt,0.1326,Mt vs S-BASE,estimate,VN-direct,Low,QNT model (assumptions.csv),"Our estimate for horizon year 2030; scenario, not forecast."
BLO-0906,S-ALT,2030,soy_land_avoided_gross_kha,43.314,thousand ha abroad,estimate,VN-direct,Low,QNT model (assumptions.csv),"Our estimate for horizon year 2030; scenario, not forecast."
BLO-0907,S-ALT,2030,soy_land_for_plant_food_kha,6.691,thousand ha abroad,estimate,VN-direct,Low,QNT model (assumptions.csv),"Our estimate for horizon year 2030; scenario, not forecast."
BLO-0908,S-ALT,2030,soy_land_avoided_net_kha,36.623,thousand ha abroad,estimate,VN-direct,Low,QNT model (assumptions.csv),"Our estimate for horizon year 2030; scenario, not forecast."
BLO-0909,S-ALT,2030,sbm_emissions_avoided_mt_co2e,0.0538,"Mt CO2e (published average, land-use change not checked)",estimate,VN-direct,Low,QNT model (assumptions.csv),"Our estimate for horizon year 2030; scenario, not forecast."
BLO-0910,S-ALT,2030,fishmeal_emissions_avoided_mt_co2e,0.0469,Mt CO2e,estimate,VN-direct,Low,QNT model (assumptions.csv),"Our estimate for horizon year 2030; scenario, not forecast."
BLO-0911,S-ALT,2035,population,106.5,million,estimate,VN-direct,Low,QNT model (assumptions.csv),"Our estimate for horizon year 2035; scenario, not forecast."
BLO-0912,S-ALT,2035,pc_pork_demand_kg_cwe,43.909,"kg per person, carcass weight",estimate,VN-direct,Low,QNT model (assumptions.csv),"Our estimate for horizon year 2035; scenario, not forecast."
BLO-0913,S-ALT,2035,prod_pork_kt_lw,6030.9,kt live weight,estimate,VN-direct,Low,QNT model (assumptions.csv),"Our estimate for horizon year 2035; scenario, not forecast."
BLO-0914,S-ALT,2035,prod_pork_kt_cwe,4360.4,kt carcass weight,estimate,VN-direct,Low,QNT model (assumptions.csv),"Our estimate for horizon year 2035; scenario, not forecast."
BLO-0915,S-ALT,2035,pc_poultry_demand_kg_cwe,31.043,"kg per person, carcass weight",estimate,VN-direct,Low,QNT model (assumptions.csv),"Our estimate for horizon year 2035; scenario, not forecast."
BLO-0916,S-ALT,2035,prod_poultry_kt_lw,4009.7,kt live weight,estimate,VN-direct,Low,QNT model (assumptions.csv),"Our estimate for horizon year 2035; scenario, not forecast."
BLO-0917,S-ALT,2035,prod_poultry_kt_cwe,2806.8,kt carcass weight,estimate,VN-direct,Low,QNT model (assumptions.csv),"Our estimate for horizon year 2035; scenario, not forecast."
BLO-0918,S-ALT,2035,pc_ruminant_demand_kg_cwe,6.983,"kg per person, carcass weight",estimate,VN-direct,Low,QNT model (assumptions.csv),"Our estimate for horizon year 2035; scenario, not forecast."
BLO-0919,S-ALT,2035,prod_ruminant_kt_lw,731.3,kt live weight,estimate,VN-direct,Low,QNT model (assumptions.csv),"Our estimate for horizon year 2035; scenario, not forecast."
BLO-0920,S-ALT,2035,prod_ruminant_kt_cwe,376.6,kt carcass weight,estimate,VN-direct,Low,QNT model (assumptions.csv),"Our estimate for horizon year 2035; scenario, not forecast."
BLO-0921,S-ALT,2035,pc_meat_demand_kg_cwe,81.934,"kg per person, carcass weight",estimate,VN-direct,Low,QNT model (assumptions.csv),"Our estimate for horizon year 2035; scenario, not forecast."
BLO-0922,S-ALT,2035,meat_consumption_animal_kt_cwe,8466.6,kt carcass weight (after S-ALT substitution),estimate,VN-direct,Low,QNT model (assumptions.csv),"Our estimate for horizon year 2035; scenario, not forecast."
BLO-0923,S-ALT,2035,meat_production_kt_cwe,7543.8,kt carcass weight,estimate,VN-direct,Low,QNT model (assumptions.csv),"Our estimate for horizon year 2035; scenario, not forecast."
BLO-0924,S-ALT,2035,pc_eggs_number,247.5,eggs per person,estimate,VN-direct,Low,QNT model (assumptions.csv),"Our estimate for horizon year 2035; scenario, not forecast."
BLO-0925,S-ALT,2035,prod_eggs_bn,26.365,billion eggs,estimate,VN-direct,Low,QNT model (assumptions.csv),"Our estimate for horizon year 2035; scenario, not forecast."
BLO-0926,S-ALT,2035,prod_milk_kt,1947.9,kt fresh milk,estimate,VN-direct,Low,QNT model (assumptions.csv),"Our estimate for horizon year 2035; scenario, not forecast."
BLO-0927,S-ALT,2035,pc_milk_domestic_kg,18.285,kg domestic fresh milk per person,estimate,VN-direct,Low,QNT model (assumptions.csv),"Our estimate for horizon year 2035; scenario, not forecast."
BLO-0928,S-ALT,2035,prod_aq_pangasius_kt,2325.6,kt live weight,estimate,VN-direct,Low,QNT model (assumptions.csv),"Our estimate for horizon year 2035; scenario, not forecast."
BLO-0929,S-ALT,2035,prod_aq_whiteleg_kt,1192.8,kt live weight,estimate,VN-direct,Low,QNT model (assumptions.csv),"Our estimate for horizon year 2035; scenario, not forecast."
BLO-0930,S-ALT,2035,prod_aq_othershrimp_kt,464.6,kt live weight,estimate,VN-direct,Low,QNT model (assumptions.csv),"Our estimate for horizon year 2035; scenario, not forecast."
BLO-0931,S-ALT,2035,prod_aq_otherfish_kt,2514.4,kt live weight,estimate,VN-direct,Low,QNT model (assumptions.csv),"Our estimate for horizon year 2035; scenario, not forecast."
BLO-0932,S-ALT,2035,prod_aq_nonfed_kt,839.8,kt live weight,estimate,VN-direct,Low,QNT model (assumptions.csv),"Our estimate for horizon year 2035; scenario, not forecast."
BLO-0933,S-ALT,2035,prod_aquaculture_kt,7337.1,kt live weight,estimate,VN-direct,Low,QNT model (assumptions.csv),"Our estimate for horizon year 2035; scenario, not forecast."
BLO-0934,S-ALT,2035,aquaculture_exports_kt_lwe,3769.7,kt live-weight equivalent,estimate,VN-direct,Low,QNT model (assumptions.csv),"Our estimate for horizon year 2035; scenario, not forecast."
BLO-0935,S-ALT,2035,aquaculture_export_share,0.5138,share,estimate,VN-direct,Low,QNT model (assumptions.csv),"Our estimate for horizon year 2035; scenario, not forecast."
BLO-0936,S-ALT,2035,pc_farmed_aquatic_domestic_kg,33.487,kg live weight per person,estimate,VN-direct,Low,QNT model (assumptions.csv),"Our estimate for horizon year 2035; scenario, not forecast."
BLO-0937,S-ALT,2035,feed_pig_mt,14.763,Mt compound feed,estimate,VN-direct,Low,QNT model (assumptions.csv),"Our estimate for horizon year 2035; scenario, not forecast."
BLO-0938,S-ALT,2035,feed_poultry_mt,12.65,Mt compound feed,estimate,VN-direct,Low,QNT model (assumptions.csv),"Our estimate for horizon year 2035; scenario, not forecast."
BLO-0939,S-ALT,2035,feed_other_livestock_mt,1.089,Mt compound feed,estimate,VN-direct,Low,QNT model (assumptions.csv),"Our estimate for horizon year 2035; scenario, not forecast."
BLO-0940,S-ALT,2035,feed_pangasius_mt,3.378,Mt compound feed,estimate,VN-direct,Low,QNT model (assumptions.csv),"Our estimate for horizon year 2035; scenario, not forecast."
BLO-0941,S-ALT,2035,feed_whiteleg_mt,1.502,Mt compound feed,estimate,VN-direct,Low,QNT model (assumptions.csv),"Our estimate for horizon year 2035; scenario, not forecast."
BLO-0942,S-ALT,2035,feed_othershrimp_mt,0.2699,Mt compound feed,estimate,VN-direct,Low,QNT model (assumptions.csv),"Our estimate for horizon year 2035; scenario, not forecast."
BLO-0943,S-ALT,2035,feed_otherfish_mt,2.782,Mt compound feed,estimate,VN-direct,Low,QNT model (assumptions.csv),"Our estimate for horizon year 2035; scenario, not forecast."
BLO-0944,S-ALT,2035,feed_livestock_mt,28.501,"Mt compound feed (pigs, poultry, other livestock)",estimate,VN-direct,Low,QNT model (assumptions.csv),"Our estimate for horizon year 2035; scenario, not forecast."
BLO-0945,S-ALT,2035,feed_aquafeed_mt,7.932,Mt compound feed,estimate,VN-direct,Low,QNT model (assumptions.csv),"Our estimate for horizon year 2035; scenario, not forecast."
BLO-0946,S-ALT,2035,feed_total_mt,36.433,Mt compound feed,estimate,VN-direct,Low,QNT model (assumptions.csv),"Our estimate for horizon year 2035; scenario, not forecast."
BLO-0947,S-ALT,2035,compound_share_pig,0.91,share,estimate,VN-direct,Low,QNT model (assumptions.csv),"Our estimate for horizon year 2035; scenario, not forecast."
BLO-0948,S-ALT,2035,sbm_demand_mt,9.007,Mt soybean meal,estimate,VN-direct,Low,QNT model (assumptions.csv),"Our estimate for horizon year 2035; scenario, not forecast."
BLO-0949,S-ALT,2035,sbm_import_need_mt,9.007,"Mt soybean meal (as meal, or as beans crushed in Vietnam)",estimate,VN-direct,Low,QNT model (assumptions.csv),"Our estimate for horizon year 2035; scenario, not forecast."
BLO-0950,S-ALT,2035,sbm_import_need_bean_eq_mt,11.548,Mt soybeans equivalent,estimate,VN-direct,Low,QNT model (assumptions.csv),"Our estimate for horizon year 2035; scenario, not forecast."
BLO-0951,S-ALT,2035,fishmeal_demand_kt,224.8,kt fishmeal,estimate,VN-direct,Low,QNT model (assumptions.csv),"Our estimate for horizon year 2035; scenario, not forecast."
BLO-0952,S-ALT,2035,other_meals_sbmeq_mt,3.109,Mt soybean-meal equivalent,estimate,VN-direct,Low,QNT model (assumptions.csv),"Our estimate for horizon year 2035; scenario, not forecast."
BLO-0953,S-ALT,2035,protein_meal_demand_sbmeq_mt,12.434,Mt soybean-meal equivalent (46% CP),estimate,VN-direct,Low,QNT model (assumptions.csv),"Our estimate for horizon year 2035; scenario, not forecast."
BLO-0954,S-ALT,2035,sbm_intensity_kg_per_t_feed,247.2,kg soybean meal per t compound feed,estimate,VN-direct,Low,QNT model (assumptions.csv),"Our estimate for horizon year 2035; scenario, not forecast."
BLO-0955,S-ALT,2035,maize_compound_feed_mt,14.175,Mt maize,estimate,VN-direct,Low,QNT model (assumptions.csv),"Our estimate for horizon year 2035; scenario, not forecast."
BLO-0956,S-ALT,2035,maize_total_use_mt,17.533,Mt maize,estimate,VN-direct,Low,QNT model (assumptions.csv),"Our estimate for horizon year 2035; scenario, not forecast."
BLO-0957,S-ALT,2035,maize_production_mt,4.1,Mt maize,estimate,VN-direct,Low,QNT model (assumptions.csv),"Our estimate for horizon year 2035; scenario, not forecast."
BLO-0958,S-ALT,2035,maize_import_need_mt,13.433,Mt maize,estimate,VN-direct,Low,QNT model (assumptions.csv),"Our estimate for horizon year 2035; scenario, not forecast."
BLO-0959,S-ALT,2035,soy_land_abroad_mha,2.754,million ha (mass allocation to meal),estimate,VN-direct,Low,QNT model (assumptions.csv),"Our estimate for horizon year 2035; scenario, not forecast."
BLO-0960,S-ALT,2035,maize_land_abroad_mha,1.791,million ha,estimate,VN-direct,Low,QNT model (assumptions.csv),"Our estimate for horizon year 2035; scenario, not forecast."
BLO-0961,S-ALT,2035,alt_feed_protein_kt,160.2,"kt protein (microbial, feed)",estimate,VN-direct,Low,QNT model (assumptions.csv),"Our estimate for horizon year 2035; scenario, not forecast."
BLO-0962,S-ALT,2035,alt_feed_protein_from_sbm_kt,128.1,kt protein replacing soybean meal,estimate,VN-direct,Low,QNT model (assumptions.csv),"Our estimate for horizon year 2035; scenario, not forecast."
BLO-0963,S-ALT,2035,alt_feed_protein_from_fishmeal_kt,32.07,kt protein replacing fishmeal,estimate,VN-direct,Low,QNT model (assumptions.csv),"Our estimate for horizon year 2035; scenario, not forecast."
BLO-0964,S-ALT,2035,alt_feed_product_kt,286.8,kt dry product,estimate,VN-direct,Low,QNT model (assumptions.csv),"Our estimate for horizon year 2035; scenario, not forecast."
BLO-0965,S-ALT,2035,alt_food_protein_kt,39.278,kt protein (plant-based plus fermented food),estimate,VN-direct,Low,QNT model (assumptions.csv),"Our estimate for horizon year 2035; scenario, not forecast."
BLO-0966,S-ALT,2035,alt_food_ingredient_kt,76.969,kt dry protein ingredient,estimate,VN-direct,Low,QNT model (assumptions.csv),"Our estimate for horizon year 2035; scenario, not forecast."
BLO-0967,S-ALT,2035,alt_food_finished_product_kt,261.9,kt finished product at 15% protein,estimate,VN-direct,Low,QNT model (assumptions.csv),"Our estimate for horizon year 2035; scenario, not forecast."
BLO-0968,S-ALT,2035,alt_glucose_kt,631.8,"kt glucose equivalent (sugar route, feed plus food)",estimate,VN-direct,Low,QNT model (assumptions.csv),"Our estimate for horizon year 2035; scenario, not forecast."
BLO-0969,S-ALT,2035,alt_cassava_starch_kt_if_all_cassava,585.0,kt cassava starch (if all glucose from cassava),estimate,VN-direct,Low,QNT model (assumptions.csv),"Our estimate for horizon year 2035; scenario, not forecast."
BLO-0970,S-ALT,2035,alt_cassava_roots_kt_if_all_cassava,2574.1,kt fresh cassava roots (if all glucose from cassava),estimate,VN-direct,Low,QNT model (assumptions.csv),"Our estimate for horizon year 2035; scenario, not forecast."
BLO-0971,S-ALT,2035,alt_cassava_land_kha_if_all_cassava,125.6,thousand ha,estimate,VN-direct,Low,QNT model (assumptions.csv),"Our estimate for horizon year 2035; scenario, not forecast."
BLO-0972,S-ALT,2035,alt_sugar_kt_if_all_sugar,600.2,"kt sucrose (alternative to cassava, not additional)",estimate,VN-direct,Low,QNT model (assumptions.csv),"Our estimate for horizon year 2035; scenario, not forecast."
BLO-0973,S-ALT,2035,alt_electricity_twh,1.21,TWh a year,estimate,VN-direct,Low,QNT model (assumptions.csv),"Our estimate for horizon year 2035; scenario, not forecast."
BLO-0974,S-ALT,2035,alt_hydrogen_kt,11.535,kt H2 a year,estimate,VN-direct,Low,QNT model (assumptions.csv),"Our estimate for horizon year 2035; scenario, not forecast."
BLO-0975,S-ALT,2035,alt_co2_feedstock_kt,43.258,kt CO2 used as feedstock,estimate,VN-direct,Low,QNT model (assumptions.csv),"Our estimate for horizon year 2035; scenario, not forecast."
BLO-0976,S-ALT,2035,alt_nitrogen_urea_eq_kt,58.438,kt urea (sugar route),estimate,VN-direct,Low,QNT model (assumptions.csv),"Our estimate for horizon year 2035; scenario, not forecast."
BLO-0977,S-ALT,2035,alt_nitrogen_nh3_kt,2.724,kt NH3 (gas route),estimate,VN-direct,Low,QNT model (assumptions.csv),"Our estimate for horizon year 2035; scenario, not forecast."
BLO-0978,S-ALT,2035,alt_soybeans_for_plant_food_kt,84.252,"kt soybeans (imported, for plant-based food)",estimate,VN-direct,Low,QNT model (assumptions.csv),"Our estimate for horizon year 2035; scenario, not forecast."
BLO-0979,S-ALT,2035,alt_electricity_co2_mt,0.3508,Mt CO2 at the PDP8-derived grid factor,estimate,VN-direct,Low,QNT model (assumptions.csv),"Our estimate for horizon year 2035; scenario, not forecast."
BLO-0980,S-ALT,2035,sbm_import_avoided_mt,0.4598,Mt soybean meal vs S-BASE,estimate,VN-direct,Low,QNT model (assumptions.csv),"Our estimate for horizon year 2035; scenario, not forecast."
BLO-0981,S-ALT,2035,sbm_import_avoided_via_feed_mt,0.2786,Mt (microbial protein in feed),estimate,VN-direct,Low,QNT model (assumptions.csv),"Our estimate for horizon year 2035; scenario, not forecast."
BLO-0982,S-ALT,2035,sbm_import_avoided_via_food_mt,0.1812,Mt (less meat produced),estimate,VN-direct,Low,QNT model (assumptions.csv),"Our estimate for horizon year 2035; scenario, not forecast."
BLO-0983,S-ALT,2035,sbm_import_avoided_pct,4.857,% of S-BASE need,estimate,VN-direct,Low,QNT model (assumptions.csv),"Our estimate for horizon year 2035; scenario, not forecast."
BLO-0984,S-ALT,2035,fishmeal_avoided_kt,49.659,kt vs S-BASE,estimate,VN-direct,Low,QNT model (assumptions.csv),"Our estimate for horizon year 2035; scenario, not forecast."
BLO-0985,S-ALT,2035,maize_import_avoided_mt,0.4192,Mt vs S-BASE,estimate,VN-direct,Low,QNT model (assumptions.csv),"Our estimate for horizon year 2035; scenario, not forecast."
BLO-0986,S-ALT,2035,soy_land_avoided_gross_kha,140.6,thousand ha abroad,estimate,VN-direct,Low,QNT model (assumptions.csv),"Our estimate for horizon year 2035; scenario, not forecast."
BLO-0987,S-ALT,2035,soy_land_for_plant_food_kha,20.091,thousand ha abroad,estimate,VN-direct,Low,QNT model (assumptions.csv),"Our estimate for horizon year 2035; scenario, not forecast."
BLO-0988,S-ALT,2035,soy_land_avoided_net_kha,120.5,thousand ha abroad,estimate,VN-direct,Low,QNT model (assumptions.csv),"Our estimate for horizon year 2035; scenario, not forecast."
BLO-0989,S-ALT,2035,sbm_emissions_avoided_mt_co2e,0.1798,"Mt CO2e (published average, land-use change not checked)",estimate,VN-direct,Low,QNT model (assumptions.csv),"Our estimate for horizon year 2035; scenario, not forecast."
BLO-0990,S-ALT,2035,fishmeal_emissions_avoided_mt_co2e,0.0878,Mt CO2e,estimate,VN-direct,Low,QNT model (assumptions.csv),"Our estimate for horizon year 2035; scenario, not forecast."
BLO-0991,S-ALT,2040,population,108.4,million,estimate,VN-direct,Low,QNT model (assumptions.csv),"Our estimate for horizon year 2040; scenario, not forecast."
BLO-0992,S-ALT,2040,pc_pork_demand_kg_cwe,44.348,"kg per person, carcass weight",estimate,VN-direct,Low,QNT model (assumptions.csv),"Our estimate for horizon year 2040; scenario, not forecast."
BLO-0993,S-ALT,2040,prod_pork_kt_lw,6072.6,kt live weight,estimate,VN-direct,Low,QNT model (assumptions.csv),"Our estimate for horizon year 2040; scenario, not forecast."
BLO-0994,S-ALT,2040,prod_pork_kt_cwe,4390.5,kt carcass weight,estimate,VN-direct,Low,QNT model (assumptions.csv),"Our estimate for horizon year 2040; scenario, not forecast."
BLO-0995,S-ALT,2040,pc_poultry_demand_kg_cwe,32.626,"kg per person, carcass weight",estimate,VN-direct,Low,QNT model (assumptions.csv),"Our estimate for horizon year 2040; scenario, not forecast."
BLO-0996,S-ALT,2040,prod_poultry_kt_lw,4201.4,kt live weight,estimate,VN-direct,Low,QNT model (assumptions.csv),"Our estimate for horizon year 2040; scenario, not forecast."
BLO-0997,S-ALT,2040,prod_poultry_kt_cwe,2940.9,kt carcass weight,estimate,VN-direct,Low,QNT model (assumptions.csv),"Our estimate for horizon year 2040; scenario, not forecast."
BLO-0998,S-ALT,2040,pc_ruminant_demand_kg_cwe,7.339,"kg per person, carcass weight",estimate,VN-direct,Low,QNT model (assumptions.csv),"Our estimate for horizon year 2040; scenario, not forecast."
BLO-0999,S-ALT,2040,prod_ruminant_kt_lw,766.3,kt live weight,estimate,VN-direct,Low,QNT model (assumptions.csv),"Our estimate for horizon year 2040; scenario, not forecast."
BLO-1000,S-ALT,2040,prod_ruminant_kt_cwe,394.7,kt carcass weight,estimate,VN-direct,Low,QNT model (assumptions.csv),"Our estimate for horizon year 2040; scenario, not forecast."
BLO-1001,S-ALT,2040,pc_meat_demand_kg_cwe,84.313,"kg per person, carcass weight",estimate,VN-direct,Low,QNT model (assumptions.csv),"Our estimate for horizon year 2040; scenario, not forecast."
BLO-1002,S-ALT,2040,meat_consumption_animal_kt_cwe,8685.8,kt carcass weight (after S-ALT substitution),estimate,VN-direct,Low,QNT model (assumptions.csv),"Our estimate for horizon year 2040; scenario, not forecast."
BLO-1003,S-ALT,2040,meat_production_kt_cwe,7726.1,kt carcass weight,estimate,VN-direct,Low,QNT model (assumptions.csv),"Our estimate for horizon year 2040; scenario, not forecast."
BLO-1004,S-ALT,2040,pc_eggs_number,260.1,eggs per person,estimate,VN-direct,Low,QNT model (assumptions.csv),"Our estimate for horizon year 2040; scenario, not forecast."
BLO-1005,S-ALT,2040,prod_eggs_bn,28.208,billion eggs,estimate,VN-direct,Low,QNT model (assumptions.csv),"Our estimate for horizon year 2040; scenario, not forecast."
BLO-1006,S-ALT,2040,prod_milk_kt,2258.2,kt fresh milk,estimate,VN-direct,Low,QNT model (assumptions.csv),"Our estimate for horizon year 2040; scenario, not forecast."
BLO-1007,S-ALT,2040,pc_milk_domestic_kg,20.825,kg domestic fresh milk per person,estimate,VN-direct,Low,QNT model (assumptions.csv),"Our estimate for horizon year 2040; scenario, not forecast."
BLO-1008,S-ALT,2040,prod_aq_pangasius_kt,2444.2,kt live weight,estimate,VN-direct,Low,QNT model (assumptions.csv),"Our estimate for horizon year 2040; scenario, not forecast."
BLO-1009,S-ALT,2040,prod_aq_whiteleg_kt,1253.6,kt live weight,estimate,VN-direct,Low,QNT model (assumptions.csv),"Our estimate for horizon year 2040; scenario, not forecast."
BLO-1010,S-ALT,2040,prod_aq_othershrimp_kt,488.3,kt live weight,estimate,VN-direct,Low,QNT model (assumptions.csv),"Our estimate for horizon year 2040; scenario, not forecast."
BLO-1011,S-ALT,2040,prod_aq_otherfish_kt,2642.7,kt live weight,estimate,VN-direct,Low,QNT model (assumptions.csv),"Our estimate for horizon year 2040; scenario, not forecast."
BLO-1012,S-ALT,2040,prod_aq_nonfed_kt,882.6,kt live weight,estimate,VN-direct,Low,QNT model (assumptions.csv),"Our estimate for horizon year 2040; scenario, not forecast."
BLO-1013,S-ALT,2040,prod_aquaculture_kt,7711.4,kt live weight,estimate,VN-direct,Low,QNT model (assumptions.csv),"Our estimate for horizon year 2040; scenario, not forecast."
BLO-1014,S-ALT,2040,aquaculture_exports_kt_lwe,3962.1,kt live-weight equivalent,estimate,VN-direct,Low,QNT model (assumptions.csv),"Our estimate for horizon year 2040; scenario, not forecast."
BLO-1015,S-ALT,2040,aquaculture_export_share,0.5138,share,estimate,VN-direct,Low,QNT model (assumptions.csv),"Our estimate for horizon year 2040; scenario, not forecast."
BLO-1016,S-ALT,2040,pc_farmed_aquatic_domestic_kg,34.576,kg live weight per person,estimate,VN-direct,Low,QNT model (assumptions.csv),"Our estimate for horizon year 2040; scenario, not forecast."
BLO-1017,S-ALT,2040,feed_pig_mt,15.051,Mt compound feed,estimate,VN-direct,Low,QNT model (assumptions.csv),"Our estimate for horizon year 2040; scenario, not forecast."
BLO-1018,S-ALT,2040,feed_poultry_mt,13.129,Mt compound feed,estimate,VN-direct,Low,QNT model (assumptions.csv),"Our estimate for horizon year 2040; scenario, not forecast."
BLO-1019,S-ALT,2040,feed_other_livestock_mt,1.205,Mt compound feed,estimate,VN-direct,Low,QNT model (assumptions.csv),"Our estimate for horizon year 2040; scenario, not forecast."
BLO-1020,S-ALT,2040,feed_pangasius_mt,3.498,Mt compound feed,estimate,VN-direct,Low,QNT model (assumptions.csv),"Our estimate for horizon year 2040; scenario, not forecast."
BLO-1021,S-ALT,2040,feed_whiteleg_mt,1.555,Mt compound feed,estimate,VN-direct,Low,QNT model (assumptions.csv),"Our estimate for horizon year 2040; scenario, not forecast."
BLO-1022,S-ALT,2040,feed_othershrimp_mt,0.3144,Mt compound feed,estimate,VN-direct,Low,QNT model (assumptions.csv),"Our estimate for horizon year 2040; scenario, not forecast."
BLO-1023,S-ALT,2040,feed_otherfish_mt,3.034,Mt compound feed,estimate,VN-direct,Low,QNT model (assumptions.csv),"Our estimate for horizon year 2040; scenario, not forecast."
BLO-1024,S-ALT,2040,feed_livestock_mt,29.384,"Mt compound feed (pigs, poultry, other livestock)",estimate,VN-direct,Low,QNT model (assumptions.csv),"Our estimate for horizon year 2040; scenario, not forecast."
BLO-1025,S-ALT,2040,feed_aquafeed_mt,8.401,Mt compound feed,estimate,VN-direct,Low,QNT model (assumptions.csv),"Our estimate for horizon year 2040; scenario, not forecast."
BLO-1026,S-ALT,2040,feed_total_mt,37.785,Mt compound feed,estimate,VN-direct,Low,QNT model (assumptions.csv),"Our estimate for horizon year 2040; scenario, not forecast."
BLO-1027,S-ALT,2040,compound_share_pig,0.94,share,estimate,VN-direct,Low,QNT model (assumptions.csv),"Our estimate for horizon year 2040; scenario, not forecast."
BLO-1028,S-ALT,2040,sbm_demand_mt,9.155,Mt soybean meal,estimate,VN-direct,Low,QNT model (assumptions.csv),"Our estimate for horizon year 2040; scenario, not forecast."
BLO-1029,S-ALT,2040,sbm_import_need_mt,9.155,"Mt soybean meal (as meal, or as beans crushed in Vietnam)",estimate,VN-direct,Low,QNT model (assumptions.csv),"Our estimate for horizon year 2040; scenario, not forecast."
BLO-1030,S-ALT,2040,sbm_import_need_bean_eq_mt,11.737,Mt soybeans equivalent,estimate,VN-direct,Low,QNT model (assumptions.csv),"Our estimate for horizon year 2040; scenario, not forecast."
BLO-1031,S-ALT,2040,fishmeal_demand_kt,201.3,kt fishmeal,estimate,VN-direct,Low,QNT model (assumptions.csv),"Our estimate for horizon year 2040; scenario, not forecast."
BLO-1032,S-ALT,2040,other_meals_sbmeq_mt,3.224,Mt soybean-meal equivalent,estimate,VN-direct,Low,QNT model (assumptions.csv),"Our estimate for horizon year 2040; scenario, not forecast."
BLO-1033,S-ALT,2040,protein_meal_demand_sbmeq_mt,12.663,Mt soybean-meal equivalent (46% CP),estimate,VN-direct,Low,QNT model (assumptions.csv),"Our estimate for horizon year 2040; scenario, not forecast."
BLO-1034,S-ALT,2040,sbm_intensity_kg_per_t_feed,242.3,kg soybean meal per t compound feed,estimate,VN-direct,Low,QNT model (assumptions.csv),"Our estimate for horizon year 2040; scenario, not forecast."
BLO-1035,S-ALT,2040,maize_compound_feed_mt,14.619,Mt maize,estimate,VN-direct,Low,QNT model (assumptions.csv),"Our estimate for horizon year 2040; scenario, not forecast."
BLO-1036,S-ALT,2040,maize_total_use_mt,17.379,Mt maize,estimate,VN-direct,Low,QNT model (assumptions.csv),"Our estimate for horizon year 2040; scenario, not forecast."
BLO-1037,S-ALT,2040,maize_production_mt,4.1,Mt maize,estimate,VN-direct,Low,QNT model (assumptions.csv),"Our estimate for horizon year 2040; scenario, not forecast."
BLO-1038,S-ALT,2040,maize_import_need_mt,13.279,Mt maize,estimate,VN-direct,Low,QNT model (assumptions.csv),"Our estimate for horizon year 2040; scenario, not forecast."
BLO-1039,S-ALT,2040,soy_land_abroad_mha,2.716,million ha (mass allocation to meal),estimate,VN-direct,Low,QNT model (assumptions.csv),"Our estimate for horizon year 2040; scenario, not forecast."
BLO-1040,S-ALT,2040,maize_land_abroad_mha,1.744,million ha,estimate,VN-direct,Low,QNT model (assumptions.csv),"Our estimate for horizon year 2040; scenario, not forecast."
BLO-1041,S-ALT,2040,alt_feed_protein_kt,265.2,"kt protein (microbial, feed)",estimate,VN-direct,Low,QNT model (assumptions.csv),"Our estimate for horizon year 2040; scenario, not forecast."
BLO-1042,S-ALT,2040,alt_feed_protein_from_sbm_kt,221.6,kt protein replacing soybean meal,estimate,VN-direct,Low,QNT model (assumptions.csv),"Our estimate for horizon year 2040; scenario, not forecast."
BLO-1043,S-ALT,2040,alt_feed_protein_from_fishmeal_kt,43.608,kt protein replacing fishmeal,estimate,VN-direct,Low,QNT model (assumptions.csv),"Our estimate for horizon year 2040; scenario, not forecast."
BLO-1044,S-ALT,2040,alt_feed_product_kt,460.0,kt dry product,estimate,VN-direct,Low,QNT model (assumptions.csv),"Our estimate for horizon year 2040; scenario, not forecast."
BLO-1045,S-ALT,2040,alt_food_protein_kt,68.572,kt protein (plant-based plus fermented food),estimate,VN-direct,Low,QNT model (assumptions.csv),"Our estimate for horizon year 2040; scenario, not forecast."
BLO-1046,S-ALT,2040,alt_food_ingredient_kt,135.8,kt dry protein ingredient,estimate,VN-direct,Low,QNT model (assumptions.csv),"Our estimate for horizon year 2040; scenario, not forecast."
BLO-1047,S-ALT,2040,alt_food_finished_product_kt,457.1,kt finished product at 15% protein,estimate,VN-direct,Low,QNT model (assumptions.csv),"Our estimate for horizon year 2040; scenario, not forecast."
BLO-1048,S-ALT,2040,alt_glucose_kt,852.4,"kt glucose equivalent (sugar route, feed plus food)",estimate,VN-direct,Low,QNT model (assumptions.csv),"Our estimate for horizon year 2040; scenario, not forecast."
BLO-1049,S-ALT,2040,alt_cassava_starch_kt_if_all_cassava,789.3,kt cassava starch (if all glucose from cassava),estimate,VN-direct,Low,QNT model (assumptions.csv),"Our estimate for horizon year 2040; scenario, not forecast."
BLO-1050,S-ALT,2040,alt_cassava_roots_kt_if_all_cassava,3473.1,kt fresh cassava roots (if all glucose from cassava),estimate,VN-direct,Low,QNT model (assumptions.csv),"Our estimate for horizon year 2040; scenario, not forecast."
BLO-1051,S-ALT,2040,alt_cassava_land_kha_if_all_cassava,169.4,thousand ha,estimate,VN-direct,Low,QNT model (assumptions.csv),"Our estimate for horizon year 2040; scenario, not forecast."
BLO-1052,S-ALT,2040,alt_sugar_kt_if_all_sugar,809.8,"kt sucrose (alternative to cassava, not additional)",estimate,VN-direct,Low,QNT model (assumptions.csv),"Our estimate for horizon year 2040; scenario, not forecast."
BLO-1053,S-ALT,2040,alt_electricity_twh,4.008,TWh a year,estimate,VN-direct,Low,QNT model (assumptions.csv),"Our estimate for horizon year 2040; scenario, not forecast."
BLO-1054,S-ALT,2040,alt_hydrogen_kt,57.294,kt H2 a year,estimate,VN-direct,Low,QNT model (assumptions.csv),"Our estimate for horizon year 2040; scenario, not forecast."
BLO-1055,S-ALT,2040,alt_co2_feedstock_kt,214.9,kt CO2 used as feedstock,estimate,VN-direct,Low,QNT model (assumptions.csv),"Our estimate for horizon year 2040; scenario, not forecast."
BLO-1056,S-ALT,2040,alt_nitrogen_urea_eq_kt,78.848,kt urea (sugar route),estimate,VN-direct,Low,QNT model (assumptions.csv),"Our estimate for horizon year 2040; scenario, not forecast."
BLO-1057,S-ALT,2040,alt_nitrogen_nh3_kt,13.528,kt NH3 (gas route),estimate,VN-direct,Low,QNT model (assumptions.csv),"Our estimate for horizon year 2040; scenario, not forecast."
BLO-1058,S-ALT,2040,alt_soybeans_for_plant_food_kt,135.8,"kt soybeans (imported, for plant-based food)",estimate,VN-direct,Low,QNT model (assumptions.csv),"Our estimate for horizon year 2040; scenario, not forecast."
BLO-1059,S-ALT,2040,alt_electricity_co2_mt,0.8017,Mt CO2 at the PDP8-derived grid factor,estimate,VN-direct,Low,QNT model (assumptions.csv),"Our estimate for horizon year 2040; scenario, not forecast."
BLO-1060,S-ALT,2040,sbm_import_avoided_mt,0.7982,Mt soybean meal vs S-BASE,estimate,VN-direct,Low,QNT model (assumptions.csv),"Our estimate for horizon year 2040; scenario, not forecast."
BLO-1061,S-ALT,2040,sbm_import_avoided_via_feed_mt,0.4818,Mt (microbial protein in feed),estimate,VN-direct,Low,QNT model (assumptions.csv),"Our estimate for horizon year 2040; scenario, not forecast."
BLO-1062,S-ALT,2040,sbm_import_avoided_via_food_mt,0.3164,Mt (less meat produced),estimate,VN-direct,Low,QNT model (assumptions.csv),"Our estimate for horizon year 2040; scenario, not forecast."
BLO-1063,S-ALT,2040,sbm_import_avoided_pct,8.02,% of S-BASE need,estimate,VN-direct,Low,QNT model (assumptions.csv),"Our estimate for horizon year 2040; scenario, not forecast."
BLO-1064,S-ALT,2040,fishmeal_avoided_kt,67.609,kt vs S-BASE,estimate,VN-direct,Low,QNT model (assumptions.csv),"Our estimate for horizon year 2040; scenario, not forecast."
BLO-1065,S-ALT,2040,maize_import_avoided_mt,0.6974,Mt vs S-BASE,estimate,VN-direct,Low,QNT model (assumptions.csv),"Our estimate for horizon year 2040; scenario, not forecast."
BLO-1066,S-ALT,2040,soy_land_avoided_gross_kha,236.8,thousand ha abroad,estimate,VN-direct,Low,QNT model (assumptions.csv),"Our estimate for horizon year 2040; scenario, not forecast."
BLO-1067,S-ALT,2040,soy_land_for_plant_food_kha,31.423,thousand ha abroad,estimate,VN-direct,Low,QNT model (assumptions.csv),"Our estimate for horizon year 2040; scenario, not forecast."
BLO-1068,S-ALT,2040,soy_land_avoided_net_kha,205.4,thousand ha abroad,estimate,VN-direct,Low,QNT model (assumptions.csv),"Our estimate for horizon year 2040; scenario, not forecast."
BLO-1069,S-ALT,2040,sbm_emissions_avoided_mt_co2e,0.3121,"Mt CO2e (published average, land-use change not checked)",estimate,VN-direct,Low,QNT model (assumptions.csv),"Our estimate for horizon year 2040; scenario, not forecast."
BLO-1070,S-ALT,2040,fishmeal_emissions_avoided_mt_co2e,0.1195,Mt CO2e,estimate,VN-direct,Low,QNT model (assumptions.csv),"Our estimate for horizon year 2040; scenario, not forecast."
BLO-1071,S-ALT,2050,population,110.0,million,estimate,VN-direct,Low,QNT model (assumptions.csv),"Our estimate for horizon year 2050; scenario, not forecast."
BLO-1072,S-ALT,2050,pc_pork_demand_kg_cwe,45.242,"kg per person, carcass weight",estimate,VN-direct,Low,QNT model (assumptions.csv),"Our estimate for horizon year 2050; scenario, not forecast."
BLO-1073,S-ALT,2050,prod_pork_kt_lw,5953.9,kt live weight,estimate,VN-direct,Low,QNT model (assumptions.csv),"Our estimate for horizon year 2050; scenario, not forecast."
BLO-1074,S-ALT,2050,prod_pork_kt_cwe,4304.7,kt carcass weight,estimate,VN-direct,Low,QNT model (assumptions.csv),"Our estimate for horizon year 2050; scenario, not forecast."
BLO-1075,S-ALT,2050,pc_poultry_demand_kg_cwe,34.296,"kg per person, carcass weight",estimate,VN-direct,Low,QNT model (assumptions.csv),"Our estimate for horizon year 2050; scenario, not forecast."
BLO-1076,S-ALT,2050,prod_poultry_kt_lw,4244.5,kt live weight,estimate,VN-direct,Low,QNT model (assumptions.csv),"Our estimate for horizon year 2050; scenario, not forecast."
BLO-1077,S-ALT,2050,prod_poultry_kt_cwe,2971.2,kt carcass weight,estimate,VN-direct,Low,QNT model (assumptions.csv),"Our estimate for horizon year 2050; scenario, not forecast."
BLO-1078,S-ALT,2050,pc_ruminant_demand_kg_cwe,8.106,"kg per person, carcass weight",estimate,VN-direct,Low,QNT model (assumptions.csv),"Our estimate for horizon year 2050; scenario, not forecast."
BLO-1079,S-ALT,2050,prod_ruminant_kt_lw,813.5,kt live weight,estimate,VN-direct,Low,QNT model (assumptions.csv),"Our estimate for horizon year 2050; scenario, not forecast."
BLO-1080,S-ALT,2050,prod_ruminant_kt_cwe,419.0,kt carcass weight,estimate,VN-direct,Low,QNT model (assumptions.csv),"Our estimate for horizon year 2050; scenario, not forecast."
BLO-1081,S-ALT,2050,pc_meat_demand_kg_cwe,87.645,"kg per person, carcass weight",estimate,VN-direct,Low,QNT model (assumptions.csv),"Our estimate for horizon year 2050; scenario, not forecast."
BLO-1082,S-ALT,2050,meat_consumption_animal_kt_cwe,8677.6,kt carcass weight (after S-ALT substitution),estimate,VN-direct,Low,QNT model (assumptions.csv),"Our estimate for horizon year 2050; scenario, not forecast."
BLO-1083,S-ALT,2050,meat_production_kt_cwe,7694.8,kt carcass weight,estimate,VN-direct,Low,QNT model (assumptions.csv),"Our estimate for horizon year 2050; scenario, not forecast."
BLO-1084,S-ALT,2050,pc_eggs_number,275.1,eggs per person,estimate,VN-direct,Low,QNT model (assumptions.csv),"Our estimate for horizon year 2050; scenario, not forecast."
BLO-1085,S-ALT,2050,prod_eggs_bn,30.262,billion eggs,estimate,VN-direct,Low,QNT model (assumptions.csv),"Our estimate for horizon year 2050; scenario, not forecast."
BLO-1086,S-ALT,2050,prod_milk_kt,2752.8,kt fresh milk,estimate,VN-direct,Low,QNT model (assumptions.csv),"Our estimate for horizon year 2050; scenario, not forecast."
BLO-1087,S-ALT,2050,pc_milk_domestic_kg,25.023,kg domestic fresh milk per person,estimate,VN-direct,Low,QNT model (assumptions.csv),"Our estimate for horizon year 2050; scenario, not forecast."
BLO-1088,S-ALT,2050,prod_aq_pangasius_kt,2700.0,kt live weight,estimate,VN-direct,Low,QNT model (assumptions.csv),"Our estimate for horizon year 2050; scenario, not forecast."
BLO-1089,S-ALT,2050,prod_aq_whiteleg_kt,1384.8,kt live weight,estimate,VN-direct,Low,QNT model (assumptions.csv),"Our estimate for horizon year 2050; scenario, not forecast."
BLO-1090,S-ALT,2050,prod_aq_othershrimp_kt,539.4,kt live weight,estimate,VN-direct,Low,QNT model (assumptions.csv),"Our estimate for horizon year 2050; scenario, not forecast."
BLO-1091,S-ALT,2050,prod_aq_otherfish_kt,2919.2,kt live weight,estimate,VN-direct,Low,QNT model (assumptions.csv),"Our estimate for horizon year 2050; scenario, not forecast."
BLO-1092,S-ALT,2050,prod_aq_nonfed_kt,975.0,kt live weight,estimate,VN-direct,Low,QNT model (assumptions.csv),"Our estimate for horizon year 2050; scenario, not forecast."
BLO-1093,S-ALT,2050,prod_aquaculture_kt,8518.3,kt live weight,estimate,VN-direct,Low,QNT model (assumptions.csv),"Our estimate for horizon year 2050; scenario, not forecast."
BLO-1094,S-ALT,2050,aquaculture_exports_kt_lwe,4376.6,kt live-weight equivalent,estimate,VN-direct,Low,QNT model (assumptions.csv),"Our estimate for horizon year 2050; scenario, not forecast."
BLO-1095,S-ALT,2050,aquaculture_export_share,0.5138,share,estimate,VN-direct,Low,QNT model (assumptions.csv),"Our estimate for horizon year 2050; scenario, not forecast."
BLO-1096,S-ALT,2050,pc_farmed_aquatic_domestic_kg,37.648,kg live weight per person,estimate,VN-direct,Low,QNT model (assumptions.csv),"Our estimate for horizon year 2050; scenario, not forecast."
BLO-1097,S-ALT,2050,feed_pig_mt,14.629,Mt compound feed,estimate,VN-direct,Low,QNT model (assumptions.csv),"Our estimate for horizon year 2050; scenario, not forecast."
BLO-1098,S-ALT,2050,feed_poultry_mt,12.949,Mt compound feed,estimate,VN-direct,Low,QNT model (assumptions.csv),"Our estimate for horizon year 2050; scenario, not forecast."
BLO-1099,S-ALT,2050,feed_other_livestock_mt,1.365,Mt compound feed,estimate,VN-direct,Low,QNT model (assumptions.csv),"Our estimate for horizon year 2050; scenario, not forecast."
BLO-1100,S-ALT,2050,feed_pangasius_mt,3.749,Mt compound feed,estimate,VN-direct,Low,QNT model (assumptions.csv),"Our estimate for horizon year 2050; scenario, not forecast."
BLO-1101,S-ALT,2050,feed_whiteleg_mt,1.667,Mt compound feed,estimate,VN-direct,Low,QNT model (assumptions.csv),"Our estimate for horizon year 2050; scenario, not forecast."
BLO-1102,S-ALT,2050,feed_othershrimp_mt,0.3745,Mt compound feed,estimate,VN-direct,Low,QNT model (assumptions.csv),"Our estimate for horizon year 2050; scenario, not forecast."
BLO-1103,S-ALT,2050,feed_otherfish_mt,3.446,Mt compound feed,estimate,VN-direct,Low,QNT model (assumptions.csv),"Our estimate for horizon year 2050; scenario, not forecast."
BLO-1104,S-ALT,2050,feed_livestock_mt,28.943,"Mt compound feed (pigs, poultry, other livestock)",estimate,VN-direct,Low,QNT model (assumptions.csv),"Our estimate for horizon year 2050; scenario, not forecast."
BLO-1105,S-ALT,2050,feed_aquafeed_mt,9.236,Mt compound feed,estimate,VN-direct,Low,QNT model (assumptions.csv),"Our estimate for horizon year 2050; scenario, not forecast."
BLO-1106,S-ALT,2050,feed_total_mt,38.179,Mt compound feed,estimate,VN-direct,Low,QNT model (assumptions.csv),"Our estimate for horizon year 2050; scenario, not forecast."
BLO-1107,S-ALT,2050,compound_share_pig,0.97,share,estimate,VN-direct,Low,QNT model (assumptions.csv),"Our estimate for horizon year 2050; scenario, not forecast."
BLO-1108,S-ALT,2050,sbm_demand_mt,8.778,Mt soybean meal,estimate,VN-direct,Low,QNT model (assumptions.csv),"Our estimate for horizon year 2050; scenario, not forecast."
BLO-1109,S-ALT,2050,sbm_import_need_mt,8.778,"Mt soybean meal (as meal, or as beans crushed in Vietnam)",estimate,VN-direct,Low,QNT model (assumptions.csv),"Our estimate for horizon year 2050; scenario, not forecast."
BLO-1110,S-ALT,2050,sbm_import_need_bean_eq_mt,11.254,Mt soybeans equivalent,estimate,VN-direct,Low,QNT model (assumptions.csv),"Our estimate for horizon year 2050; scenario, not forecast."
BLO-1111,S-ALT,2050,fishmeal_demand_kt,151.1,kt fishmeal,estimate,VN-direct,Low,QNT model (assumptions.csv),"Our estimate for horizon year 2050; scenario, not forecast."
BLO-1112,S-ALT,2050,other_meals_sbmeq_mt,3.258,Mt soybean-meal equivalent,estimate,VN-direct,Low,QNT model (assumptions.csv),"Our estimate for horizon year 2050; scenario, not forecast."
BLO-1113,S-ALT,2050,protein_meal_demand_sbmeq_mt,12.25,Mt soybean-meal equivalent (46% CP),estimate,VN-direct,Low,QNT model (assumptions.csv),"Our estimate for horizon year 2050; scenario, not forecast."
BLO-1114,S-ALT,2050,sbm_intensity_kg_per_t_feed,229.9,kg soybean meal per t compound feed,estimate,VN-direct,Low,QNT model (assumptions.csv),"Our estimate for horizon year 2050; scenario, not forecast."
BLO-1115,S-ALT,2050,maize_compound_feed_mt,14.422,Mt maize,estimate,VN-direct,Low,QNT model (assumptions.csv),"Our estimate for horizon year 2050; scenario, not forecast."
BLO-1116,S-ALT,2050,maize_total_use_mt,16.574,Mt maize,estimate,VN-direct,Low,QNT model (assumptions.csv),"Our estimate for horizon year 2050; scenario, not forecast."
BLO-1117,S-ALT,2050,maize_production_mt,4.1,Mt maize,estimate,VN-direct,Low,QNT model (assumptions.csv),"Our estimate for horizon year 2050; scenario, not forecast."
BLO-1118,S-ALT,2050,maize_import_need_mt,12.474,Mt maize,estimate,VN-direct,Low,QNT model (assumptions.csv),"Our estimate for horizon year 2050; scenario, not forecast."
BLO-1119,S-ALT,2050,soy_land_abroad_mha,2.453,million ha (mass allocation to meal),estimate,VN-direct,Low,QNT model (assumptions.csv),"Our estimate for horizon year 2050; scenario, not forecast."
BLO-1120,S-ALT,2050,maize_land_abroad_mha,1.59,million ha,estimate,VN-direct,Low,QNT model (assumptions.csv),"Our estimate for horizon year 2050; scenario, not forecast."
BLO-1121,S-ALT,2050,alt_feed_protein_kt,514.1,"kt protein (microbial, feed)",estimate,VN-direct,Low,QNT model (assumptions.csv),"Our estimate for horizon year 2050; scenario, not forecast."
BLO-1122,S-ALT,2050,alt_feed_protein_from_sbm_kt,448.7,kt protein replacing soybean meal,estimate,VN-direct,Low,QNT model (assumptions.csv),"Our estimate for horizon year 2050; scenario, not forecast."
BLO-1123,S-ALT,2050,alt_feed_protein_from_fishmeal_kt,65.46,kt protein replacing fishmeal,estimate,VN-direct,Low,QNT model (assumptions.csv),"Our estimate for horizon year 2050; scenario, not forecast."
BLO-1124,S-ALT,2050,alt_feed_product_kt,862.9,kt dry product,estimate,VN-direct,Low,QNT model (assumptions.csv),"Our estimate for horizon year 2050; scenario, not forecast."
BLO-1125,S-ALT,2050,alt_food_protein_kt,144.6,kt protein (plant-based plus fermented food),estimate,VN-direct,Low,QNT model (assumptions.csv),"Our estimate for horizon year 2050; scenario, not forecast."
BLO-1126,S-ALT,2050,alt_food_ingredient_kt,292.2,kt dry protein ingredient,estimate,VN-direct,Low,QNT model (assumptions.csv),"Our estimate for horizon year 2050; scenario, not forecast."
BLO-1127,S-ALT,2050,alt_food_finished_product_kt,964.2,kt finished product at 15% protein,estimate,VN-direct,Low,QNT model (assumptions.csv),"Our estimate for horizon year 2050; scenario, not forecast."
BLO-1128,S-ALT,2050,alt_glucose_kt,1317.5,"kt glucose equivalent (sugar route, feed plus food)",estimate,VN-direct,Low,QNT model (assumptions.csv),"Our estimate for horizon year 2050; scenario, not forecast."
BLO-1129,S-ALT,2050,alt_cassava_starch_kt_if_all_cassava,1220.0,kt cassava starch (if all glucose from cassava),estimate,VN-direct,Low,QNT model (assumptions.csv),"Our estimate for horizon year 2050; scenario, not forecast."
BLO-1130,S-ALT,2050,alt_cassava_roots_kt_if_all_cassava,5368.1,kt fresh cassava roots (if all glucose from cassava),estimate,VN-direct,Low,QNT model (assumptions.csv),"Our estimate for horizon year 2050; scenario, not forecast."
BLO-1131,S-ALT,2050,alt_cassava_land_kha_if_all_cassava,261.9,thousand ha,estimate,VN-direct,Low,QNT model (assumptions.csv),"Our estimate for horizon year 2050; scenario, not forecast."
BLO-1132,S-ALT,2050,alt_sugar_kt_if_all_sugar,1251.6,"kt sucrose (alternative to cassava, not additional)",estimate,VN-direct,Low,QNT model (assumptions.csv),"Our estimate for horizon year 2050; scenario, not forecast."
BLO-1133,S-ALT,2050,alt_electricity_twh,11.692,TWh a year,estimate,VN-direct,Low,QNT model (assumptions.csv),"Our estimate for horizon year 2050; scenario, not forecast."
BLO-1134,S-ALT,2050,alt_hydrogen_kt,185.1,kt H2 a year,estimate,VN-direct,Low,QNT model (assumptions.csv),"Our estimate for horizon year 2050; scenario, not forecast."
BLO-1135,S-ALT,2050,alt_co2_feedstock_kt,694.1,kt CO2 used as feedstock,estimate,VN-direct,Low,QNT model (assumptions.csv),"Our estimate for horizon year 2050; scenario, not forecast."
BLO-1136,S-ALT,2050,alt_nitrogen_urea_eq_kt,121.9,kt urea (sugar route),estimate,VN-direct,Low,QNT model (assumptions.csv),"Our estimate for horizon year 2050; scenario, not forecast."
BLO-1137,S-ALT,2050,alt_nitrogen_nh3_kt,43.701,kt NH3 (gas route),estimate,VN-direct,Low,QNT model (assumptions.csv),"Our estimate for horizon year 2050; scenario, not forecast."
BLO-1138,S-ALT,2050,alt_soybeans_for_plant_food_kt,238.6,"kt soybeans (imported, for plant-based food)",estimate,VN-direct,Low,QNT model (assumptions.csv),"Our estimate for horizon year 2050; scenario, not forecast."
BLO-1139,S-ALT,2050,alt_electricity_co2_mt,0.2455,Mt CO2 at the PDP8-derived grid factor,estimate,VN-direct,Low,QNT model (assumptions.csv),"Our estimate for horizon year 2050; scenario, not forecast."
BLO-1140,S-ALT,2050,sbm_import_avoided_mt,1.624,Mt soybean meal vs S-BASE,estimate,VN-direct,Low,QNT model (assumptions.csv),"Our estimate for horizon year 2050; scenario, not forecast."
BLO-1141,S-ALT,2050,sbm_import_avoided_via_feed_mt,0.9754,Mt (microbial protein in feed),estimate,VN-direct,Low,QNT model (assumptions.csv),"Our estimate for horizon year 2050; scenario, not forecast."
BLO-1142,S-ALT,2050,sbm_import_avoided_via_food_mt,0.6488,Mt (less meat produced),estimate,VN-direct,Low,QNT model (assumptions.csv),"Our estimate for horizon year 2050; scenario, not forecast."
BLO-1143,S-ALT,2050,sbm_import_avoided_pct,15.614,% of S-BASE need,estimate,VN-direct,Low,QNT model (assumptions.csv),"Our estimate for horizon year 2050; scenario, not forecast."
BLO-1144,S-ALT,2050,fishmeal_avoided_kt,101.6,kt vs S-BASE,estimate,VN-direct,Low,QNT model (assumptions.csv),"Our estimate for horizon year 2050; scenario, not forecast."
BLO-1145,S-ALT,2050,maize_import_avoided_mt,1.367,Mt vs S-BASE,estimate,VN-direct,Low,QNT model (assumptions.csv),"Our estimate for horizon year 2050; scenario, not forecast."
BLO-1146,S-ALT,2050,soy_land_avoided_gross_kha,453.9,thousand ha abroad,estimate,VN-direct,Low,QNT model (assumptions.csv),"Our estimate for horizon year 2050; scenario, not forecast."
BLO-1147,S-ALT,2050,soy_land_for_plant_food_kha,52.022,thousand ha abroad,estimate,VN-direct,Low,QNT model (assumptions.csv),"Our estimate for horizon year 2050; scenario, not forecast."
BLO-1148,S-ALT,2050,soy_land_avoided_net_kha,401.9,thousand ha abroad,estimate,VN-direct,Low,QNT model (assumptions.csv),"Our estimate for horizon year 2050; scenario, not forecast."
BLO-1149,S-ALT,2050,sbm_emissions_avoided_mt_co2e,0.6351,"Mt CO2e (published average, land-use change not checked)",estimate,VN-direct,Low,QNT model (assumptions.csv),"Our estimate for horizon year 2050; scenario, not forecast."
BLO-1150,S-ALT,2050,fishmeal_emissions_avoided_mt_co2e,0.1797,Mt CO2e,estimate,VN-direct,Low,QNT model (assumptions.csv),"Our estimate for horizon year 2050; scenario, not forecast."
