record_id,topic,country,year,count,per_10k_country_output,query_or_oql,source_ids,notes
BTF-001,cultivated_meat,World,2015,35,,"OpenAlex title_and_abstract.search; type article or review; retracted excluded; ""cultured meat"" OR ""cultivated meat"" OR ""cell-based meat"" OR ""lab-grown meat"" OR ""in vitro meat"" OR ""cell-cultured meat"" OR ""cultivated seafood"" OR ""cell-based seafood"" OR ""cultured fish meat""",HSC-01,
BTF-002,cultivated_meat,World,2016,15,,"OpenAlex title_and_abstract.search; type article or review; retracted excluded; ""cultured meat"" OR ""cultivated meat"" OR ""cell-based meat"" OR ""lab-grown meat"" OR ""in vitro meat"" OR ""cell-cultured meat"" OR ""cultivated seafood"" OR ""cell-based seafood"" OR ""cultured fish meat""",HSC-01,
BTF-003,cultivated_meat,World,2017,21,,"OpenAlex title_and_abstract.search; type article or review; retracted excluded; ""cultured meat"" OR ""cultivated meat"" OR ""cell-based meat"" OR ""lab-grown meat"" OR ""in vitro meat"" OR ""cell-cultured meat"" OR ""cultivated seafood"" OR ""cell-based seafood"" OR ""cultured fish meat""",HSC-01,
BTF-004,cultivated_meat,World,2018,47,,"OpenAlex title_and_abstract.search; type article or review; retracted excluded; ""cultured meat"" OR ""cultivated meat"" OR ""cell-based meat"" OR ""lab-grown meat"" OR ""in vitro meat"" OR ""cell-cultured meat"" OR ""cultivated seafood"" OR ""cell-based seafood"" OR ""cultured fish meat""",HSC-01,
BTF-005,cultivated_meat,World,2019,63,,"OpenAlex title_and_abstract.search; type article or review; retracted excluded; ""cultured meat"" OR ""cultivated meat"" OR ""cell-based meat"" OR ""lab-grown meat"" OR ""in vitro meat"" OR ""cell-cultured meat"" OR ""cultivated seafood"" OR ""cell-based seafood"" OR ""cultured fish meat""",HSC-01,
BTF-006,cultivated_meat,World,2020,133,,"OpenAlex title_and_abstract.search; type article or review; retracted excluded; ""cultured meat"" OR ""cultivated meat"" OR ""cell-based meat"" OR ""lab-grown meat"" OR ""in vitro meat"" OR ""cell-cultured meat"" OR ""cultivated seafood"" OR ""cell-based seafood"" OR ""cultured fish meat""",HSC-01,
BTF-007,cultivated_meat,World,2021,159,,"OpenAlex title_and_abstract.search; type article or review; retracted excluded; ""cultured meat"" OR ""cultivated meat"" OR ""cell-based meat"" OR ""lab-grown meat"" OR ""in vitro meat"" OR ""cell-cultured meat"" OR ""cultivated seafood"" OR ""cell-based seafood"" OR ""cultured fish meat""",HSC-01,
BTF-008,cultivated_meat,World,2022,243,,"OpenAlex title_and_abstract.search; type article or review; retracted excluded; ""cultured meat"" OR ""cultivated meat"" OR ""cell-based meat"" OR ""lab-grown meat"" OR ""in vitro meat"" OR ""cell-cultured meat"" OR ""cultivated seafood"" OR ""cell-based seafood"" OR ""cultured fish meat""",HSC-01,
BTF-009,cultivated_meat,World,2023,292,,"OpenAlex title_and_abstract.search; type article or review; retracted excluded; ""cultured meat"" OR ""cultivated meat"" OR ""cell-based meat"" OR ""lab-grown meat"" OR ""in vitro meat"" OR ""cell-cultured meat"" OR ""cultivated seafood"" OR ""cell-based seafood"" OR ""cultured fish meat""",HSC-01,
BTF-010,cultivated_meat,World,2024,372,,"OpenAlex title_and_abstract.search; type article or review; retracted excluded; ""cultured meat"" OR ""cultivated meat"" OR ""cell-based meat"" OR ""lab-grown meat"" OR ""in vitro meat"" OR ""cell-cultured meat"" OR ""cultivated seafood"" OR ""cell-based seafood"" OR ""cultured fish meat""",HSC-01,
BTF-011,cultivated_meat,World,2025,508,,"OpenAlex title_and_abstract.search; type article or review; retracted excluded; ""cultured meat"" OR ""cultivated meat"" OR ""cell-based meat"" OR ""lab-grown meat"" OR ""in vitro meat"" OR ""cell-cultured meat"" OR ""cultivated seafood"" OR ""cell-based seafood"" OR ""cultured fish meat""",HSC-01,
BTF-012,cultivated_meat,World,2026,409,,"OpenAlex title_and_abstract.search; type article or review; retracted excluded; ""cultured meat"" OR ""cultivated meat"" OR ""cell-based meat"" OR ""lab-grown meat"" OR ""in vitro meat"" OR ""cell-cultured meat"" OR ""cultivated seafood"" OR ""cell-based seafood"" OR ""cultured fish meat""",HSC-01,2026 partial year (to 24 Sep 2026)
BTF-013,gas_fermentation_protein,World,2015,6,,"OpenAlex title_and_abstract.search; type article or review; retracted excluded; (""single cell protein"" OR ""single-cell protein"" OR ""microbial protein"" OR ""bacterial protein"") AND (""hydrogen-oxidizing"" OR ""hydrogen-oxidising"" OR ""hydrogen oxidizing"" OR ""knallgas"" OR ""power-to-protein"" OR ""gas fermentation"" OR ""methanotroph"" OR ""methanotrophic"" OR ""methane-oxidizing"" OR ""Cupriavidus necator"" OR ""carbon dioxide"" OR ""CO2"")",HSC-01,
BTF-014,gas_fermentation_protein,World,2016,8,,"OpenAlex title_and_abstract.search; type article or review; retracted excluded; (""single cell protein"" OR ""single-cell protein"" OR ""microbial protein"" OR ""bacterial protein"") AND (""hydrogen-oxidizing"" OR ""hydrogen-oxidising"" OR ""hydrogen oxidizing"" OR ""knallgas"" OR ""power-to-protein"" OR ""gas fermentation"" OR ""methanotroph"" OR ""methanotrophic"" OR ""methane-oxidizing"" OR ""Cupriavidus necator"" OR ""carbon dioxide"" OR ""CO2"")",HSC-01,
BTF-015,gas_fermentation_protein,World,2017,12,,"OpenAlex title_and_abstract.search; type article or review; retracted excluded; (""single cell protein"" OR ""single-cell protein"" OR ""microbial protein"" OR ""bacterial protein"") AND (""hydrogen-oxidizing"" OR ""hydrogen-oxidising"" OR ""hydrogen oxidizing"" OR ""knallgas"" OR ""power-to-protein"" OR ""gas fermentation"" OR ""methanotroph"" OR ""methanotrophic"" OR ""methane-oxidizing"" OR ""Cupriavidus necator"" OR ""carbon dioxide"" OR ""CO2"")",HSC-01,
BTF-016,gas_fermentation_protein,World,2018,9,,"OpenAlex title_and_abstract.search; type article or review; retracted excluded; (""single cell protein"" OR ""single-cell protein"" OR ""microbial protein"" OR ""bacterial protein"") AND (""hydrogen-oxidizing"" OR ""hydrogen-oxidising"" OR ""hydrogen oxidizing"" OR ""knallgas"" OR ""power-to-protein"" OR ""gas fermentation"" OR ""methanotroph"" OR ""methanotrophic"" OR ""methane-oxidizing"" OR ""Cupriavidus necator"" OR ""carbon dioxide"" OR ""CO2"")",HSC-01,
BTF-017,gas_fermentation_protein,World,2019,19,,"OpenAlex title_and_abstract.search; type article or review; retracted excluded; (""single cell protein"" OR ""single-cell protein"" OR ""microbial protein"" OR ""bacterial protein"") AND (""hydrogen-oxidizing"" OR ""hydrogen-oxidising"" OR ""hydrogen oxidizing"" OR ""knallgas"" OR ""power-to-protein"" OR ""gas fermentation"" OR ""methanotroph"" OR ""methanotrophic"" OR ""methane-oxidizing"" OR ""Cupriavidus necator"" OR ""carbon dioxide"" OR ""CO2"")",HSC-01,
BTF-018,gas_fermentation_protein,World,2020,24,,"OpenAlex title_and_abstract.search; type article or review; retracted excluded; (""single cell protein"" OR ""single-cell protein"" OR ""microbial protein"" OR ""bacterial protein"") AND (""hydrogen-oxidizing"" OR ""hydrogen-oxidising"" OR ""hydrogen oxidizing"" OR ""knallgas"" OR ""power-to-protein"" OR ""gas fermentation"" OR ""methanotroph"" OR ""methanotrophic"" OR ""methane-oxidizing"" OR ""Cupriavidus necator"" OR ""carbon dioxide"" OR ""CO2"")",HSC-01,
BTF-019,gas_fermentation_protein,World,2021,37,,"OpenAlex title_and_abstract.search; type article or review; retracted excluded; (""single cell protein"" OR ""single-cell protein"" OR ""microbial protein"" OR ""bacterial protein"") AND (""hydrogen-oxidizing"" OR ""hydrogen-oxidising"" OR ""hydrogen oxidizing"" OR ""knallgas"" OR ""power-to-protein"" OR ""gas fermentation"" OR ""methanotroph"" OR ""methanotrophic"" OR ""methane-oxidizing"" OR ""Cupriavidus necator"" OR ""carbon dioxide"" OR ""CO2"")",HSC-01,
BTF-020,gas_fermentation_protein,World,2022,21,,"OpenAlex title_and_abstract.search; type article or review; retracted excluded; (""single cell protein"" OR ""single-cell protein"" OR ""microbial protein"" OR ""bacterial protein"") AND (""hydrogen-oxidizing"" OR ""hydrogen-oxidising"" OR ""hydrogen oxidizing"" OR ""knallgas"" OR ""power-to-protein"" OR ""gas fermentation"" OR ""methanotroph"" OR ""methanotrophic"" OR ""methane-oxidizing"" OR ""Cupriavidus necator"" OR ""carbon dioxide"" OR ""CO2"")",HSC-01,
BTF-021,gas_fermentation_protein,World,2023,17,,"OpenAlex title_and_abstract.search; type article or review; retracted excluded; (""single cell protein"" OR ""single-cell protein"" OR ""microbial protein"" OR ""bacterial protein"") AND (""hydrogen-oxidizing"" OR ""hydrogen-oxidising"" OR ""hydrogen oxidizing"" OR ""knallgas"" OR ""power-to-protein"" OR ""gas fermentation"" OR ""methanotroph"" OR ""methanotrophic"" OR ""methane-oxidizing"" OR ""Cupriavidus necator"" OR ""carbon dioxide"" OR ""CO2"")",HSC-01,
BTF-022,gas_fermentation_protein,World,2024,41,,"OpenAlex title_and_abstract.search; type article or review; retracted excluded; (""single cell protein"" OR ""single-cell protein"" OR ""microbial protein"" OR ""bacterial protein"") AND (""hydrogen-oxidizing"" OR ""hydrogen-oxidising"" OR ""hydrogen oxidizing"" OR ""knallgas"" OR ""power-to-protein"" OR ""gas fermentation"" OR ""methanotroph"" OR ""methanotrophic"" OR ""methane-oxidizing"" OR ""Cupriavidus necator"" OR ""carbon dioxide"" OR ""CO2"")",HSC-01,
BTF-023,gas_fermentation_protein,World,2025,62,,"OpenAlex title_and_abstract.search; type article or review; retracted excluded; (""single cell protein"" OR ""single-cell protein"" OR ""microbial protein"" OR ""bacterial protein"") AND (""hydrogen-oxidizing"" OR ""hydrogen-oxidising"" OR ""hydrogen oxidizing"" OR ""knallgas"" OR ""power-to-protein"" OR ""gas fermentation"" OR ""methanotroph"" OR ""methanotrophic"" OR ""methane-oxidizing"" OR ""Cupriavidus necator"" OR ""carbon dioxide"" OR ""CO2"")",HSC-01,
BTF-024,gas_fermentation_protein,World,2026,58,,"OpenAlex title_and_abstract.search; type article or review; retracted excluded; (""single cell protein"" OR ""single-cell protein"" OR ""microbial protein"" OR ""bacterial protein"") AND (""hydrogen-oxidizing"" OR ""hydrogen-oxidising"" OR ""hydrogen oxidizing"" OR ""knallgas"" OR ""power-to-protein"" OR ""gas fermentation"" OR ""methanotroph"" OR ""methanotrophic"" OR ""methane-oxidizing"" OR ""Cupriavidus necator"" OR ""carbon dioxide"" OR ""CO2"")",HSC-01,2026 partial year (to 24 Sep 2026)
BTF-025,single_cell_protein,World,2015,52,,"OpenAlex title_and_abstract.search; type article or review; retracted excluded; ""single cell protein"" OR ""single-cell protein""",HSC-01,
BTF-026,single_cell_protein,World,2016,60,,"OpenAlex title_and_abstract.search; type article or review; retracted excluded; ""single cell protein"" OR ""single-cell protein""",HSC-01,
BTF-027,single_cell_protein,World,2017,62,,"OpenAlex title_and_abstract.search; type article or review; retracted excluded; ""single cell protein"" OR ""single-cell protein""",HSC-01,
BTF-028,single_cell_protein,World,2018,75,,"OpenAlex title_and_abstract.search; type article or review; retracted excluded; ""single cell protein"" OR ""single-cell protein""",HSC-01,
BTF-029,single_cell_protein,World,2019,65,,"OpenAlex title_and_abstract.search; type article or review; retracted excluded; ""single cell protein"" OR ""single-cell protein""",HSC-01,
BTF-030,single_cell_protein,World,2020,101,,"OpenAlex title_and_abstract.search; type article or review; retracted excluded; ""single cell protein"" OR ""single-cell protein""",HSC-01,
BTF-031,single_cell_protein,World,2021,121,,"OpenAlex title_and_abstract.search; type article or review; retracted excluded; ""single cell protein"" OR ""single-cell protein""",HSC-01,
BTF-032,single_cell_protein,World,2022,165,,"OpenAlex title_and_abstract.search; type article or review; retracted excluded; ""single cell protein"" OR ""single-cell protein""",HSC-01,
BTF-033,single_cell_protein,World,2023,136,,"OpenAlex title_and_abstract.search; type article or review; retracted excluded; ""single cell protein"" OR ""single-cell protein""",HSC-01,
BTF-034,single_cell_protein,World,2024,174,,"OpenAlex title_and_abstract.search; type article or review; retracted excluded; ""single cell protein"" OR ""single-cell protein""",HSC-01,
BTF-035,single_cell_protein,World,2025,235,,"OpenAlex title_and_abstract.search; type article or review; retracted excluded; ""single cell protein"" OR ""single-cell protein""",HSC-01,
BTF-036,single_cell_protein,World,2026,221,,"OpenAlex title_and_abstract.search; type article or review; retracted excluded; ""single cell protein"" OR ""single-cell protein""",HSC-01,2026 partial year (to 24 Sep 2026)
BTF-037,precision_fermentation,World,2015,8,,"OpenAlex title_and_abstract.search; type article or review; retracted excluded; ""precision fermentation"" OR ""animal-free dairy"" OR ""animal-free protein"" OR ""recombinant milk protein"" OR ""recombinant casein"" OR ""recombinant beta-lactoglobulin"" OR ""recombinant ovalbumin"" OR ""recombinant egg white"" OR ""recombinant food protein"" OR ""recombinant leghemoglobin"" OR ""recombinant lactoferrin"" OR ""recombinant myoglobin""",HSC-01,
BTF-038,precision_fermentation,World,2016,5,,"OpenAlex title_and_abstract.search; type article or review; retracted excluded; ""precision fermentation"" OR ""animal-free dairy"" OR ""animal-free protein"" OR ""recombinant milk protein"" OR ""recombinant casein"" OR ""recombinant beta-lactoglobulin"" OR ""recombinant ovalbumin"" OR ""recombinant egg white"" OR ""recombinant food protein"" OR ""recombinant leghemoglobin"" OR ""recombinant lactoferrin"" OR ""recombinant myoglobin""",HSC-01,
BTF-039,precision_fermentation,World,2017,3,,"OpenAlex title_and_abstract.search; type article or review; retracted excluded; ""precision fermentation"" OR ""animal-free dairy"" OR ""animal-free protein"" OR ""recombinant milk protein"" OR ""recombinant casein"" OR ""recombinant beta-lactoglobulin"" OR ""recombinant ovalbumin"" OR ""recombinant egg white"" OR ""recombinant food protein"" OR ""recombinant leghemoglobin"" OR ""recombinant lactoferrin"" OR ""recombinant myoglobin""",HSC-01,
BTF-040,precision_fermentation,World,2018,5,,"OpenAlex title_and_abstract.search; type article or review; retracted excluded; ""precision fermentation"" OR ""animal-free dairy"" OR ""animal-free protein"" OR ""recombinant milk protein"" OR ""recombinant casein"" OR ""recombinant beta-lactoglobulin"" OR ""recombinant ovalbumin"" OR ""recombinant egg white"" OR ""recombinant food protein"" OR ""recombinant leghemoglobin"" OR ""recombinant lactoferrin"" OR ""recombinant myoglobin""",HSC-01,
BTF-041,precision_fermentation,World,2019,6,,"OpenAlex title_and_abstract.search; type article or review; retracted excluded; ""precision fermentation"" OR ""animal-free dairy"" OR ""animal-free protein"" OR ""recombinant milk protein"" OR ""recombinant casein"" OR ""recombinant beta-lactoglobulin"" OR ""recombinant ovalbumin"" OR ""recombinant egg white"" OR ""recombinant food protein"" OR ""recombinant leghemoglobin"" OR ""recombinant lactoferrin"" OR ""recombinant myoglobin""",HSC-01,
BTF-042,precision_fermentation,World,2020,9,,"OpenAlex title_and_abstract.search; type article or review; retracted excluded; ""precision fermentation"" OR ""animal-free dairy"" OR ""animal-free protein"" OR ""recombinant milk protein"" OR ""recombinant casein"" OR ""recombinant beta-lactoglobulin"" OR ""recombinant ovalbumin"" OR ""recombinant egg white"" OR ""recombinant food protein"" OR ""recombinant leghemoglobin"" OR ""recombinant lactoferrin"" OR ""recombinant myoglobin""",HSC-01,
BTF-043,precision_fermentation,World,2021,15,,"OpenAlex title_and_abstract.search; type article or review; retracted excluded; ""precision fermentation"" OR ""animal-free dairy"" OR ""animal-free protein"" OR ""recombinant milk protein"" OR ""recombinant casein"" OR ""recombinant beta-lactoglobulin"" OR ""recombinant ovalbumin"" OR ""recombinant egg white"" OR ""recombinant food protein"" OR ""recombinant leghemoglobin"" OR ""recombinant lactoferrin"" OR ""recombinant myoglobin""",HSC-01,
BTF-044,precision_fermentation,World,2022,22,,"OpenAlex title_and_abstract.search; type article or review; retracted excluded; ""precision fermentation"" OR ""animal-free dairy"" OR ""animal-free protein"" OR ""recombinant milk protein"" OR ""recombinant casein"" OR ""recombinant beta-lactoglobulin"" OR ""recombinant ovalbumin"" OR ""recombinant egg white"" OR ""recombinant food protein"" OR ""recombinant leghemoglobin"" OR ""recombinant lactoferrin"" OR ""recombinant myoglobin""",HSC-01,
BTF-045,precision_fermentation,World,2023,43,,"OpenAlex title_and_abstract.search; type article or review; retracted excluded; ""precision fermentation"" OR ""animal-free dairy"" OR ""animal-free protein"" OR ""recombinant milk protein"" OR ""recombinant casein"" OR ""recombinant beta-lactoglobulin"" OR ""recombinant ovalbumin"" OR ""recombinant egg white"" OR ""recombinant food protein"" OR ""recombinant leghemoglobin"" OR ""recombinant lactoferrin"" OR ""recombinant myoglobin""",HSC-01,
BTF-046,precision_fermentation,World,2024,62,,"OpenAlex title_and_abstract.search; type article or review; retracted excluded; ""precision fermentation"" OR ""animal-free dairy"" OR ""animal-free protein"" OR ""recombinant milk protein"" OR ""recombinant casein"" OR ""recombinant beta-lactoglobulin"" OR ""recombinant ovalbumin"" OR ""recombinant egg white"" OR ""recombinant food protein"" OR ""recombinant leghemoglobin"" OR ""recombinant lactoferrin"" OR ""recombinant myoglobin""",HSC-01,
BTF-047,precision_fermentation,World,2025,188,,"OpenAlex title_and_abstract.search; type article or review; retracted excluded; ""precision fermentation"" OR ""animal-free dairy"" OR ""animal-free protein"" OR ""recombinant milk protein"" OR ""recombinant casein"" OR ""recombinant beta-lactoglobulin"" OR ""recombinant ovalbumin"" OR ""recombinant egg white"" OR ""recombinant food protein"" OR ""recombinant leghemoglobin"" OR ""recombinant lactoferrin"" OR ""recombinant myoglobin""",HSC-01,
BTF-048,precision_fermentation,World,2026,234,,"OpenAlex title_and_abstract.search; type article or review; retracted excluded; ""precision fermentation"" OR ""animal-free dairy"" OR ""animal-free protein"" OR ""recombinant milk protein"" OR ""recombinant casein"" OR ""recombinant beta-lactoglobulin"" OR ""recombinant ovalbumin"" OR ""recombinant egg white"" OR ""recombinant food protein"" OR ""recombinant leghemoglobin"" OR ""recombinant lactoferrin"" OR ""recombinant myoglobin""",HSC-01,2026 partial year (to 24 Sep 2026)
BTF-049,molecular_farming_food_narrow,World,2024,3,,"OpenAlex title_and_abstract.search; type article or review; retracted excluded; (""molecular farming"" OR ""molecular pharming"" OR ""plant molecular farming"") AND (""alternative protein"" OR ""casein"" OR ""milk protein"" OR ""cellular agriculture"" OR ""animal protein"" OR ""food protein"" OR ""food ingredient"" OR ""meat"")",HSC-01,
BTF-050,molecular_farming_food_narrow,World,2025,3,,"OpenAlex title_and_abstract.search; type article or review; retracted excluded; (""molecular farming"" OR ""molecular pharming"" OR ""plant molecular farming"") AND (""alternative protein"" OR ""casein"" OR ""milk protein"" OR ""cellular agriculture"" OR ""animal protein"" OR ""food protein"" OR ""food ingredient"" OR ""meat"")",HSC-01,
BTF-051,molecular_farming_food_narrow,World,2026,2,,"OpenAlex title_and_abstract.search; type article or review; retracted excluded; (""molecular farming"" OR ""molecular pharming"" OR ""plant molecular farming"") AND (""alternative protein"" OR ""casein"" OR ""milk protein"" OR ""cellular agriculture"" OR ""animal protein"" OR ""food protein"" OR ""food ingredient"" OR ""meat"")",HSC-01,2026 partial year (to 24 Sep 2026)
BTF-052,ai_food_protein,World,2017,1,,"OpenAlex title_and_abstract.search; type article or review; retracted excluded; (""machine learning"" OR ""artificial intelligence"" OR ""deep learning"" OR ""Bayesian optimization"" OR ""protein language model"") AND (""cultivated meat"" OR ""cultured meat"" OR ""precision fermentation"" OR ""alternative protein"" OR ""alternative proteins"" OR ""meat analogue"" OR ""meat analog"" OR ""plant-based meat"" OR ""mycoprotein"" OR ""single cell protein"" OR ""food protein"" OR ""food proteins"")",HSC-01,
BTF-053,ai_food_protein,World,2019,1,,"OpenAlex title_and_abstract.search; type article or review; retracted excluded; (""machine learning"" OR ""artificial intelligence"" OR ""deep learning"" OR ""Bayesian optimization"" OR ""protein language model"") AND (""cultivated meat"" OR ""cultured meat"" OR ""precision fermentation"" OR ""alternative protein"" OR ""alternative proteins"" OR ""meat analogue"" OR ""meat analog"" OR ""plant-based meat"" OR ""mycoprotein"" OR ""single cell protein"" OR ""food protein"" OR ""food proteins"")",HSC-01,
BTF-054,ai_food_protein,World,2020,4,,"OpenAlex title_and_abstract.search; type article or review; retracted excluded; (""machine learning"" OR ""artificial intelligence"" OR ""deep learning"" OR ""Bayesian optimization"" OR ""protein language model"") AND (""cultivated meat"" OR ""cultured meat"" OR ""precision fermentation"" OR ""alternative protein"" OR ""alternative proteins"" OR ""meat analogue"" OR ""meat analog"" OR ""plant-based meat"" OR ""mycoprotein"" OR ""single cell protein"" OR ""food protein"" OR ""food proteins"")",HSC-01,
BTF-055,ai_food_protein,World,2021,7,,"OpenAlex title_and_abstract.search; type article or review; retracted excluded; (""machine learning"" OR ""artificial intelligence"" OR ""deep learning"" OR ""Bayesian optimization"" OR ""protein language model"") AND (""cultivated meat"" OR ""cultured meat"" OR ""precision fermentation"" OR ""alternative protein"" OR ""alternative proteins"" OR ""meat analogue"" OR ""meat analog"" OR ""plant-based meat"" OR ""mycoprotein"" OR ""single cell protein"" OR ""food protein"" OR ""food proteins"")",HSC-01,
BTF-056,ai_food_protein,World,2022,10,,"OpenAlex title_and_abstract.search; type article or review; retracted excluded; (""machine learning"" OR ""artificial intelligence"" OR ""deep learning"" OR ""Bayesian optimization"" OR ""protein language model"") AND (""cultivated meat"" OR ""cultured meat"" OR ""precision fermentation"" OR ""alternative protein"" OR ""alternative proteins"" OR ""meat analogue"" OR ""meat analog"" OR ""plant-based meat"" OR ""mycoprotein"" OR ""single cell protein"" OR ""food protein"" OR ""food proteins"")",HSC-01,
BTF-057,ai_food_protein,World,2023,19,,"OpenAlex title_and_abstract.search; type article or review; retracted excluded; (""machine learning"" OR ""artificial intelligence"" OR ""deep learning"" OR ""Bayesian optimization"" OR ""protein language model"") AND (""cultivated meat"" OR ""cultured meat"" OR ""precision fermentation"" OR ""alternative protein"" OR ""alternative proteins"" OR ""meat analogue"" OR ""meat analog"" OR ""plant-based meat"" OR ""mycoprotein"" OR ""single cell protein"" OR ""food protein"" OR ""food proteins"")",HSC-01,
BTF-058,ai_food_protein,World,2024,30,,"OpenAlex title_and_abstract.search; type article or review; retracted excluded; (""machine learning"" OR ""artificial intelligence"" OR ""deep learning"" OR ""Bayesian optimization"" OR ""protein language model"") AND (""cultivated meat"" OR ""cultured meat"" OR ""precision fermentation"" OR ""alternative protein"" OR ""alternative proteins"" OR ""meat analogue"" OR ""meat analog"" OR ""plant-based meat"" OR ""mycoprotein"" OR ""single cell protein"" OR ""food protein"" OR ""food proteins"")",HSC-01,
BTF-059,ai_food_protein,World,2025,89,,"OpenAlex title_and_abstract.search; type article or review; retracted excluded; (""machine learning"" OR ""artificial intelligence"" OR ""deep learning"" OR ""Bayesian optimization"" OR ""protein language model"") AND (""cultivated meat"" OR ""cultured meat"" OR ""precision fermentation"" OR ""alternative protein"" OR ""alternative proteins"" OR ""meat analogue"" OR ""meat analog"" OR ""plant-based meat"" OR ""mycoprotein"" OR ""single cell protein"" OR ""food protein"" OR ""food proteins"")",HSC-01,
BTF-060,ai_food_protein,World,2026,127,,"OpenAlex title_and_abstract.search; type article or review; retracted excluded; (""machine learning"" OR ""artificial intelligence"" OR ""deep learning"" OR ""Bayesian optimization"" OR ""protein language model"") AND (""cultivated meat"" OR ""cultured meat"" OR ""precision fermentation"" OR ""alternative protein"" OR ""alternative proteins"" OR ""meat analogue"" OR ""meat analog"" OR ""plant-based meat"" OR ""mycoprotein"" OR ""single cell protein"" OR ""food protein"" OR ""food proteins"")",HSC-01,2026 partial year (to 24 Sep 2026)
BTF-061,mycoprotein,World,2015,10,,"OpenAlex title_and_abstract.search; type article or review; retracted excluded; ""mycoprotein"" OR ""myco-protein"" OR ""mycelial protein"" OR ""mycelium protein"" OR ""fungal biomass protein"" OR ""mycelium-based meat"" OR ""mycelium-based food"" OR ""fungal-based meat""",HSC-01,
BTF-062,mycoprotein,World,2016,9,,"OpenAlex title_and_abstract.search; type article or review; retracted excluded; ""mycoprotein"" OR ""myco-protein"" OR ""mycelial protein"" OR ""mycelium protein"" OR ""fungal biomass protein"" OR ""mycelium-based meat"" OR ""mycelium-based food"" OR ""fungal-based meat""",HSC-01,
BTF-063,mycoprotein,World,2017,11,,"OpenAlex title_and_abstract.search; type article or review; retracted excluded; ""mycoprotein"" OR ""myco-protein"" OR ""mycelial protein"" OR ""mycelium protein"" OR ""fungal biomass protein"" OR ""mycelium-based meat"" OR ""mycelium-based food"" OR ""fungal-based meat""",HSC-01,
BTF-064,mycoprotein,World,2018,13,,"OpenAlex title_and_abstract.search; type article or review; retracted excluded; ""mycoprotein"" OR ""myco-protein"" OR ""mycelial protein"" OR ""mycelium protein"" OR ""fungal biomass protein"" OR ""mycelium-based meat"" OR ""mycelium-based food"" OR ""fungal-based meat""",HSC-01,
BTF-065,mycoprotein,World,2019,17,,"OpenAlex title_and_abstract.search; type article or review; retracted excluded; ""mycoprotein"" OR ""myco-protein"" OR ""mycelial protein"" OR ""mycelium protein"" OR ""fungal biomass protein"" OR ""mycelium-based meat"" OR ""mycelium-based food"" OR ""fungal-based meat""",HSC-01,
BTF-066,mycoprotein,World,2020,23,,"OpenAlex title_and_abstract.search; type article or review; retracted excluded; ""mycoprotein"" OR ""myco-protein"" OR ""mycelial protein"" OR ""mycelium protein"" OR ""fungal biomass protein"" OR ""mycelium-based meat"" OR ""mycelium-based food"" OR ""fungal-based meat""",HSC-01,
BTF-067,mycoprotein,World,2021,30,,"OpenAlex title_and_abstract.search; type article or review; retracted excluded; ""mycoprotein"" OR ""myco-protein"" OR ""mycelial protein"" OR ""mycelium protein"" OR ""fungal biomass protein"" OR ""mycelium-based meat"" OR ""mycelium-based food"" OR ""fungal-based meat""",HSC-01,
BTF-068,mycoprotein,World,2022,42,,"OpenAlex title_and_abstract.search; type article or review; retracted excluded; ""mycoprotein"" OR ""myco-protein"" OR ""mycelial protein"" OR ""mycelium protein"" OR ""fungal biomass protein"" OR ""mycelium-based meat"" OR ""mycelium-based food"" OR ""fungal-based meat""",HSC-01,
BTF-069,mycoprotein,World,2023,55,,"OpenAlex title_and_abstract.search; type article or review; retracted excluded; ""mycoprotein"" OR ""myco-protein"" OR ""mycelial protein"" OR ""mycelium protein"" OR ""fungal biomass protein"" OR ""mycelium-based meat"" OR ""mycelium-based food"" OR ""fungal-based meat""",HSC-01,
BTF-070,mycoprotein,World,2024,71,,"OpenAlex title_and_abstract.search; type article or review; retracted excluded; ""mycoprotein"" OR ""myco-protein"" OR ""mycelial protein"" OR ""mycelium protein"" OR ""fungal biomass protein"" OR ""mycelium-based meat"" OR ""mycelium-based food"" OR ""fungal-based meat""",HSC-01,
BTF-071,mycoprotein,World,2025,100,,"OpenAlex title_and_abstract.search; type article or review; retracted excluded; ""mycoprotein"" OR ""myco-protein"" OR ""mycelial protein"" OR ""mycelium protein"" OR ""fungal biomass protein"" OR ""mycelium-based meat"" OR ""mycelium-based food"" OR ""fungal-based meat""",HSC-01,
BTF-072,mycoprotein,World,2026,101,,"OpenAlex title_and_abstract.search; type article or review; retracted excluded; ""mycoprotein"" OR ""myco-protein"" OR ""mycelial protein"" OR ""mycelium protein"" OR ""fungal biomass protein"" OR ""mycelium-based meat"" OR ""mycelium-based food"" OR ""fungal-based meat""",HSC-01,2026 partial year (to 24 Sep 2026)
BTF-073,microalgae_protein,World,2015,22,,"OpenAlex title_and_abstract.search; type article or review; retracted excluded; ""microalgae protein"" OR ""microalgal protein"" OR ""algal protein"" OR ""algae protein"" OR ""spirulina protein"" OR ""chlorella protein"" OR ""Arthrospira protein"" OR ""microalgal proteins"" OR ""microalgae proteins""",HSC-01,
BTF-074,microalgae_protein,World,2016,24,,"OpenAlex title_and_abstract.search; type article or review; retracted excluded; ""microalgae protein"" OR ""microalgal protein"" OR ""algal protein"" OR ""algae protein"" OR ""spirulina protein"" OR ""chlorella protein"" OR ""Arthrospira protein"" OR ""microalgal proteins"" OR ""microalgae proteins""",HSC-01,
BTF-075,microalgae_protein,World,2017,26,,"OpenAlex title_and_abstract.search; type article or review; retracted excluded; ""microalgae protein"" OR ""microalgal protein"" OR ""algal protein"" OR ""algae protein"" OR ""spirulina protein"" OR ""chlorella protein"" OR ""Arthrospira protein"" OR ""microalgal proteins"" OR ""microalgae proteins""",HSC-01,
BTF-076,microalgae_protein,World,2018,35,,"OpenAlex title_and_abstract.search; type article or review; retracted excluded; ""microalgae protein"" OR ""microalgal protein"" OR ""algal protein"" OR ""algae protein"" OR ""spirulina protein"" OR ""chlorella protein"" OR ""Arthrospira protein"" OR ""microalgal proteins"" OR ""microalgae proteins""",HSC-01,
BTF-077,microalgae_protein,World,2019,52,,"OpenAlex title_and_abstract.search; type article or review; retracted excluded; ""microalgae protein"" OR ""microalgal protein"" OR ""algal protein"" OR ""algae protein"" OR ""spirulina protein"" OR ""chlorella protein"" OR ""Arthrospira protein"" OR ""microalgal proteins"" OR ""microalgae proteins""",HSC-01,
BTF-078,microalgae_protein,World,2020,31,,"OpenAlex title_and_abstract.search; type article or review; retracted excluded; ""microalgae protein"" OR ""microalgal protein"" OR ""algal protein"" OR ""algae protein"" OR ""spirulina protein"" OR ""chlorella protein"" OR ""Arthrospira protein"" OR ""microalgal proteins"" OR ""microalgae proteins""",HSC-01,
BTF-079,microalgae_protein,World,2021,53,,"OpenAlex title_and_abstract.search; type article or review; retracted excluded; ""microalgae protein"" OR ""microalgal protein"" OR ""algal protein"" OR ""algae protein"" OR ""spirulina protein"" OR ""chlorella protein"" OR ""Arthrospira protein"" OR ""microalgal proteins"" OR ""microalgae proteins""",HSC-01,
BTF-080,microalgae_protein,World,2022,54,,"OpenAlex title_and_abstract.search; type article or review; retracted excluded; ""microalgae protein"" OR ""microalgal protein"" OR ""algal protein"" OR ""algae protein"" OR ""spirulina protein"" OR ""chlorella protein"" OR ""Arthrospira protein"" OR ""microalgal proteins"" OR ""microalgae proteins""",HSC-01,
BTF-081,microalgae_protein,World,2023,55,,"OpenAlex title_and_abstract.search; type article or review; retracted excluded; ""microalgae protein"" OR ""microalgal protein"" OR ""algal protein"" OR ""algae protein"" OR ""spirulina protein"" OR ""chlorella protein"" OR ""Arthrospira protein"" OR ""microalgal proteins"" OR ""microalgae proteins""",HSC-01,
BTF-082,microalgae_protein,World,2024,77,,"OpenAlex title_and_abstract.search; type article or review; retracted excluded; ""microalgae protein"" OR ""microalgal protein"" OR ""algal protein"" OR ""algae protein"" OR ""spirulina protein"" OR ""chlorella protein"" OR ""Arthrospira protein"" OR ""microalgal proteins"" OR ""microalgae proteins""",HSC-01,
BTF-083,microalgae_protein,World,2025,104,,"OpenAlex title_and_abstract.search; type article or review; retracted excluded; ""microalgae protein"" OR ""microalgal protein"" OR ""algal protein"" OR ""algae protein"" OR ""spirulina protein"" OR ""chlorella protein"" OR ""Arthrospira protein"" OR ""microalgal proteins"" OR ""microalgae proteins""",HSC-01,
BTF-084,microalgae_protein,World,2026,81,,"OpenAlex title_and_abstract.search; type article or review; retracted excluded; ""microalgae protein"" OR ""microalgal protein"" OR ""algal protein"" OR ""algae protein"" OR ""spirulina protein"" OR ""chlorella protein"" OR ""Arthrospira protein"" OR ""microalgal proteins"" OR ""microalgae proteins""",HSC-01,2026 partial year (to 24 Sep 2026)
BTF-085,duckweed_protein,World,2015,30,,"OpenAlex title_and_abstract.search; type article or review; retracted excluded; (""duckweed"" OR ""lemna"" OR ""wolffia"" OR ""water lentil"" OR ""water lentils"" OR ""Lemnaceae"") AND ""protein""",HSC-01,
BTF-086,duckweed_protein,World,2016,32,,"OpenAlex title_and_abstract.search; type article or review; retracted excluded; (""duckweed"" OR ""lemna"" OR ""wolffia"" OR ""water lentil"" OR ""water lentils"" OR ""Lemnaceae"") AND ""protein""",HSC-01,
BTF-087,duckweed_protein,World,2017,30,,"OpenAlex title_and_abstract.search; type article or review; retracted excluded; (""duckweed"" OR ""lemna"" OR ""wolffia"" OR ""water lentil"" OR ""water lentils"" OR ""Lemnaceae"") AND ""protein""",HSC-01,
BTF-088,duckweed_protein,World,2018,46,,"OpenAlex title_and_abstract.search; type article or review; retracted excluded; (""duckweed"" OR ""lemna"" OR ""wolffia"" OR ""water lentil"" OR ""water lentils"" OR ""Lemnaceae"") AND ""protein""",HSC-01,
BTF-089,duckweed_protein,World,2019,45,,"OpenAlex title_and_abstract.search; type article or review; retracted excluded; (""duckweed"" OR ""lemna"" OR ""wolffia"" OR ""water lentil"" OR ""water lentils"" OR ""Lemnaceae"") AND ""protein""",HSC-01,
BTF-090,duckweed_protein,World,2020,60,,"OpenAlex title_and_abstract.search; type article or review; retracted excluded; (""duckweed"" OR ""lemna"" OR ""wolffia"" OR ""water lentil"" OR ""water lentils"" OR ""Lemnaceae"") AND ""protein""",HSC-01,
BTF-091,duckweed_protein,World,2021,72,,"OpenAlex title_and_abstract.search; type article or review; retracted excluded; (""duckweed"" OR ""lemna"" OR ""wolffia"" OR ""water lentil"" OR ""water lentils"" OR ""Lemnaceae"") AND ""protein""",HSC-01,
BTF-092,duckweed_protein,World,2022,86,,"OpenAlex title_and_abstract.search; type article or review; retracted excluded; (""duckweed"" OR ""lemna"" OR ""wolffia"" OR ""water lentil"" OR ""water lentils"" OR ""Lemnaceae"") AND ""protein""",HSC-01,
BTF-093,duckweed_protein,World,2023,73,,"OpenAlex title_and_abstract.search; type article or review; retracted excluded; (""duckweed"" OR ""lemna"" OR ""wolffia"" OR ""water lentil"" OR ""water lentils"" OR ""Lemnaceae"") AND ""protein""",HSC-01,
BTF-094,duckweed_protein,World,2024,90,,"OpenAlex title_and_abstract.search; type article or review; retracted excluded; (""duckweed"" OR ""lemna"" OR ""wolffia"" OR ""water lentil"" OR ""water lentils"" OR ""Lemnaceae"") AND ""protein""",HSC-01,
BTF-095,duckweed_protein,World,2025,145,,"OpenAlex title_and_abstract.search; type article or review; retracted excluded; (""duckweed"" OR ""lemna"" OR ""wolffia"" OR ""water lentil"" OR ""water lentils"" OR ""Lemnaceae"") AND ""protein""",HSC-01,
BTF-096,duckweed_protein,World,2026,127,,"OpenAlex title_and_abstract.search; type article or review; retracted excluded; (""duckweed"" OR ""lemna"" OR ""wolffia"" OR ""water lentil"" OR ""water lentils"" OR ""Lemnaceae"") AND ""protein""",HSC-01,2026 partial year (to 24 Sep 2026)
BTF-097,plant_based_meat_reference,World,2015,38,,"OpenAlex title_and_abstract.search; type article or review; retracted excluded; ""plant-based meat"" OR ""meat analogue"" OR ""meat analog"" OR ""meat analogues"" OR ""meat substitute"" OR ""meat substitutes"" OR ""meat alternative"" OR ""meat alternatives"" OR ""textured vegetable protein"" OR ""high moisture extrusion""",HSC-01,
BTF-098,plant_based_meat_reference,World,2016,45,,"OpenAlex title_and_abstract.search; type article or review; retracted excluded; ""plant-based meat"" OR ""meat analogue"" OR ""meat analog"" OR ""meat analogues"" OR ""meat substitute"" OR ""meat substitutes"" OR ""meat alternative"" OR ""meat alternatives"" OR ""textured vegetable protein"" OR ""high moisture extrusion""",HSC-01,
BTF-099,plant_based_meat_reference,World,2017,57,,"OpenAlex title_and_abstract.search; type article or review; retracted excluded; ""plant-based meat"" OR ""meat analogue"" OR ""meat analog"" OR ""meat analogues"" OR ""meat substitute"" OR ""meat substitutes"" OR ""meat alternative"" OR ""meat alternatives"" OR ""textured vegetable protein"" OR ""high moisture extrusion""",HSC-01,
BTF-100,plant_based_meat_reference,World,2018,82,,"OpenAlex title_and_abstract.search; type article or review; retracted excluded; ""plant-based meat"" OR ""meat analogue"" OR ""meat analog"" OR ""meat analogues"" OR ""meat substitute"" OR ""meat substitutes"" OR ""meat alternative"" OR ""meat alternatives"" OR ""textured vegetable protein"" OR ""high moisture extrusion""",HSC-01,
BTF-101,plant_based_meat_reference,World,2019,117,,"OpenAlex title_and_abstract.search; type article or review; retracted excluded; ""plant-based meat"" OR ""meat analogue"" OR ""meat analog"" OR ""meat analogues"" OR ""meat substitute"" OR ""meat substitutes"" OR ""meat alternative"" OR ""meat alternatives"" OR ""textured vegetable protein"" OR ""high moisture extrusion""",HSC-01,
BTF-102,plant_based_meat_reference,World,2020,181,,"OpenAlex title_and_abstract.search; type article or review; retracted excluded; ""plant-based meat"" OR ""meat analogue"" OR ""meat analog"" OR ""meat analogues"" OR ""meat substitute"" OR ""meat substitutes"" OR ""meat alternative"" OR ""meat alternatives"" OR ""textured vegetable protein"" OR ""high moisture extrusion""",HSC-01,
BTF-103,plant_based_meat_reference,World,2021,275,,"OpenAlex title_and_abstract.search; type article or review; retracted excluded; ""plant-based meat"" OR ""meat analogue"" OR ""meat analog"" OR ""meat analogues"" OR ""meat substitute"" OR ""meat substitutes"" OR ""meat alternative"" OR ""meat alternatives"" OR ""textured vegetable protein"" OR ""high moisture extrusion""",HSC-01,
BTF-104,plant_based_meat_reference,World,2022,433,,"OpenAlex title_and_abstract.search; type article or review; retracted excluded; ""plant-based meat"" OR ""meat analogue"" OR ""meat analog"" OR ""meat analogues"" OR ""meat substitute"" OR ""meat substitutes"" OR ""meat alternative"" OR ""meat alternatives"" OR ""textured vegetable protein"" OR ""high moisture extrusion""",HSC-01,
BTF-105,plant_based_meat_reference,World,2023,608,,"OpenAlex title_and_abstract.search; type article or review; retracted excluded; ""plant-based meat"" OR ""meat analogue"" OR ""meat analog"" OR ""meat analogues"" OR ""meat substitute"" OR ""meat substitutes"" OR ""meat alternative"" OR ""meat alternatives"" OR ""textured vegetable protein"" OR ""high moisture extrusion""",HSC-01,
BTF-106,plant_based_meat_reference,World,2024,665,,"OpenAlex title_and_abstract.search; type article or review; retracted excluded; ""plant-based meat"" OR ""meat analogue"" OR ""meat analog"" OR ""meat analogues"" OR ""meat substitute"" OR ""meat substitutes"" OR ""meat alternative"" OR ""meat alternatives"" OR ""textured vegetable protein"" OR ""high moisture extrusion""",HSC-01,
BTF-107,plant_based_meat_reference,World,2025,905,,"OpenAlex title_and_abstract.search; type article or review; retracted excluded; ""plant-based meat"" OR ""meat analogue"" OR ""meat analog"" OR ""meat analogues"" OR ""meat substitute"" OR ""meat substitutes"" OR ""meat alternative"" OR ""meat alternatives"" OR ""textured vegetable protein"" OR ""high moisture extrusion""",HSC-01,
BTF-108,plant_based_meat_reference,World,2026,682,,"OpenAlex title_and_abstract.search; type article or review; retracted excluded; ""plant-based meat"" OR ""meat analogue"" OR ""meat analog"" OR ""meat analogues"" OR ""meat substitute"" OR ""meat substitutes"" OR ""meat alternative"" OR ""meat alternatives"" OR ""textured vegetable protein"" OR ""high moisture extrusion""",HSC-01,2026 partial year (to 24 Sep 2026)
BTF-109,molecular_farming_all_uses,World,2015,28,,"OpenAlex title_and_abstract.search; type article or review; retracted excluded; ""molecular farming"" OR ""molecular pharming"" OR ""plant molecular farming""",HSC-01,
BTF-110,molecular_farming_all_uses,World,2016,26,,"OpenAlex title_and_abstract.search; type article or review; retracted excluded; ""molecular farming"" OR ""molecular pharming"" OR ""plant molecular farming""",HSC-01,
BTF-111,molecular_farming_all_uses,World,2017,18,,"OpenAlex title_and_abstract.search; type article or review; retracted excluded; ""molecular farming"" OR ""molecular pharming"" OR ""plant molecular farming""",HSC-01,
BTF-112,molecular_farming_all_uses,World,2018,23,,"OpenAlex title_and_abstract.search; type article or review; retracted excluded; ""molecular farming"" OR ""molecular pharming"" OR ""plant molecular farming""",HSC-01,
BTF-113,molecular_farming_all_uses,World,2019,32,,"OpenAlex title_and_abstract.search; type article or review; retracted excluded; ""molecular farming"" OR ""molecular pharming"" OR ""plant molecular farming""",HSC-01,
BTF-114,molecular_farming_all_uses,World,2020,33,,"OpenAlex title_and_abstract.search; type article or review; retracted excluded; ""molecular farming"" OR ""molecular pharming"" OR ""plant molecular farming""",HSC-01,
BTF-115,molecular_farming_all_uses,World,2021,34,,"OpenAlex title_and_abstract.search; type article or review; retracted excluded; ""molecular farming"" OR ""molecular pharming"" OR ""plant molecular farming""",HSC-01,
BTF-116,molecular_farming_all_uses,World,2022,34,,"OpenAlex title_and_abstract.search; type article or review; retracted excluded; ""molecular farming"" OR ""molecular pharming"" OR ""plant molecular farming""",HSC-01,
BTF-117,molecular_farming_all_uses,World,2023,21,,"OpenAlex title_and_abstract.search; type article or review; retracted excluded; ""molecular farming"" OR ""molecular pharming"" OR ""plant molecular farming""",HSC-01,
BTF-118,molecular_farming_all_uses,World,2024,38,,"OpenAlex title_and_abstract.search; type article or review; retracted excluded; ""molecular farming"" OR ""molecular pharming"" OR ""plant molecular farming""",HSC-01,
BTF-119,molecular_farming_all_uses,World,2025,56,,"OpenAlex title_and_abstract.search; type article or review; retracted excluded; ""molecular farming"" OR ""molecular pharming"" OR ""plant molecular farming""",HSC-01,
BTF-120,molecular_farming_all_uses,World,2026,44,,"OpenAlex title_and_abstract.search; type article or review; retracted excluded; ""molecular farming"" OR ""molecular pharming"" OR ""plant molecular farming""",HSC-01,2026 partial year (to 24 Sep 2026)
BTF-121,core_basket,World,2015,940,,"OpenAlex title_and_abstract.search; type article or review; retracted excluded; ""cultured meat"" OR ""cultivated meat"" OR ""cell-based meat"" OR ""lab-grown meat"" OR ""single cell protein"" OR ""single-cell protein"" OR ""microbial protein"" OR ""precision fermentation"" OR ""mycoprotein"" OR ""mycelial protein"" OR ""microalgae protein"" OR ""microalgal protein"" OR ""algal protein"" OR ""spirulina protein"" OR ""plant-based meat"" OR ""meat analogue"" OR ""meat analog"" OR ""meat substitute"" OR ""meat alternative"" OR ""textured vegetable protein"" OR ""alternative protein"" OR ""alternative proteins"" OR ""novel protein"" OR ""molecular farming"" OR ""fishmeal replacement"" OR ""fish meal replacement"" OR ""replacing fishmeal"" OR ""replacing fish meal"" OR ""replace fishmeal"" OR ""replace fish meal""",HSC-01,
BTF-122,core_basket,World,2016,971,,"OpenAlex title_and_abstract.search; type article or review; retracted excluded; ""cultured meat"" OR ""cultivated meat"" OR ""cell-based meat"" OR ""lab-grown meat"" OR ""single cell protein"" OR ""single-cell protein"" OR ""microbial protein"" OR ""precision fermentation"" OR ""mycoprotein"" OR ""mycelial protein"" OR ""microalgae protein"" OR ""microalgal protein"" OR ""algal protein"" OR ""spirulina protein"" OR ""plant-based meat"" OR ""meat analogue"" OR ""meat analog"" OR ""meat substitute"" OR ""meat alternative"" OR ""textured vegetable protein"" OR ""alternative protein"" OR ""alternative proteins"" OR ""novel protein"" OR ""molecular farming"" OR ""fishmeal replacement"" OR ""fish meal replacement"" OR ""replacing fishmeal"" OR ""replacing fish meal"" OR ""replace fishmeal"" OR ""replace fish meal""",HSC-01,
BTF-123,core_basket,World,2017,991,,"OpenAlex title_and_abstract.search; type article or review; retracted excluded; ""cultured meat"" OR ""cultivated meat"" OR ""cell-based meat"" OR ""lab-grown meat"" OR ""single cell protein"" OR ""single-cell protein"" OR ""microbial protein"" OR ""precision fermentation"" OR ""mycoprotein"" OR ""mycelial protein"" OR ""microalgae protein"" OR ""microalgal protein"" OR ""algal protein"" OR ""spirulina protein"" OR ""plant-based meat"" OR ""meat analogue"" OR ""meat analog"" OR ""meat substitute"" OR ""meat alternative"" OR ""textured vegetable protein"" OR ""alternative protein"" OR ""alternative proteins"" OR ""novel protein"" OR ""molecular farming"" OR ""fishmeal replacement"" OR ""fish meal replacement"" OR ""replacing fishmeal"" OR ""replacing fish meal"" OR ""replace fishmeal"" OR ""replace fish meal""",HSC-01,
BTF-124,core_basket,World,2018,1021,,"OpenAlex title_and_abstract.search; type article or review; retracted excluded; ""cultured meat"" OR ""cultivated meat"" OR ""cell-based meat"" OR ""lab-grown meat"" OR ""single cell protein"" OR ""single-cell protein"" OR ""microbial protein"" OR ""precision fermentation"" OR ""mycoprotein"" OR ""mycelial protein"" OR ""microalgae protein"" OR ""microalgal protein"" OR ""algal protein"" OR ""spirulina protein"" OR ""plant-based meat"" OR ""meat analogue"" OR ""meat analog"" OR ""meat substitute"" OR ""meat alternative"" OR ""textured vegetable protein"" OR ""alternative protein"" OR ""alternative proteins"" OR ""novel protein"" OR ""molecular farming"" OR ""fishmeal replacement"" OR ""fish meal replacement"" OR ""replacing fishmeal"" OR ""replacing fish meal"" OR ""replace fishmeal"" OR ""replace fish meal""",HSC-01,
BTF-125,core_basket,World,2019,1212,,"OpenAlex title_and_abstract.search; type article or review; retracted excluded; ""cultured meat"" OR ""cultivated meat"" OR ""cell-based meat"" OR ""lab-grown meat"" OR ""single cell protein"" OR ""single-cell protein"" OR ""microbial protein"" OR ""precision fermentation"" OR ""mycoprotein"" OR ""mycelial protein"" OR ""microalgae protein"" OR ""microalgal protein"" OR ""algal protein"" OR ""spirulina protein"" OR ""plant-based meat"" OR ""meat analogue"" OR ""meat analog"" OR ""meat substitute"" OR ""meat alternative"" OR ""textured vegetable protein"" OR ""alternative protein"" OR ""alternative proteins"" OR ""novel protein"" OR ""molecular farming"" OR ""fishmeal replacement"" OR ""fish meal replacement"" OR ""replacing fishmeal"" OR ""replacing fish meal"" OR ""replace fishmeal"" OR ""replace fish meal""",HSC-01,
BTF-126,core_basket,World,2020,1445,,"OpenAlex title_and_abstract.search; type article or review; retracted excluded; ""cultured meat"" OR ""cultivated meat"" OR ""cell-based meat"" OR ""lab-grown meat"" OR ""single cell protein"" OR ""single-cell protein"" OR ""microbial protein"" OR ""precision fermentation"" OR ""mycoprotein"" OR ""mycelial protein"" OR ""microalgae protein"" OR ""microalgal protein"" OR ""algal protein"" OR ""spirulina protein"" OR ""plant-based meat"" OR ""meat analogue"" OR ""meat analog"" OR ""meat substitute"" OR ""meat alternative"" OR ""textured vegetable protein"" OR ""alternative protein"" OR ""alternative proteins"" OR ""novel protein"" OR ""molecular farming"" OR ""fishmeal replacement"" OR ""fish meal replacement"" OR ""replacing fishmeal"" OR ""replacing fish meal"" OR ""replace fishmeal"" OR ""replace fish meal""",HSC-01,
BTF-127,core_basket,World,2021,1624,,"OpenAlex title_and_abstract.search; type article or review; retracted excluded; ""cultured meat"" OR ""cultivated meat"" OR ""cell-based meat"" OR ""lab-grown meat"" OR ""single cell protein"" OR ""single-cell protein"" OR ""microbial protein"" OR ""precision fermentation"" OR ""mycoprotein"" OR ""mycelial protein"" OR ""microalgae protein"" OR ""microalgal protein"" OR ""algal protein"" OR ""spirulina protein"" OR ""plant-based meat"" OR ""meat analogue"" OR ""meat analog"" OR ""meat substitute"" OR ""meat alternative"" OR ""textured vegetable protein"" OR ""alternative protein"" OR ""alternative proteins"" OR ""novel protein"" OR ""molecular farming"" OR ""fishmeal replacement"" OR ""fish meal replacement"" OR ""replacing fishmeal"" OR ""replacing fish meal"" OR ""replace fishmeal"" OR ""replace fish meal""",HSC-01,
BTF-128,core_basket,World,2022,1968,,"OpenAlex title_and_abstract.search; type article or review; retracted excluded; ""cultured meat"" OR ""cultivated meat"" OR ""cell-based meat"" OR ""lab-grown meat"" OR ""single cell protein"" OR ""single-cell protein"" OR ""microbial protein"" OR ""precision fermentation"" OR ""mycoprotein"" OR ""mycelial protein"" OR ""microalgae protein"" OR ""microalgal protein"" OR ""algal protein"" OR ""spirulina protein"" OR ""plant-based meat"" OR ""meat analogue"" OR ""meat analog"" OR ""meat substitute"" OR ""meat alternative"" OR ""textured vegetable protein"" OR ""alternative protein"" OR ""alternative proteins"" OR ""novel protein"" OR ""molecular farming"" OR ""fishmeal replacement"" OR ""fish meal replacement"" OR ""replacing fishmeal"" OR ""replacing fish meal"" OR ""replace fishmeal"" OR ""replace fish meal""",HSC-01,
BTF-129,core_basket,World,2023,2183,,"OpenAlex title_and_abstract.search; type article or review; retracted excluded; ""cultured meat"" OR ""cultivated meat"" OR ""cell-based meat"" OR ""lab-grown meat"" OR ""single cell protein"" OR ""single-cell protein"" OR ""microbial protein"" OR ""precision fermentation"" OR ""mycoprotein"" OR ""mycelial protein"" OR ""microalgae protein"" OR ""microalgal protein"" OR ""algal protein"" OR ""spirulina protein"" OR ""plant-based meat"" OR ""meat analogue"" OR ""meat analog"" OR ""meat substitute"" OR ""meat alternative"" OR ""textured vegetable protein"" OR ""alternative protein"" OR ""alternative proteins"" OR ""novel protein"" OR ""molecular farming"" OR ""fishmeal replacement"" OR ""fish meal replacement"" OR ""replacing fishmeal"" OR ""replacing fish meal"" OR ""replace fishmeal"" OR ""replace fish meal""",HSC-01,
BTF-130,core_basket,World,2024,2651,,"OpenAlex title_and_abstract.search; type article or review; retracted excluded; ""cultured meat"" OR ""cultivated meat"" OR ""cell-based meat"" OR ""lab-grown meat"" OR ""single cell protein"" OR ""single-cell protein"" OR ""microbial protein"" OR ""precision fermentation"" OR ""mycoprotein"" OR ""mycelial protein"" OR ""microalgae protein"" OR ""microalgal protein"" OR ""algal protein"" OR ""spirulina protein"" OR ""plant-based meat"" OR ""meat analogue"" OR ""meat analog"" OR ""meat substitute"" OR ""meat alternative"" OR ""textured vegetable protein"" OR ""alternative protein"" OR ""alternative proteins"" OR ""novel protein"" OR ""molecular farming"" OR ""fishmeal replacement"" OR ""fish meal replacement"" OR ""replacing fishmeal"" OR ""replacing fish meal"" OR ""replace fishmeal"" OR ""replace fish meal""",HSC-01,
BTF-131,core_basket,World,2025,3590,,"OpenAlex title_and_abstract.search; type article or review; retracted excluded; ""cultured meat"" OR ""cultivated meat"" OR ""cell-based meat"" OR ""lab-grown meat"" OR ""single cell protein"" OR ""single-cell protein"" OR ""microbial protein"" OR ""precision fermentation"" OR ""mycoprotein"" OR ""mycelial protein"" OR ""microalgae protein"" OR ""microalgal protein"" OR ""algal protein"" OR ""spirulina protein"" OR ""plant-based meat"" OR ""meat analogue"" OR ""meat analog"" OR ""meat substitute"" OR ""meat alternative"" OR ""textured vegetable protein"" OR ""alternative protein"" OR ""alternative proteins"" OR ""novel protein"" OR ""molecular farming"" OR ""fishmeal replacement"" OR ""fish meal replacement"" OR ""replacing fishmeal"" OR ""replacing fish meal"" OR ""replace fishmeal"" OR ""replace fish meal""",HSC-01,
BTF-132,core_basket,World,2026,2982,,"OpenAlex title_and_abstract.search; type article or review; retracted excluded; ""cultured meat"" OR ""cultivated meat"" OR ""cell-based meat"" OR ""lab-grown meat"" OR ""single cell protein"" OR ""single-cell protein"" OR ""microbial protein"" OR ""precision fermentation"" OR ""mycoprotein"" OR ""mycelial protein"" OR ""microalgae protein"" OR ""microalgal protein"" OR ""algal protein"" OR ""spirulina protein"" OR ""plant-based meat"" OR ""meat analogue"" OR ""meat analog"" OR ""meat substitute"" OR ""meat alternative"" OR ""textured vegetable protein"" OR ""alternative protein"" OR ""alternative proteins"" OR ""novel protein"" OR ""molecular farming"" OR ""fishmeal replacement"" OR ""fish meal replacement"" OR ""replacing fishmeal"" OR ""replacing fish meal"" OR ""replace fishmeal"" OR ""replace fish meal""",HSC-01,2026 partial year (to 24 Sep 2026)
BTF-133,core_basket,VN,2015,4,,"OpenAlex title_and_abstract.search; type article or review; retracted excluded; country filter VN; ""cultured meat"" OR ""cultivated meat"" OR ""cell-based meat"" OR ""lab-grown meat"" OR ""single cell protein"" OR ""single-cell protein"" OR ""microbial protein"" OR ""precision fermentation"" OR ""mycoprotein"" OR ""mycelial protein"" OR ""microalgae protein"" OR ""microalgal protein"" OR ""algal protein"" OR ""spirulina protein"" OR ""plant-based meat"" OR ""meat analogue"" OR ""meat analog"" OR ""meat substitute"" OR ""meat alternative"" OR ""textured vegetable protein"" OR ""alternative protein"" OR ""alternative proteins"" OR ""novel protein"" OR ""molecular farming"" OR ""fishmeal replacement"" OR ""fish meal replacement"" OR ""replacing fishmeal"" OR ""replacing fish meal"" OR ""replace fishmeal"" OR ""replace fish meal""",HSC-01,
BTF-134,core_basket,VN,2016,6,,"OpenAlex title_and_abstract.search; type article or review; retracted excluded; country filter VN; ""cultured meat"" OR ""cultivated meat"" OR ""cell-based meat"" OR ""lab-grown meat"" OR ""single cell protein"" OR ""single-cell protein"" OR ""microbial protein"" OR ""precision fermentation"" OR ""mycoprotein"" OR ""mycelial protein"" OR ""microalgae protein"" OR ""microalgal protein"" OR ""algal protein"" OR ""spirulina protein"" OR ""plant-based meat"" OR ""meat analogue"" OR ""meat analog"" OR ""meat substitute"" OR ""meat alternative"" OR ""textured vegetable protein"" OR ""alternative protein"" OR ""alternative proteins"" OR ""novel protein"" OR ""molecular farming"" OR ""fishmeal replacement"" OR ""fish meal replacement"" OR ""replacing fishmeal"" OR ""replacing fish meal"" OR ""replace fishmeal"" OR ""replace fish meal""",HSC-01,
BTF-135,core_basket,VN,2017,2,,"OpenAlex title_and_abstract.search; type article or review; retracted excluded; country filter VN; ""cultured meat"" OR ""cultivated meat"" OR ""cell-based meat"" OR ""lab-grown meat"" OR ""single cell protein"" OR ""single-cell protein"" OR ""microbial protein"" OR ""precision fermentation"" OR ""mycoprotein"" OR ""mycelial protein"" OR ""microalgae protein"" OR ""microalgal protein"" OR ""algal protein"" OR ""spirulina protein"" OR ""plant-based meat"" OR ""meat analogue"" OR ""meat analog"" OR ""meat substitute"" OR ""meat alternative"" OR ""textured vegetable protein"" OR ""alternative protein"" OR ""alternative proteins"" OR ""novel protein"" OR ""molecular farming"" OR ""fishmeal replacement"" OR ""fish meal replacement"" OR ""replacing fishmeal"" OR ""replacing fish meal"" OR ""replace fishmeal"" OR ""replace fish meal""",HSC-01,
BTF-136,core_basket,VN,2018,1,,"OpenAlex title_and_abstract.search; type article or review; retracted excluded; country filter VN; ""cultured meat"" OR ""cultivated meat"" OR ""cell-based meat"" OR ""lab-grown meat"" OR ""single cell protein"" OR ""single-cell protein"" OR ""microbial protein"" OR ""precision fermentation"" OR ""mycoprotein"" OR ""mycelial protein"" OR ""microalgae protein"" OR ""microalgal protein"" OR ""algal protein"" OR ""spirulina protein"" OR ""plant-based meat"" OR ""meat analogue"" OR ""meat analog"" OR ""meat substitute"" OR ""meat alternative"" OR ""textured vegetable protein"" OR ""alternative protein"" OR ""alternative proteins"" OR ""novel protein"" OR ""molecular farming"" OR ""fishmeal replacement"" OR ""fish meal replacement"" OR ""replacing fishmeal"" OR ""replacing fish meal"" OR ""replace fishmeal"" OR ""replace fish meal""",HSC-01,
BTF-137,core_basket,VN,2019,4,,"OpenAlex title_and_abstract.search; type article or review; retracted excluded; country filter VN; ""cultured meat"" OR ""cultivated meat"" OR ""cell-based meat"" OR ""lab-grown meat"" OR ""single cell protein"" OR ""single-cell protein"" OR ""microbial protein"" OR ""precision fermentation"" OR ""mycoprotein"" OR ""mycelial protein"" OR ""microalgae protein"" OR ""microalgal protein"" OR ""algal protein"" OR ""spirulina protein"" OR ""plant-based meat"" OR ""meat analogue"" OR ""meat analog"" OR ""meat substitute"" OR ""meat alternative"" OR ""textured vegetable protein"" OR ""alternative protein"" OR ""alternative proteins"" OR ""novel protein"" OR ""molecular farming"" OR ""fishmeal replacement"" OR ""fish meal replacement"" OR ""replacing fishmeal"" OR ""replacing fish meal"" OR ""replace fishmeal"" OR ""replace fish meal""",HSC-01,
BTF-138,core_basket,VN,2020,9,,"OpenAlex title_and_abstract.search; type article or review; retracted excluded; country filter VN; ""cultured meat"" OR ""cultivated meat"" OR ""cell-based meat"" OR ""lab-grown meat"" OR ""single cell protein"" OR ""single-cell protein"" OR ""microbial protein"" OR ""precision fermentation"" OR ""mycoprotein"" OR ""mycelial protein"" OR ""microalgae protein"" OR ""microalgal protein"" OR ""algal protein"" OR ""spirulina protein"" OR ""plant-based meat"" OR ""meat analogue"" OR ""meat analog"" OR ""meat substitute"" OR ""meat alternative"" OR ""textured vegetable protein"" OR ""alternative protein"" OR ""alternative proteins"" OR ""novel protein"" OR ""molecular farming"" OR ""fishmeal replacement"" OR ""fish meal replacement"" OR ""replacing fishmeal"" OR ""replacing fish meal"" OR ""replace fishmeal"" OR ""replace fish meal""",HSC-01,
BTF-139,core_basket,VN,2021,6,,"OpenAlex title_and_abstract.search; type article or review; retracted excluded; country filter VN; ""cultured meat"" OR ""cultivated meat"" OR ""cell-based meat"" OR ""lab-grown meat"" OR ""single cell protein"" OR ""single-cell protein"" OR ""microbial protein"" OR ""precision fermentation"" OR ""mycoprotein"" OR ""mycelial protein"" OR ""microalgae protein"" OR ""microalgal protein"" OR ""algal protein"" OR ""spirulina protein"" OR ""plant-based meat"" OR ""meat analogue"" OR ""meat analog"" OR ""meat substitute"" OR ""meat alternative"" OR ""textured vegetable protein"" OR ""alternative protein"" OR ""alternative proteins"" OR ""novel protein"" OR ""molecular farming"" OR ""fishmeal replacement"" OR ""fish meal replacement"" OR ""replacing fishmeal"" OR ""replacing fish meal"" OR ""replace fishmeal"" OR ""replace fish meal""",HSC-01,
BTF-140,core_basket,VN,2022,8,,"OpenAlex title_and_abstract.search; type article or review; retracted excluded; country filter VN; ""cultured meat"" OR ""cultivated meat"" OR ""cell-based meat"" OR ""lab-grown meat"" OR ""single cell protein"" OR ""single-cell protein"" OR ""microbial protein"" OR ""precision fermentation"" OR ""mycoprotein"" OR ""mycelial protein"" OR ""microalgae protein"" OR ""microalgal protein"" OR ""algal protein"" OR ""spirulina protein"" OR ""plant-based meat"" OR ""meat analogue"" OR ""meat analog"" OR ""meat substitute"" OR ""meat alternative"" OR ""textured vegetable protein"" OR ""alternative protein"" OR ""alternative proteins"" OR ""novel protein"" OR ""molecular farming"" OR ""fishmeal replacement"" OR ""fish meal replacement"" OR ""replacing fishmeal"" OR ""replacing fish meal"" OR ""replace fishmeal"" OR ""replace fish meal""",HSC-01,
BTF-141,core_basket,VN,2023,5,,"OpenAlex title_and_abstract.search; type article or review; retracted excluded; country filter VN; ""cultured meat"" OR ""cultivated meat"" OR ""cell-based meat"" OR ""lab-grown meat"" OR ""single cell protein"" OR ""single-cell protein"" OR ""microbial protein"" OR ""precision fermentation"" OR ""mycoprotein"" OR ""mycelial protein"" OR ""microalgae protein"" OR ""microalgal protein"" OR ""algal protein"" OR ""spirulina protein"" OR ""plant-based meat"" OR ""meat analogue"" OR ""meat analog"" OR ""meat substitute"" OR ""meat alternative"" OR ""textured vegetable protein"" OR ""alternative protein"" OR ""alternative proteins"" OR ""novel protein"" OR ""molecular farming"" OR ""fishmeal replacement"" OR ""fish meal replacement"" OR ""replacing fishmeal"" OR ""replacing fish meal"" OR ""replace fishmeal"" OR ""replace fish meal""",HSC-01,
BTF-142,core_basket,VN,2024,10,,"OpenAlex title_and_abstract.search; type article or review; retracted excluded; country filter VN; ""cultured meat"" OR ""cultivated meat"" OR ""cell-based meat"" OR ""lab-grown meat"" OR ""single cell protein"" OR ""single-cell protein"" OR ""microbial protein"" OR ""precision fermentation"" OR ""mycoprotein"" OR ""mycelial protein"" OR ""microalgae protein"" OR ""microalgal protein"" OR ""algal protein"" OR ""spirulina protein"" OR ""plant-based meat"" OR ""meat analogue"" OR ""meat analog"" OR ""meat substitute"" OR ""meat alternative"" OR ""textured vegetable protein"" OR ""alternative protein"" OR ""alternative proteins"" OR ""novel protein"" OR ""molecular farming"" OR ""fishmeal replacement"" OR ""fish meal replacement"" OR ""replacing fishmeal"" OR ""replacing fish meal"" OR ""replace fishmeal"" OR ""replace fish meal""",HSC-01,
BTF-143,core_basket,VN,2025,17,,"OpenAlex title_and_abstract.search; type article or review; retracted excluded; country filter VN; ""cultured meat"" OR ""cultivated meat"" OR ""cell-based meat"" OR ""lab-grown meat"" OR ""single cell protein"" OR ""single-cell protein"" OR ""microbial protein"" OR ""precision fermentation"" OR ""mycoprotein"" OR ""mycelial protein"" OR ""microalgae protein"" OR ""microalgal protein"" OR ""algal protein"" OR ""spirulina protein"" OR ""plant-based meat"" OR ""meat analogue"" OR ""meat analog"" OR ""meat substitute"" OR ""meat alternative"" OR ""textured vegetable protein"" OR ""alternative protein"" OR ""alternative proteins"" OR ""novel protein"" OR ""molecular farming"" OR ""fishmeal replacement"" OR ""fish meal replacement"" OR ""replacing fishmeal"" OR ""replacing fish meal"" OR ""replace fishmeal"" OR ""replace fish meal""",HSC-01,
BTF-144,core_basket,VN,2026,19,,"OpenAlex title_and_abstract.search; type article or review; retracted excluded; country filter VN; ""cultured meat"" OR ""cultivated meat"" OR ""cell-based meat"" OR ""lab-grown meat"" OR ""single cell protein"" OR ""single-cell protein"" OR ""microbial protein"" OR ""precision fermentation"" OR ""mycoprotein"" OR ""mycelial protein"" OR ""microalgae protein"" OR ""microalgal protein"" OR ""algal protein"" OR ""spirulina protein"" OR ""plant-based meat"" OR ""meat analogue"" OR ""meat analog"" OR ""meat substitute"" OR ""meat alternative"" OR ""textured vegetable protein"" OR ""alternative protein"" OR ""alternative proteins"" OR ""novel protein"" OR ""molecular farming"" OR ""fishmeal replacement"" OR ""fish meal replacement"" OR ""replacing fishmeal"" OR ""replacing fish meal"" OR ""replace fishmeal"" OR ""replace fish meal""",HSC-01,2026 partial year (to 24 Sep 2026)
BTF-145,core_basket,TH,2015,16,,"OpenAlex title_and_abstract.search; type article or review; retracted excluded; country filter TH; ""cultured meat"" OR ""cultivated meat"" OR ""cell-based meat"" OR ""lab-grown meat"" OR ""single cell protein"" OR ""single-cell protein"" OR ""microbial protein"" OR ""precision fermentation"" OR ""mycoprotein"" OR ""mycelial protein"" OR ""microalgae protein"" OR ""microalgal protein"" OR ""algal protein"" OR ""spirulina protein"" OR ""plant-based meat"" OR ""meat analogue"" OR ""meat analog"" OR ""meat substitute"" OR ""meat alternative"" OR ""textured vegetable protein"" OR ""alternative protein"" OR ""alternative proteins"" OR ""novel protein"" OR ""molecular farming"" OR ""fishmeal replacement"" OR ""fish meal replacement"" OR ""replacing fishmeal"" OR ""replacing fish meal"" OR ""replace fishmeal"" OR ""replace fish meal""",HSC-01,
BTF-146,core_basket,TH,2016,12,,"OpenAlex title_and_abstract.search; type article or review; retracted excluded; country filter TH; ""cultured meat"" OR ""cultivated meat"" OR ""cell-based meat"" OR ""lab-grown meat"" OR ""single cell protein"" OR ""single-cell protein"" OR ""microbial protein"" OR ""precision fermentation"" OR ""mycoprotein"" OR ""mycelial protein"" OR ""microalgae protein"" OR ""microalgal protein"" OR ""algal protein"" OR ""spirulina protein"" OR ""plant-based meat"" OR ""meat analogue"" OR ""meat analog"" OR ""meat substitute"" OR ""meat alternative"" OR ""textured vegetable protein"" OR ""alternative protein"" OR ""alternative proteins"" OR ""novel protein"" OR ""molecular farming"" OR ""fishmeal replacement"" OR ""fish meal replacement"" OR ""replacing fishmeal"" OR ""replacing fish meal"" OR ""replace fishmeal"" OR ""replace fish meal""",HSC-01,
BTF-147,core_basket,TH,2017,5,,"OpenAlex title_and_abstract.search; type article or review; retracted excluded; country filter TH; ""cultured meat"" OR ""cultivated meat"" OR ""cell-based meat"" OR ""lab-grown meat"" OR ""single cell protein"" OR ""single-cell protein"" OR ""microbial protein"" OR ""precision fermentation"" OR ""mycoprotein"" OR ""mycelial protein"" OR ""microalgae protein"" OR ""microalgal protein"" OR ""algal protein"" OR ""spirulina protein"" OR ""plant-based meat"" OR ""meat analogue"" OR ""meat analog"" OR ""meat substitute"" OR ""meat alternative"" OR ""textured vegetable protein"" OR ""alternative protein"" OR ""alternative proteins"" OR ""novel protein"" OR ""molecular farming"" OR ""fishmeal replacement"" OR ""fish meal replacement"" OR ""replacing fishmeal"" OR ""replacing fish meal"" OR ""replace fishmeal"" OR ""replace fish meal""",HSC-01,
BTF-148,core_basket,TH,2018,8,,"OpenAlex title_and_abstract.search; type article or review; retracted excluded; country filter TH; ""cultured meat"" OR ""cultivated meat"" OR ""cell-based meat"" OR ""lab-grown meat"" OR ""single cell protein"" OR ""single-cell protein"" OR ""microbial protein"" OR ""precision fermentation"" OR ""mycoprotein"" OR ""mycelial protein"" OR ""microalgae protein"" OR ""microalgal protein"" OR ""algal protein"" OR ""spirulina protein"" OR ""plant-based meat"" OR ""meat analogue"" OR ""meat analog"" OR ""meat substitute"" OR ""meat alternative"" OR ""textured vegetable protein"" OR ""alternative protein"" OR ""alternative proteins"" OR ""novel protein"" OR ""molecular farming"" OR ""fishmeal replacement"" OR ""fish meal replacement"" OR ""replacing fishmeal"" OR ""replacing fish meal"" OR ""replace fishmeal"" OR ""replace fish meal""",HSC-01,
BTF-149,core_basket,TH,2019,17,,"OpenAlex title_and_abstract.search; type article or review; retracted excluded; country filter TH; ""cultured meat"" OR ""cultivated meat"" OR ""cell-based meat"" OR ""lab-grown meat"" OR ""single cell protein"" OR ""single-cell protein"" OR ""microbial protein"" OR ""precision fermentation"" OR ""mycoprotein"" OR ""mycelial protein"" OR ""microalgae protein"" OR ""microalgal protein"" OR ""algal protein"" OR ""spirulina protein"" OR ""plant-based meat"" OR ""meat analogue"" OR ""meat analog"" OR ""meat substitute"" OR ""meat alternative"" OR ""textured vegetable protein"" OR ""alternative protein"" OR ""alternative proteins"" OR ""novel protein"" OR ""molecular farming"" OR ""fishmeal replacement"" OR ""fish meal replacement"" OR ""replacing fishmeal"" OR ""replacing fish meal"" OR ""replace fishmeal"" OR ""replace fish meal""",HSC-01,
BTF-150,core_basket,TH,2020,14,,"OpenAlex title_and_abstract.search; type article or review; retracted excluded; country filter TH; ""cultured meat"" OR ""cultivated meat"" OR ""cell-based meat"" OR ""lab-grown meat"" OR ""single cell protein"" OR ""single-cell protein"" OR ""microbial protein"" OR ""precision fermentation"" OR ""mycoprotein"" OR ""mycelial protein"" OR ""microalgae protein"" OR ""microalgal protein"" OR ""algal protein"" OR ""spirulina protein"" OR ""plant-based meat"" OR ""meat analogue"" OR ""meat analog"" OR ""meat substitute"" OR ""meat alternative"" OR ""textured vegetable protein"" OR ""alternative protein"" OR ""alternative proteins"" OR ""novel protein"" OR ""molecular farming"" OR ""fishmeal replacement"" OR ""fish meal replacement"" OR ""replacing fishmeal"" OR ""replacing fish meal"" OR ""replace fishmeal"" OR ""replace fish meal""",HSC-01,
BTF-151,core_basket,TH,2021,23,,"OpenAlex title_and_abstract.search; type article or review; retracted excluded; country filter TH; ""cultured meat"" OR ""cultivated meat"" OR ""cell-based meat"" OR ""lab-grown meat"" OR ""single cell protein"" OR ""single-cell protein"" OR ""microbial protein"" OR ""precision fermentation"" OR ""mycoprotein"" OR ""mycelial protein"" OR ""microalgae protein"" OR ""microalgal protein"" OR ""algal protein"" OR ""spirulina protein"" OR ""plant-based meat"" OR ""meat analogue"" OR ""meat analog"" OR ""meat substitute"" OR ""meat alternative"" OR ""textured vegetable protein"" OR ""alternative protein"" OR ""alternative proteins"" OR ""novel protein"" OR ""molecular farming"" OR ""fishmeal replacement"" OR ""fish meal replacement"" OR ""replacing fishmeal"" OR ""replacing fish meal"" OR ""replace fishmeal"" OR ""replace fish meal""",HSC-01,
BTF-152,core_basket,TH,2022,36,,"OpenAlex title_and_abstract.search; type article or review; retracted excluded; country filter TH; ""cultured meat"" OR ""cultivated meat"" OR ""cell-based meat"" OR ""lab-grown meat"" OR ""single cell protein"" OR ""single-cell protein"" OR ""microbial protein"" OR ""precision fermentation"" OR ""mycoprotein"" OR ""mycelial protein"" OR ""microalgae protein"" OR ""microalgal protein"" OR ""algal protein"" OR ""spirulina protein"" OR ""plant-based meat"" OR ""meat analogue"" OR ""meat analog"" OR ""meat substitute"" OR ""meat alternative"" OR ""textured vegetable protein"" OR ""alternative protein"" OR ""alternative proteins"" OR ""novel protein"" OR ""molecular farming"" OR ""fishmeal replacement"" OR ""fish meal replacement"" OR ""replacing fishmeal"" OR ""replacing fish meal"" OR ""replace fishmeal"" OR ""replace fish meal""",HSC-01,
BTF-153,core_basket,TH,2023,44,,"OpenAlex title_and_abstract.search; type article or review; retracted excluded; country filter TH; ""cultured meat"" OR ""cultivated meat"" OR ""cell-based meat"" OR ""lab-grown meat"" OR ""single cell protein"" OR ""single-cell protein"" OR ""microbial protein"" OR ""precision fermentation"" OR ""mycoprotein"" OR ""mycelial protein"" OR ""microalgae protein"" OR ""microalgal protein"" OR ""algal protein"" OR ""spirulina protein"" OR ""plant-based meat"" OR ""meat analogue"" OR ""meat analog"" OR ""meat substitute"" OR ""meat alternative"" OR ""textured vegetable protein"" OR ""alternative protein"" OR ""alternative proteins"" OR ""novel protein"" OR ""molecular farming"" OR ""fishmeal replacement"" OR ""fish meal replacement"" OR ""replacing fishmeal"" OR ""replacing fish meal"" OR ""replace fishmeal"" OR ""replace fish meal""",HSC-01,
BTF-154,core_basket,TH,2024,61,,"OpenAlex title_and_abstract.search; type article or review; retracted excluded; country filter TH; ""cultured meat"" OR ""cultivated meat"" OR ""cell-based meat"" OR ""lab-grown meat"" OR ""single cell protein"" OR ""single-cell protein"" OR ""microbial protein"" OR ""precision fermentation"" OR ""mycoprotein"" OR ""mycelial protein"" OR ""microalgae protein"" OR ""microalgal protein"" OR ""algal protein"" OR ""spirulina protein"" OR ""plant-based meat"" OR ""meat analogue"" OR ""meat analog"" OR ""meat substitute"" OR ""meat alternative"" OR ""textured vegetable protein"" OR ""alternative protein"" OR ""alternative proteins"" OR ""novel protein"" OR ""molecular farming"" OR ""fishmeal replacement"" OR ""fish meal replacement"" OR ""replacing fishmeal"" OR ""replacing fish meal"" OR ""replace fishmeal"" OR ""replace fish meal""",HSC-01,
BTF-155,core_basket,TH,2025,79,,"OpenAlex title_and_abstract.search; type article or review; retracted excluded; country filter TH; ""cultured meat"" OR ""cultivated meat"" OR ""cell-based meat"" OR ""lab-grown meat"" OR ""single cell protein"" OR ""single-cell protein"" OR ""microbial protein"" OR ""precision fermentation"" OR ""mycoprotein"" OR ""mycelial protein"" OR ""microalgae protein"" OR ""microalgal protein"" OR ""algal protein"" OR ""spirulina protein"" OR ""plant-based meat"" OR ""meat analogue"" OR ""meat analog"" OR ""meat substitute"" OR ""meat alternative"" OR ""textured vegetable protein"" OR ""alternative protein"" OR ""alternative proteins"" OR ""novel protein"" OR ""molecular farming"" OR ""fishmeal replacement"" OR ""fish meal replacement"" OR ""replacing fishmeal"" OR ""replacing fish meal"" OR ""replace fishmeal"" OR ""replace fish meal""",HSC-01,
BTF-156,core_basket,TH,2026,84,,"OpenAlex title_and_abstract.search; type article or review; retracted excluded; country filter TH; ""cultured meat"" OR ""cultivated meat"" OR ""cell-based meat"" OR ""lab-grown meat"" OR ""single cell protein"" OR ""single-cell protein"" OR ""microbial protein"" OR ""precision fermentation"" OR ""mycoprotein"" OR ""mycelial protein"" OR ""microalgae protein"" OR ""microalgal protein"" OR ""algal protein"" OR ""spirulina protein"" OR ""plant-based meat"" OR ""meat analogue"" OR ""meat analog"" OR ""meat substitute"" OR ""meat alternative"" OR ""textured vegetable protein"" OR ""alternative protein"" OR ""alternative proteins"" OR ""novel protein"" OR ""molecular farming"" OR ""fishmeal replacement"" OR ""fish meal replacement"" OR ""replacing fishmeal"" OR ""replacing fish meal"" OR ""replace fishmeal"" OR ""replace fish meal""",HSC-01,2026 partial year (to 24 Sep 2026)
BTF-157,core_basket,MY,2015,6,,"OpenAlex title_and_abstract.search; type article or review; retracted excluded; country filter MY; ""cultured meat"" OR ""cultivated meat"" OR ""cell-based meat"" OR ""lab-grown meat"" OR ""single cell protein"" OR ""single-cell protein"" OR ""microbial protein"" OR ""precision fermentation"" OR ""mycoprotein"" OR ""mycelial protein"" OR ""microalgae protein"" OR ""microalgal protein"" OR ""algal protein"" OR ""spirulina protein"" OR ""plant-based meat"" OR ""meat analogue"" OR ""meat analog"" OR ""meat substitute"" OR ""meat alternative"" OR ""textured vegetable protein"" OR ""alternative protein"" OR ""alternative proteins"" OR ""novel protein"" OR ""molecular farming"" OR ""fishmeal replacement"" OR ""fish meal replacement"" OR ""replacing fishmeal"" OR ""replacing fish meal"" OR ""replace fishmeal"" OR ""replace fish meal""",HSC-01,
BTF-158,core_basket,MY,2016,9,,"OpenAlex title_and_abstract.search; type article or review; retracted excluded; country filter MY; ""cultured meat"" OR ""cultivated meat"" OR ""cell-based meat"" OR ""lab-grown meat"" OR ""single cell protein"" OR ""single-cell protein"" OR ""microbial protein"" OR ""precision fermentation"" OR ""mycoprotein"" OR ""mycelial protein"" OR ""microalgae protein"" OR ""microalgal protein"" OR ""algal protein"" OR ""spirulina protein"" OR ""plant-based meat"" OR ""meat analogue"" OR ""meat analog"" OR ""meat substitute"" OR ""meat alternative"" OR ""textured vegetable protein"" OR ""alternative protein"" OR ""alternative proteins"" OR ""novel protein"" OR ""molecular farming"" OR ""fishmeal replacement"" OR ""fish meal replacement"" OR ""replacing fishmeal"" OR ""replacing fish meal"" OR ""replace fishmeal"" OR ""replace fish meal""",HSC-01,
BTF-159,core_basket,MY,2017,11,,"OpenAlex title_and_abstract.search; type article or review; retracted excluded; country filter MY; ""cultured meat"" OR ""cultivated meat"" OR ""cell-based meat"" OR ""lab-grown meat"" OR ""single cell protein"" OR ""single-cell protein"" OR ""microbial protein"" OR ""precision fermentation"" OR ""mycoprotein"" OR ""mycelial protein"" OR ""microalgae protein"" OR ""microalgal protein"" OR ""algal protein"" OR ""spirulina protein"" OR ""plant-based meat"" OR ""meat analogue"" OR ""meat analog"" OR ""meat substitute"" OR ""meat alternative"" OR ""textured vegetable protein"" OR ""alternative protein"" OR ""alternative proteins"" OR ""novel protein"" OR ""molecular farming"" OR ""fishmeal replacement"" OR ""fish meal replacement"" OR ""replacing fishmeal"" OR ""replacing fish meal"" OR ""replace fishmeal"" OR ""replace fish meal""",HSC-01,
BTF-160,core_basket,MY,2018,5,,"OpenAlex title_and_abstract.search; type article or review; retracted excluded; country filter MY; ""cultured meat"" OR ""cultivated meat"" OR ""cell-based meat"" OR ""lab-grown meat"" OR ""single cell protein"" OR ""single-cell protein"" OR ""microbial protein"" OR ""precision fermentation"" OR ""mycoprotein"" OR ""mycelial protein"" OR ""microalgae protein"" OR ""microalgal protein"" OR ""algal protein"" OR ""spirulina protein"" OR ""plant-based meat"" OR ""meat analogue"" OR ""meat analog"" OR ""meat substitute"" OR ""meat alternative"" OR ""textured vegetable protein"" OR ""alternative protein"" OR ""alternative proteins"" OR ""novel protein"" OR ""molecular farming"" OR ""fishmeal replacement"" OR ""fish meal replacement"" OR ""replacing fishmeal"" OR ""replacing fish meal"" OR ""replace fishmeal"" OR ""replace fish meal""",HSC-01,
BTF-161,core_basket,MY,2019,16,,"OpenAlex title_and_abstract.search; type article or review; retracted excluded; country filter MY; ""cultured meat"" OR ""cultivated meat"" OR ""cell-based meat"" OR ""lab-grown meat"" OR ""single cell protein"" OR ""single-cell protein"" OR ""microbial protein"" OR ""precision fermentation"" OR ""mycoprotein"" OR ""mycelial protein"" OR ""microalgae protein"" OR ""microalgal protein"" OR ""algal protein"" OR ""spirulina protein"" OR ""plant-based meat"" OR ""meat analogue"" OR ""meat analog"" OR ""meat substitute"" OR ""meat alternative"" OR ""textured vegetable protein"" OR ""alternative protein"" OR ""alternative proteins"" OR ""novel protein"" OR ""molecular farming"" OR ""fishmeal replacement"" OR ""fish meal replacement"" OR ""replacing fishmeal"" OR ""replacing fish meal"" OR ""replace fishmeal"" OR ""replace fish meal""",HSC-01,
BTF-162,core_basket,MY,2020,14,,"OpenAlex title_and_abstract.search; type article or review; retracted excluded; country filter MY; ""cultured meat"" OR ""cultivated meat"" OR ""cell-based meat"" OR ""lab-grown meat"" OR ""single cell protein"" OR ""single-cell protein"" OR ""microbial protein"" OR ""precision fermentation"" OR ""mycoprotein"" OR ""mycelial protein"" OR ""microalgae protein"" OR ""microalgal protein"" OR ""algal protein"" OR ""spirulina protein"" OR ""plant-based meat"" OR ""meat analogue"" OR ""meat analog"" OR ""meat substitute"" OR ""meat alternative"" OR ""textured vegetable protein"" OR ""alternative protein"" OR ""alternative proteins"" OR ""novel protein"" OR ""molecular farming"" OR ""fishmeal replacement"" OR ""fish meal replacement"" OR ""replacing fishmeal"" OR ""replacing fish meal"" OR ""replace fishmeal"" OR ""replace fish meal""",HSC-01,
BTF-163,core_basket,MY,2021,27,,"OpenAlex title_and_abstract.search; type article or review; retracted excluded; country filter MY; ""cultured meat"" OR ""cultivated meat"" OR ""cell-based meat"" OR ""lab-grown meat"" OR ""single cell protein"" OR ""single-cell protein"" OR ""microbial protein"" OR ""precision fermentation"" OR ""mycoprotein"" OR ""mycelial protein"" OR ""microalgae protein"" OR ""microalgal protein"" OR ""algal protein"" OR ""spirulina protein"" OR ""plant-based meat"" OR ""meat analogue"" OR ""meat analog"" OR ""meat substitute"" OR ""meat alternative"" OR ""textured vegetable protein"" OR ""alternative protein"" OR ""alternative proteins"" OR ""novel protein"" OR ""molecular farming"" OR ""fishmeal replacement"" OR ""fish meal replacement"" OR ""replacing fishmeal"" OR ""replacing fish meal"" OR ""replace fishmeal"" OR ""replace fish meal""",HSC-01,
BTF-164,core_basket,MY,2022,25,,"OpenAlex title_and_abstract.search; type article or review; retracted excluded; country filter MY; ""cultured meat"" OR ""cultivated meat"" OR ""cell-based meat"" OR ""lab-grown meat"" OR ""single cell protein"" OR ""single-cell protein"" OR ""microbial protein"" OR ""precision fermentation"" OR ""mycoprotein"" OR ""mycelial protein"" OR ""microalgae protein"" OR ""microalgal protein"" OR ""algal protein"" OR ""spirulina protein"" OR ""plant-based meat"" OR ""meat analogue"" OR ""meat analog"" OR ""meat substitute"" OR ""meat alternative"" OR ""textured vegetable protein"" OR ""alternative protein"" OR ""alternative proteins"" OR ""novel protein"" OR ""molecular farming"" OR ""fishmeal replacement"" OR ""fish meal replacement"" OR ""replacing fishmeal"" OR ""replacing fish meal"" OR ""replace fishmeal"" OR ""replace fish meal""",HSC-01,
BTF-165,core_basket,MY,2023,38,,"OpenAlex title_and_abstract.search; type article or review; retracted excluded; country filter MY; ""cultured meat"" OR ""cultivated meat"" OR ""cell-based meat"" OR ""lab-grown meat"" OR ""single cell protein"" OR ""single-cell protein"" OR ""microbial protein"" OR ""precision fermentation"" OR ""mycoprotein"" OR ""mycelial protein"" OR ""microalgae protein"" OR ""microalgal protein"" OR ""algal protein"" OR ""spirulina protein"" OR ""plant-based meat"" OR ""meat analogue"" OR ""meat analog"" OR ""meat substitute"" OR ""meat alternative"" OR ""textured vegetable protein"" OR ""alternative protein"" OR ""alternative proteins"" OR ""novel protein"" OR ""molecular farming"" OR ""fishmeal replacement"" OR ""fish meal replacement"" OR ""replacing fishmeal"" OR ""replacing fish meal"" OR ""replace fishmeal"" OR ""replace fish meal""",HSC-01,
BTF-166,core_basket,MY,2024,46,,"OpenAlex title_and_abstract.search; type article or review; retracted excluded; country filter MY; ""cultured meat"" OR ""cultivated meat"" OR ""cell-based meat"" OR ""lab-grown meat"" OR ""single cell protein"" OR ""single-cell protein"" OR ""microbial protein"" OR ""precision fermentation"" OR ""mycoprotein"" OR ""mycelial protein"" OR ""microalgae protein"" OR ""microalgal protein"" OR ""algal protein"" OR ""spirulina protein"" OR ""plant-based meat"" OR ""meat analogue"" OR ""meat analog"" OR ""meat substitute"" OR ""meat alternative"" OR ""textured vegetable protein"" OR ""alternative protein"" OR ""alternative proteins"" OR ""novel protein"" OR ""molecular farming"" OR ""fishmeal replacement"" OR ""fish meal replacement"" OR ""replacing fishmeal"" OR ""replacing fish meal"" OR ""replace fishmeal"" OR ""replace fish meal""",HSC-01,
BTF-167,core_basket,MY,2025,45,,"OpenAlex title_and_abstract.search; type article or review; retracted excluded; country filter MY; ""cultured meat"" OR ""cultivated meat"" OR ""cell-based meat"" OR ""lab-grown meat"" OR ""single cell protein"" OR ""single-cell protein"" OR ""microbial protein"" OR ""precision fermentation"" OR ""mycoprotein"" OR ""mycelial protein"" OR ""microalgae protein"" OR ""microalgal protein"" OR ""algal protein"" OR ""spirulina protein"" OR ""plant-based meat"" OR ""meat analogue"" OR ""meat analog"" OR ""meat substitute"" OR ""meat alternative"" OR ""textured vegetable protein"" OR ""alternative protein"" OR ""alternative proteins"" OR ""novel protein"" OR ""molecular farming"" OR ""fishmeal replacement"" OR ""fish meal replacement"" OR ""replacing fishmeal"" OR ""replacing fish meal"" OR ""replace fishmeal"" OR ""replace fish meal""",HSC-01,
BTF-168,core_basket,MY,2026,41,,"OpenAlex title_and_abstract.search; type article or review; retracted excluded; country filter MY; ""cultured meat"" OR ""cultivated meat"" OR ""cell-based meat"" OR ""lab-grown meat"" OR ""single cell protein"" OR ""single-cell protein"" OR ""microbial protein"" OR ""precision fermentation"" OR ""mycoprotein"" OR ""mycelial protein"" OR ""microalgae protein"" OR ""microalgal protein"" OR ""algal protein"" OR ""spirulina protein"" OR ""plant-based meat"" OR ""meat analogue"" OR ""meat analog"" OR ""meat substitute"" OR ""meat alternative"" OR ""textured vegetable protein"" OR ""alternative protein"" OR ""alternative proteins"" OR ""novel protein"" OR ""molecular farming"" OR ""fishmeal replacement"" OR ""fish meal replacement"" OR ""replacing fishmeal"" OR ""replacing fish meal"" OR ""replace fishmeal"" OR ""replace fish meal""",HSC-01,2026 partial year (to 24 Sep 2026)
BTF-169,core_basket,SG,2015,3,,"OpenAlex title_and_abstract.search; type article or review; retracted excluded; country filter SG; ""cultured meat"" OR ""cultivated meat"" OR ""cell-based meat"" OR ""lab-grown meat"" OR ""single cell protein"" OR ""single-cell protein"" OR ""microbial protein"" OR ""precision fermentation"" OR ""mycoprotein"" OR ""mycelial protein"" OR ""microalgae protein"" OR ""microalgal protein"" OR ""algal protein"" OR ""spirulina protein"" OR ""plant-based meat"" OR ""meat analogue"" OR ""meat analog"" OR ""meat substitute"" OR ""meat alternative"" OR ""textured vegetable protein"" OR ""alternative protein"" OR ""alternative proteins"" OR ""novel protein"" OR ""molecular farming"" OR ""fishmeal replacement"" OR ""fish meal replacement"" OR ""replacing fishmeal"" OR ""replacing fish meal"" OR ""replace fishmeal"" OR ""replace fish meal""",HSC-01,
BTF-170,core_basket,SG,2016,4,,"OpenAlex title_and_abstract.search; type article or review; retracted excluded; country filter SG; ""cultured meat"" OR ""cultivated meat"" OR ""cell-based meat"" OR ""lab-grown meat"" OR ""single cell protein"" OR ""single-cell protein"" OR ""microbial protein"" OR ""precision fermentation"" OR ""mycoprotein"" OR ""mycelial protein"" OR ""microalgae protein"" OR ""microalgal protein"" OR ""algal protein"" OR ""spirulina protein"" OR ""plant-based meat"" OR ""meat analogue"" OR ""meat analog"" OR ""meat substitute"" OR ""meat alternative"" OR ""textured vegetable protein"" OR ""alternative protein"" OR ""alternative proteins"" OR ""novel protein"" OR ""molecular farming"" OR ""fishmeal replacement"" OR ""fish meal replacement"" OR ""replacing fishmeal"" OR ""replacing fish meal"" OR ""replace fishmeal"" OR ""replace fish meal""",HSC-01,
BTF-171,core_basket,SG,2017,2,,"OpenAlex title_and_abstract.search; type article or review; retracted excluded; country filter SG; ""cultured meat"" OR ""cultivated meat"" OR ""cell-based meat"" OR ""lab-grown meat"" OR ""single cell protein"" OR ""single-cell protein"" OR ""microbial protein"" OR ""precision fermentation"" OR ""mycoprotein"" OR ""mycelial protein"" OR ""microalgae protein"" OR ""microalgal protein"" OR ""algal protein"" OR ""spirulina protein"" OR ""plant-based meat"" OR ""meat analogue"" OR ""meat analog"" OR ""meat substitute"" OR ""meat alternative"" OR ""textured vegetable protein"" OR ""alternative protein"" OR ""alternative proteins"" OR ""novel protein"" OR ""molecular farming"" OR ""fishmeal replacement"" OR ""fish meal replacement"" OR ""replacing fishmeal"" OR ""replacing fish meal"" OR ""replace fishmeal"" OR ""replace fish meal""",HSC-01,
BTF-172,core_basket,SG,2018,7,,"OpenAlex title_and_abstract.search; type article or review; retracted excluded; country filter SG; ""cultured meat"" OR ""cultivated meat"" OR ""cell-based meat"" OR ""lab-grown meat"" OR ""single cell protein"" OR ""single-cell protein"" OR ""microbial protein"" OR ""precision fermentation"" OR ""mycoprotein"" OR ""mycelial protein"" OR ""microalgae protein"" OR ""microalgal protein"" OR ""algal protein"" OR ""spirulina protein"" OR ""plant-based meat"" OR ""meat analogue"" OR ""meat analog"" OR ""meat substitute"" OR ""meat alternative"" OR ""textured vegetable protein"" OR ""alternative protein"" OR ""alternative proteins"" OR ""novel protein"" OR ""molecular farming"" OR ""fishmeal replacement"" OR ""fish meal replacement"" OR ""replacing fishmeal"" OR ""replacing fish meal"" OR ""replace fishmeal"" OR ""replace fish meal""",HSC-01,
BTF-173,core_basket,SG,2019,6,,"OpenAlex title_and_abstract.search; type article or review; retracted excluded; country filter SG; ""cultured meat"" OR ""cultivated meat"" OR ""cell-based meat"" OR ""lab-grown meat"" OR ""single cell protein"" OR ""single-cell protein"" OR ""microbial protein"" OR ""precision fermentation"" OR ""mycoprotein"" OR ""mycelial protein"" OR ""microalgae protein"" OR ""microalgal protein"" OR ""algal protein"" OR ""spirulina protein"" OR ""plant-based meat"" OR ""meat analogue"" OR ""meat analog"" OR ""meat substitute"" OR ""meat alternative"" OR ""textured vegetable protein"" OR ""alternative protein"" OR ""alternative proteins"" OR ""novel protein"" OR ""molecular farming"" OR ""fishmeal replacement"" OR ""fish meal replacement"" OR ""replacing fishmeal"" OR ""replacing fish meal"" OR ""replace fishmeal"" OR ""replace fish meal""",HSC-01,
BTF-174,core_basket,SG,2020,14,,"OpenAlex title_and_abstract.search; type article or review; retracted excluded; country filter SG; ""cultured meat"" OR ""cultivated meat"" OR ""cell-based meat"" OR ""lab-grown meat"" OR ""single cell protein"" OR ""single-cell protein"" OR ""microbial protein"" OR ""precision fermentation"" OR ""mycoprotein"" OR ""mycelial protein"" OR ""microalgae protein"" OR ""microalgal protein"" OR ""algal protein"" OR ""spirulina protein"" OR ""plant-based meat"" OR ""meat analogue"" OR ""meat analog"" OR ""meat substitute"" OR ""meat alternative"" OR ""textured vegetable protein"" OR ""alternative protein"" OR ""alternative proteins"" OR ""novel protein"" OR ""molecular farming"" OR ""fishmeal replacement"" OR ""fish meal replacement"" OR ""replacing fishmeal"" OR ""replacing fish meal"" OR ""replace fishmeal"" OR ""replace fish meal""",HSC-01,
BTF-175,core_basket,SG,2021,22,,"OpenAlex title_and_abstract.search; type article or review; retracted excluded; country filter SG; ""cultured meat"" OR ""cultivated meat"" OR ""cell-based meat"" OR ""lab-grown meat"" OR ""single cell protein"" OR ""single-cell protein"" OR ""microbial protein"" OR ""precision fermentation"" OR ""mycoprotein"" OR ""mycelial protein"" OR ""microalgae protein"" OR ""microalgal protein"" OR ""algal protein"" OR ""spirulina protein"" OR ""plant-based meat"" OR ""meat analogue"" OR ""meat analog"" OR ""meat substitute"" OR ""meat alternative"" OR ""textured vegetable protein"" OR ""alternative protein"" OR ""alternative proteins"" OR ""novel protein"" OR ""molecular farming"" OR ""fishmeal replacement"" OR ""fish meal replacement"" OR ""replacing fishmeal"" OR ""replacing fish meal"" OR ""replace fishmeal"" OR ""replace fish meal""",HSC-01,
BTF-176,core_basket,SG,2022,31,,"OpenAlex title_and_abstract.search; type article or review; retracted excluded; country filter SG; ""cultured meat"" OR ""cultivated meat"" OR ""cell-based meat"" OR ""lab-grown meat"" OR ""single cell protein"" OR ""single-cell protein"" OR ""microbial protein"" OR ""precision fermentation"" OR ""mycoprotein"" OR ""mycelial protein"" OR ""microalgae protein"" OR ""microalgal protein"" OR ""algal protein"" OR ""spirulina protein"" OR ""plant-based meat"" OR ""meat analogue"" OR ""meat analog"" OR ""meat substitute"" OR ""meat alternative"" OR ""textured vegetable protein"" OR ""alternative protein"" OR ""alternative proteins"" OR ""novel protein"" OR ""molecular farming"" OR ""fishmeal replacement"" OR ""fish meal replacement"" OR ""replacing fishmeal"" OR ""replacing fish meal"" OR ""replace fishmeal"" OR ""replace fish meal""",HSC-01,
BTF-177,core_basket,SG,2023,49,,"OpenAlex title_and_abstract.search; type article or review; retracted excluded; country filter SG; ""cultured meat"" OR ""cultivated meat"" OR ""cell-based meat"" OR ""lab-grown meat"" OR ""single cell protein"" OR ""single-cell protein"" OR ""microbial protein"" OR ""precision fermentation"" OR ""mycoprotein"" OR ""mycelial protein"" OR ""microalgae protein"" OR ""microalgal protein"" OR ""algal protein"" OR ""spirulina protein"" OR ""plant-based meat"" OR ""meat analogue"" OR ""meat analog"" OR ""meat substitute"" OR ""meat alternative"" OR ""textured vegetable protein"" OR ""alternative protein"" OR ""alternative proteins"" OR ""novel protein"" OR ""molecular farming"" OR ""fishmeal replacement"" OR ""fish meal replacement"" OR ""replacing fishmeal"" OR ""replacing fish meal"" OR ""replace fishmeal"" OR ""replace fish meal""",HSC-01,
BTF-178,core_basket,SG,2024,48,,"OpenAlex title_and_abstract.search; type article or review; retracted excluded; country filter SG; ""cultured meat"" OR ""cultivated meat"" OR ""cell-based meat"" OR ""lab-grown meat"" OR ""single cell protein"" OR ""single-cell protein"" OR ""microbial protein"" OR ""precision fermentation"" OR ""mycoprotein"" OR ""mycelial protein"" OR ""microalgae protein"" OR ""microalgal protein"" OR ""algal protein"" OR ""spirulina protein"" OR ""plant-based meat"" OR ""meat analogue"" OR ""meat analog"" OR ""meat substitute"" OR ""meat alternative"" OR ""textured vegetable protein"" OR ""alternative protein"" OR ""alternative proteins"" OR ""novel protein"" OR ""molecular farming"" OR ""fishmeal replacement"" OR ""fish meal replacement"" OR ""replacing fishmeal"" OR ""replacing fish meal"" OR ""replace fishmeal"" OR ""replace fish meal""",HSC-01,
BTF-179,core_basket,SG,2025,69,,"OpenAlex title_and_abstract.search; type article or review; retracted excluded; country filter SG; ""cultured meat"" OR ""cultivated meat"" OR ""cell-based meat"" OR ""lab-grown meat"" OR ""single cell protein"" OR ""single-cell protein"" OR ""microbial protein"" OR ""precision fermentation"" OR ""mycoprotein"" OR ""mycelial protein"" OR ""microalgae protein"" OR ""microalgal protein"" OR ""algal protein"" OR ""spirulina protein"" OR ""plant-based meat"" OR ""meat analogue"" OR ""meat analog"" OR ""meat substitute"" OR ""meat alternative"" OR ""textured vegetable protein"" OR ""alternative protein"" OR ""alternative proteins"" OR ""novel protein"" OR ""molecular farming"" OR ""fishmeal replacement"" OR ""fish meal replacement"" OR ""replacing fishmeal"" OR ""replacing fish meal"" OR ""replace fishmeal"" OR ""replace fish meal""",HSC-01,
BTF-180,core_basket,SG,2026,49,,"OpenAlex title_and_abstract.search; type article or review; retracted excluded; country filter SG; ""cultured meat"" OR ""cultivated meat"" OR ""cell-based meat"" OR ""lab-grown meat"" OR ""single cell protein"" OR ""single-cell protein"" OR ""microbial protein"" OR ""precision fermentation"" OR ""mycoprotein"" OR ""mycelial protein"" OR ""microalgae protein"" OR ""microalgal protein"" OR ""algal protein"" OR ""spirulina protein"" OR ""plant-based meat"" OR ""meat analogue"" OR ""meat analog"" OR ""meat substitute"" OR ""meat alternative"" OR ""textured vegetable protein"" OR ""alternative protein"" OR ""alternative proteins"" OR ""novel protein"" OR ""molecular farming"" OR ""fishmeal replacement"" OR ""fish meal replacement"" OR ""replacing fishmeal"" OR ""replacing fish meal"" OR ""replace fishmeal"" OR ""replace fish meal""",HSC-01,2026 partial year (to 24 Sep 2026)
BTF-181,core_basket,ID,2015,10,,"OpenAlex title_and_abstract.search; type article or review; retracted excluded; country filter ID; ""cultured meat"" OR ""cultivated meat"" OR ""cell-based meat"" OR ""lab-grown meat"" OR ""single cell protein"" OR ""single-cell protein"" OR ""microbial protein"" OR ""precision fermentation"" OR ""mycoprotein"" OR ""mycelial protein"" OR ""microalgae protein"" OR ""microalgal protein"" OR ""algal protein"" OR ""spirulina protein"" OR ""plant-based meat"" OR ""meat analogue"" OR ""meat analog"" OR ""meat substitute"" OR ""meat alternative"" OR ""textured vegetable protein"" OR ""alternative protein"" OR ""alternative proteins"" OR ""novel protein"" OR ""molecular farming"" OR ""fishmeal replacement"" OR ""fish meal replacement"" OR ""replacing fishmeal"" OR ""replacing fish meal"" OR ""replace fishmeal"" OR ""replace fish meal""",HSC-01,
BTF-182,core_basket,ID,2016,19,,"OpenAlex title_and_abstract.search; type article or review; retracted excluded; country filter ID; ""cultured meat"" OR ""cultivated meat"" OR ""cell-based meat"" OR ""lab-grown meat"" OR ""single cell protein"" OR ""single-cell protein"" OR ""microbial protein"" OR ""precision fermentation"" OR ""mycoprotein"" OR ""mycelial protein"" OR ""microalgae protein"" OR ""microalgal protein"" OR ""algal protein"" OR ""spirulina protein"" OR ""plant-based meat"" OR ""meat analogue"" OR ""meat analog"" OR ""meat substitute"" OR ""meat alternative"" OR ""textured vegetable protein"" OR ""alternative protein"" OR ""alternative proteins"" OR ""novel protein"" OR ""molecular farming"" OR ""fishmeal replacement"" OR ""fish meal replacement"" OR ""replacing fishmeal"" OR ""replacing fish meal"" OR ""replace fishmeal"" OR ""replace fish meal""",HSC-01,
BTF-183,core_basket,ID,2017,18,,"OpenAlex title_and_abstract.search; type article or review; retracted excluded; country filter ID; ""cultured meat"" OR ""cultivated meat"" OR ""cell-based meat"" OR ""lab-grown meat"" OR ""single cell protein"" OR ""single-cell protein"" OR ""microbial protein"" OR ""precision fermentation"" OR ""mycoprotein"" OR ""mycelial protein"" OR ""microalgae protein"" OR ""microalgal protein"" OR ""algal protein"" OR ""spirulina protein"" OR ""plant-based meat"" OR ""meat analogue"" OR ""meat analog"" OR ""meat substitute"" OR ""meat alternative"" OR ""textured vegetable protein"" OR ""alternative protein"" OR ""alternative proteins"" OR ""novel protein"" OR ""molecular farming"" OR ""fishmeal replacement"" OR ""fish meal replacement"" OR ""replacing fishmeal"" OR ""replacing fish meal"" OR ""replace fishmeal"" OR ""replace fish meal""",HSC-01,
BTF-184,core_basket,ID,2018,12,,"OpenAlex title_and_abstract.search; type article or review; retracted excluded; country filter ID; ""cultured meat"" OR ""cultivated meat"" OR ""cell-based meat"" OR ""lab-grown meat"" OR ""single cell protein"" OR ""single-cell protein"" OR ""microbial protein"" OR ""precision fermentation"" OR ""mycoprotein"" OR ""mycelial protein"" OR ""microalgae protein"" OR ""microalgal protein"" OR ""algal protein"" OR ""spirulina protein"" OR ""plant-based meat"" OR ""meat analogue"" OR ""meat analog"" OR ""meat substitute"" OR ""meat alternative"" OR ""textured vegetable protein"" OR ""alternative protein"" OR ""alternative proteins"" OR ""novel protein"" OR ""molecular farming"" OR ""fishmeal replacement"" OR ""fish meal replacement"" OR ""replacing fishmeal"" OR ""replacing fish meal"" OR ""replace fishmeal"" OR ""replace fish meal""",HSC-01,
BTF-185,core_basket,ID,2019,19,,"OpenAlex title_and_abstract.search; type article or review; retracted excluded; country filter ID; ""cultured meat"" OR ""cultivated meat"" OR ""cell-based meat"" OR ""lab-grown meat"" OR ""single cell protein"" OR ""single-cell protein"" OR ""microbial protein"" OR ""precision fermentation"" OR ""mycoprotein"" OR ""mycelial protein"" OR ""microalgae protein"" OR ""microalgal protein"" OR ""algal protein"" OR ""spirulina protein"" OR ""plant-based meat"" OR ""meat analogue"" OR ""meat analog"" OR ""meat substitute"" OR ""meat alternative"" OR ""textured vegetable protein"" OR ""alternative protein"" OR ""alternative proteins"" OR ""novel protein"" OR ""molecular farming"" OR ""fishmeal replacement"" OR ""fish meal replacement"" OR ""replacing fishmeal"" OR ""replacing fish meal"" OR ""replace fishmeal"" OR ""replace fish meal""",HSC-01,
BTF-186,core_basket,ID,2020,27,,"OpenAlex title_and_abstract.search; type article or review; retracted excluded; country filter ID; ""cultured meat"" OR ""cultivated meat"" OR ""cell-based meat"" OR ""lab-grown meat"" OR ""single cell protein"" OR ""single-cell protein"" OR ""microbial protein"" OR ""precision fermentation"" OR ""mycoprotein"" OR ""mycelial protein"" OR ""microalgae protein"" OR ""microalgal protein"" OR ""algal protein"" OR ""spirulina protein"" OR ""plant-based meat"" OR ""meat analogue"" OR ""meat analog"" OR ""meat substitute"" OR ""meat alternative"" OR ""textured vegetable protein"" OR ""alternative protein"" OR ""alternative proteins"" OR ""novel protein"" OR ""molecular farming"" OR ""fishmeal replacement"" OR ""fish meal replacement"" OR ""replacing fishmeal"" OR ""replacing fish meal"" OR ""replace fishmeal"" OR ""replace fish meal""",HSC-01,
BTF-187,core_basket,ID,2021,34,,"OpenAlex title_and_abstract.search; type article or review; retracted excluded; country filter ID; ""cultured meat"" OR ""cultivated meat"" OR ""cell-based meat"" OR ""lab-grown meat"" OR ""single cell protein"" OR ""single-cell protein"" OR ""microbial protein"" OR ""precision fermentation"" OR ""mycoprotein"" OR ""mycelial protein"" OR ""microalgae protein"" OR ""microalgal protein"" OR ""algal protein"" OR ""spirulina protein"" OR ""plant-based meat"" OR ""meat analogue"" OR ""meat analog"" OR ""meat substitute"" OR ""meat alternative"" OR ""textured vegetable protein"" OR ""alternative protein"" OR ""alternative proteins"" OR ""novel protein"" OR ""molecular farming"" OR ""fishmeal replacement"" OR ""fish meal replacement"" OR ""replacing fishmeal"" OR ""replacing fish meal"" OR ""replace fishmeal"" OR ""replace fish meal""",HSC-01,
BTF-188,core_basket,ID,2022,46,,"OpenAlex title_and_abstract.search; type article or review; retracted excluded; country filter ID; ""cultured meat"" OR ""cultivated meat"" OR ""cell-based meat"" OR ""lab-grown meat"" OR ""single cell protein"" OR ""single-cell protein"" OR ""microbial protein"" OR ""precision fermentation"" OR ""mycoprotein"" OR ""mycelial protein"" OR ""microalgae protein"" OR ""microalgal protein"" OR ""algal protein"" OR ""spirulina protein"" OR ""plant-based meat"" OR ""meat analogue"" OR ""meat analog"" OR ""meat substitute"" OR ""meat alternative"" OR ""textured vegetable protein"" OR ""alternative protein"" OR ""alternative proteins"" OR ""novel protein"" OR ""molecular farming"" OR ""fishmeal replacement"" OR ""fish meal replacement"" OR ""replacing fishmeal"" OR ""replacing fish meal"" OR ""replace fishmeal"" OR ""replace fish meal""",HSC-01,
BTF-189,core_basket,ID,2023,48,,"OpenAlex title_and_abstract.search; type article or review; retracted excluded; country filter ID; ""cultured meat"" OR ""cultivated meat"" OR ""cell-based meat"" OR ""lab-grown meat"" OR ""single cell protein"" OR ""single-cell protein"" OR ""microbial protein"" OR ""precision fermentation"" OR ""mycoprotein"" OR ""mycelial protein"" OR ""microalgae protein"" OR ""microalgal protein"" OR ""algal protein"" OR ""spirulina protein"" OR ""plant-based meat"" OR ""meat analogue"" OR ""meat analog"" OR ""meat substitute"" OR ""meat alternative"" OR ""textured vegetable protein"" OR ""alternative protein"" OR ""alternative proteins"" OR ""novel protein"" OR ""molecular farming"" OR ""fishmeal replacement"" OR ""fish meal replacement"" OR ""replacing fishmeal"" OR ""replacing fish meal"" OR ""replace fishmeal"" OR ""replace fish meal""",HSC-01,
BTF-190,core_basket,ID,2024,69,,"OpenAlex title_and_abstract.search; type article or review; retracted excluded; country filter ID; ""cultured meat"" OR ""cultivated meat"" OR ""cell-based meat"" OR ""lab-grown meat"" OR ""single cell protein"" OR ""single-cell protein"" OR ""microbial protein"" OR ""precision fermentation"" OR ""mycoprotein"" OR ""mycelial protein"" OR ""microalgae protein"" OR ""microalgal protein"" OR ""algal protein"" OR ""spirulina protein"" OR ""plant-based meat"" OR ""meat analogue"" OR ""meat analog"" OR ""meat substitute"" OR ""meat alternative"" OR ""textured vegetable protein"" OR ""alternative protein"" OR ""alternative proteins"" OR ""novel protein"" OR ""molecular farming"" OR ""fishmeal replacement"" OR ""fish meal replacement"" OR ""replacing fishmeal"" OR ""replacing fish meal"" OR ""replace fishmeal"" OR ""replace fish meal""",HSC-01,
BTF-191,core_basket,ID,2025,86,,"OpenAlex title_and_abstract.search; type article or review; retracted excluded; country filter ID; ""cultured meat"" OR ""cultivated meat"" OR ""cell-based meat"" OR ""lab-grown meat"" OR ""single cell protein"" OR ""single-cell protein"" OR ""microbial protein"" OR ""precision fermentation"" OR ""mycoprotein"" OR ""mycelial protein"" OR ""microalgae protein"" OR ""microalgal protein"" OR ""algal protein"" OR ""spirulina protein"" OR ""plant-based meat"" OR ""meat analogue"" OR ""meat analog"" OR ""meat substitute"" OR ""meat alternative"" OR ""textured vegetable protein"" OR ""alternative protein"" OR ""alternative proteins"" OR ""novel protein"" OR ""molecular farming"" OR ""fishmeal replacement"" OR ""fish meal replacement"" OR ""replacing fishmeal"" OR ""replacing fish meal"" OR ""replace fishmeal"" OR ""replace fish meal""",HSC-01,
BTF-192,core_basket,ID,2026,89,,"OpenAlex title_and_abstract.search; type article or review; retracted excluded; country filter ID; ""cultured meat"" OR ""cultivated meat"" OR ""cell-based meat"" OR ""lab-grown meat"" OR ""single cell protein"" OR ""single-cell protein"" OR ""microbial protein"" OR ""precision fermentation"" OR ""mycoprotein"" OR ""mycelial protein"" OR ""microalgae protein"" OR ""microalgal protein"" OR ""algal protein"" OR ""spirulina protein"" OR ""plant-based meat"" OR ""meat analogue"" OR ""meat analog"" OR ""meat substitute"" OR ""meat alternative"" OR ""textured vegetable protein"" OR ""alternative protein"" OR ""alternative proteins"" OR ""novel protein"" OR ""molecular farming"" OR ""fishmeal replacement"" OR ""fish meal replacement"" OR ""replacing fishmeal"" OR ""replacing fish meal"" OR ""replace fishmeal"" OR ""replace fish meal""",HSC-01,2026 partial year (to 24 Sep 2026)
BTF-193,core_basket,PH,2015,5,,"OpenAlex title_and_abstract.search; type article or review; retracted excluded; country filter PH; ""cultured meat"" OR ""cultivated meat"" OR ""cell-based meat"" OR ""lab-grown meat"" OR ""single cell protein"" OR ""single-cell protein"" OR ""microbial protein"" OR ""precision fermentation"" OR ""mycoprotein"" OR ""mycelial protein"" OR ""microalgae protein"" OR ""microalgal protein"" OR ""algal protein"" OR ""spirulina protein"" OR ""plant-based meat"" OR ""meat analogue"" OR ""meat analog"" OR ""meat substitute"" OR ""meat alternative"" OR ""textured vegetable protein"" OR ""alternative protein"" OR ""alternative proteins"" OR ""novel protein"" OR ""molecular farming"" OR ""fishmeal replacement"" OR ""fish meal replacement"" OR ""replacing fishmeal"" OR ""replacing fish meal"" OR ""replace fishmeal"" OR ""replace fish meal""",HSC-01,
BTF-194,core_basket,PH,2016,4,,"OpenAlex title_and_abstract.search; type article or review; retracted excluded; country filter PH; ""cultured meat"" OR ""cultivated meat"" OR ""cell-based meat"" OR ""lab-grown meat"" OR ""single cell protein"" OR ""single-cell protein"" OR ""microbial protein"" OR ""precision fermentation"" OR ""mycoprotein"" OR ""mycelial protein"" OR ""microalgae protein"" OR ""microalgal protein"" OR ""algal protein"" OR ""spirulina protein"" OR ""plant-based meat"" OR ""meat analogue"" OR ""meat analog"" OR ""meat substitute"" OR ""meat alternative"" OR ""textured vegetable protein"" OR ""alternative protein"" OR ""alternative proteins"" OR ""novel protein"" OR ""molecular farming"" OR ""fishmeal replacement"" OR ""fish meal replacement"" OR ""replacing fishmeal"" OR ""replacing fish meal"" OR ""replace fishmeal"" OR ""replace fish meal""",HSC-01,
BTF-195,core_basket,PH,2017,2,,"OpenAlex title_and_abstract.search; type article or review; retracted excluded; country filter PH; ""cultured meat"" OR ""cultivated meat"" OR ""cell-based meat"" OR ""lab-grown meat"" OR ""single cell protein"" OR ""single-cell protein"" OR ""microbial protein"" OR ""precision fermentation"" OR ""mycoprotein"" OR ""mycelial protein"" OR ""microalgae protein"" OR ""microalgal protein"" OR ""algal protein"" OR ""spirulina protein"" OR ""plant-based meat"" OR ""meat analogue"" OR ""meat analog"" OR ""meat substitute"" OR ""meat alternative"" OR ""textured vegetable protein"" OR ""alternative protein"" OR ""alternative proteins"" OR ""novel protein"" OR ""molecular farming"" OR ""fishmeal replacement"" OR ""fish meal replacement"" OR ""replacing fishmeal"" OR ""replacing fish meal"" OR ""replace fishmeal"" OR ""replace fish meal""",HSC-01,
BTF-196,core_basket,PH,2018,3,,"OpenAlex title_and_abstract.search; type article or review; retracted excluded; country filter PH; ""cultured meat"" OR ""cultivated meat"" OR ""cell-based meat"" OR ""lab-grown meat"" OR ""single cell protein"" OR ""single-cell protein"" OR ""microbial protein"" OR ""precision fermentation"" OR ""mycoprotein"" OR ""mycelial protein"" OR ""microalgae protein"" OR ""microalgal protein"" OR ""algal protein"" OR ""spirulina protein"" OR ""plant-based meat"" OR ""meat analogue"" OR ""meat analog"" OR ""meat substitute"" OR ""meat alternative"" OR ""textured vegetable protein"" OR ""alternative protein"" OR ""alternative proteins"" OR ""novel protein"" OR ""molecular farming"" OR ""fishmeal replacement"" OR ""fish meal replacement"" OR ""replacing fishmeal"" OR ""replacing fish meal"" OR ""replace fishmeal"" OR ""replace fish meal""",HSC-01,
BTF-197,core_basket,PH,2019,3,,"OpenAlex title_and_abstract.search; type article or review; retracted excluded; country filter PH; ""cultured meat"" OR ""cultivated meat"" OR ""cell-based meat"" OR ""lab-grown meat"" OR ""single cell protein"" OR ""single-cell protein"" OR ""microbial protein"" OR ""precision fermentation"" OR ""mycoprotein"" OR ""mycelial protein"" OR ""microalgae protein"" OR ""microalgal protein"" OR ""algal protein"" OR ""spirulina protein"" OR ""plant-based meat"" OR ""meat analogue"" OR ""meat analog"" OR ""meat substitute"" OR ""meat alternative"" OR ""textured vegetable protein"" OR ""alternative protein"" OR ""alternative proteins"" OR ""novel protein"" OR ""molecular farming"" OR ""fishmeal replacement"" OR ""fish meal replacement"" OR ""replacing fishmeal"" OR ""replacing fish meal"" OR ""replace fishmeal"" OR ""replace fish meal""",HSC-01,
BTF-198,core_basket,PH,2020,1,,"OpenAlex title_and_abstract.search; type article or review; retracted excluded; country filter PH; ""cultured meat"" OR ""cultivated meat"" OR ""cell-based meat"" OR ""lab-grown meat"" OR ""single cell protein"" OR ""single-cell protein"" OR ""microbial protein"" OR ""precision fermentation"" OR ""mycoprotein"" OR ""mycelial protein"" OR ""microalgae protein"" OR ""microalgal protein"" OR ""algal protein"" OR ""spirulina protein"" OR ""plant-based meat"" OR ""meat analogue"" OR ""meat analog"" OR ""meat substitute"" OR ""meat alternative"" OR ""textured vegetable protein"" OR ""alternative protein"" OR ""alternative proteins"" OR ""novel protein"" OR ""molecular farming"" OR ""fishmeal replacement"" OR ""fish meal replacement"" OR ""replacing fishmeal"" OR ""replacing fish meal"" OR ""replace fishmeal"" OR ""replace fish meal""",HSC-01,
BTF-199,core_basket,PH,2021,4,,"OpenAlex title_and_abstract.search; type article or review; retracted excluded; country filter PH; ""cultured meat"" OR ""cultivated meat"" OR ""cell-based meat"" OR ""lab-grown meat"" OR ""single cell protein"" OR ""single-cell protein"" OR ""microbial protein"" OR ""precision fermentation"" OR ""mycoprotein"" OR ""mycelial protein"" OR ""microalgae protein"" OR ""microalgal protein"" OR ""algal protein"" OR ""spirulina protein"" OR ""plant-based meat"" OR ""meat analogue"" OR ""meat analog"" OR ""meat substitute"" OR ""meat alternative"" OR ""textured vegetable protein"" OR ""alternative protein"" OR ""alternative proteins"" OR ""novel protein"" OR ""molecular farming"" OR ""fishmeal replacement"" OR ""fish meal replacement"" OR ""replacing fishmeal"" OR ""replacing fish meal"" OR ""replace fishmeal"" OR ""replace fish meal""",HSC-01,
BTF-200,core_basket,PH,2022,4,,"OpenAlex title_and_abstract.search; type article or review; retracted excluded; country filter PH; ""cultured meat"" OR ""cultivated meat"" OR ""cell-based meat"" OR ""lab-grown meat"" OR ""single cell protein"" OR ""single-cell protein"" OR ""microbial protein"" OR ""precision fermentation"" OR ""mycoprotein"" OR ""mycelial protein"" OR ""microalgae protein"" OR ""microalgal protein"" OR ""algal protein"" OR ""spirulina protein"" OR ""plant-based meat"" OR ""meat analogue"" OR ""meat analog"" OR ""meat substitute"" OR ""meat alternative"" OR ""textured vegetable protein"" OR ""alternative protein"" OR ""alternative proteins"" OR ""novel protein"" OR ""molecular farming"" OR ""fishmeal replacement"" OR ""fish meal replacement"" OR ""replacing fishmeal"" OR ""replacing fish meal"" OR ""replace fishmeal"" OR ""replace fish meal""",HSC-01,
BTF-201,core_basket,PH,2023,5,,"OpenAlex title_and_abstract.search; type article or review; retracted excluded; country filter PH; ""cultured meat"" OR ""cultivated meat"" OR ""cell-based meat"" OR ""lab-grown meat"" OR ""single cell protein"" OR ""single-cell protein"" OR ""microbial protein"" OR ""precision fermentation"" OR ""mycoprotein"" OR ""mycelial protein"" OR ""microalgae protein"" OR ""microalgal protein"" OR ""algal protein"" OR ""spirulina protein"" OR ""plant-based meat"" OR ""meat analogue"" OR ""meat analog"" OR ""meat substitute"" OR ""meat alternative"" OR ""textured vegetable protein"" OR ""alternative protein"" OR ""alternative proteins"" OR ""novel protein"" OR ""molecular farming"" OR ""fishmeal replacement"" OR ""fish meal replacement"" OR ""replacing fishmeal"" OR ""replacing fish meal"" OR ""replace fishmeal"" OR ""replace fish meal""",HSC-01,
BTF-202,core_basket,PH,2024,9,,"OpenAlex title_and_abstract.search; type article or review; retracted excluded; country filter PH; ""cultured meat"" OR ""cultivated meat"" OR ""cell-based meat"" OR ""lab-grown meat"" OR ""single cell protein"" OR ""single-cell protein"" OR ""microbial protein"" OR ""precision fermentation"" OR ""mycoprotein"" OR ""mycelial protein"" OR ""microalgae protein"" OR ""microalgal protein"" OR ""algal protein"" OR ""spirulina protein"" OR ""plant-based meat"" OR ""meat analogue"" OR ""meat analog"" OR ""meat substitute"" OR ""meat alternative"" OR ""textured vegetable protein"" OR ""alternative protein"" OR ""alternative proteins"" OR ""novel protein"" OR ""molecular farming"" OR ""fishmeal replacement"" OR ""fish meal replacement"" OR ""replacing fishmeal"" OR ""replacing fish meal"" OR ""replace fishmeal"" OR ""replace fish meal""",HSC-01,
BTF-203,core_basket,PH,2025,17,,"OpenAlex title_and_abstract.search; type article or review; retracted excluded; country filter PH; ""cultured meat"" OR ""cultivated meat"" OR ""cell-based meat"" OR ""lab-grown meat"" OR ""single cell protein"" OR ""single-cell protein"" OR ""microbial protein"" OR ""precision fermentation"" OR ""mycoprotein"" OR ""mycelial protein"" OR ""microalgae protein"" OR ""microalgal protein"" OR ""algal protein"" OR ""spirulina protein"" OR ""plant-based meat"" OR ""meat analogue"" OR ""meat analog"" OR ""meat substitute"" OR ""meat alternative"" OR ""textured vegetable protein"" OR ""alternative protein"" OR ""alternative proteins"" OR ""novel protein"" OR ""molecular farming"" OR ""fishmeal replacement"" OR ""fish meal replacement"" OR ""replacing fishmeal"" OR ""replacing fish meal"" OR ""replace fishmeal"" OR ""replace fish meal""",HSC-01,
BTF-204,core_basket,PH,2026,15,,"OpenAlex title_and_abstract.search; type article or review; retracted excluded; country filter PH; ""cultured meat"" OR ""cultivated meat"" OR ""cell-based meat"" OR ""lab-grown meat"" OR ""single cell protein"" OR ""single-cell protein"" OR ""microbial protein"" OR ""precision fermentation"" OR ""mycoprotein"" OR ""mycelial protein"" OR ""microalgae protein"" OR ""microalgal protein"" OR ""algal protein"" OR ""spirulina protein"" OR ""plant-based meat"" OR ""meat analogue"" OR ""meat analog"" OR ""meat substitute"" OR ""meat alternative"" OR ""textured vegetable protein"" OR ""alternative protein"" OR ""alternative proteins"" OR ""novel protein"" OR ""molecular farming"" OR ""fishmeal replacement"" OR ""fish meal replacement"" OR ""replacing fishmeal"" OR ""replacing fish meal"" OR ""replace fishmeal"" OR ""replace fish meal""",HSC-01,2026 partial year (to 24 Sep 2026)
BTF-205,cultivated_meat,VN,2015-2025,1,0.057,"OpenAlex title_and_abstract.search; type article or review; retracted excluded; group_by country; ""cultured meat"" OR ""cultivated meat"" OR ""cell-based meat"" OR ""lab-grown meat"" OR ""in vitro meat"" OR ""cell-cultured meat"" OR ""cultivated seafood"" OR ""cell-based seafood"" OR ""cultured fish meat""",HSC-01,country total over 2015-2025; per 10k of country's 2015-2025 article+review output = 0.06; activity index (share of topic / share of all output; the world denominator includes unaffiliated records so all major countries score above 1: compare countries with each other and not with 1) = 0.21
BTF-206,cultivated_meat,TH,2015-2025,16,0.68,"OpenAlex title_and_abstract.search; type article or review; retracted excluded; group_by country; ""cultured meat"" OR ""cultivated meat"" OR ""cell-based meat"" OR ""lab-grown meat"" OR ""in vitro meat"" OR ""cell-cultured meat"" OR ""cultivated seafood"" OR ""cell-based seafood"" OR ""cultured fish meat""",HSC-01,country total over 2015-2025; per 10k of country's 2015-2025 article+review output = 0.68; activity index (share of topic / share of all output; the world denominator includes unaffiliated records so all major countries score above 1: compare countries with each other and not with 1) = 2.49
BTF-207,cultivated_meat,MY,2015-2025,32,0.711,"OpenAlex title_and_abstract.search; type article or review; retracted excluded; group_by country; ""cultured meat"" OR ""cultivated meat"" OR ""cell-based meat"" OR ""lab-grown meat"" OR ""in vitro meat"" OR ""cell-cultured meat"" OR ""cultivated seafood"" OR ""cell-based seafood"" OR ""cultured fish meat""",HSC-01,country total over 2015-2025; per 10k of country's 2015-2025 article+review output = 0.71; activity index (share of topic / share of all output; the world denominator includes unaffiliated records so all major countries score above 1: compare countries with each other and not with 1) = 2.61
BTF-208,cultivated_meat,SG,2015-2025,81,3.278,"OpenAlex title_and_abstract.search; type article or review; retracted excluded; group_by country; ""cultured meat"" OR ""cultivated meat"" OR ""cell-based meat"" OR ""lab-grown meat"" OR ""in vitro meat"" OR ""cell-cultured meat"" OR ""cultivated seafood"" OR ""cell-based seafood"" OR ""cultured fish meat""",HSC-01,country total over 2015-2025; per 10k of country's 2015-2025 article+review output = 3.28; activity index (share of topic / share of all output; the world denominator includes unaffiliated records so all major countries score above 1: compare countries with each other and not with 1) = 12.03
BTF-209,cultivated_meat,ID,2015-2025,17,0.06,"OpenAlex title_and_abstract.search; type article or review; retracted excluded; group_by country; ""cultured meat"" OR ""cultivated meat"" OR ""cell-based meat"" OR ""lab-grown meat"" OR ""in vitro meat"" OR ""cell-cultured meat"" OR ""cultivated seafood"" OR ""cell-based seafood"" OR ""cultured fish meat""",HSC-01,"country total over 2015-2025; per 10k of country's 2015-2025 article+review output = 0.06; activity index (share of topic / share of all output; the world denominator includes unaffiliated records so all major countries score above 1: compare countries with each other and not with 1) = 0.22; Indonesia total inflated by national-journal indexing, so intensity understated"
BTF-210,cultivated_meat,PH,2015-2025,1,0.098,"OpenAlex title_and_abstract.search; type article or review; retracted excluded; group_by country; ""cultured meat"" OR ""cultivated meat"" OR ""cell-based meat"" OR ""lab-grown meat"" OR ""in vitro meat"" OR ""cell-cultured meat"" OR ""cultivated seafood"" OR ""cell-based seafood"" OR ""cultured fish meat""",HSC-01,country total over 2015-2025; per 10k of country's 2015-2025 article+review output = 0.10; activity index (share of topic / share of all output; the world denominator includes unaffiliated records so all major countries score above 1: compare countries with each other and not with 1) = 0.36
BTF-211,cultivated_meat,CN,2015-2025,260,0.358,"OpenAlex title_and_abstract.search; type article or review; retracted excluded; group_by country; ""cultured meat"" OR ""cultivated meat"" OR ""cell-based meat"" OR ""lab-grown meat"" OR ""in vitro meat"" OR ""cell-cultured meat"" OR ""cultivated seafood"" OR ""cell-based seafood"" OR ""cultured fish meat""",HSC-01,country total over 2015-2025; per 10k of country's 2015-2025 article+review output = 0.36; activity index (share of topic / share of all output; the world denominator includes unaffiliated records so all major countries score above 1: compare countries with each other and not with 1) = 1.31
BTF-212,cultivated_meat,US,2015-2025,306,0.378,"OpenAlex title_and_abstract.search; type article or review; retracted excluded; group_by country; ""cultured meat"" OR ""cultivated meat"" OR ""cell-based meat"" OR ""lab-grown meat"" OR ""in vitro meat"" OR ""cell-cultured meat"" OR ""cultivated seafood"" OR ""cell-based seafood"" OR ""cultured fish meat""",HSC-01,country total over 2015-2025; per 10k of country's 2015-2025 article+review output = 0.38; activity index (share of topic / share of all output; the world denominator includes unaffiliated records so all major countries score above 1: compare countries with each other and not with 1) = 1.39
BTF-213,cultivated_meat,KR,2015-2025,203,1.962,"OpenAlex title_and_abstract.search; type article or review; retracted excluded; group_by country; ""cultured meat"" OR ""cultivated meat"" OR ""cell-based meat"" OR ""lab-grown meat"" OR ""in vitro meat"" OR ""cell-cultured meat"" OR ""cultivated seafood"" OR ""cell-based seafood"" OR ""cultured fish meat""",HSC-01,country total over 2015-2025; per 10k of country's 2015-2025 article+review output = 1.96; activity index (share of topic / share of all output; the world denominator includes unaffiliated records so all major countries score above 1: compare countries with each other and not with 1) = 7.20
BTF-214,cultivated_meat,IN,2015-2025,64,0.257,"OpenAlex title_and_abstract.search; type article or review; retracted excluded; group_by country; ""cultured meat"" OR ""cultivated meat"" OR ""cell-based meat"" OR ""lab-grown meat"" OR ""in vitro meat"" OR ""cell-cultured meat"" OR ""cultivated seafood"" OR ""cell-based seafood"" OR ""cultured fish meat""",HSC-01,country total over 2015-2025; per 10k of country's 2015-2025 article+review output = 0.26; activity index (share of topic / share of all output; the world denominator includes unaffiliated records so all major countries score above 1: compare countries with each other and not with 1) = 0.94
BTF-215,cultivated_meat,JP,2015-2025,66,0.421,"OpenAlex title_and_abstract.search; type article or review; retracted excluded; group_by country; ""cultured meat"" OR ""cultivated meat"" OR ""cell-based meat"" OR ""lab-grown meat"" OR ""in vitro meat"" OR ""cell-cultured meat"" OR ""cultivated seafood"" OR ""cell-based seafood"" OR ""cultured fish meat""",HSC-01,country total over 2015-2025; per 10k of country's 2015-2025 article+review output = 0.42; activity index (share of topic / share of all output; the world denominator includes unaffiliated records so all major countries score above 1: compare countries with each other and not with 1) = 1.54
BTF-216,gas_fermentation_protein,VN,2015-2025,2,0.114,"OpenAlex title_and_abstract.search; type article or review; retracted excluded; group_by country; (""single cell protein"" OR ""single-cell protein"" OR ""microbial protein"" OR ""bacterial protein"") AND (""hydrogen-oxidizing"" OR ""hydrogen-oxidising"" OR ""hydrogen oxidizing"" OR ""knallgas"" OR ""power-to-protein"" OR ""gas fermentation"" OR ""methanotroph"" OR ""methanotrophic"" OR ""methane-oxidizing"" OR ""Cupriavidus necator"" OR ""carbon dioxide"" OR ""CO2"")",HSC-01,country total over 2015-2025; per 10k of country's 2015-2025 article+review output = 0.11; activity index (share of topic / share of all output; the world denominator includes unaffiliated records so all major countries score above 1: compare countries with each other and not with 1) = 3.07
BTF-217,gas_fermentation_protein,TH,2015-2025,4,0.17,"OpenAlex title_and_abstract.search; type article or review; retracted excluded; group_by country; (""single cell protein"" OR ""single-cell protein"" OR ""microbial protein"" OR ""bacterial protein"") AND (""hydrogen-oxidizing"" OR ""hydrogen-oxidising"" OR ""hydrogen oxidizing"" OR ""knallgas"" OR ""power-to-protein"" OR ""gas fermentation"" OR ""methanotroph"" OR ""methanotrophic"" OR ""methane-oxidizing"" OR ""Cupriavidus necator"" OR ""carbon dioxide"" OR ""CO2"")",HSC-01,country total over 2015-2025; per 10k of country's 2015-2025 article+review output = 0.17; activity index (share of topic / share of all output; the world denominator includes unaffiliated records so all major countries score above 1: compare countries with each other and not with 1) = 4.60
BTF-218,gas_fermentation_protein,MY,2015-2025,5,0.111,"OpenAlex title_and_abstract.search; type article or review; retracted excluded; group_by country; (""single cell protein"" OR ""single-cell protein"" OR ""microbial protein"" OR ""bacterial protein"") AND (""hydrogen-oxidizing"" OR ""hydrogen-oxidising"" OR ""hydrogen oxidizing"" OR ""knallgas"" OR ""power-to-protein"" OR ""gas fermentation"" OR ""methanotroph"" OR ""methanotrophic"" OR ""methane-oxidizing"" OR ""Cupriavidus necator"" OR ""carbon dioxide"" OR ""CO2"")",HSC-01,country total over 2015-2025; per 10k of country's 2015-2025 article+review output = 0.11; activity index (share of topic / share of all output; the world denominator includes unaffiliated records so all major countries score above 1: compare countries with each other and not with 1) = 3.01
BTF-219,gas_fermentation_protein,SG,2015-2025,2,0.081,"OpenAlex title_and_abstract.search; type article or review; retracted excluded; group_by country; (""single cell protein"" OR ""single-cell protein"" OR ""microbial protein"" OR ""bacterial protein"") AND (""hydrogen-oxidizing"" OR ""hydrogen-oxidising"" OR ""hydrogen oxidizing"" OR ""knallgas"" OR ""power-to-protein"" OR ""gas fermentation"" OR ""methanotroph"" OR ""methanotrophic"" OR ""methane-oxidizing"" OR ""Cupriavidus necator"" OR ""carbon dioxide"" OR ""CO2"")",HSC-01,country total over 2015-2025; per 10k of country's 2015-2025 article+review output = 0.08; activity index (share of topic / share of all output; the world denominator includes unaffiliated records so all major countries score above 1: compare countries with each other and not with 1) = 2.19
BTF-220,gas_fermentation_protein,ID,2015-2025,6,0.021,"OpenAlex title_and_abstract.search; type article or review; retracted excluded; group_by country; (""single cell protein"" OR ""single-cell protein"" OR ""microbial protein"" OR ""bacterial protein"") AND (""hydrogen-oxidizing"" OR ""hydrogen-oxidising"" OR ""hydrogen oxidizing"" OR ""knallgas"" OR ""power-to-protein"" OR ""gas fermentation"" OR ""methanotroph"" OR ""methanotrophic"" OR ""methane-oxidizing"" OR ""Cupriavidus necator"" OR ""carbon dioxide"" OR ""CO2"")",HSC-01,"country total over 2015-2025; per 10k of country's 2015-2025 article+review output = 0.02; activity index (share of topic / share of all output; the world denominator includes unaffiliated records so all major countries score above 1: compare countries with each other and not with 1) = 0.58; Indonesia total inflated by national-journal indexing, so intensity understated"
BTF-221,gas_fermentation_protein,PH,2015-2025,0,0.0,"OpenAlex title_and_abstract.search; type article or review; retracted excluded; group_by country; (""single cell protein"" OR ""single-cell protein"" OR ""microbial protein"" OR ""bacterial protein"") AND (""hydrogen-oxidizing"" OR ""hydrogen-oxidising"" OR ""hydrogen oxidizing"" OR ""knallgas"" OR ""power-to-protein"" OR ""gas fermentation"" OR ""methanotroph"" OR ""methanotrophic"" OR ""methane-oxidizing"" OR ""Cupriavidus necator"" OR ""carbon dioxide"" OR ""CO2"")",HSC-01,country total over 2015-2025; per 10k of country's 2015-2025 article+review output = 0.00; activity index (share of topic / share of all output; the world denominator includes unaffiliated records so all major countries score above 1: compare countries with each other and not with 1) = 0.00
BTF-222,gas_fermentation_protein,CN,2015-2025,57,0.078,"OpenAlex title_and_abstract.search; type article or review; retracted excluded; group_by country; (""single cell protein"" OR ""single-cell protein"" OR ""microbial protein"" OR ""bacterial protein"") AND (""hydrogen-oxidizing"" OR ""hydrogen-oxidising"" OR ""hydrogen oxidizing"" OR ""knallgas"" OR ""power-to-protein"" OR ""gas fermentation"" OR ""methanotroph"" OR ""methanotrophic"" OR ""methane-oxidizing"" OR ""Cupriavidus necator"" OR ""carbon dioxide"" OR ""CO2"")",HSC-01,country total over 2015-2025; per 10k of country's 2015-2025 article+review output = 0.08; activity index (share of topic / share of all output; the world denominator includes unaffiliated records so all major countries score above 1: compare countries with each other and not with 1) = 2.12
BTF-223,gas_fermentation_protein,US,2015-2025,30,0.037,"OpenAlex title_and_abstract.search; type article or review; retracted excluded; group_by country; (""single cell protein"" OR ""single-cell protein"" OR ""microbial protein"" OR ""bacterial protein"") AND (""hydrogen-oxidizing"" OR ""hydrogen-oxidising"" OR ""hydrogen oxidizing"" OR ""knallgas"" OR ""power-to-protein"" OR ""gas fermentation"" OR ""methanotroph"" OR ""methanotrophic"" OR ""methane-oxidizing"" OR ""Cupriavidus necator"" OR ""carbon dioxide"" OR ""CO2"")",HSC-01,country total over 2015-2025; per 10k of country's 2015-2025 article+review output = 0.04; activity index (share of topic / share of all output; the world denominator includes unaffiliated records so all major countries score above 1: compare countries with each other and not with 1) = 1.00
BTF-224,gas_fermentation_protein,KR,2015-2025,4,0.039,"OpenAlex title_and_abstract.search; type article or review; retracted excluded; group_by country; (""single cell protein"" OR ""single-cell protein"" OR ""microbial protein"" OR ""bacterial protein"") AND (""hydrogen-oxidizing"" OR ""hydrogen-oxidising"" OR ""hydrogen oxidizing"" OR ""knallgas"" OR ""power-to-protein"" OR ""gas fermentation"" OR ""methanotroph"" OR ""methanotrophic"" OR ""methane-oxidizing"" OR ""Cupriavidus necator"" OR ""carbon dioxide"" OR ""CO2"")",HSC-01,country total over 2015-2025; per 10k of country's 2015-2025 article+review output = 0.04; activity index (share of topic / share of all output; the world denominator includes unaffiliated records so all major countries score above 1: compare countries with each other and not with 1) = 1.05
BTF-225,gas_fermentation_protein,IN,2015-2025,5,0.02,"OpenAlex title_and_abstract.search; type article or review; retracted excluded; group_by country; (""single cell protein"" OR ""single-cell protein"" OR ""microbial protein"" OR ""bacterial protein"") AND (""hydrogen-oxidizing"" OR ""hydrogen-oxidising"" OR ""hydrogen oxidizing"" OR ""knallgas"" OR ""power-to-protein"" OR ""gas fermentation"" OR ""methanotroph"" OR ""methanotrophic"" OR ""methane-oxidizing"" OR ""Cupriavidus necator"" OR ""carbon dioxide"" OR ""CO2"")",HSC-01,country total over 2015-2025; per 10k of country's 2015-2025 article+review output = 0.02; activity index (share of topic / share of all output; the world denominator includes unaffiliated records so all major countries score above 1: compare countries with each other and not with 1) = 0.54
BTF-226,gas_fermentation_protein,JP,2015-2025,4,0.026,"OpenAlex title_and_abstract.search; type article or review; retracted excluded; group_by country; (""single cell protein"" OR ""single-cell protein"" OR ""microbial protein"" OR ""bacterial protein"") AND (""hydrogen-oxidizing"" OR ""hydrogen-oxidising"" OR ""hydrogen oxidizing"" OR ""knallgas"" OR ""power-to-protein"" OR ""gas fermentation"" OR ""methanotroph"" OR ""methanotrophic"" OR ""methane-oxidizing"" OR ""Cupriavidus necator"" OR ""carbon dioxide"" OR ""CO2"")",HSC-01,country total over 2015-2025; per 10k of country's 2015-2025 article+review output = 0.03; activity index (share of topic / share of all output; the world denominator includes unaffiliated records so all major countries score above 1: compare countries with each other and not with 1) = 0.69
BTF-227,single_cell_protein,VN,2015-2025,6,0.341,"OpenAlex title_and_abstract.search; type article or review; retracted excluded; group_by country; ""single cell protein"" OR ""single-cell protein""",HSC-01,country total over 2015-2025; per 10k of country's 2015-2025 article+review output = 0.34; activity index (share of topic / share of all output; the world denominator includes unaffiliated records so all major countries score above 1: compare countries with each other and not with 1) = 1.89
BTF-228,single_cell_protein,TH,2015-2025,17,0.722,"OpenAlex title_and_abstract.search; type article or review; retracted excluded; group_by country; ""single cell protein"" OR ""single-cell protein""",HSC-01,country total over 2015-2025; per 10k of country's 2015-2025 article+review output = 0.72; activity index (share of topic / share of all output; the world denominator includes unaffiliated records so all major countries score above 1: compare countries with each other and not with 1) = 4.02
BTF-229,single_cell_protein,MY,2015-2025,11,0.244,"OpenAlex title_and_abstract.search; type article or review; retracted excluded; group_by country; ""single cell protein"" OR ""single-cell protein""",HSC-01,country total over 2015-2025; per 10k of country's 2015-2025 article+review output = 0.24; activity index (share of topic / share of all output; the world denominator includes unaffiliated records so all major countries score above 1: compare countries with each other and not with 1) = 1.36
BTF-230,single_cell_protein,SG,2015-2025,23,0.931,"OpenAlex title_and_abstract.search; type article or review; retracted excluded; group_by country; ""single cell protein"" OR ""single-cell protein""",HSC-01,country total over 2015-2025; per 10k of country's 2015-2025 article+review output = 0.93; activity index (share of topic / share of all output; the world denominator includes unaffiliated records so all major countries score above 1: compare countries with each other and not with 1) = 5.18
BTF-231,single_cell_protein,ID,2015-2025,31,0.11,"OpenAlex title_and_abstract.search; type article or review; retracted excluded; group_by country; ""single cell protein"" OR ""single-cell protein""",HSC-01,"country total over 2015-2025; per 10k of country's 2015-2025 article+review output = 0.11; activity index (share of topic / share of all output; the world denominator includes unaffiliated records so all major countries score above 1: compare countries with each other and not with 1) = 0.61; Indonesia total inflated by national-journal indexing, so intensity understated"
BTF-232,single_cell_protein,PH,2015-2025,3,0.294,"OpenAlex title_and_abstract.search; type article or review; retracted excluded; group_by country; ""single cell protein"" OR ""single-cell protein""",HSC-01,country total over 2015-2025; per 10k of country's 2015-2025 article+review output = 0.29; activity index (share of topic / share of all output; the world denominator includes unaffiliated records so all major countries score above 1: compare countries with each other and not with 1) = 1.63
BTF-233,single_cell_protein,CN,2015-2025,223,0.307,"OpenAlex title_and_abstract.search; type article or review; retracted excluded; group_by country; ""single cell protein"" OR ""single-cell protein""",HSC-01,country total over 2015-2025; per 10k of country's 2015-2025 article+review output = 0.31; activity index (share of topic / share of all output; the world denominator includes unaffiliated records so all major countries score above 1: compare countries with each other and not with 1) = 1.71
BTF-234,single_cell_protein,US,2015-2025,178,0.22,"OpenAlex title_and_abstract.search; type article or review; retracted excluded; group_by country; ""single cell protein"" OR ""single-cell protein""",HSC-01,country total over 2015-2025; per 10k of country's 2015-2025 article+review output = 0.22; activity index (share of topic / share of all output; the world denominator includes unaffiliated records so all major countries score above 1: compare countries with each other and not with 1) = 1.22
BTF-235,single_cell_protein,KR,2015-2025,30,0.29,"OpenAlex title_and_abstract.search; type article or review; retracted excluded; group_by country; ""single cell protein"" OR ""single-cell protein""",HSC-01,country total over 2015-2025; per 10k of country's 2015-2025 article+review output = 0.29; activity index (share of topic / share of all output; the world denominator includes unaffiliated records so all major countries score above 1: compare countries with each other and not with 1) = 1.61
BTF-236,single_cell_protein,IN,2015-2025,114,0.458,"OpenAlex title_and_abstract.search; type article or review; retracted excluded; group_by country; ""single cell protein"" OR ""single-cell protein""",HSC-01,country total over 2015-2025; per 10k of country's 2015-2025 article+review output = 0.46; activity index (share of topic / share of all output; the world denominator includes unaffiliated records so all major countries score above 1: compare countries with each other and not with 1) = 2.55
BTF-237,single_cell_protein,JP,2015-2025,12,0.077,"OpenAlex title_and_abstract.search; type article or review; retracted excluded; group_by country; ""single cell protein"" OR ""single-cell protein""",HSC-01,country total over 2015-2025; per 10k of country's 2015-2025 article+review output = 0.08; activity index (share of topic / share of all output; the world denominator includes unaffiliated records so all major countries score above 1: compare countries with each other and not with 1) = 0.43
BTF-238,precision_fermentation,VN,2015-2025,2,0.114,"OpenAlex title_and_abstract.search; type article or review; retracted excluded; group_by country; ""precision fermentation"" OR ""animal-free dairy"" OR ""animal-free protein"" OR ""recombinant milk protein"" OR ""recombinant casein"" OR ""recombinant beta-lactoglobulin"" OR ""recombinant ovalbumin"" OR ""recombinant egg white"" OR ""recombinant food protein"" OR ""recombinant leghemoglobin"" OR ""recombinant lactoferrin"" OR ""recombinant myoglobin""",HSC-01,country total over 2015-2025; per 10k of country's 2015-2025 article+review output = 0.11; activity index (share of topic / share of all output; the world denominator includes unaffiliated records so all major countries score above 1: compare countries with each other and not with 1) = 2.15
BTF-239,precision_fermentation,TH,2015-2025,7,0.297,"OpenAlex title_and_abstract.search; type article or review; retracted excluded; group_by country; ""precision fermentation"" OR ""animal-free dairy"" OR ""animal-free protein"" OR ""recombinant milk protein"" OR ""recombinant casein"" OR ""recombinant beta-lactoglobulin"" OR ""recombinant ovalbumin"" OR ""recombinant egg white"" OR ""recombinant food protein"" OR ""recombinant leghemoglobin"" OR ""recombinant lactoferrin"" OR ""recombinant myoglobin""",HSC-01,country total over 2015-2025; per 10k of country's 2015-2025 article+review output = 0.30; activity index (share of topic / share of all output; the world denominator includes unaffiliated records so all major countries score above 1: compare countries with each other and not with 1) = 5.63
BTF-240,precision_fermentation,MY,2015-2025,6,0.133,"OpenAlex title_and_abstract.search; type article or review; retracted excluded; group_by country; ""precision fermentation"" OR ""animal-free dairy"" OR ""animal-free protein"" OR ""recombinant milk protein"" OR ""recombinant casein"" OR ""recombinant beta-lactoglobulin"" OR ""recombinant ovalbumin"" OR ""recombinant egg white"" OR ""recombinant food protein"" OR ""recombinant leghemoglobin"" OR ""recombinant lactoferrin"" OR ""recombinant myoglobin""",HSC-01,country total over 2015-2025; per 10k of country's 2015-2025 article+review output = 0.13; activity index (share of topic / share of all output; the world denominator includes unaffiliated records so all major countries score above 1: compare countries with each other and not with 1) = 2.52
BTF-241,precision_fermentation,SG,2015-2025,9,0.364,"OpenAlex title_and_abstract.search; type article or review; retracted excluded; group_by country; ""precision fermentation"" OR ""animal-free dairy"" OR ""animal-free protein"" OR ""recombinant milk protein"" OR ""recombinant casein"" OR ""recombinant beta-lactoglobulin"" OR ""recombinant ovalbumin"" OR ""recombinant egg white"" OR ""recombinant food protein"" OR ""recombinant leghemoglobin"" OR ""recombinant lactoferrin"" OR ""recombinant myoglobin""",HSC-01,country total over 2015-2025; per 10k of country's 2015-2025 article+review output = 0.36; activity index (share of topic / share of all output; the world denominator includes unaffiliated records so all major countries score above 1: compare countries with each other and not with 1) = 6.89
BTF-242,precision_fermentation,ID,2015-2025,4,0.014,"OpenAlex title_and_abstract.search; type article or review; retracted excluded; group_by country; ""precision fermentation"" OR ""animal-free dairy"" OR ""animal-free protein"" OR ""recombinant milk protein"" OR ""recombinant casein"" OR ""recombinant beta-lactoglobulin"" OR ""recombinant ovalbumin"" OR ""recombinant egg white"" OR ""recombinant food protein"" OR ""recombinant leghemoglobin"" OR ""recombinant lactoferrin"" OR ""recombinant myoglobin""",HSC-01,"country total over 2015-2025; per 10k of country's 2015-2025 article+review output = 0.01; activity index (share of topic / share of all output; the world denominator includes unaffiliated records so all major countries score above 1: compare countries with each other and not with 1) = 0.27; Indonesia total inflated by national-journal indexing, so intensity understated"
BTF-243,precision_fermentation,PH,2015-2025,1,0.098,"OpenAlex title_and_abstract.search; type article or review; retracted excluded; group_by country; ""precision fermentation"" OR ""animal-free dairy"" OR ""animal-free protein"" OR ""recombinant milk protein"" OR ""recombinant casein"" OR ""recombinant beta-lactoglobulin"" OR ""recombinant ovalbumin"" OR ""recombinant egg white"" OR ""recombinant food protein"" OR ""recombinant leghemoglobin"" OR ""recombinant lactoferrin"" OR ""recombinant myoglobin""",HSC-01,country total over 2015-2025; per 10k of country's 2015-2025 article+review output = 0.10; activity index (share of topic / share of all output; the world denominator includes unaffiliated records so all major countries score above 1: compare countries with each other and not with 1) = 1.85
BTF-244,precision_fermentation,CN,2015-2025,48,0.066,"OpenAlex title_and_abstract.search; type article or review; retracted excluded; group_by country; ""precision fermentation"" OR ""animal-free dairy"" OR ""animal-free protein"" OR ""recombinant milk protein"" OR ""recombinant casein"" OR ""recombinant beta-lactoglobulin"" OR ""recombinant ovalbumin"" OR ""recombinant egg white"" OR ""recombinant food protein"" OR ""recombinant leghemoglobin"" OR ""recombinant lactoferrin"" OR ""recombinant myoglobin""",HSC-01,country total over 2015-2025; per 10k of country's 2015-2025 article+review output = 0.07; activity index (share of topic / share of all output; the world denominator includes unaffiliated records so all major countries score above 1: compare countries with each other and not with 1) = 1.25
BTF-245,precision_fermentation,US,2015-2025,43,0.053,"OpenAlex title_and_abstract.search; type article or review; retracted excluded; group_by country; ""precision fermentation"" OR ""animal-free dairy"" OR ""animal-free protein"" OR ""recombinant milk protein"" OR ""recombinant casein"" OR ""recombinant beta-lactoglobulin"" OR ""recombinant ovalbumin"" OR ""recombinant egg white"" OR ""recombinant food protein"" OR ""recombinant leghemoglobin"" OR ""recombinant lactoferrin"" OR ""recombinant myoglobin""",HSC-01,country total over 2015-2025; per 10k of country's 2015-2025 article+review output = 0.05; activity index (share of topic / share of all output; the world denominator includes unaffiliated records so all major countries score above 1: compare countries with each other and not with 1) = 1.01
BTF-246,precision_fermentation,KR,2015-2025,15,0.145,"OpenAlex title_and_abstract.search; type article or review; retracted excluded; group_by country; ""precision fermentation"" OR ""animal-free dairy"" OR ""animal-free protein"" OR ""recombinant milk protein"" OR ""recombinant casein"" OR ""recombinant beta-lactoglobulin"" OR ""recombinant ovalbumin"" OR ""recombinant egg white"" OR ""recombinant food protein"" OR ""recombinant leghemoglobin"" OR ""recombinant lactoferrin"" OR ""recombinant myoglobin""",HSC-01,country total over 2015-2025; per 10k of country's 2015-2025 article+review output = 0.14; activity index (share of topic / share of all output; the world denominator includes unaffiliated records so all major countries score above 1: compare countries with each other and not with 1) = 2.74
BTF-247,precision_fermentation,IN,2015-2025,26,0.105,"OpenAlex title_and_abstract.search; type article or review; retracted excluded; group_by country; ""precision fermentation"" OR ""animal-free dairy"" OR ""animal-free protein"" OR ""recombinant milk protein"" OR ""recombinant casein"" OR ""recombinant beta-lactoglobulin"" OR ""recombinant ovalbumin"" OR ""recombinant egg white"" OR ""recombinant food protein"" OR ""recombinant leghemoglobin"" OR ""recombinant lactoferrin"" OR ""recombinant myoglobin""",HSC-01,country total over 2015-2025; per 10k of country's 2015-2025 article+review output = 0.10; activity index (share of topic / share of all output; the world denominator includes unaffiliated records so all major countries score above 1: compare countries with each other and not with 1) = 1.98
BTF-248,precision_fermentation,JP,2015-2025,6,0.038,"OpenAlex title_and_abstract.search; type article or review; retracted excluded; group_by country; ""precision fermentation"" OR ""animal-free dairy"" OR ""animal-free protein"" OR ""recombinant milk protein"" OR ""recombinant casein"" OR ""recombinant beta-lactoglobulin"" OR ""recombinant ovalbumin"" OR ""recombinant egg white"" OR ""recombinant food protein"" OR ""recombinant leghemoglobin"" OR ""recombinant lactoferrin"" OR ""recombinant myoglobin""",HSC-01,country total over 2015-2025; per 10k of country's 2015-2025 article+review output = 0.04; activity index (share of topic / share of all output; the world denominator includes unaffiliated records so all major countries score above 1: compare countries with each other and not with 1) = 0.72
BTF-249,ai_food_protein,VN,2015-2026(Sep),3,0.17,"OpenAlex title_and_abstract.search; type article or review; retracted excluded; group_by country; (""machine learning"" OR ""artificial intelligence"" OR ""deep learning"" OR ""Bayesian optimization"" OR ""protein language model"") AND (""cultivated meat"" OR ""cultured meat"" OR ""precision fermentation"" OR ""alternative protein"" OR ""alternative proteins"" OR ""meat analogue"" OR ""meat analog"" OR ""plant-based meat"" OR ""mycoprotein"" OR ""single cell protein"" OR ""food protein"" OR ""food proteins"")",HSC-01,country total over 2015-2026(Sep); per 10k of country's 2015-2025 article+review output = 0.17; activity index (share of topic / share of all output; the world denominator includes unaffiliated records so all major countries score above 1: compare countries with each other and not with 1) = 4.09
BTF-250,ai_food_protein,TH,2015-2026(Sep),7,0.297,"OpenAlex title_and_abstract.search; type article or review; retracted excluded; group_by country; (""machine learning"" OR ""artificial intelligence"" OR ""deep learning"" OR ""Bayesian optimization"" OR ""protein language model"") AND (""cultivated meat"" OR ""cultured meat"" OR ""precision fermentation"" OR ""alternative protein"" OR ""alternative proteins"" OR ""meat analogue"" OR ""meat analog"" OR ""plant-based meat"" OR ""mycoprotein"" OR ""single cell protein"" OR ""food protein"" OR ""food proteins"")",HSC-01,country total over 2015-2026(Sep); per 10k of country's 2015-2025 article+review output = 0.30; activity index (share of topic / share of all output; the world denominator includes unaffiliated records so all major countries score above 1: compare countries with each other and not with 1) = 7.15
BTF-251,ai_food_protein,MY,2015-2026(Sep),5,0.111,"OpenAlex title_and_abstract.search; type article or review; retracted excluded; group_by country; (""machine learning"" OR ""artificial intelligence"" OR ""deep learning"" OR ""Bayesian optimization"" OR ""protein language model"") AND (""cultivated meat"" OR ""cultured meat"" OR ""precision fermentation"" OR ""alternative protein"" OR ""alternative proteins"" OR ""meat analogue"" OR ""meat analog"" OR ""plant-based meat"" OR ""mycoprotein"" OR ""single cell protein"" OR ""food protein"" OR ""food proteins"")",HSC-01,country total over 2015-2026(Sep); per 10k of country's 2015-2025 article+review output = 0.11; activity index (share of topic / share of all output; the world denominator includes unaffiliated records so all major countries score above 1: compare countries with each other and not with 1) = 2.67
BTF-252,ai_food_protein,SG,2015-2026(Sep),11,0.445,"OpenAlex title_and_abstract.search; type article or review; retracted excluded; group_by country; (""machine learning"" OR ""artificial intelligence"" OR ""deep learning"" OR ""Bayesian optimization"" OR ""protein language model"") AND (""cultivated meat"" OR ""cultured meat"" OR ""precision fermentation"" OR ""alternative protein"" OR ""alternative proteins"" OR ""meat analogue"" OR ""meat analog"" OR ""plant-based meat"" OR ""mycoprotein"" OR ""single cell protein"" OR ""food protein"" OR ""food proteins"")",HSC-01,country total over 2015-2026(Sep); per 10k of country's 2015-2025 article+review output = 0.45; activity index (share of topic / share of all output; the world denominator includes unaffiliated records so all major countries score above 1: compare countries with each other and not with 1) = 10.71
BTF-253,ai_food_protein,ID,2015-2026(Sep),2,0.007,"OpenAlex title_and_abstract.search; type article or review; retracted excluded; group_by country; (""machine learning"" OR ""artificial intelligence"" OR ""deep learning"" OR ""Bayesian optimization"" OR ""protein language model"") AND (""cultivated meat"" OR ""cultured meat"" OR ""precision fermentation"" OR ""alternative protein"" OR ""alternative proteins"" OR ""meat analogue"" OR ""meat analog"" OR ""plant-based meat"" OR ""mycoprotein"" OR ""single cell protein"" OR ""food protein"" OR ""food proteins"")",HSC-01,"country total over 2015-2026(Sep); per 10k of country's 2015-2025 article+review output = 0.01; activity index (share of topic / share of all output; the world denominator includes unaffiliated records so all major countries score above 1: compare countries with each other and not with 1) = 0.17; Indonesia total inflated by national-journal indexing, so intensity understated"
BTF-254,ai_food_protein,PH,2015-2026(Sep),1,0.098,"OpenAlex title_and_abstract.search; type article or review; retracted excluded; group_by country; (""machine learning"" OR ""artificial intelligence"" OR ""deep learning"" OR ""Bayesian optimization"" OR ""protein language model"") AND (""cultivated meat"" OR ""cultured meat"" OR ""precision fermentation"" OR ""alternative protein"" OR ""alternative proteins"" OR ""meat analogue"" OR ""meat analog"" OR ""plant-based meat"" OR ""mycoprotein"" OR ""single cell protein"" OR ""food protein"" OR ""food proteins"")",HSC-01,country total over 2015-2026(Sep); per 10k of country's 2015-2025 article+review output = 0.10; activity index (share of topic / share of all output; the world denominator includes unaffiliated records so all major countries score above 1: compare countries with each other and not with 1) = 2.35
BTF-255,ai_food_protein,CN,2015-2026(Sep),70,0.096,"OpenAlex title_and_abstract.search; type article or review; retracted excluded; group_by country; (""machine learning"" OR ""artificial intelligence"" OR ""deep learning"" OR ""Bayesian optimization"" OR ""protein language model"") AND (""cultivated meat"" OR ""cultured meat"" OR ""precision fermentation"" OR ""alternative protein"" OR ""alternative proteins"" OR ""meat analogue"" OR ""meat analog"" OR ""plant-based meat"" OR ""mycoprotein"" OR ""single cell protein"" OR ""food protein"" OR ""food proteins"")",HSC-01,country total over 2015-2026(Sep); per 10k of country's 2015-2025 article+review output = 0.10; activity index (share of topic / share of all output; the world denominator includes unaffiliated records so all major countries score above 1: compare countries with each other and not with 1) = 2.32
BTF-256,ai_food_protein,US,2015-2026(Sep),52,0.064,"OpenAlex title_and_abstract.search; type article or review; retracted excluded; group_by country; (""machine learning"" OR ""artificial intelligence"" OR ""deep learning"" OR ""Bayesian optimization"" OR ""protein language model"") AND (""cultivated meat"" OR ""cultured meat"" OR ""precision fermentation"" OR ""alternative protein"" OR ""alternative proteins"" OR ""meat analogue"" OR ""meat analog"" OR ""plant-based meat"" OR ""mycoprotein"" OR ""single cell protein"" OR ""food protein"" OR ""food proteins"")",HSC-01,country total over 2015-2026(Sep); per 10k of country's 2015-2025 article+review output = 0.06; activity index (share of topic / share of all output; the world denominator includes unaffiliated records so all major countries score above 1: compare countries with each other and not with 1) = 1.55
BTF-257,ai_food_protein,KR,2015-2026(Sep),7,0.068,"OpenAlex title_and_abstract.search; type article or review; retracted excluded; group_by country; (""machine learning"" OR ""artificial intelligence"" OR ""deep learning"" OR ""Bayesian optimization"" OR ""protein language model"") AND (""cultivated meat"" OR ""cultured meat"" OR ""precision fermentation"" OR ""alternative protein"" OR ""alternative proteins"" OR ""meat analogue"" OR ""meat analog"" OR ""plant-based meat"" OR ""mycoprotein"" OR ""single cell protein"" OR ""food protein"" OR ""food proteins"")",HSC-01,country total over 2015-2026(Sep); per 10k of country's 2015-2025 article+review output = 0.07; activity index (share of topic / share of all output; the world denominator includes unaffiliated records so all major countries score above 1: compare countries with each other and not with 1) = 1.63
BTF-258,ai_food_protein,IN,2015-2026(Sep),34,0.137,"OpenAlex title_and_abstract.search; type article or review; retracted excluded; group_by country; (""machine learning"" OR ""artificial intelligence"" OR ""deep learning"" OR ""Bayesian optimization"" OR ""protein language model"") AND (""cultivated meat"" OR ""cultured meat"" OR ""precision fermentation"" OR ""alternative protein"" OR ""alternative proteins"" OR ""meat analogue"" OR ""meat analog"" OR ""plant-based meat"" OR ""mycoprotein"" OR ""single cell protein"" OR ""food protein"" OR ""food proteins"")",HSC-01,country total over 2015-2026(Sep); per 10k of country's 2015-2025 article+review output = 0.14; activity index (share of topic / share of all output; the world denominator includes unaffiliated records so all major countries score above 1: compare countries with each other and not with 1) = 3.29
BTF-259,ai_food_protein,JP,2015-2026(Sep),4,0.026,"OpenAlex title_and_abstract.search; type article or review; retracted excluded; group_by country; (""machine learning"" OR ""artificial intelligence"" OR ""deep learning"" OR ""Bayesian optimization"" OR ""protein language model"") AND (""cultivated meat"" OR ""cultured meat"" OR ""precision fermentation"" OR ""alternative protein"" OR ""alternative proteins"" OR ""meat analogue"" OR ""meat analog"" OR ""plant-based meat"" OR ""mycoprotein"" OR ""single cell protein"" OR ""food protein"" OR ""food proteins"")",HSC-01,country total over 2015-2026(Sep); per 10k of country's 2015-2025 article+review output = 0.03; activity index (share of topic / share of all output; the world denominator includes unaffiliated records so all major countries score above 1: compare countries with each other and not with 1) = 0.61
BTF-260,mycoprotein,VN,2015-2025,0,0.0,"OpenAlex title_and_abstract.search; type article or review; retracted excluded; group_by country; ""mycoprotein"" OR ""myco-protein"" OR ""mycelial protein"" OR ""mycelium protein"" OR ""fungal biomass protein"" OR ""mycelium-based meat"" OR ""mycelium-based food"" OR ""fungal-based meat""",HSC-01,country total over 2015-2025; per 10k of country's 2015-2025 article+review output = 0.00; activity index (share of topic / share of all output; the world denominator includes unaffiliated records so all major countries score above 1: compare countries with each other and not with 1) = 0.00
BTF-261,mycoprotein,TH,2015-2025,2,0.085,"OpenAlex title_and_abstract.search; type article or review; retracted excluded; group_by country; ""mycoprotein"" OR ""myco-protein"" OR ""mycelial protein"" OR ""mycelium protein"" OR ""fungal biomass protein"" OR ""mycelium-based meat"" OR ""mycelium-based food"" OR ""fungal-based meat""",HSC-01,country total over 2015-2025; per 10k of country's 2015-2025 article+review output = 0.08; activity index (share of topic / share of all output; the world denominator includes unaffiliated records so all major countries score above 1: compare countries with each other and not with 1) = 1.54
BTF-262,mycoprotein,MY,2015-2025,14,0.311,"OpenAlex title_and_abstract.search; type article or review; retracted excluded; group_by country; ""mycoprotein"" OR ""myco-protein"" OR ""mycelial protein"" OR ""mycelium protein"" OR ""fungal biomass protein"" OR ""mycelium-based meat"" OR ""mycelium-based food"" OR ""fungal-based meat""",HSC-01,country total over 2015-2025; per 10k of country's 2015-2025 article+review output = 0.31; activity index (share of topic / share of all output; the world denominator includes unaffiliated records so all major countries score above 1: compare countries with each other and not with 1) = 5.66
BTF-263,mycoprotein,SG,2015-2025,1,0.04,"OpenAlex title_and_abstract.search; type article or review; retracted excluded; group_by country; ""mycoprotein"" OR ""myco-protein"" OR ""mycelial protein"" OR ""mycelium protein"" OR ""fungal biomass protein"" OR ""mycelium-based meat"" OR ""mycelium-based food"" OR ""fungal-based meat""",HSC-01,country total over 2015-2025; per 10k of country's 2015-2025 article+review output = 0.04; activity index (share of topic / share of all output; the world denominator includes unaffiliated records so all major countries score above 1: compare countries with each other and not with 1) = 0.74
BTF-264,mycoprotein,ID,2015-2025,12,0.043,"OpenAlex title_and_abstract.search; type article or review; retracted excluded; group_by country; ""mycoprotein"" OR ""myco-protein"" OR ""mycelial protein"" OR ""mycelium protein"" OR ""fungal biomass protein"" OR ""mycelium-based meat"" OR ""mycelium-based food"" OR ""fungal-based meat""",HSC-01,"country total over 2015-2025; per 10k of country's 2015-2025 article+review output = 0.04; activity index (share of topic / share of all output; the world denominator includes unaffiliated records so all major countries score above 1: compare countries with each other and not with 1) = 0.77; Indonesia total inflated by national-journal indexing, so intensity understated"
BTF-265,mycoprotein,PH,2015-2025,2,0.196,"OpenAlex title_and_abstract.search; type article or review; retracted excluded; group_by country; ""mycoprotein"" OR ""myco-protein"" OR ""mycelial protein"" OR ""mycelium protein"" OR ""fungal biomass protein"" OR ""mycelium-based meat"" OR ""mycelium-based food"" OR ""fungal-based meat""",HSC-01,country total over 2015-2025; per 10k of country's 2015-2025 article+review output = 0.20; activity index (share of topic / share of all output; the world denominator includes unaffiliated records so all major countries score above 1: compare countries with each other and not with 1) = 3.56
BTF-266,mycoprotein,CN,2015-2025,63,0.087,"OpenAlex title_and_abstract.search; type article or review; retracted excluded; group_by country; ""mycoprotein"" OR ""myco-protein"" OR ""mycelial protein"" OR ""mycelium protein"" OR ""fungal biomass protein"" OR ""mycelium-based meat"" OR ""mycelium-based food"" OR ""fungal-based meat""",HSC-01,country total over 2015-2025; per 10k of country's 2015-2025 article+review output = 0.09; activity index (share of topic / share of all output; the world denominator includes unaffiliated records so all major countries score above 1: compare countries with each other and not with 1) = 1.58
BTF-267,mycoprotein,US,2015-2025,49,0.061,"OpenAlex title_and_abstract.search; type article or review; retracted excluded; group_by country; ""mycoprotein"" OR ""myco-protein"" OR ""mycelial protein"" OR ""mycelium protein"" OR ""fungal biomass protein"" OR ""mycelium-based meat"" OR ""mycelium-based food"" OR ""fungal-based meat""",HSC-01,country total over 2015-2025; per 10k of country's 2015-2025 article+review output = 0.06; activity index (share of topic / share of all output; the world denominator includes unaffiliated records so all major countries score above 1: compare countries with each other and not with 1) = 1.10
BTF-268,mycoprotein,KR,2015-2025,15,0.145,"OpenAlex title_and_abstract.search; type article or review; retracted excluded; group_by country; ""mycoprotein"" OR ""myco-protein"" OR ""mycelial protein"" OR ""mycelium protein"" OR ""fungal biomass protein"" OR ""mycelium-based meat"" OR ""mycelium-based food"" OR ""fungal-based meat""",HSC-01,country total over 2015-2025; per 10k of country's 2015-2025 article+review output = 0.14; activity index (share of topic / share of all output; the world denominator includes unaffiliated records so all major countries score above 1: compare countries with each other and not with 1) = 2.64
BTF-269,mycoprotein,IN,2015-2025,34,0.137,"OpenAlex title_and_abstract.search; type article or review; retracted excluded; group_by country; ""mycoprotein"" OR ""myco-protein"" OR ""mycelial protein"" OR ""mycelium protein"" OR ""fungal biomass protein"" OR ""mycelium-based meat"" OR ""mycelium-based food"" OR ""fungal-based meat""",HSC-01,country total over 2015-2025; per 10k of country's 2015-2025 article+review output = 0.14; activity index (share of topic / share of all output; the world denominator includes unaffiliated records so all major countries score above 1: compare countries with each other and not with 1) = 2.49
BTF-270,mycoprotein,JP,2015-2025,3,0.019,"OpenAlex title_and_abstract.search; type article or review; retracted excluded; group_by country; ""mycoprotein"" OR ""myco-protein"" OR ""mycelial protein"" OR ""mycelium protein"" OR ""fungal biomass protein"" OR ""mycelium-based meat"" OR ""mycelium-based food"" OR ""fungal-based meat""",HSC-01,country total over 2015-2025; per 10k of country's 2015-2025 article+review output = 0.02; activity index (share of topic / share of all output; the world denominator includes unaffiliated records so all major countries score above 1: compare countries with each other and not with 1) = 0.35
BTF-271,microalgae_protein,VN,2015-2025,4,0.227,"OpenAlex title_and_abstract.search; type article or review; retracted excluded; group_by country; ""microalgae protein"" OR ""microalgal protein"" OR ""algal protein"" OR ""algae protein"" OR ""spirulina protein"" OR ""chlorella protein"" OR ""Arthrospira protein"" OR ""microalgal proteins"" OR ""microalgae proteins""",HSC-01,country total over 2015-2025; per 10k of country's 2015-2025 article+review output = 0.23; activity index (share of topic / share of all output; the world denominator includes unaffiliated records so all major countries score above 1: compare countries with each other and not with 1) = 2.95
BTF-272,microalgae_protein,TH,2015-2025,8,0.34,"OpenAlex title_and_abstract.search; type article or review; retracted excluded; group_by country; ""microalgae protein"" OR ""microalgal protein"" OR ""algal protein"" OR ""algae protein"" OR ""spirulina protein"" OR ""chlorella protein"" OR ""Arthrospira protein"" OR ""microalgal proteins"" OR ""microalgae proteins""",HSC-01,country total over 2015-2025; per 10k of country's 2015-2025 article+review output = 0.34; activity index (share of topic / share of all output; the world denominator includes unaffiliated records so all major countries score above 1: compare countries with each other and not with 1) = 4.42
BTF-273,microalgae_protein,MY,2015-2025,17,0.378,"OpenAlex title_and_abstract.search; type article or review; retracted excluded; group_by country; ""microalgae protein"" OR ""microalgal protein"" OR ""algal protein"" OR ""algae protein"" OR ""spirulina protein"" OR ""chlorella protein"" OR ""Arthrospira protein"" OR ""microalgal proteins"" OR ""microalgae proteins""",HSC-01,country total over 2015-2025; per 10k of country's 2015-2025 article+review output = 0.38; activity index (share of topic / share of all output; the world denominator includes unaffiliated records so all major countries score above 1: compare countries with each other and not with 1) = 4.91
BTF-274,microalgae_protein,SG,2015-2025,13,0.526,"OpenAlex title_and_abstract.search; type article or review; retracted excluded; group_by country; ""microalgae protein"" OR ""microalgal protein"" OR ""algal protein"" OR ""algae protein"" OR ""spirulina protein"" OR ""chlorella protein"" OR ""Arthrospira protein"" OR ""microalgal proteins"" OR ""microalgae proteins""",HSC-01,country total over 2015-2025; per 10k of country's 2015-2025 article+review output = 0.53; activity index (share of topic / share of all output; the world denominator includes unaffiliated records so all major countries score above 1: compare countries with each other and not with 1) = 6.84
BTF-275,microalgae_protein,ID,2015-2025,4,0.014,"OpenAlex title_and_abstract.search; type article or review; retracted excluded; group_by country; ""microalgae protein"" OR ""microalgal protein"" OR ""algal protein"" OR ""algae protein"" OR ""spirulina protein"" OR ""chlorella protein"" OR ""Arthrospira protein"" OR ""microalgal proteins"" OR ""microalgae proteins""",HSC-01,"country total over 2015-2025; per 10k of country's 2015-2025 article+review output = 0.01; activity index (share of topic / share of all output; the world denominator includes unaffiliated records so all major countries score above 1: compare countries with each other and not with 1) = 0.18; Indonesia total inflated by national-journal indexing, so intensity understated"
BTF-276,microalgae_protein,PH,2015-2025,0,0.0,"OpenAlex title_and_abstract.search; type article or review; retracted excluded; group_by country; ""microalgae protein"" OR ""microalgal protein"" OR ""algal protein"" OR ""algae protein"" OR ""spirulina protein"" OR ""chlorella protein"" OR ""Arthrospira protein"" OR ""microalgal proteins"" OR ""microalgae proteins""",HSC-01,country total over 2015-2025; per 10k of country's 2015-2025 article+review output = 0.00; activity index (share of topic / share of all output; the world denominator includes unaffiliated records so all major countries score above 1: compare countries with each other and not with 1) = 0.00
BTF-277,microalgae_protein,CN,2015-2025,125,0.172,"OpenAlex title_and_abstract.search; type article or review; retracted excluded; group_by country; ""microalgae protein"" OR ""microalgal protein"" OR ""algal protein"" OR ""algae protein"" OR ""spirulina protein"" OR ""chlorella protein"" OR ""Arthrospira protein"" OR ""microalgal proteins"" OR ""microalgae proteins""",HSC-01,country total over 2015-2025; per 10k of country's 2015-2025 article+review output = 0.17; activity index (share of topic / share of all output; the world denominator includes unaffiliated records so all major countries score above 1: compare countries with each other and not with 1) = 2.24
BTF-278,microalgae_protein,US,2015-2025,61,0.075,"OpenAlex title_and_abstract.search; type article or review; retracted excluded; group_by country; ""microalgae protein"" OR ""microalgal protein"" OR ""algal protein"" OR ""algae protein"" OR ""spirulina protein"" OR ""chlorella protein"" OR ""Arthrospira protein"" OR ""microalgal proteins"" OR ""microalgae proteins""",HSC-01,country total over 2015-2025; per 10k of country's 2015-2025 article+review output = 0.08; activity index (share of topic / share of all output; the world denominator includes unaffiliated records so all major countries score above 1: compare countries with each other and not with 1) = 0.98
BTF-279,microalgae_protein,KR,2015-2025,13,0.126,"OpenAlex title_and_abstract.search; type article or review; retracted excluded; group_by country; ""microalgae protein"" OR ""microalgal protein"" OR ""algal protein"" OR ""algae protein"" OR ""spirulina protein"" OR ""chlorella protein"" OR ""Arthrospira protein"" OR ""microalgal proteins"" OR ""microalgae proteins""",HSC-01,country total over 2015-2025; per 10k of country's 2015-2025 article+review output = 0.13; activity index (share of topic / share of all output; the world denominator includes unaffiliated records so all major countries score above 1: compare countries with each other and not with 1) = 1.63
BTF-280,microalgae_protein,IN,2015-2025,55,0.221,"OpenAlex title_and_abstract.search; type article or review; retracted excluded; group_by country; ""microalgae protein"" OR ""microalgal protein"" OR ""algal protein"" OR ""algae protein"" OR ""spirulina protein"" OR ""chlorella protein"" OR ""Arthrospira protein"" OR ""microalgal proteins"" OR ""microalgae proteins""",HSC-01,country total over 2015-2025; per 10k of country's 2015-2025 article+review output = 0.22; activity index (share of topic / share of all output; the world denominator includes unaffiliated records so all major countries score above 1: compare countries with each other and not with 1) = 2.87
BTF-281,microalgae_protein,JP,2015-2025,12,0.077,"OpenAlex title_and_abstract.search; type article or review; retracted excluded; group_by country; ""microalgae protein"" OR ""microalgal protein"" OR ""algal protein"" OR ""algae protein"" OR ""spirulina protein"" OR ""chlorella protein"" OR ""Arthrospira protein"" OR ""microalgal proteins"" OR ""microalgae proteins""",HSC-01,country total over 2015-2025; per 10k of country's 2015-2025 article+review output = 0.08; activity index (share of topic / share of all output; the world denominator includes unaffiliated records so all major countries score above 1: compare countries with each other and not with 1) = 0.99
BTF-282,duckweed_protein,VN,2015-2025,1,0.057,"OpenAlex title_and_abstract.search; type article or review; retracted excluded; group_by country; (""duckweed"" OR ""lemna"" OR ""wolffia"" OR ""water lentil"" OR ""water lentils"" OR ""Lemnaceae"") AND ""protein""",HSC-01,country total over 2015-2025; per 10k of country's 2015-2025 article+review output = 0.06; activity index (share of topic / share of all output; the world denominator includes unaffiliated records so all major countries score above 1: compare countries with each other and not with 1) = 0.55
BTF-283,duckweed_protein,TH,2015-2025,39,1.657,"OpenAlex title_and_abstract.search; type article or review; retracted excluded; group_by country; (""duckweed"" OR ""lemna"" OR ""wolffia"" OR ""water lentil"" OR ""water lentils"" OR ""Lemnaceae"") AND ""protein""",HSC-01,country total over 2015-2025; per 10k of country's 2015-2025 article+review output = 1.66; activity index (share of topic / share of all output; the world denominator includes unaffiliated records so all major countries score above 1: compare countries with each other and not with 1) = 16.19
BTF-284,duckweed_protein,MY,2015-2025,11,0.244,"OpenAlex title_and_abstract.search; type article or review; retracted excluded; group_by country; (""duckweed"" OR ""lemna"" OR ""wolffia"" OR ""water lentil"" OR ""water lentils"" OR ""Lemnaceae"") AND ""protein""",HSC-01,country total over 2015-2025; per 10k of country's 2015-2025 article+review output = 0.24; activity index (share of topic / share of all output; the world denominator includes unaffiliated records so all major countries score above 1: compare countries with each other and not with 1) = 2.39
BTF-285,duckweed_protein,SG,2015-2025,1,0.04,"OpenAlex title_and_abstract.search; type article or review; retracted excluded; group_by country; (""duckweed"" OR ""lemna"" OR ""wolffia"" OR ""water lentil"" OR ""water lentils"" OR ""Lemnaceae"") AND ""protein""",HSC-01,country total over 2015-2025; per 10k of country's 2015-2025 article+review output = 0.04; activity index (share of topic / share of all output; the world denominator includes unaffiliated records so all major countries score above 1: compare countries with each other and not with 1) = 0.40
BTF-286,duckweed_protein,ID,2015-2025,47,0.166,"OpenAlex title_and_abstract.search; type article or review; retracted excluded; group_by country; (""duckweed"" OR ""lemna"" OR ""wolffia"" OR ""water lentil"" OR ""water lentils"" OR ""Lemnaceae"") AND ""protein""",HSC-01,"country total over 2015-2025; per 10k of country's 2015-2025 article+review output = 0.17; activity index (share of topic / share of all output; the world denominator includes unaffiliated records so all major countries score above 1: compare countries with each other and not with 1) = 1.63; Indonesia total inflated by national-journal indexing, so intensity understated"
BTF-287,duckweed_protein,PH,2015-2025,5,0.489,"OpenAlex title_and_abstract.search; type article or review; retracted excluded; group_by country; (""duckweed"" OR ""lemna"" OR ""wolffia"" OR ""water lentil"" OR ""water lentils"" OR ""Lemnaceae"") AND ""protein""",HSC-01,country total over 2015-2025; per 10k of country's 2015-2025 article+review output = 0.49; activity index (share of topic / share of all output; the world denominator includes unaffiliated records so all major countries score above 1: compare countries with each other and not with 1) = 4.78
BTF-288,duckweed_protein,CN,2015-2025,126,0.173,"OpenAlex title_and_abstract.search; type article or review; retracted excluded; group_by country; (""duckweed"" OR ""lemna"" OR ""wolffia"" OR ""water lentil"" OR ""water lentils"" OR ""Lemnaceae"") AND ""protein""",HSC-01,country total over 2015-2025; per 10k of country's 2015-2025 article+review output = 0.17; activity index (share of topic / share of all output; the world denominator includes unaffiliated records so all major countries score above 1: compare countries with each other and not with 1) = 1.69
BTF-289,duckweed_protein,US,2015-2025,77,0.095,"OpenAlex title_and_abstract.search; type article or review; retracted excluded; group_by country; (""duckweed"" OR ""lemna"" OR ""wolffia"" OR ""water lentil"" OR ""water lentils"" OR ""Lemnaceae"") AND ""protein""",HSC-01,country total over 2015-2025; per 10k of country's 2015-2025 article+review output = 0.10; activity index (share of topic / share of all output; the world denominator includes unaffiliated records so all major countries score above 1: compare countries with each other and not with 1) = 0.93
BTF-290,duckweed_protein,KR,2015-2025,11,0.106,"OpenAlex title_and_abstract.search; type article or review; retracted excluded; group_by country; (""duckweed"" OR ""lemna"" OR ""wolffia"" OR ""water lentil"" OR ""water lentils"" OR ""Lemnaceae"") AND ""protein""",HSC-01,country total over 2015-2025; per 10k of country's 2015-2025 article+review output = 0.11; activity index (share of topic / share of all output; the world denominator includes unaffiliated records so all major countries score above 1: compare countries with each other and not with 1) = 1.04
BTF-291,duckweed_protein,IN,2015-2025,72,0.29,"OpenAlex title_and_abstract.search; type article or review; retracted excluded; group_by country; (""duckweed"" OR ""lemna"" OR ""wolffia"" OR ""water lentil"" OR ""water lentils"" OR ""Lemnaceae"") AND ""protein""",HSC-01,country total over 2015-2025; per 10k of country's 2015-2025 article+review output = 0.29; activity index (share of topic / share of all output; the world denominator includes unaffiliated records so all major countries score above 1: compare countries with each other and not with 1) = 2.83
BTF-292,duckweed_protein,JP,2015-2025,20,0.128,"OpenAlex title_and_abstract.search; type article or review; retracted excluded; group_by country; (""duckweed"" OR ""lemna"" OR ""wolffia"" OR ""water lentil"" OR ""water lentils"" OR ""Lemnaceae"") AND ""protein""",HSC-01,country total over 2015-2025; per 10k of country's 2015-2025 article+review output = 0.13; activity index (share of topic / share of all output; the world denominator includes unaffiliated records so all major countries score above 1: compare countries with each other and not with 1) = 1.25
BTF-293,plant_based_meat_reference,VN,2015-2025,12,0.681,"OpenAlex title_and_abstract.search; type article or review; retracted excluded; group_by country; ""plant-based meat"" OR ""meat analogue"" OR ""meat analog"" OR ""meat analogues"" OR ""meat substitute"" OR ""meat substitutes"" OR ""meat alternative"" OR ""meat alternatives"" OR ""textured vegetable protein"" OR ""high moisture extrusion""",HSC-01,country total over 2015-2025; per 10k of country's 2015-2025 article+review output = 0.68; activity index (share of topic / share of all output; the world denominator includes unaffiliated records so all major countries score above 1: compare countries with each other and not with 1) = 1.39
BTF-294,plant_based_meat_reference,TH,2015-2025,66,2.804,"OpenAlex title_and_abstract.search; type article or review; retracted excluded; group_by country; ""plant-based meat"" OR ""meat analogue"" OR ""meat analog"" OR ""meat analogues"" OR ""meat substitute"" OR ""meat substitutes"" OR ""meat alternative"" OR ""meat alternatives"" OR ""textured vegetable protein"" OR ""high moisture extrusion""",HSC-01,country total over 2015-2025; per 10k of country's 2015-2025 article+review output = 2.80; activity index (share of topic / share of all output; the world denominator includes unaffiliated records so all major countries score above 1: compare countries with each other and not with 1) = 5.70
BTF-295,plant_based_meat_reference,MY,2015-2025,55,1.222,"OpenAlex title_and_abstract.search; type article or review; retracted excluded; group_by country; ""plant-based meat"" OR ""meat analogue"" OR ""meat analog"" OR ""meat analogues"" OR ""meat substitute"" OR ""meat substitutes"" OR ""meat alternative"" OR ""meat alternatives"" OR ""textured vegetable protein"" OR ""high moisture extrusion""",HSC-01,country total over 2015-2025; per 10k of country's 2015-2025 article+review output = 1.22; activity index (share of topic / share of all output; the world denominator includes unaffiliated records so all major countries score above 1: compare countries with each other and not with 1) = 2.49
BTF-296,plant_based_meat_reference,SG,2015-2025,72,2.914,"OpenAlex title_and_abstract.search; type article or review; retracted excluded; group_by country; ""plant-based meat"" OR ""meat analogue"" OR ""meat analog"" OR ""meat analogues"" OR ""meat substitute"" OR ""meat substitutes"" OR ""meat alternative"" OR ""meat alternatives"" OR ""textured vegetable protein"" OR ""high moisture extrusion""",HSC-01,country total over 2015-2025; per 10k of country's 2015-2025 article+review output = 2.91; activity index (share of topic / share of all output; the world denominator includes unaffiliated records so all major countries score above 1: compare countries with each other and not with 1) = 5.93
BTF-297,plant_based_meat_reference,ID,2015-2025,80,0.283,"OpenAlex title_and_abstract.search; type article or review; retracted excluded; group_by country; ""plant-based meat"" OR ""meat analogue"" OR ""meat analog"" OR ""meat analogues"" OR ""meat substitute"" OR ""meat substitutes"" OR ""meat alternative"" OR ""meat alternatives"" OR ""textured vegetable protein"" OR ""high moisture extrusion""",HSC-01,"country total over 2015-2025; per 10k of country's 2015-2025 article+review output = 0.28; activity index (share of topic / share of all output; the world denominator includes unaffiliated records so all major countries score above 1: compare countries with each other and not with 1) = 0.58; Indonesia total inflated by national-journal indexing, so intensity understated"
BTF-298,plant_based_meat_reference,PH,2015-2025,13,1.273,"OpenAlex title_and_abstract.search; type article or review; retracted excluded; group_by country; ""plant-based meat"" OR ""meat analogue"" OR ""meat analog"" OR ""meat analogues"" OR ""meat substitute"" OR ""meat substitutes"" OR ""meat alternative"" OR ""meat alternatives"" OR ""textured vegetable protein"" OR ""high moisture extrusion""",HSC-01,country total over 2015-2025; per 10k of country's 2015-2025 article+review output = 1.27; activity index (share of topic / share of all output; the world denominator includes unaffiliated records so all major countries score above 1: compare countries with each other and not with 1) = 2.59
BTF-299,plant_based_meat_reference,CN,2015-2025,556,0.766,"OpenAlex title_and_abstract.search; type article or review; retracted excluded; group_by country; ""plant-based meat"" OR ""meat analogue"" OR ""meat analog"" OR ""meat analogues"" OR ""meat substitute"" OR ""meat substitutes"" OR ""meat alternative"" OR ""meat alternatives"" OR ""textured vegetable protein"" OR ""high moisture extrusion""",HSC-01,country total over 2015-2025; per 10k of country's 2015-2025 article+review output = 0.77; activity index (share of topic / share of all output; the world denominator includes unaffiliated records so all major countries score above 1: compare countries with each other and not with 1) = 1.56
BTF-300,plant_based_meat_reference,US,2015-2025,487,0.602,"OpenAlex title_and_abstract.search; type article or review; retracted excluded; group_by country; ""plant-based meat"" OR ""meat analogue"" OR ""meat analog"" OR ""meat analogues"" OR ""meat substitute"" OR ""meat substitutes"" OR ""meat alternative"" OR ""meat alternatives"" OR ""textured vegetable protein"" OR ""high moisture extrusion""",HSC-01,country total over 2015-2025; per 10k of country's 2015-2025 article+review output = 0.60; activity index (share of topic / share of all output; the world denominator includes unaffiliated records so all major countries score above 1: compare countries with each other and not with 1) = 1.22
BTF-301,plant_based_meat_reference,KR,2015-2025,192,1.856,"OpenAlex title_and_abstract.search; type article or review; retracted excluded; group_by country; ""plant-based meat"" OR ""meat analogue"" OR ""meat analog"" OR ""meat analogues"" OR ""meat substitute"" OR ""meat substitutes"" OR ""meat alternative"" OR ""meat alternatives"" OR ""textured vegetable protein"" OR ""high moisture extrusion""",HSC-01,country total over 2015-2025; per 10k of country's 2015-2025 article+review output = 1.86; activity index (share of topic / share of all output; the world denominator includes unaffiliated records so all major countries score above 1: compare countries with each other and not with 1) = 3.77
BTF-302,plant_based_meat_reference,IN,2015-2025,152,0.611,"OpenAlex title_and_abstract.search; type article or review; retracted excluded; group_by country; ""plant-based meat"" OR ""meat analogue"" OR ""meat analog"" OR ""meat analogues"" OR ""meat substitute"" OR ""meat substitutes"" OR ""meat alternative"" OR ""meat alternatives"" OR ""textured vegetable protein"" OR ""high moisture extrusion""",HSC-01,country total over 2015-2025; per 10k of country's 2015-2025 article+review output = 0.61; activity index (share of topic / share of all output; the world denominator includes unaffiliated records so all major countries score above 1: compare countries with each other and not with 1) = 1.24
BTF-303,plant_based_meat_reference,JP,2015-2025,66,0.421,"OpenAlex title_and_abstract.search; type article or review; retracted excluded; group_by country; ""plant-based meat"" OR ""meat analogue"" OR ""meat analog"" OR ""meat analogues"" OR ""meat substitute"" OR ""meat substitutes"" OR ""meat alternative"" OR ""meat alternatives"" OR ""textured vegetable protein"" OR ""high moisture extrusion""",HSC-01,country total over 2015-2025; per 10k of country's 2015-2025 article+review output = 0.42; activity index (share of topic / share of all output; the world denominator includes unaffiliated records so all major countries score above 1: compare countries with each other and not with 1) = 0.86
BTF-304,molecular_farming_all_uses,VN,2015-2025,0,0.0,"OpenAlex title_and_abstract.search; type article or review; retracted excluded; group_by country; ""molecular farming"" OR ""molecular pharming"" OR ""plant molecular farming""",HSC-01,country total over 2015-2025; per 10k of country's 2015-2025 article+review output = 0.00; activity index (share of topic / share of all output; the world denominator includes unaffiliated records so all major countries score above 1: compare countries with each other and not with 1) = 0.00
BTF-305,molecular_farming_all_uses,TH,2015-2025,8,0.34,"OpenAlex title_and_abstract.search; type article or review; retracted excluded; group_by country; ""molecular farming"" OR ""molecular pharming"" OR ""plant molecular farming""",HSC-01,country total over 2015-2025; per 10k of country's 2015-2025 article+review output = 0.34; activity index (share of topic / share of all output; the world denominator includes unaffiliated records so all major countries score above 1: compare countries with each other and not with 1) = 6.86
BTF-306,molecular_farming_all_uses,MY,2015-2025,4,0.089,"OpenAlex title_and_abstract.search; type article or review; retracted excluded; group_by country; ""molecular farming"" OR ""molecular pharming"" OR ""plant molecular farming""",HSC-01,country total over 2015-2025; per 10k of country's 2015-2025 article+review output = 0.09; activity index (share of topic / share of all output; the world denominator includes unaffiliated records so all major countries score above 1: compare countries with each other and not with 1) = 1.80
BTF-307,molecular_farming_all_uses,SG,2015-2025,1,0.04,"OpenAlex title_and_abstract.search; type article or review; retracted excluded; group_by country; ""molecular farming"" OR ""molecular pharming"" OR ""plant molecular farming""",HSC-01,country total over 2015-2025; per 10k of country's 2015-2025 article+review output = 0.04; activity index (share of topic / share of all output; the world denominator includes unaffiliated records so all major countries score above 1: compare countries with each other and not with 1) = 0.82
BTF-308,molecular_farming_all_uses,ID,2015-2025,1,0.004,"OpenAlex title_and_abstract.search; type article or review; retracted excluded; group_by country; ""molecular farming"" OR ""molecular pharming"" OR ""plant molecular farming""",HSC-01,"country total over 2015-2025; per 10k of country's 2015-2025 article+review output = 0.00; activity index (share of topic / share of all output; the world denominator includes unaffiliated records so all major countries score above 1: compare countries with each other and not with 1) = 0.07; Indonesia total inflated by national-journal indexing, so intensity understated"
BTF-309,molecular_farming_all_uses,PH,2015-2025,1,0.098,"OpenAlex title_and_abstract.search; type article or review; retracted excluded; group_by country; ""molecular farming"" OR ""molecular pharming"" OR ""plant molecular farming""",HSC-01,country total over 2015-2025; per 10k of country's 2015-2025 article+review output = 0.10; activity index (share of topic / share of all output; the world denominator includes unaffiliated records so all major countries score above 1: compare countries with each other and not with 1) = 1.98
BTF-310,molecular_farming_all_uses,CN,2015-2025,31,0.043,"OpenAlex title_and_abstract.search; type article or review; retracted excluded; group_by country; ""molecular farming"" OR ""molecular pharming"" OR ""plant molecular farming""",HSC-01,country total over 2015-2025; per 10k of country's 2015-2025 article+review output = 0.04; activity index (share of topic / share of all output; the world denominator includes unaffiliated records so all major countries score above 1: compare countries with each other and not with 1) = 0.86
BTF-311,molecular_farming_all_uses,US,2015-2025,43,0.053,"OpenAlex title_and_abstract.search; type article or review; retracted excluded; group_by country; ""molecular farming"" OR ""molecular pharming"" OR ""plant molecular farming""",HSC-01,country total over 2015-2025; per 10k of country's 2015-2025 article+review output = 0.05; activity index (share of topic / share of all output; the world denominator includes unaffiliated records so all major countries score above 1: compare countries with each other and not with 1) = 1.07
BTF-312,molecular_farming_all_uses,KR,2015-2025,11,0.106,"OpenAlex title_and_abstract.search; type article or review; retracted excluded; group_by country; ""molecular farming"" OR ""molecular pharming"" OR ""plant molecular farming""",HSC-01,country total over 2015-2025; per 10k of country's 2015-2025 article+review output = 0.11; activity index (share of topic / share of all output; the world denominator includes unaffiliated records so all major countries score above 1: compare countries with each other and not with 1) = 2.15
BTF-313,molecular_farming_all_uses,IN,2015-2025,39,0.157,"OpenAlex title_and_abstract.search; type article or review; retracted excluded; group_by country; ""molecular farming"" OR ""molecular pharming"" OR ""plant molecular farming""",HSC-01,country total over 2015-2025; per 10k of country's 2015-2025 article+review output = 0.16; activity index (share of topic / share of all output; the world denominator includes unaffiliated records so all major countries score above 1: compare countries with each other and not with 1) = 3.17
BTF-314,molecular_farming_all_uses,JP,2015-2025,5,0.032,"OpenAlex title_and_abstract.search; type article or review; retracted excluded; group_by country; ""molecular farming"" OR ""molecular pharming"" OR ""plant molecular farming""",HSC-01,country total over 2015-2025; per 10k of country's 2015-2025 article+review output = 0.03; activity index (share of topic / share of all output; the world denominator includes unaffiliated records so all major countries score above 1: compare countries with each other and not with 1) = 0.64
BTF-315,core_basket,VN,2015-2025,72,4.086,"OpenAlex title_and_abstract.search; type article or review; retracted excluded; group_by country; ""cultured meat"" OR ""cultivated meat"" OR ""cell-based meat"" OR ""lab-grown meat"" OR ""single cell protein"" OR ""single-cell protein"" OR ""microbial protein"" OR ""precision fermentation"" OR ""mycoprotein"" OR ""mycelial protein"" OR ""microalgae protein"" OR ""microalgal protein"" OR ""algal protein"" OR ""spirulina protein"" OR ""plant-based meat"" OR ""meat analogue"" OR ""meat analog"" OR ""meat substitute"" OR ""meat alternative"" OR ""textured vegetable protein"" OR ""alternative protein"" OR ""alternative proteins"" OR ""novel protein"" OR ""molecular farming"" OR ""fishmeal replacement"" OR ""fish meal replacement"" OR ""replacing fishmeal"" OR ""replacing fish meal"" OR ""replace fishmeal"" OR ""replace fish meal""",HSC-01,country total over 2015-2025; per 10k of country's 2015-2025 article+review output = 4.09; activity index (share of topic / share of all output; the world denominator includes unaffiliated records so all major countries score above 1: compare countries with each other and not with 1) = 1.52
BTF-316,core_basket,TH,2015-2025,315,13.385,"OpenAlex title_and_abstract.search; type article or review; retracted excluded; group_by country; ""cultured meat"" OR ""cultivated meat"" OR ""cell-based meat"" OR ""lab-grown meat"" OR ""single cell protein"" OR ""single-cell protein"" OR ""microbial protein"" OR ""precision fermentation"" OR ""mycoprotein"" OR ""mycelial protein"" OR ""microalgae protein"" OR ""microalgal protein"" OR ""algal protein"" OR ""spirulina protein"" OR ""plant-based meat"" OR ""meat analogue"" OR ""meat analog"" OR ""meat substitute"" OR ""meat alternative"" OR ""textured vegetable protein"" OR ""alternative protein"" OR ""alternative proteins"" OR ""novel protein"" OR ""molecular farming"" OR ""fishmeal replacement"" OR ""fish meal replacement"" OR ""replacing fishmeal"" OR ""replacing fish meal"" OR ""replace fishmeal"" OR ""replace fish meal""",HSC-01,country total over 2015-2025; per 10k of country's 2015-2025 article+review output = 13.38; activity index (share of topic / share of all output; the world denominator includes unaffiliated records so all major countries score above 1: compare countries with each other and not with 1) = 4.99
BTF-317,core_basket,MY,2015-2025,242,5.378,"OpenAlex title_and_abstract.search; type article or review; retracted excluded; group_by country; ""cultured meat"" OR ""cultivated meat"" OR ""cell-based meat"" OR ""lab-grown meat"" OR ""single cell protein"" OR ""single-cell protein"" OR ""microbial protein"" OR ""precision fermentation"" OR ""mycoprotein"" OR ""mycelial protein"" OR ""microalgae protein"" OR ""microalgal protein"" OR ""algal protein"" OR ""spirulina protein"" OR ""plant-based meat"" OR ""meat analogue"" OR ""meat analog"" OR ""meat substitute"" OR ""meat alternative"" OR ""textured vegetable protein"" OR ""alternative protein"" OR ""alternative proteins"" OR ""novel protein"" OR ""molecular farming"" OR ""fishmeal replacement"" OR ""fish meal replacement"" OR ""replacing fishmeal"" OR ""replacing fish meal"" OR ""replace fishmeal"" OR ""replace fish meal""",HSC-01,country total over 2015-2025; per 10k of country's 2015-2025 article+review output = 5.38; activity index (share of topic / share of all output; the world denominator includes unaffiliated records so all major countries score above 1: compare countries with each other and not with 1) = 2.00
BTF-318,core_basket,SG,2015-2025,255,10.321,"OpenAlex title_and_abstract.search; type article or review; retracted excluded; group_by country; ""cultured meat"" OR ""cultivated meat"" OR ""cell-based meat"" OR ""lab-grown meat"" OR ""single cell protein"" OR ""single-cell protein"" OR ""microbial protein"" OR ""precision fermentation"" OR ""mycoprotein"" OR ""mycelial protein"" OR ""microalgae protein"" OR ""microalgal protein"" OR ""algal protein"" OR ""spirulina protein"" OR ""plant-based meat"" OR ""meat analogue"" OR ""meat analog"" OR ""meat substitute"" OR ""meat alternative"" OR ""textured vegetable protein"" OR ""alternative protein"" OR ""alternative proteins"" OR ""novel protein"" OR ""molecular farming"" OR ""fishmeal replacement"" OR ""fish meal replacement"" OR ""replacing fishmeal"" OR ""replacing fish meal"" OR ""replace fishmeal"" OR ""replace fish meal""",HSC-01,country total over 2015-2025; per 10k of country's 2015-2025 article+review output = 10.32; activity index (share of topic / share of all output; the world denominator includes unaffiliated records so all major countries score above 1: compare countries with each other and not with 1) = 3.84
BTF-319,core_basket,ID,2015-2025,388,1.374,"OpenAlex title_and_abstract.search; type article or review; retracted excluded; group_by country; ""cultured meat"" OR ""cultivated meat"" OR ""cell-based meat"" OR ""lab-grown meat"" OR ""single cell protein"" OR ""single-cell protein"" OR ""microbial protein"" OR ""precision fermentation"" OR ""mycoprotein"" OR ""mycelial protein"" OR ""microalgae protein"" OR ""microalgal protein"" OR ""algal protein"" OR ""spirulina protein"" OR ""plant-based meat"" OR ""meat analogue"" OR ""meat analog"" OR ""meat substitute"" OR ""meat alternative"" OR ""textured vegetable protein"" OR ""alternative protein"" OR ""alternative proteins"" OR ""novel protein"" OR ""molecular farming"" OR ""fishmeal replacement"" OR ""fish meal replacement"" OR ""replacing fishmeal"" OR ""replacing fish meal"" OR ""replace fishmeal"" OR ""replace fish meal""",HSC-01,"country total over 2015-2025; per 10k of country's 2015-2025 article+review output = 1.37; activity index (share of topic / share of all output; the world denominator includes unaffiliated records so all major countries score above 1: compare countries with each other and not with 1) = 0.51; Indonesia total inflated by national-journal indexing, so intensity understated"
BTF-320,core_basket,PH,2015-2025,57,5.579,"OpenAlex title_and_abstract.search; type article or review; retracted excluded; group_by country; ""cultured meat"" OR ""cultivated meat"" OR ""cell-based meat"" OR ""lab-grown meat"" OR ""single cell protein"" OR ""single-cell protein"" OR ""microbial protein"" OR ""precision fermentation"" OR ""mycoprotein"" OR ""mycelial protein"" OR ""microalgae protein"" OR ""microalgal protein"" OR ""algal protein"" OR ""spirulina protein"" OR ""plant-based meat"" OR ""meat analogue"" OR ""meat analog"" OR ""meat substitute"" OR ""meat alternative"" OR ""textured vegetable protein"" OR ""alternative protein"" OR ""alternative proteins"" OR ""novel protein"" OR ""molecular farming"" OR ""fishmeal replacement"" OR ""fish meal replacement"" OR ""replacing fishmeal"" OR ""replacing fish meal"" OR ""replace fishmeal"" OR ""replace fish meal""",HSC-01,country total over 2015-2025; per 10k of country's 2015-2025 article+review output = 5.58; activity index (share of topic / share of all output; the world denominator includes unaffiliated records so all major countries score above 1: compare countries with each other and not with 1) = 2.08
BTF-321,core_basket,CN,2015-2025,3288,4.527,"OpenAlex title_and_abstract.search; type article or review; retracted excluded; group_by country; ""cultured meat"" OR ""cultivated meat"" OR ""cell-based meat"" OR ""lab-grown meat"" OR ""single cell protein"" OR ""single-cell protein"" OR ""microbial protein"" OR ""precision fermentation"" OR ""mycoprotein"" OR ""mycelial protein"" OR ""microalgae protein"" OR ""microalgal protein"" OR ""algal protein"" OR ""spirulina protein"" OR ""plant-based meat"" OR ""meat analogue"" OR ""meat analog"" OR ""meat substitute"" OR ""meat alternative"" OR ""textured vegetable protein"" OR ""alternative protein"" OR ""alternative proteins"" OR ""novel protein"" OR ""molecular farming"" OR ""fishmeal replacement"" OR ""fish meal replacement"" OR ""replacing fishmeal"" OR ""replacing fish meal"" OR ""replace fishmeal"" OR ""replace fish meal""",HSC-01,country total over 2015-2025; per 10k of country's 2015-2025 article+review output = 4.53; activity index (share of topic / share of all output; the world denominator includes unaffiliated records so all major countries score above 1: compare countries with each other and not with 1) = 1.69
BTF-322,core_basket,US,2015-2025,3443,4.256,"OpenAlex title_and_abstract.search; type article or review; retracted excluded; group_by country; ""cultured meat"" OR ""cultivated meat"" OR ""cell-based meat"" OR ""lab-grown meat"" OR ""single cell protein"" OR ""single-cell protein"" OR ""microbial protein"" OR ""precision fermentation"" OR ""mycoprotein"" OR ""mycelial protein"" OR ""microalgae protein"" OR ""microalgal protein"" OR ""algal protein"" OR ""spirulina protein"" OR ""plant-based meat"" OR ""meat analogue"" OR ""meat analog"" OR ""meat substitute"" OR ""meat alternative"" OR ""textured vegetable protein"" OR ""alternative protein"" OR ""alternative proteins"" OR ""novel protein"" OR ""molecular farming"" OR ""fishmeal replacement"" OR ""fish meal replacement"" OR ""replacing fishmeal"" OR ""replacing fish meal"" OR ""replace fishmeal"" OR ""replace fish meal""",HSC-01,country total over 2015-2025; per 10k of country's 2015-2025 article+review output = 4.26; activity index (share of topic / share of all output; the world denominator includes unaffiliated records so all major countries score above 1: compare countries with each other and not with 1) = 1.59
BTF-323,core_basket,KR,2015-2025,696,6.727,"OpenAlex title_and_abstract.search; type article or review; retracted excluded; group_by country; ""cultured meat"" OR ""cultivated meat"" OR ""cell-based meat"" OR ""lab-grown meat"" OR ""single cell protein"" OR ""single-cell protein"" OR ""microbial protein"" OR ""precision fermentation"" OR ""mycoprotein"" OR ""mycelial protein"" OR ""microalgae protein"" OR ""microalgal protein"" OR ""algal protein"" OR ""spirulina protein"" OR ""plant-based meat"" OR ""meat analogue"" OR ""meat analog"" OR ""meat substitute"" OR ""meat alternative"" OR ""textured vegetable protein"" OR ""alternative protein"" OR ""alternative proteins"" OR ""novel protein"" OR ""molecular farming"" OR ""fishmeal replacement"" OR ""fish meal replacement"" OR ""replacing fishmeal"" OR ""replacing fish meal"" OR ""replace fishmeal"" OR ""replace fish meal""",HSC-01,country total over 2015-2025; per 10k of country's 2015-2025 article+review output = 6.73; activity index (share of topic / share of all output; the world denominator includes unaffiliated records so all major countries score above 1: compare countries with each other and not with 1) = 2.51
BTF-324,core_basket,IN,2015-2025,1040,4.182,"OpenAlex title_and_abstract.search; type article or review; retracted excluded; group_by country; ""cultured meat"" OR ""cultivated meat"" OR ""cell-based meat"" OR ""lab-grown meat"" OR ""single cell protein"" OR ""single-cell protein"" OR ""microbial protein"" OR ""precision fermentation"" OR ""mycoprotein"" OR ""mycelial protein"" OR ""microalgae protein"" OR ""microalgal protein"" OR ""algal protein"" OR ""spirulina protein"" OR ""plant-based meat"" OR ""meat analogue"" OR ""meat analog"" OR ""meat substitute"" OR ""meat alternative"" OR ""textured vegetable protein"" OR ""alternative protein"" OR ""alternative proteins"" OR ""novel protein"" OR ""molecular farming"" OR ""fishmeal replacement"" OR ""fish meal replacement"" OR ""replacing fishmeal"" OR ""replacing fish meal"" OR ""replace fishmeal"" OR ""replace fish meal""",HSC-01,country total over 2015-2025; per 10k of country's 2015-2025 article+review output = 4.18; activity index (share of topic / share of all output; the world denominator includes unaffiliated records so all major countries score above 1: compare countries with each other and not with 1) = 1.56
BTF-325,core_basket,JP,2015-2025,479,3.056,"OpenAlex title_and_abstract.search; type article or review; retracted excluded; group_by country; ""cultured meat"" OR ""cultivated meat"" OR ""cell-based meat"" OR ""lab-grown meat"" OR ""single cell protein"" OR ""single-cell protein"" OR ""microbial protein"" OR ""precision fermentation"" OR ""mycoprotein"" OR ""mycelial protein"" OR ""microalgae protein"" OR ""microalgal protein"" OR ""algal protein"" OR ""spirulina protein"" OR ""plant-based meat"" OR ""meat analogue"" OR ""meat analog"" OR ""meat substitute"" OR ""meat alternative"" OR ""textured vegetable protein"" OR ""alternative protein"" OR ""alternative proteins"" OR ""novel protein"" OR ""molecular farming"" OR ""fishmeal replacement"" OR ""fish meal replacement"" OR ""replacing fishmeal"" OR ""replacing fish meal"" OR ""replace fishmeal"" OR ""replace fish meal""",HSC-01,country total over 2015-2025; per 10k of country's 2015-2025 article+review output = 3.06; activity index (share of topic / share of all output; the world denominator includes unaffiliated records so all major countries score above 1: compare countries with each other and not with 1) = 1.14
