record_id,source,year,geography,population_group,food_group,value,unit,basis,measure_type,source_ids,evidence_label,confidence,demand_evidence_type,notes
DPI-001,FAOSTAT Food Balance Sheets (2010 to 2023 series),2010,Vietnam,whole population,All foods,79.67,g protein per person per day,food supply available for consumption (not intake; includes household waste),supply,DIE-07,VN-direct,High,revealed,"Protein supply quantity, element 674."
DPI-002,FAOSTAT Food Balance Sheets (2010 to 2023 series),2010,Vietnam,whole population,All animal foods,30.48,g protein per person per day,food supply available for consumption (not intake; includes household waste),supply,DIE-07,VN-direct,High,revealed,"Protein supply quantity, element 674."
DPI-003,FAOSTAT Food Balance Sheets (2010 to 2023 series),2010,Vietnam,whole population,All plant foods,49.19,g protein per person per day,food supply available for consumption (not intake; includes household waste),supply,DIE-07,VN-direct,High,revealed,"Protein supply quantity, element 674."
DPI-004,FAOSTAT Food Balance Sheets (2010 to 2023 series),2010,Vietnam,whole population,Meat (all),16.89,g protein per person per day,food supply available for consumption (not intake; includes household waste),supply,DIE-07,VN-direct,High,revealed,"Protein supply quantity, element 674."
DPI-005,FAOSTAT Food Balance Sheets (2010 to 2023 series),2010,Vietnam,whole population,Meat (all),40.97,kg per person per year,"food supply, primary equivalent; meat in carcass weight, fish in live weight",supply,DIE-07,VN-direct,High,revealed,"Food supply quantity, element 645."
DPI-006,FAOSTAT Food Balance Sheets (2010 to 2023 series),2010,Vietnam,whole population,Pork,9.76,g protein per person per day,food supply available for consumption (not intake; includes household waste),supply,DIE-07,VN-direct,High,revealed,"Protein supply quantity, element 674."
DPI-007,FAOSTAT Food Balance Sheets (2010 to 2023 series),2010,Vietnam,whole population,Pork,25.24,kg per person per year,"food supply, primary equivalent; meat in carcass weight, fish in live weight",supply,DIE-07,VN-direct,High,revealed,"Food supply quantity, element 645."
DPI-008,FAOSTAT Food Balance Sheets (2010 to 2023 series),2010,Vietnam,whole population,Poultry,5.32,g protein per person per day,food supply available for consumption (not intake; includes household waste),supply,DIE-07,VN-direct,High,revealed,"Protein supply quantity, element 674."
DPI-009,FAOSTAT Food Balance Sheets (2010 to 2023 series),2010,Vietnam,whole population,Poultry,11.87,kg per person per year,"food supply, primary equivalent; meat in carcass weight, fish in live weight",supply,DIE-07,VN-direct,High,revealed,"Food supply quantity, element 645."
DPI-010,FAOSTAT Food Balance Sheets (2010 to 2023 series),2010,Vietnam,whole population,Beef,1.56,g protein per person per day,food supply available for consumption (not intake; includes household waste),supply,DIE-07,VN-direct,High,revealed,"Protein supply quantity, element 674."
DPI-011,FAOSTAT Food Balance Sheets (2010 to 2023 series),2010,Vietnam,whole population,Beef,3.36,kg per person per year,"food supply, primary equivalent; meat in carcass weight, fish in live weight",supply,DIE-07,VN-direct,High,revealed,"Food supply quantity, element 645."
DPI-012,FAOSTAT Food Balance Sheets (2010 to 2023 series),2010,Vietnam,whole population,Offal,1.81,g protein per person per day,food supply available for consumption (not intake; includes household waste),supply,DIE-07,VN-direct,High,revealed,"Protein supply quantity, element 674."
DPI-013,FAOSTAT Food Balance Sheets (2010 to 2023 series),2010,Vietnam,whole population,Offal,4.32,kg per person per year,"food supply, primary equivalent; meat in carcass weight, fish in live weight",supply,DIE-07,VN-direct,High,revealed,"Food supply quantity, element 645."
DPI-014,FAOSTAT Food Balance Sheets (2010 to 2023 series),2010,Vietnam,whole population,Fish and seafood,9.12,g protein per person per day,food supply available for consumption (not intake; includes household waste),supply,DIE-07,VN-direct,High,revealed,"Protein supply quantity, element 674."
DPI-015,FAOSTAT Food Balance Sheets (2010 to 2023 series),2010,Vietnam,whole population,Fish and seafood,33.83,kg per person per year,"food supply, primary equivalent; meat in carcass weight, fish in live weight",supply,DIE-07,VN-direct,High,revealed,"Food supply quantity, element 645."
DPI-016,FAOSTAT Food Balance Sheets (2010 to 2023 series),2010,Vietnam,whole population,Eggs,0.96,g protein per person per day,food supply available for consumption (not intake; includes household waste),supply,DIE-07,VN-direct,High,revealed,"Protein supply quantity, element 674."
DPI-017,FAOSTAT Food Balance Sheets (2010 to 2023 series),2010,Vietnam,whole population,Eggs,3.07,kg per person per year,"food supply, primary equivalent; meat in carcass weight, fish in live weight",supply,DIE-07,VN-direct,High,revealed,"Food supply quantity, element 645."
DPI-018,FAOSTAT Food Balance Sheets (2010 to 2023 series),2010,Vietnam,whole population,Milk and dairy (excl. butter),1.37,g protein per person per day,food supply available for consumption (not intake; includes household waste),supply,DIE-07,VN-direct,High,revealed,"Protein supply quantity, element 674."
DPI-019,FAOSTAT Food Balance Sheets (2010 to 2023 series),2010,Vietnam,whole population,Milk and dairy (excl. butter),31.06,kg per person per year,"food supply, primary equivalent; meat in carcass weight, fish in live weight",supply,DIE-07,VN-direct,High,revealed,"Food supply quantity, element 645."
DPI-020,FAOSTAT Food Balance Sheets (2010 to 2023 series),2010,Vietnam,whole population,"Soybeans (as food, incl. tofu and soy milk equivalent)",2.91,g protein per person per day,food supply available for consumption (not intake; includes household waste),supply,DIE-07,VN-direct,High,revealed,"Protein supply quantity, element 674."
DPI-021,FAOSTAT Food Balance Sheets (2010 to 2023 series),2010,Vietnam,whole population,"Soybeans (as food, incl. tofu and soy milk equivalent)",3.12,kg per person per year,"food supply, primary equivalent; meat in carcass weight, fish in live weight",supply,DIE-07,VN-direct,High,revealed,"Food supply quantity, element 645."
DPI-022,FAOSTAT Food Balance Sheets (2010 to 2023 series),2010,Vietnam,whole population,Pulses (other legumes),1.67,g protein per person per day,food supply available for consumption (not intake; includes household waste),supply,DIE-07,VN-direct,High,revealed,"Protein supply quantity, element 674."
DPI-023,FAOSTAT Food Balance Sheets (2010 to 2023 series),2010,Vietnam,whole population,Pulses (other legumes),2.64,kg per person per year,"food supply, primary equivalent; meat in carcass weight, fish in live weight",supply,DIE-07,VN-direct,High,revealed,"Food supply quantity, element 645."
DPI-024,FAOSTAT Food Balance Sheets (2010 to 2023 series),2010,Vietnam,whole population,Groundnuts,1.44,g protein per person per day,food supply available for consumption (not intake; includes household waste),supply,DIE-07,VN-direct,High,revealed,"Protein supply quantity, element 674."
DPI-025,FAOSTAT Food Balance Sheets (2010 to 2023 series),2010,Vietnam,whole population,Groundnuts,2.84,kg per person per year,"food supply, primary equivalent; meat in carcass weight, fish in live weight",supply,DIE-07,VN-direct,High,revealed,"Food supply quantity, element 645."
DPI-026,FAOSTAT Food Balance Sheets (2010 to 2023 series),2010,Vietnam,whole population,Cereals,35.09,g protein per person per day,food supply available for consumption (not intake; includes household waste),supply,DIE-07,VN-direct,High,revealed,"Protein supply quantity, element 674."
DPI-027,FAOSTAT Food Balance Sheets (2010 to 2023 series),2010,Vietnam,whole population,Cereals,268.37,kg per person per year,"food supply, primary equivalent; meat in carcass weight, fish in live weight",supply,DIE-07,VN-direct,High,revealed,"Food supply quantity, element 645."
DPI-028,FAOSTAT Food Balance Sheets (2010 to 2023 series),2010,Vietnam,whole population,Rice,31.35,g protein per person per day,food supply available for consumption (not intake; includes household waste),supply,DIE-07,VN-direct,High,revealed,"Protein supply quantity, element 674."
DPI-029,FAOSTAT Food Balance Sheets (2010 to 2023 series),2010,Vietnam,whole population,Rice,249.66,kg per person per year,"food supply, primary equivalent; meat in carcass weight, fish in live weight",supply,DIE-07,VN-direct,High,revealed,"Food supply quantity, element 645."
DPI-030,FAOSTAT Food Balance Sheets (2010 to 2023 series),2010,Vietnam,whole population,Wheat,2.34,g protein per person per day,food supply available for consumption (not intake; includes household waste),supply,DIE-07,VN-direct,High,revealed,"Protein supply quantity, element 674."
DPI-031,FAOSTAT Food Balance Sheets (2010 to 2023 series),2010,Vietnam,whole population,Wheat,10.5,kg per person per year,"food supply, primary equivalent; meat in carcass weight, fish in live weight",supply,DIE-07,VN-direct,High,revealed,"Food supply quantity, element 645."
DPI-032,FAOSTAT Food Balance Sheets (2010 to 2023 series),2010,Vietnam,whole population,Vegetables,5.34,g protein per person per day,food supply available for consumption (not intake; includes household waste),supply,DIE-07,VN-direct,High,revealed,"Protein supply quantity, element 674."
DPI-033,FAOSTAT Food Balance Sheets (2010 to 2023 series),2010,Vietnam,whole population,Vegetables,90.82,kg per person per year,"food supply, primary equivalent; meat in carcass weight, fish in live weight",supply,DIE-07,VN-direct,High,revealed,"Food supply quantity, element 645."
DPI-034,FAOSTAT Food Balance Sheets (2010 to 2023 series),2015,Vietnam,whole population,All foods,86.03,g protein per person per day,food supply available for consumption (not intake; includes household waste),supply,DIE-07,VN-direct,High,revealed,"Protein supply quantity, element 674."
DPI-035,FAOSTAT Food Balance Sheets (2010 to 2023 series),2015,Vietnam,whole population,All animal foods,31.94,g protein per person per day,food supply available for consumption (not intake; includes household waste),supply,DIE-07,VN-direct,High,revealed,"Protein supply quantity, element 674."
DPI-036,FAOSTAT Food Balance Sheets (2010 to 2023 series),2015,Vietnam,whole population,All plant foods,54.08,g protein per person per day,food supply available for consumption (not intake; includes household waste),supply,DIE-07,VN-direct,High,revealed,"Protein supply quantity, element 674."
DPI-037,FAOSTAT Food Balance Sheets (2010 to 2023 series),2015,Vietnam,whole population,Meat (all),16.15,g protein per person per day,food supply available for consumption (not intake; includes household waste),supply,DIE-07,VN-direct,High,revealed,"Protein supply quantity, element 674."
DPI-038,FAOSTAT Food Balance Sheets (2010 to 2023 series),2015,Vietnam,whole population,Meat (all),39.84,kg per person per year,"food supply, primary equivalent; meat in carcass weight, fish in live weight",supply,DIE-07,VN-direct,High,revealed,"Food supply quantity, element 645."
DPI-039,FAOSTAT Food Balance Sheets (2010 to 2023 series),2015,Vietnam,whole population,Pork,10.6,g protein per person per day,food supply available for consumption (not intake; includes household waste),supply,DIE-07,VN-direct,High,revealed,"Protein supply quantity, element 674."
DPI-040,FAOSTAT Food Balance Sheets (2010 to 2023 series),2015,Vietnam,whole population,Pork,27.43,kg per person per year,"food supply, primary equivalent; meat in carcass weight, fish in live weight",supply,DIE-07,VN-direct,High,revealed,"Food supply quantity, element 645."
DPI-041,FAOSTAT Food Balance Sheets (2010 to 2023 series),2015,Vietnam,whole population,Poultry,4.14,g protein per person per day,food supply available for consumption (not intake; includes household waste),supply,DIE-07,VN-direct,High,revealed,"Protein supply quantity, element 674."
DPI-042,FAOSTAT Food Balance Sheets (2010 to 2023 series),2015,Vietnam,whole population,Poultry,9.26,kg per person per year,"food supply, primary equivalent; meat in carcass weight, fish in live weight",supply,DIE-07,VN-direct,High,revealed,"Food supply quantity, element 645."
DPI-043,FAOSTAT Food Balance Sheets (2010 to 2023 series),2015,Vietnam,whole population,Beef,1.17,g protein per person per day,food supply available for consumption (not intake; includes household waste),supply,DIE-07,VN-direct,High,revealed,"Protein supply quantity, element 674."
DPI-044,FAOSTAT Food Balance Sheets (2010 to 2023 series),2015,Vietnam,whole population,Beef,2.69,kg per person per year,"food supply, primary equivalent; meat in carcass weight, fish in live weight",supply,DIE-07,VN-direct,High,revealed,"Food supply quantity, element 645."
DPI-045,FAOSTAT Food Balance Sheets (2010 to 2023 series),2015,Vietnam,whole population,Offal,2.01,g protein per person per day,food supply available for consumption (not intake; includes household waste),supply,DIE-07,VN-direct,High,revealed,"Protein supply quantity, element 674."
DPI-046,FAOSTAT Food Balance Sheets (2010 to 2023 series),2015,Vietnam,whole population,Offal,4.78,kg per person per year,"food supply, primary equivalent; meat in carcass weight, fish in live weight",supply,DIE-07,VN-direct,High,revealed,"Food supply quantity, element 645."
DPI-047,FAOSTAT Food Balance Sheets (2010 to 2023 series),2015,Vietnam,whole population,Fish and seafood,9.79,g protein per person per day,food supply available for consumption (not intake; includes household waste),supply,DIE-07,VN-direct,High,revealed,"Protein supply quantity, element 674."
DPI-048,FAOSTAT Food Balance Sheets (2010 to 2023 series),2015,Vietnam,whole population,Fish and seafood,35.77,kg per person per year,"food supply, primary equivalent; meat in carcass weight, fish in live weight",supply,DIE-07,VN-direct,High,revealed,"Food supply quantity, element 645."
DPI-049,FAOSTAT Food Balance Sheets (2010 to 2023 series),2015,Vietnam,whole population,Eggs,1.27,g protein per person per day,food supply available for consumption (not intake; includes household waste),supply,DIE-07,VN-direct,High,revealed,"Protein supply quantity, element 674."
DPI-050,FAOSTAT Food Balance Sheets (2010 to 2023 series),2015,Vietnam,whole population,Eggs,4.05,kg per person per year,"food supply, primary equivalent; meat in carcass weight, fish in live weight",supply,DIE-07,VN-direct,High,revealed,"Food supply quantity, element 645."
DPI-051,FAOSTAT Food Balance Sheets (2010 to 2023 series),2015,Vietnam,whole population,Milk and dairy (excl. butter),2.38,g protein per person per day,food supply available for consumption (not intake; includes household waste),supply,DIE-07,VN-direct,High,revealed,"Protein supply quantity, element 674."
DPI-052,FAOSTAT Food Balance Sheets (2010 to 2023 series),2015,Vietnam,whole population,Milk and dairy (excl. butter),44.71,kg per person per year,"food supply, primary equivalent; meat in carcass weight, fish in live weight",supply,DIE-07,VN-direct,High,revealed,"Food supply quantity, element 645."
DPI-053,FAOSTAT Food Balance Sheets (2010 to 2023 series),2015,Vietnam,whole population,"Soybeans (as food, incl. tofu and soy milk equivalent)",3.32,g protein per person per day,food supply available for consumption (not intake; includes household waste),supply,DIE-07,VN-direct,High,revealed,"Protein supply quantity, element 674."
DPI-054,FAOSTAT Food Balance Sheets (2010 to 2023 series),2015,Vietnam,whole population,"Soybeans (as food, incl. tofu and soy milk equivalent)",3.57,kg per person per year,"food supply, primary equivalent; meat in carcass weight, fish in live weight",supply,DIE-07,VN-direct,High,revealed,"Food supply quantity, element 645."
DPI-055,FAOSTAT Food Balance Sheets (2010 to 2023 series),2015,Vietnam,whole population,Pulses (other legumes),1.88,g protein per person per day,food supply available for consumption (not intake; includes household waste),supply,DIE-07,VN-direct,High,revealed,"Protein supply quantity, element 674."
DPI-056,FAOSTAT Food Balance Sheets (2010 to 2023 series),2015,Vietnam,whole population,Pulses (other legumes),2.96,kg per person per year,"food supply, primary equivalent; meat in carcass weight, fish in live weight",supply,DIE-07,VN-direct,High,revealed,"Food supply quantity, element 645."
DPI-057,FAOSTAT Food Balance Sheets (2010 to 2023 series),2015,Vietnam,whole population,Groundnuts,1.33,g protein per person per day,food supply available for consumption (not intake; includes household waste),supply,DIE-07,VN-direct,High,revealed,"Protein supply quantity, element 674."
DPI-058,FAOSTAT Food Balance Sheets (2010 to 2023 series),2015,Vietnam,whole population,Groundnuts,2.62,kg per person per year,"food supply, primary equivalent; meat in carcass weight, fish in live weight",supply,DIE-07,VN-direct,High,revealed,"Food supply quantity, element 645."
DPI-059,FAOSTAT Food Balance Sheets (2010 to 2023 series),2015,Vietnam,whole population,Cereals,35.69,g protein per person per day,food supply available for consumption (not intake; includes household waste),supply,DIE-07,VN-direct,High,revealed,"Protein supply quantity, element 674."
DPI-060,FAOSTAT Food Balance Sheets (2010 to 2023 series),2015,Vietnam,whole population,Cereals,275.03,kg per person per year,"food supply, primary equivalent; meat in carcass weight, fish in live weight",supply,DIE-07,VN-direct,High,revealed,"Food supply quantity, element 645."
DPI-061,FAOSTAT Food Balance Sheets (2010 to 2023 series),2015,Vietnam,whole population,Rice,30.31,g protein per person per day,food supply available for consumption (not intake; includes household waste),supply,DIE-07,VN-direct,High,revealed,"Protein supply quantity, element 674."
DPI-062,FAOSTAT Food Balance Sheets (2010 to 2023 series),2015,Vietnam,whole population,Rice,247.04,kg per person per year,"food supply, primary equivalent; meat in carcass weight, fish in live weight",supply,DIE-07,VN-direct,High,revealed,"Food supply quantity, element 645."
DPI-063,FAOSTAT Food Balance Sheets (2010 to 2023 series),2015,Vietnam,whole population,Wheat,2.68,g protein per person per day,food supply available for consumption (not intake; includes household waste),supply,DIE-07,VN-direct,High,revealed,"Protein supply quantity, element 674."
DPI-064,FAOSTAT Food Balance Sheets (2010 to 2023 series),2015,Vietnam,whole population,Wheat,12.13,kg per person per year,"food supply, primary equivalent; meat in carcass weight, fish in live weight",supply,DIE-07,VN-direct,High,revealed,"Food supply quantity, element 645."
DPI-065,FAOSTAT Food Balance Sheets (2010 to 2023 series),2015,Vietnam,whole population,Vegetables,8.84,g protein per person per day,food supply available for consumption (not intake; includes household waste),supply,DIE-07,VN-direct,High,revealed,"Protein supply quantity, element 674."
DPI-066,FAOSTAT Food Balance Sheets (2010 to 2023 series),2015,Vietnam,whole population,Vegetables,154.23,kg per person per year,"food supply, primary equivalent; meat in carcass weight, fish in live weight",supply,DIE-07,VN-direct,High,revealed,"Food supply quantity, element 645."
DPI-067,FAOSTAT Food Balance Sheets (2010 to 2023 series),2019,Vietnam,whole population,All foods,92.13,g protein per person per day,food supply available for consumption (not intake; includes household waste),supply,DIE-07,VN-direct,High,revealed,"Protein supply quantity, element 674."
DPI-068,FAOSTAT Food Balance Sheets (2010 to 2023 series),2019,Vietnam,whole population,All animal foods,35.07,g protein per person per day,food supply available for consumption (not intake; includes household waste),supply,DIE-07,VN-direct,High,revealed,"Protein supply quantity, element 674."
DPI-069,FAOSTAT Food Balance Sheets (2010 to 2023 series),2019,Vietnam,whole population,All plant foods,57.07,g protein per person per day,food supply available for consumption (not intake; includes household waste),supply,DIE-07,VN-direct,High,revealed,"Protein supply quantity, element 674."
DPI-070,FAOSTAT Food Balance Sheets (2010 to 2023 series),2019,Vietnam,whole population,Meat (all),17.61,g protein per person per day,food supply available for consumption (not intake; includes household waste),supply,DIE-07,VN-direct,High,revealed,"Protein supply quantity, element 674."
DPI-071,FAOSTAT Food Balance Sheets (2010 to 2023 series),2019,Vietnam,whole population,Meat (all),42.89,kg per person per year,"food supply, primary equivalent; meat in carcass weight, fish in live weight",supply,DIE-07,VN-direct,High,revealed,"Food supply quantity, element 645."
DPI-072,FAOSTAT Food Balance Sheets (2010 to 2023 series),2019,Vietnam,whole population,Pork,9.72,g protein per person per day,food supply available for consumption (not intake; includes household waste),supply,DIE-07,VN-direct,High,revealed,"Protein supply quantity, element 674."
DPI-073,FAOSTAT Food Balance Sheets (2010 to 2023 series),2019,Vietnam,whole population,Pork,25.16,kg per person per year,"food supply, primary equivalent; meat in carcass weight, fish in live weight",supply,DIE-07,VN-direct,High,revealed,"Food supply quantity, element 645."
DPI-074,FAOSTAT Food Balance Sheets (2010 to 2023 series),2019,Vietnam,whole population,Poultry,6.13,g protein per person per day,food supply available for consumption (not intake; includes household waste),supply,DIE-07,VN-direct,High,revealed,"Protein supply quantity, element 674."
DPI-075,FAOSTAT Food Balance Sheets (2010 to 2023 series),2019,Vietnam,whole population,Poultry,13.7,kg per person per year,"food supply, primary equivalent; meat in carcass weight, fish in live weight",supply,DIE-07,VN-direct,High,revealed,"Food supply quantity, element 645."
DPI-076,FAOSTAT Food Balance Sheets (2010 to 2023 series),2019,Vietnam,whole population,Beef,1.53,g protein per person per day,food supply available for consumption (not intake; includes household waste),supply,DIE-07,VN-direct,High,revealed,"Protein supply quantity, element 674."
DPI-077,FAOSTAT Food Balance Sheets (2010 to 2023 series),2019,Vietnam,whole population,Beef,3.56,kg per person per year,"food supply, primary equivalent; meat in carcass weight, fish in live weight",supply,DIE-07,VN-direct,High,revealed,"Food supply quantity, element 645."
DPI-078,FAOSTAT Food Balance Sheets (2010 to 2023 series),2019,Vietnam,whole population,Offal,2.14,g protein per person per day,food supply available for consumption (not intake; includes household waste),supply,DIE-07,VN-direct,High,revealed,"Protein supply quantity, element 674."
DPI-079,FAOSTAT Food Balance Sheets (2010 to 2023 series),2019,Vietnam,whole population,Offal,5.11,kg per person per year,"food supply, primary equivalent; meat in carcass weight, fish in live weight",supply,DIE-07,VN-direct,High,revealed,"Food supply quantity, element 645."
DPI-080,FAOSTAT Food Balance Sheets (2010 to 2023 series),2019,Vietnam,whole population,Fish and seafood,11.07,g protein per person per day,food supply available for consumption (not intake; includes household waste),supply,DIE-07,VN-direct,High,revealed,"Protein supply quantity, element 674."
DPI-081,FAOSTAT Food Balance Sheets (2010 to 2023 series),2019,Vietnam,whole population,Fish and seafood,39.89,kg per person per year,"food supply, primary equivalent; meat in carcass weight, fish in live weight",supply,DIE-07,VN-direct,High,revealed,"Food supply quantity, element 645."
DPI-082,FAOSTAT Food Balance Sheets (2010 to 2023 series),2019,Vietnam,whole population,Eggs,1.12,g protein per person per day,food supply available for consumption (not intake; includes household waste),supply,DIE-07,VN-direct,High,revealed,"Protein supply quantity, element 674."
DPI-083,FAOSTAT Food Balance Sheets (2010 to 2023 series),2019,Vietnam,whole population,Eggs,3.58,kg per person per year,"food supply, primary equivalent; meat in carcass weight, fish in live weight",supply,DIE-07,VN-direct,High,revealed,"Food supply quantity, element 645."
DPI-084,FAOSTAT Food Balance Sheets (2010 to 2023 series),2019,Vietnam,whole population,Milk and dairy (excl. butter),2.78,g protein per person per day,food supply available for consumption (not intake; includes household waste),supply,DIE-07,VN-direct,High,revealed,"Protein supply quantity, element 674."
DPI-085,FAOSTAT Food Balance Sheets (2010 to 2023 series),2019,Vietnam,whole population,Milk and dairy (excl. butter),48.52,kg per person per year,"food supply, primary equivalent; meat in carcass weight, fish in live weight",supply,DIE-07,VN-direct,High,revealed,"Food supply quantity, element 645."
DPI-086,FAOSTAT Food Balance Sheets (2010 to 2023 series),2019,Vietnam,whole population,"Soybeans (as food, incl. tofu and soy milk equivalent)",4.96,g protein per person per day,food supply available for consumption (not intake; includes household waste),supply,DIE-07,VN-direct,High,revealed,"Protein supply quantity, element 674."
DPI-087,FAOSTAT Food Balance Sheets (2010 to 2023 series),2019,Vietnam,whole population,"Soybeans (as food, incl. tofu and soy milk equivalent)",5.34,kg per person per year,"food supply, primary equivalent; meat in carcass weight, fish in live weight",supply,DIE-07,VN-direct,High,revealed,"Food supply quantity, element 645."
DPI-088,FAOSTAT Food Balance Sheets (2010 to 2023 series),2019,Vietnam,whole population,Pulses (other legumes),1.97,g protein per person per day,food supply available for consumption (not intake; includes household waste),supply,DIE-07,VN-direct,High,revealed,"Protein supply quantity, element 674."
DPI-089,FAOSTAT Food Balance Sheets (2010 to 2023 series),2019,Vietnam,whole population,Pulses (other legumes),3.13,kg per person per year,"food supply, primary equivalent; meat in carcass weight, fish in live weight",supply,DIE-07,VN-direct,High,revealed,"Food supply quantity, element 645."
DPI-090,FAOSTAT Food Balance Sheets (2010 to 2023 series),2019,Vietnam,whole population,Groundnuts,1.54,g protein per person per day,food supply available for consumption (not intake; includes household waste),supply,DIE-07,VN-direct,High,revealed,"Protein supply quantity, element 674."
DPI-091,FAOSTAT Food Balance Sheets (2010 to 2023 series),2019,Vietnam,whole population,Groundnuts,3.04,kg per person per year,"food supply, primary equivalent; meat in carcass weight, fish in live weight",supply,DIE-07,VN-direct,High,revealed,"Food supply quantity, element 645."
DPI-092,FAOSTAT Food Balance Sheets (2010 to 2023 series),2019,Vietnam,whole population,Cereals,35.23,g protein per person per day,food supply available for consumption (not intake; includes household waste),supply,DIE-07,VN-direct,High,revealed,"Protein supply quantity, element 674."
DPI-093,FAOSTAT Food Balance Sheets (2010 to 2023 series),2019,Vietnam,whole population,Cereals,266.14,kg per person per year,"food supply, primary equivalent; meat in carcass weight, fish in live weight",supply,DIE-07,VN-direct,High,revealed,"Food supply quantity, element 645."
DPI-094,FAOSTAT Food Balance Sheets (2010 to 2023 series),2019,Vietnam,whole population,Rice,28.27,g protein per person per day,food supply available for consumption (not intake; includes household waste),supply,DIE-07,VN-direct,High,revealed,"Protein supply quantity, element 674."
DPI-095,FAOSTAT Food Balance Sheets (2010 to 2023 series),2019,Vietnam,whole population,Rice,230.67,kg per person per year,"food supply, primary equivalent; meat in carcass weight, fish in live weight",supply,DIE-07,VN-direct,High,revealed,"Food supply quantity, element 645."
DPI-096,FAOSTAT Food Balance Sheets (2010 to 2023 series),2019,Vietnam,whole population,Wheat,3.76,g protein per person per day,food supply available for consumption (not intake; includes household waste),supply,DIE-07,VN-direct,High,revealed,"Protein supply quantity, element 674."
DPI-097,FAOSTAT Food Balance Sheets (2010 to 2023 series),2019,Vietnam,whole population,Wheat,16.75,kg per person per year,"food supply, primary equivalent; meat in carcass weight, fish in live weight",supply,DIE-07,VN-direct,High,revealed,"Food supply quantity, element 645."
DPI-098,FAOSTAT Food Balance Sheets (2010 to 2023 series),2019,Vietnam,whole population,Vegetables,9.7,g protein per person per day,food supply available for consumption (not intake; includes household waste),supply,DIE-07,VN-direct,High,revealed,"Protein supply quantity, element 674."
DPI-099,FAOSTAT Food Balance Sheets (2010 to 2023 series),2019,Vietnam,whole population,Vegetables,169.56,kg per person per year,"food supply, primary equivalent; meat in carcass weight, fish in live weight",supply,DIE-07,VN-direct,High,revealed,"Food supply quantity, element 645."
DPI-100,FAOSTAT Food Balance Sheets (2010 to 2023 series),2020,Vietnam,whole population,All foods,93.4,g protein per person per day,food supply available for consumption (not intake; includes household waste),supply,DIE-07,VN-direct,High,revealed,"Protein supply quantity, element 674."
DPI-101,FAOSTAT Food Balance Sheets (2010 to 2023 series),2020,Vietnam,whole population,All animal foods,36.75,g protein per person per day,food supply available for consumption (not intake; includes household waste),supply,DIE-07,VN-direct,High,revealed,"Protein supply quantity, element 674."
DPI-102,FAOSTAT Food Balance Sheets (2010 to 2023 series),2020,Vietnam,whole population,All plant foods,56.64,g protein per person per day,food supply available for consumption (not intake; includes household waste),supply,DIE-07,VN-direct,High,revealed,"Protein supply quantity, element 674."
DPI-103,FAOSTAT Food Balance Sheets (2010 to 2023 series),2020,Vietnam,whole population,Meat (all),19.51,g protein per person per day,food supply available for consumption (not intake; includes household waste),supply,DIE-07,VN-direct,High,revealed,"Protein supply quantity, element 674."
DPI-104,FAOSTAT Food Balance Sheets (2010 to 2023 series),2020,Vietnam,whole population,Meat (all),47.48,kg per person per year,"food supply, primary equivalent; meat in carcass weight, fish in live weight",supply,DIE-07,VN-direct,High,revealed,"Food supply quantity, element 645."
DPI-105,FAOSTAT Food Balance Sheets (2010 to 2023 series),2020,Vietnam,whole population,Pork,10.34,g protein per person per day,food supply available for consumption (not intake; includes household waste),supply,DIE-07,VN-direct,High,revealed,"Protein supply quantity, element 674."
DPI-106,FAOSTAT Food Balance Sheets (2010 to 2023 series),2020,Vietnam,whole population,Pork,26.86,kg per person per year,"food supply, primary equivalent; meat in carcass weight, fish in live weight",supply,DIE-07,VN-direct,High,revealed,"Food supply quantity, element 645."
DPI-107,FAOSTAT Food Balance Sheets (2010 to 2023 series),2020,Vietnam,whole population,Poultry,7.23,g protein per person per day,food supply available for consumption (not intake; includes household waste),supply,DIE-07,VN-direct,High,revealed,"Protein supply quantity, element 674."
DPI-108,FAOSTAT Food Balance Sheets (2010 to 2023 series),2020,Vietnam,whole population,Poultry,16.17,kg per person per year,"food supply, primary equivalent; meat in carcass weight, fish in live weight",supply,DIE-07,VN-direct,High,revealed,"Food supply quantity, element 645."
DPI-109,FAOSTAT Food Balance Sheets (2010 to 2023 series),2020,Vietnam,whole population,Beef,1.68,g protein per person per day,food supply available for consumption (not intake; includes household waste),supply,DIE-07,VN-direct,High,revealed,"Protein supply quantity, element 674."
DPI-110,FAOSTAT Food Balance Sheets (2010 to 2023 series),2020,Vietnam,whole population,Beef,3.93,kg per person per year,"food supply, primary equivalent; meat in carcass weight, fish in live weight",supply,DIE-07,VN-direct,High,revealed,"Food supply quantity, element 645."
DPI-111,FAOSTAT Food Balance Sheets (2010 to 2023 series),2020,Vietnam,whole population,Offal,1.63,g protein per person per day,food supply available for consumption (not intake; includes household waste),supply,DIE-07,VN-direct,High,revealed,"Protein supply quantity, element 674."
DPI-112,FAOSTAT Food Balance Sheets (2010 to 2023 series),2020,Vietnam,whole population,Offal,3.88,kg per person per year,"food supply, primary equivalent; meat in carcass weight, fish in live weight",supply,DIE-07,VN-direct,High,revealed,"Food supply quantity, element 645."
DPI-113,FAOSTAT Food Balance Sheets (2010 to 2023 series),2020,Vietnam,whole population,Fish and seafood,11.27,g protein per person per day,food supply available for consumption (not intake; includes household waste),supply,DIE-07,VN-direct,High,revealed,"Protein supply quantity, element 674."
DPI-114,FAOSTAT Food Balance Sheets (2010 to 2023 series),2020,Vietnam,whole population,Fish and seafood,40.99,kg per person per year,"food supply, primary equivalent; meat in carcass weight, fish in live weight",supply,DIE-07,VN-direct,High,revealed,"Food supply quantity, element 645."
DPI-115,FAOSTAT Food Balance Sheets (2010 to 2023 series),2020,Vietnam,whole population,Eggs,1.29,g protein per person per day,food supply available for consumption (not intake; includes household waste),supply,DIE-07,VN-direct,High,revealed,"Protein supply quantity, element 674."
DPI-116,FAOSTAT Food Balance Sheets (2010 to 2023 series),2020,Vietnam,whole population,Eggs,4.1,kg per person per year,"food supply, primary equivalent; meat in carcass weight, fish in live weight",supply,DIE-07,VN-direct,High,revealed,"Food supply quantity, element 645."
DPI-117,FAOSTAT Food Balance Sheets (2010 to 2023 series),2020,Vietnam,whole population,Milk and dairy (excl. butter),2.8,g protein per person per day,food supply available for consumption (not intake; includes household waste),supply,DIE-07,VN-direct,High,revealed,"Protein supply quantity, element 674."
DPI-118,FAOSTAT Food Balance Sheets (2010 to 2023 series),2020,Vietnam,whole population,Milk and dairy (excl. butter),48.25,kg per person per year,"food supply, primary equivalent; meat in carcass weight, fish in live weight",supply,DIE-07,VN-direct,High,revealed,"Food supply quantity, element 645."
DPI-119,FAOSTAT Food Balance Sheets (2010 to 2023 series),2020,Vietnam,whole population,"Soybeans (as food, incl. tofu and soy milk equivalent)",4.51,g protein per person per day,food supply available for consumption (not intake; includes household waste),supply,DIE-07,VN-direct,High,revealed,"Protein supply quantity, element 674."
DPI-120,FAOSTAT Food Balance Sheets (2010 to 2023 series),2020,Vietnam,whole population,"Soybeans (as food, incl. tofu and soy milk equivalent)",4.85,kg per person per year,"food supply, primary equivalent; meat in carcass weight, fish in live weight",supply,DIE-07,VN-direct,High,revealed,"Food supply quantity, element 645."
DPI-121,FAOSTAT Food Balance Sheets (2010 to 2023 series),2020,Vietnam,whole population,Pulses (other legumes),1.98,g protein per person per day,food supply available for consumption (not intake; includes household waste),supply,DIE-07,VN-direct,High,revealed,"Protein supply quantity, element 674."
DPI-122,FAOSTAT Food Balance Sheets (2010 to 2023 series),2020,Vietnam,whole population,Pulses (other legumes),3.15,kg per person per year,"food supply, primary equivalent; meat in carcass weight, fish in live weight",supply,DIE-07,VN-direct,High,revealed,"Food supply quantity, element 645."
DPI-123,FAOSTAT Food Balance Sheets (2010 to 2023 series),2020,Vietnam,whole population,Groundnuts,1.35,g protein per person per day,food supply available for consumption (not intake; includes household waste),supply,DIE-07,VN-direct,High,revealed,"Protein supply quantity, element 674."
DPI-124,FAOSTAT Food Balance Sheets (2010 to 2023 series),2020,Vietnam,whole population,Groundnuts,2.65,kg per person per year,"food supply, primary equivalent; meat in carcass weight, fish in live weight",supply,DIE-07,VN-direct,High,revealed,"Food supply quantity, element 645."
DPI-125,FAOSTAT Food Balance Sheets (2010 to 2023 series),2020,Vietnam,whole population,Cereals,35.72,g protein per person per day,food supply available for consumption (not intake; includes household waste),supply,DIE-07,VN-direct,High,revealed,"Protein supply quantity, element 674."
DPI-126,FAOSTAT Food Balance Sheets (2010 to 2023 series),2020,Vietnam,whole population,Cereals,270.3,kg per person per year,"food supply, primary equivalent; meat in carcass weight, fish in live weight",supply,DIE-07,VN-direct,High,revealed,"Food supply quantity, element 645."
DPI-127,FAOSTAT Food Balance Sheets (2010 to 2023 series),2020,Vietnam,whole population,Rice,28.78,g protein per person per day,food supply available for consumption (not intake; includes household waste),supply,DIE-07,VN-direct,High,revealed,"Protein supply quantity, element 674."
DPI-128,FAOSTAT Food Balance Sheets (2010 to 2023 series),2020,Vietnam,whole population,Rice,234.85,kg per person per year,"food supply, primary equivalent; meat in carcass weight, fish in live weight",supply,DIE-07,VN-direct,High,revealed,"Food supply quantity, element 645."
DPI-129,FAOSTAT Food Balance Sheets (2010 to 2023 series),2020,Vietnam,whole population,Wheat,3.75,g protein per person per day,food supply available for consumption (not intake; includes household waste),supply,DIE-07,VN-direct,High,revealed,"Protein supply quantity, element 674."
DPI-130,FAOSTAT Food Balance Sheets (2010 to 2023 series),2020,Vietnam,whole population,Wheat,16.72,kg per person per year,"food supply, primary equivalent; meat in carcass weight, fish in live weight",supply,DIE-07,VN-direct,High,revealed,"Food supply quantity, element 645."
DPI-131,FAOSTAT Food Balance Sheets (2010 to 2023 series),2020,Vietnam,whole population,Vegetables,9.81,g protein per person per day,food supply available for consumption (not intake; includes household waste),supply,DIE-07,VN-direct,High,revealed,"Protein supply quantity, element 674."
DPI-132,FAOSTAT Food Balance Sheets (2010 to 2023 series),2020,Vietnam,whole population,Vegetables,170.42,kg per person per year,"food supply, primary equivalent; meat in carcass weight, fish in live weight",supply,DIE-07,VN-direct,High,revealed,"Food supply quantity, element 645."
DPI-133,FAOSTAT Food Balance Sheets (2010 to 2023 series),2021,Vietnam,whole population,All foods,96.19,g protein per person per day,food supply available for consumption (not intake; includes household waste),supply,DIE-07,VN-direct,High,revealed,"Protein supply quantity, element 674."
DPI-134,FAOSTAT Food Balance Sheets (2010 to 2023 series),2021,Vietnam,whole population,All animal foods,39.39,g protein per person per day,food supply available for consumption (not intake; includes household waste),supply,DIE-07,VN-direct,High,revealed,"Protein supply quantity, element 674."
DPI-135,FAOSTAT Food Balance Sheets (2010 to 2023 series),2021,Vietnam,whole population,All plant foods,56.8,g protein per person per day,food supply available for consumption (not intake; includes household waste),supply,DIE-07,VN-direct,High,revealed,"Protein supply quantity, element 674."
DPI-136,FAOSTAT Food Balance Sheets (2010 to 2023 series),2021,Vietnam,whole population,Meat (all),21.8,g protein per person per day,food supply available for consumption (not intake; includes household waste),supply,DIE-07,VN-direct,High,revealed,"Protein supply quantity, element 674."
DPI-137,FAOSTAT Food Balance Sheets (2010 to 2023 series),2021,Vietnam,whole population,Meat (all),53.29,kg per person per year,"food supply, primary equivalent; meat in carcass weight, fish in live weight",supply,DIE-07,VN-direct,High,revealed,"Food supply quantity, element 645."
DPI-138,FAOSTAT Food Balance Sheets (2010 to 2023 series),2021,Vietnam,whole population,Pork,12.13,g protein per person per day,food supply available for consumption (not intake; includes household waste),supply,DIE-07,VN-direct,High,revealed,"Protein supply quantity, element 674."
DPI-139,FAOSTAT Food Balance Sheets (2010 to 2023 series),2021,Vietnam,whole population,Pork,31.51,kg per person per year,"food supply, primary equivalent; meat in carcass weight, fish in live weight",supply,DIE-07,VN-direct,High,revealed,"Food supply quantity, element 645."
DPI-140,FAOSTAT Food Balance Sheets (2010 to 2023 series),2021,Vietnam,whole population,Poultry,7.46,g protein per person per day,food supply available for consumption (not intake; includes household waste),supply,DIE-07,VN-direct,High,revealed,"Protein supply quantity, element 674."
DPI-141,FAOSTAT Food Balance Sheets (2010 to 2023 series),2021,Vietnam,whole population,Poultry,16.69,kg per person per year,"food supply, primary equivalent; meat in carcass weight, fish in live weight",supply,DIE-07,VN-direct,High,revealed,"Food supply quantity, element 645."
DPI-142,FAOSTAT Food Balance Sheets (2010 to 2023 series),2021,Vietnam,whole population,Beef,1.98,g protein per person per day,food supply available for consumption (not intake; includes household waste),supply,DIE-07,VN-direct,High,revealed,"Protein supply quantity, element 674."
DPI-143,FAOSTAT Food Balance Sheets (2010 to 2023 series),2021,Vietnam,whole population,Beef,4.62,kg per person per year,"food supply, primary equivalent; meat in carcass weight, fish in live weight",supply,DIE-07,VN-direct,High,revealed,"Food supply quantity, element 645."
DPI-144,FAOSTAT Food Balance Sheets (2010 to 2023 series),2021,Vietnam,whole population,Offal,2.06,g protein per person per day,food supply available for consumption (not intake; includes household waste),supply,DIE-07,VN-direct,High,revealed,"Protein supply quantity, element 674."
DPI-145,FAOSTAT Food Balance Sheets (2010 to 2023 series),2021,Vietnam,whole population,Offal,4.9,kg per person per year,"food supply, primary equivalent; meat in carcass weight, fish in live weight",supply,DIE-07,VN-direct,High,revealed,"Food supply quantity, element 645."
DPI-146,FAOSTAT Food Balance Sheets (2010 to 2023 series),2021,Vietnam,whole population,Fish and seafood,11.28,g protein per person per day,food supply available for consumption (not intake; includes household waste),supply,DIE-07,VN-direct,High,revealed,"Protein supply quantity, element 674."
DPI-147,FAOSTAT Food Balance Sheets (2010 to 2023 series),2021,Vietnam,whole population,Fish and seafood,40.63,kg per person per year,"food supply, primary equivalent; meat in carcass weight, fish in live weight",supply,DIE-07,VN-direct,High,revealed,"Food supply quantity, element 645."
DPI-148,FAOSTAT Food Balance Sheets (2010 to 2023 series),2021,Vietnam,whole population,Eggs,1.11,g protein per person per day,food supply available for consumption (not intake; includes household waste),supply,DIE-07,VN-direct,High,revealed,"Protein supply quantity, element 674."
DPI-149,FAOSTAT Food Balance Sheets (2010 to 2023 series),2021,Vietnam,whole population,Eggs,3.54,kg per person per year,"food supply, primary equivalent; meat in carcass weight, fish in live weight",supply,DIE-07,VN-direct,High,revealed,"Food supply quantity, element 645."
DPI-150,FAOSTAT Food Balance Sheets (2010 to 2023 series),2021,Vietnam,whole population,Milk and dairy (excl. butter),2.84,g protein per person per day,food supply available for consumption (not intake; includes household waste),supply,DIE-07,VN-direct,High,revealed,"Protein supply quantity, element 674."
DPI-151,FAOSTAT Food Balance Sheets (2010 to 2023 series),2021,Vietnam,whole population,Milk and dairy (excl. butter),53.91,kg per person per year,"food supply, primary equivalent; meat in carcass weight, fish in live weight",supply,DIE-07,VN-direct,High,revealed,"Food supply quantity, element 645."
DPI-152,FAOSTAT Food Balance Sheets (2010 to 2023 series),2021,Vietnam,whole population,"Soybeans (as food, incl. tofu and soy milk equivalent)",4.67,g protein per person per day,food supply available for consumption (not intake; includes household waste),supply,DIE-07,VN-direct,High,revealed,"Protein supply quantity, element 674."
DPI-153,FAOSTAT Food Balance Sheets (2010 to 2023 series),2021,Vietnam,whole population,"Soybeans (as food, incl. tofu and soy milk equivalent)",5.03,kg per person per year,"food supply, primary equivalent; meat in carcass weight, fish in live weight",supply,DIE-07,VN-direct,High,revealed,"Food supply quantity, element 645."
DPI-154,FAOSTAT Food Balance Sheets (2010 to 2023 series),2021,Vietnam,whole population,Pulses (other legumes),2.27,g protein per person per day,food supply available for consumption (not intake; includes household waste),supply,DIE-07,VN-direct,High,revealed,"Protein supply quantity, element 674."
DPI-155,FAOSTAT Food Balance Sheets (2010 to 2023 series),2021,Vietnam,whole population,Pulses (other legumes),3.61,kg per person per year,"food supply, primary equivalent; meat in carcass weight, fish in live weight",supply,DIE-07,VN-direct,High,revealed,"Food supply quantity, element 645."
DPI-156,FAOSTAT Food Balance Sheets (2010 to 2023 series),2021,Vietnam,whole population,Groundnuts,0.79,g protein per person per day,food supply available for consumption (not intake; includes household waste),supply,DIE-07,VN-direct,High,revealed,"Protein supply quantity, element 674."
DPI-157,FAOSTAT Food Balance Sheets (2010 to 2023 series),2021,Vietnam,whole population,Groundnuts,1.56,kg per person per year,"food supply, primary equivalent; meat in carcass weight, fish in live weight",supply,DIE-07,VN-direct,High,revealed,"Food supply quantity, element 645."
DPI-158,FAOSTAT Food Balance Sheets (2010 to 2023 series),2021,Vietnam,whole population,Cereals,34.48,g protein per person per day,food supply available for consumption (not intake; includes household waste),supply,DIE-07,VN-direct,High,revealed,"Protein supply quantity, element 674."
DPI-159,FAOSTAT Food Balance Sheets (2010 to 2023 series),2021,Vietnam,whole population,Cereals,262.39,kg per person per year,"food supply, primary equivalent; meat in carcass weight, fish in live weight",supply,DIE-07,VN-direct,High,revealed,"Food supply quantity, element 645."
DPI-160,FAOSTAT Food Balance Sheets (2010 to 2023 series),2021,Vietnam,whole population,Rice,28.31,g protein per person per day,food supply available for consumption (not intake; includes household waste),supply,DIE-07,VN-direct,High,revealed,"Protein supply quantity, element 674."
DPI-161,FAOSTAT Food Balance Sheets (2010 to 2023 series),2021,Vietnam,whole population,Rice,230.82,kg per person per year,"food supply, primary equivalent; meat in carcass weight, fish in live weight",supply,DIE-07,VN-direct,High,revealed,"Food supply quantity, element 645."
DPI-162,FAOSTAT Food Balance Sheets (2010 to 2023 series),2021,Vietnam,whole population,Wheat,3.42,g protein per person per day,food supply available for consumption (not intake; includes household waste),supply,DIE-07,VN-direct,High,revealed,"Protein supply quantity, element 674."
DPI-163,FAOSTAT Food Balance Sheets (2010 to 2023 series),2021,Vietnam,whole population,Wheat,15.4,kg per person per year,"food supply, primary equivalent; meat in carcass weight, fish in live weight",supply,DIE-07,VN-direct,High,revealed,"Food supply quantity, element 645."
DPI-164,FAOSTAT Food Balance Sheets (2010 to 2023 series),2021,Vietnam,whole population,Vegetables,9.92,g protein per person per day,food supply available for consumption (not intake; includes household waste),supply,DIE-07,VN-direct,High,revealed,"Protein supply quantity, element 674."
DPI-165,FAOSTAT Food Balance Sheets (2010 to 2023 series),2021,Vietnam,whole population,Vegetables,169.27,kg per person per year,"food supply, primary equivalent; meat in carcass weight, fish in live weight",supply,DIE-07,VN-direct,High,revealed,"Food supply quantity, element 645."
DPI-166,FAOSTAT Food Balance Sheets (2010 to 2023 series),2022,Vietnam,whole population,All foods,98.78,g protein per person per day,food supply available for consumption (not intake; includes household waste),supply,DIE-07,VN-direct,High,revealed,"Protein supply quantity, element 674."
DPI-167,FAOSTAT Food Balance Sheets (2010 to 2023 series),2022,Vietnam,whole population,All animal foods,40.91,g protein per person per day,food supply available for consumption (not intake; includes household waste),supply,DIE-07,VN-direct,High,revealed,"Protein supply quantity, element 674."
DPI-168,FAOSTAT Food Balance Sheets (2010 to 2023 series),2022,Vietnam,whole population,All plant foods,57.88,g protein per person per day,food supply available for consumption (not intake; includes household waste),supply,DIE-07,VN-direct,High,revealed,"Protein supply quantity, element 674."
DPI-169,FAOSTAT Food Balance Sheets (2010 to 2023 series),2022,Vietnam,whole population,Meat (all),24.06,g protein per person per day,food supply available for consumption (not intake; includes household waste),supply,DIE-07,VN-direct,High,revealed,"Protein supply quantity, element 674."
DPI-170,FAOSTAT Food Balance Sheets (2010 to 2023 series),2022,Vietnam,whole population,Meat (all),58.26,kg per person per year,"food supply, primary equivalent; meat in carcass weight, fish in live weight",supply,DIE-07,VN-direct,High,revealed,"Food supply quantity, element 645."
DPI-171,FAOSTAT Food Balance Sheets (2010 to 2023 series),2022,Vietnam,whole population,Pork,13.28,g protein per person per day,food supply available for consumption (not intake; includes household waste),supply,DIE-07,VN-direct,High,revealed,"Protein supply quantity, element 674."
DPI-172,FAOSTAT Food Balance Sheets (2010 to 2023 series),2022,Vietnam,whole population,Pork,34.42,kg per person per year,"food supply, primary equivalent; meat in carcass weight, fish in live weight",supply,DIE-07,VN-direct,High,revealed,"Food supply quantity, element 645."
DPI-173,FAOSTAT Food Balance Sheets (2010 to 2023 series),2022,Vietnam,whole population,Poultry,8.1,g protein per person per day,food supply available for consumption (not intake; includes household waste),supply,DIE-07,VN-direct,High,revealed,"Protein supply quantity, element 674."
DPI-174,FAOSTAT Food Balance Sheets (2010 to 2023 series),2022,Vietnam,whole population,Poultry,18.11,kg per person per year,"food supply, primary equivalent; meat in carcass weight, fish in live weight",supply,DIE-07,VN-direct,High,revealed,"Food supply quantity, element 645."
DPI-175,FAOSTAT Food Balance Sheets (2010 to 2023 series),2022,Vietnam,whole population,Beef,2.41,g protein per person per day,food supply available for consumption (not intake; includes household waste),supply,DIE-07,VN-direct,High,revealed,"Protein supply quantity, element 674."
DPI-176,FAOSTAT Food Balance Sheets (2010 to 2023 series),2022,Vietnam,whole population,Beef,5.24,kg per person per year,"food supply, primary equivalent; meat in carcass weight, fish in live weight",supply,DIE-07,VN-direct,High,revealed,"Food supply quantity, element 645."
DPI-177,FAOSTAT Food Balance Sheets (2010 to 2023 series),2022,Vietnam,whole population,Offal,1.96,g protein per person per day,food supply available for consumption (not intake; includes household waste),supply,DIE-07,VN-direct,High,revealed,"Protein supply quantity, element 674."
DPI-178,FAOSTAT Food Balance Sheets (2010 to 2023 series),2022,Vietnam,whole population,Offal,4.66,kg per person per year,"food supply, primary equivalent; meat in carcass weight, fish in live weight",supply,DIE-07,VN-direct,High,revealed,"Food supply quantity, element 645."
DPI-179,FAOSTAT Food Balance Sheets (2010 to 2023 series),2022,Vietnam,whole population,Fish and seafood,11.2,g protein per person per day,food supply available for consumption (not intake; includes household waste),supply,DIE-07,VN-direct,High,revealed,"Protein supply quantity, element 674."
DPI-180,FAOSTAT Food Balance Sheets (2010 to 2023 series),2022,Vietnam,whole population,Fish and seafood,40.33,kg per person per year,"food supply, primary equivalent; meat in carcass weight, fish in live weight",supply,DIE-07,VN-direct,High,revealed,"Food supply quantity, element 645."
DPI-181,FAOSTAT Food Balance Sheets (2010 to 2023 series),2022,Vietnam,whole population,Eggs,1.24,g protein per person per day,food supply available for consumption (not intake; includes household waste),supply,DIE-07,VN-direct,High,revealed,"Protein supply quantity, element 674."
DPI-182,FAOSTAT Food Balance Sheets (2010 to 2023 series),2022,Vietnam,whole population,Eggs,3.96,kg per person per year,"food supply, primary equivalent; meat in carcass weight, fish in live weight",supply,DIE-07,VN-direct,High,revealed,"Food supply quantity, element 645."
DPI-183,FAOSTAT Food Balance Sheets (2010 to 2023 series),2022,Vietnam,whole population,Milk and dairy (excl. butter),2.13,g protein per person per day,food supply available for consumption (not intake; includes household waste),supply,DIE-07,VN-direct,High,revealed,"Protein supply quantity, element 674."
DPI-184,FAOSTAT Food Balance Sheets (2010 to 2023 series),2022,Vietnam,whole population,Milk and dairy (excl. butter),41.08,kg per person per year,"food supply, primary equivalent; meat in carcass weight, fish in live weight",supply,DIE-07,VN-direct,High,revealed,"Food supply quantity, element 645."
DPI-185,FAOSTAT Food Balance Sheets (2010 to 2023 series),2022,Vietnam,whole population,"Soybeans (as food, incl. tofu and soy milk equivalent)",4.84,g protein per person per day,food supply available for consumption (not intake; includes household waste),supply,DIE-07,VN-direct,High,revealed,"Protein supply quantity, element 674."
DPI-186,FAOSTAT Food Balance Sheets (2010 to 2023 series),2022,Vietnam,whole population,"Soybeans (as food, incl. tofu and soy milk equivalent)",5.21,kg per person per year,"food supply, primary equivalent; meat in carcass weight, fish in live weight",supply,DIE-07,VN-direct,High,revealed,"Food supply quantity, element 645."
DPI-187,FAOSTAT Food Balance Sheets (2010 to 2023 series),2022,Vietnam,whole population,Pulses (other legumes),2.55,g protein per person per day,food supply available for consumption (not intake; includes household waste),supply,DIE-07,VN-direct,High,revealed,"Protein supply quantity, element 674."
DPI-188,FAOSTAT Food Balance Sheets (2010 to 2023 series),2022,Vietnam,whole population,Pulses (other legumes),4.06,kg per person per year,"food supply, primary equivalent; meat in carcass weight, fish in live weight",supply,DIE-07,VN-direct,High,revealed,"Food supply quantity, element 645."
DPI-189,FAOSTAT Food Balance Sheets (2010 to 2023 series),2022,Vietnam,whole population,Groundnuts,1.68,g protein per person per day,food supply available for consumption (not intake; includes household waste),supply,DIE-07,VN-direct,High,revealed,"Protein supply quantity, element 674."
DPI-190,FAOSTAT Food Balance Sheets (2010 to 2023 series),2022,Vietnam,whole population,Groundnuts,3.31,kg per person per year,"food supply, primary equivalent; meat in carcass weight, fish in live weight",supply,DIE-07,VN-direct,High,revealed,"Food supply quantity, element 645."
DPI-191,FAOSTAT Food Balance Sheets (2010 to 2023 series),2022,Vietnam,whole population,Cereals,33.21,g protein per person per day,food supply available for consumption (not intake; includes household waste),supply,DIE-07,VN-direct,High,revealed,"Protein supply quantity, element 674."
DPI-192,FAOSTAT Food Balance Sheets (2010 to 2023 series),2022,Vietnam,whole population,Cereals,252.74,kg per person per year,"food supply, primary equivalent; meat in carcass weight, fish in live weight",supply,DIE-07,VN-direct,High,revealed,"Food supply quantity, element 645."
DPI-193,FAOSTAT Food Balance Sheets (2010 to 2023 series),2022,Vietnam,whole population,Rice,27.1,g protein per person per day,food supply available for consumption (not intake; includes household waste),supply,DIE-07,VN-direct,High,revealed,"Protein supply quantity, element 674."
DPI-194,FAOSTAT Food Balance Sheets (2010 to 2023 series),2022,Vietnam,whole population,Rice,221.0,kg per person per year,"food supply, primary equivalent; meat in carcass weight, fish in live weight",supply,DIE-07,VN-direct,High,revealed,"Food supply quantity, element 645."
DPI-195,FAOSTAT Food Balance Sheets (2010 to 2023 series),2022,Vietnam,whole population,Wheat,3.45,g protein per person per day,food supply available for consumption (not intake; includes household waste),supply,DIE-07,VN-direct,High,revealed,"Protein supply quantity, element 674."
DPI-196,FAOSTAT Food Balance Sheets (2010 to 2023 series),2022,Vietnam,whole population,Wheat,16.09,kg per person per year,"food supply, primary equivalent; meat in carcass weight, fish in live weight",supply,DIE-07,VN-direct,High,revealed,"Food supply quantity, element 645."
DPI-197,FAOSTAT Food Balance Sheets (2010 to 2023 series),2022,Vietnam,whole population,Vegetables,10.32,g protein per person per day,food supply available for consumption (not intake; includes household waste),supply,DIE-07,VN-direct,High,revealed,"Protein supply quantity, element 674."
DPI-198,FAOSTAT Food Balance Sheets (2010 to 2023 series),2022,Vietnam,whole population,Vegetables,179.57,kg per person per year,"food supply, primary equivalent; meat in carcass weight, fish in live weight",supply,DIE-07,VN-direct,High,revealed,"Food supply quantity, element 645."
DPI-199,FAOSTAT Food Balance Sheets (2010 to 2023 series),2023,Vietnam,whole population,All foods,102.2,g protein per person per day,food supply available for consumption (not intake; includes household waste),supply,DIE-07,VN-direct,High,revealed,"Protein supply quantity, element 674."
DPI-200,FAOSTAT Food Balance Sheets (2010 to 2023 series),2023,Vietnam,whole population,All animal foods,43.23,g protein per person per day,food supply available for consumption (not intake; includes household waste),supply,DIE-07,VN-direct,High,revealed,"Protein supply quantity, element 674."
DPI-201,FAOSTAT Food Balance Sheets (2010 to 2023 series),2023,Vietnam,whole population,All plant foods,58.97,g protein per person per day,food supply available for consumption (not intake; includes household waste),supply,DIE-07,VN-direct,High,revealed,"Protein supply quantity, element 674."
DPI-202,FAOSTAT Food Balance Sheets (2010 to 2023 series),2023,Vietnam,whole population,Meat (all),25.09,g protein per person per day,food supply available for consumption (not intake; includes household waste),supply,DIE-07,VN-direct,High,revealed,"Protein supply quantity, element 674."
DPI-203,FAOSTAT Food Balance Sheets (2010 to 2023 series),2023,Vietnam,whole population,Meat (all),60.48,kg per person per year,"food supply, primary equivalent; meat in carcass weight, fish in live weight",supply,DIE-07,VN-direct,High,revealed,"Food supply quantity, element 645."
DPI-204,FAOSTAT Food Balance Sheets (2010 to 2023 series),2023,Vietnam,whole population,Pork,13.27,g protein per person per day,food supply available for consumption (not intake; includes household waste),supply,DIE-07,VN-direct,High,revealed,"Protein supply quantity, element 674."
DPI-205,FAOSTAT Food Balance Sheets (2010 to 2023 series),2023,Vietnam,whole population,Pork,34.37,kg per person per year,"food supply, primary equivalent; meat in carcass weight, fish in live weight",supply,DIE-07,VN-direct,High,revealed,"Food supply quantity, element 645."
DPI-206,FAOSTAT Food Balance Sheets (2010 to 2023 series),2023,Vietnam,whole population,Poultry,8.8,g protein per person per day,food supply available for consumption (not intake; includes household waste),supply,DIE-07,VN-direct,High,revealed,"Protein supply quantity, element 674."
DPI-207,FAOSTAT Food Balance Sheets (2010 to 2023 series),2023,Vietnam,whole population,Poultry,19.65,kg per person per year,"food supply, primary equivalent; meat in carcass weight, fish in live weight",supply,DIE-07,VN-direct,High,revealed,"Food supply quantity, element 645."
DPI-208,FAOSTAT Food Balance Sheets (2010 to 2023 series),2023,Vietnam,whole population,Beef,2.74,g protein per person per day,food supply available for consumption (not intake; includes household waste),supply,DIE-07,VN-direct,High,revealed,"Protein supply quantity, element 674."
DPI-209,FAOSTAT Food Balance Sheets (2010 to 2023 series),2023,Vietnam,whole population,Beef,5.92,kg per person per year,"food supply, primary equivalent; meat in carcass weight, fish in live weight",supply,DIE-07,VN-direct,High,revealed,"Food supply quantity, element 645."
DPI-210,FAOSTAT Food Balance Sheets (2010 to 2023 series),2023,Vietnam,whole population,Offal,2.93,g protein per person per day,food supply available for consumption (not intake; includes household waste),supply,DIE-07,VN-direct,High,revealed,"Protein supply quantity, element 674."
DPI-211,FAOSTAT Food Balance Sheets (2010 to 2023 series),2023,Vietnam,whole population,Offal,6.97,kg per person per year,"food supply, primary equivalent; meat in carcass weight, fish in live weight",supply,DIE-07,VN-direct,High,revealed,"Food supply quantity, element 645."
DPI-212,FAOSTAT Food Balance Sheets (2010 to 2023 series),2023,Vietnam,whole population,Fish and seafood,11.12,g protein per person per day,food supply available for consumption (not intake; includes household waste),supply,DIE-07,VN-direct,High,revealed,"Protein supply quantity, element 674."
DPI-213,FAOSTAT Food Balance Sheets (2010 to 2023 series),2023,Vietnam,whole population,Fish and seafood,40.06,kg per person per year,"food supply, primary equivalent; meat in carcass weight, fish in live weight",supply,DIE-07,VN-direct,High,revealed,"Food supply quantity, element 645."
DPI-214,FAOSTAT Food Balance Sheets (2010 to 2023 series),2023,Vietnam,whole population,Eggs,1.24,g protein per person per day,food supply available for consumption (not intake; includes household waste),supply,DIE-07,VN-direct,High,revealed,"Protein supply quantity, element 674."
DPI-215,FAOSTAT Food Balance Sheets (2010 to 2023 series),2023,Vietnam,whole population,Eggs,3.96,kg per person per year,"food supply, primary equivalent; meat in carcass weight, fish in live weight",supply,DIE-07,VN-direct,High,revealed,"Food supply quantity, element 645."
DPI-216,FAOSTAT Food Balance Sheets (2010 to 2023 series),2023,Vietnam,whole population,Milk and dairy (excl. butter),2.5,g protein per person per day,food supply available for consumption (not intake; includes household waste),supply,DIE-07,VN-direct,High,revealed,"Protein supply quantity, element 674."
DPI-217,FAOSTAT Food Balance Sheets (2010 to 2023 series),2023,Vietnam,whole population,Milk and dairy (excl. butter),37.38,kg per person per year,"food supply, primary equivalent; meat in carcass weight, fish in live weight",supply,DIE-07,VN-direct,High,revealed,"Food supply quantity, element 645."
DPI-218,FAOSTAT Food Balance Sheets (2010 to 2023 series),2023,Vietnam,whole population,"Soybeans (as food, incl. tofu and soy milk equivalent)",4.94,g protein per person per day,food supply available for consumption (not intake; includes household waste),supply,DIE-07,VN-direct,High,revealed,"Protein supply quantity, element 674."
DPI-219,FAOSTAT Food Balance Sheets (2010 to 2023 series),2023,Vietnam,whole population,"Soybeans (as food, incl. tofu and soy milk equivalent)",5.31,kg per person per year,"food supply, primary equivalent; meat in carcass weight, fish in live weight",supply,DIE-07,VN-direct,High,revealed,"Food supply quantity, element 645."
DPI-220,FAOSTAT Food Balance Sheets (2010 to 2023 series),2023,Vietnam,whole population,Pulses (other legumes),2.63,g protein per person per day,food supply available for consumption (not intake; includes household waste),supply,DIE-07,VN-direct,High,revealed,"Protein supply quantity, element 674."
DPI-221,FAOSTAT Food Balance Sheets (2010 to 2023 series),2023,Vietnam,whole population,Pulses (other legumes),4.19,kg per person per year,"food supply, primary equivalent; meat in carcass weight, fish in live weight",supply,DIE-07,VN-direct,High,revealed,"Food supply quantity, element 645."
DPI-222,FAOSTAT Food Balance Sheets (2010 to 2023 series),2023,Vietnam,whole population,Groundnuts,1.93,g protein per person per day,food supply available for consumption (not intake; includes household waste),supply,DIE-07,VN-direct,High,revealed,"Protein supply quantity, element 674."
DPI-223,FAOSTAT Food Balance Sheets (2010 to 2023 series),2023,Vietnam,whole population,Groundnuts,3.8,kg per person per year,"food supply, primary equivalent; meat in carcass weight, fish in live weight",supply,DIE-07,VN-direct,High,revealed,"Food supply quantity, element 645."
DPI-224,FAOSTAT Food Balance Sheets (2010 to 2023 series),2023,Vietnam,whole population,Cereals,33.04,g protein per person per day,food supply available for consumption (not intake; includes household waste),supply,DIE-07,VN-direct,High,revealed,"Protein supply quantity, element 674."
DPI-225,FAOSTAT Food Balance Sheets (2010 to 2023 series),2023,Vietnam,whole population,Cereals,251.55,kg per person per year,"food supply, primary equivalent; meat in carcass weight, fish in live weight",supply,DIE-07,VN-direct,High,revealed,"Food supply quantity, element 645."
DPI-226,FAOSTAT Food Balance Sheets (2010 to 2023 series),2023,Vietnam,whole population,Rice,26.99,g protein per person per day,food supply available for consumption (not intake; includes household waste),supply,DIE-07,VN-direct,High,revealed,"Protein supply quantity, element 674."
DPI-227,FAOSTAT Food Balance Sheets (2010 to 2023 series),2023,Vietnam,whole population,Rice,219.9,kg per person per year,"food supply, primary equivalent; meat in carcass weight, fish in live weight",supply,DIE-07,VN-direct,High,revealed,"Food supply quantity, element 645."
DPI-228,FAOSTAT Food Balance Sheets (2010 to 2023 series),2023,Vietnam,whole population,Wheat,3.27,g protein per person per day,food supply available for consumption (not intake; includes household waste),supply,DIE-07,VN-direct,High,revealed,"Protein supply quantity, element 674."
DPI-229,FAOSTAT Food Balance Sheets (2010 to 2023 series),2023,Vietnam,whole population,Wheat,15.36,kg per person per year,"food supply, primary equivalent; meat in carcass weight, fish in live weight",supply,DIE-07,VN-direct,High,revealed,"Food supply quantity, element 645."
DPI-230,FAOSTAT Food Balance Sheets (2010 to 2023 series),2023,Vietnam,whole population,Vegetables,11.01,g protein per person per day,food supply available for consumption (not intake; includes household waste),supply,DIE-07,VN-direct,High,revealed,"Protein supply quantity, element 674."
DPI-231,FAOSTAT Food Balance Sheets (2010 to 2023 series),2023,Vietnam,whole population,Vegetables,191.32,kg per person per year,"food supply, primary equivalent; meat in carcass weight, fish in live weight",supply,DIE-07,VN-direct,High,revealed,"Food supply quantity, element 645."
DPI-232,"FAOSTAT Food Balance Sheets, historic series (1961 to 2013)",1990,Vietnam,whole population,All foods,45.06,g protein per person per day,food supply (old methodology; not continuous with 2010 onward series),supply,DIE-08,VN-direct,High,revealed,Break in series at 2010: historic 2010 meat supply 51.5 kg vs new series 41.0 kg.
DPI-233,"FAOSTAT Food Balance Sheets, historic series (1961 to 2013)",1990,Vietnam,whole population,All animal foods,9.51,g protein per person per day,food supply (old methodology; not continuous with 2010 onward series),supply,DIE-08,VN-direct,High,revealed,Break in series at 2010: historic 2010 meat supply 51.5 kg vs new series 41.0 kg.
DPI-234,"FAOSTAT Food Balance Sheets, historic series (1961 to 2013)",1990,Vietnam,whole population,Meat (all),4.8,g protein per person per day,food supply (old methodology; not continuous with 2010 onward series),supply,DIE-08,VN-direct,High,revealed,Break in series at 2010: historic 2010 meat supply 51.5 kg vs new series 41.0 kg.
DPI-235,"FAOSTAT Food Balance Sheets, historic series (1961 to 2013)",2000,Vietnam,whole population,All foods,54.84,g protein per person per day,food supply (old methodology; not continuous with 2010 onward series),supply,DIE-08,VN-direct,High,revealed,Break in series at 2010: historic 2010 meat supply 51.5 kg vs new series 41.0 kg.
DPI-236,"FAOSTAT Food Balance Sheets, historic series (1961 to 2013)",2000,Vietnam,whole population,All animal foods,15.36,g protein per person per day,food supply (old methodology; not continuous with 2010 onward series),supply,DIE-08,VN-direct,High,revealed,Break in series at 2010: historic 2010 meat supply 51.5 kg vs new series 41.0 kg.
DPI-237,"FAOSTAT Food Balance Sheets, historic series (1961 to 2013)",2000,Vietnam,whole population,Meat (all),7.33,g protein per person per day,food supply (old methodology; not continuous with 2010 onward series),supply,DIE-08,VN-direct,High,revealed,Break in series at 2010: historic 2010 meat supply 51.5 kg vs new series 41.0 kg.
DPI-238,"FAOSTAT Food Balance Sheets, historic series (1961 to 2013)",2010,Vietnam,whole population,All foods,76.23,g protein per person per day,food supply (old methodology; not continuous with 2010 onward series),supply,DIE-08,VN-direct,High,revealed,Break in series at 2010: historic 2010 meat supply 51.5 kg vs new series 41.0 kg.
DPI-239,"FAOSTAT Food Balance Sheets, historic series (1961 to 2013)",2010,Vietnam,whole population,All animal foods,29.86,g protein per person per day,food supply (old methodology; not continuous with 2010 onward series),supply,DIE-08,VN-direct,High,revealed,Break in series at 2010: historic 2010 meat supply 51.5 kg vs new series 41.0 kg.
DPI-240,"FAOSTAT Food Balance Sheets, historic series (1961 to 2013)",2010,Vietnam,whole population,Meat (all),16.2,g protein per person per day,food supply (old methodology; not continuous with 2010 onward series),supply,DIE-08,VN-direct,High,revealed,Break in series at 2010: historic 2010 meat supply 51.5 kg vs new series 41.0 kg.
DPI-241,NIN General Nutrition Survey 2019 to 2020 (press report of launch),2020,Vietnam,"all ages, 22,400 households in 25 provinces",Meat (all),136.4,g per person per day,"individual intake (as consumed, raw-equivalent basis not stated)",intake,DIE-01; DIE-02; DIE-03,VN-direct,Medium,revealed,Recommendation cited in the same reports: 50 to 80 g per day.
DPI-242,NIN General Nutrition Survey 2019 to 2020 (press report of launch),2020,"Vietnam, urban",urban residents,Meat (all),155.3,g per person per day,individual intake,intake,DIE-01; DIE-02,VN-direct,Medium,revealed,
DPI-243,NIN General Nutrition Survey 2009 to 2010 (as cited at 2021 launch),2010,Vietnam,all ages,Meat (all),84,g per person per day,individual intake,intake,DIE-02,VN-direct,Medium,revealed,
DPI-244,NIN General Nutrition Survey 2019 to 2020 (press report of launch),2020,Vietnam,all ages,Energy,2023,kcal per person per day,individual intake,intake,DIE-01; DIE-02,VN-direct,Medium,revealed,"2010: 1,925 kcal. Energy split protein 15.8%, fat 20.2%, carbohydrate 64.0%."
DPI-245,Our derivation from NIN GNS 2019 to 2020,2020,Vietnam,all ages,All foods (protein),79.9,g protein per person per day,"individual intake, derived: 2,023 kcal x 15.8% / 4 kcal per g",intake (derived),DIE-01; DIE-02,VN-direct,Low,inferred,Our calculation; NIN did not publish a gram figure in the reports we read.
DPI-246,NIN General Nutrition Survey 2019 to 2020 (press report of launch),2020,Vietnam,all ages,Vegetables,231.0,g per person per day,individual intake,intake,DIE-01; DIE-02,VN-direct,Medium,revealed,2010: 190.4 g.
DPI-247,NIN General Nutrition Survey 2019 to 2020 (press report of launch),2020,Vietnam,all ages,Fruit,140.7,g per person per day,individual intake,intake,DIE-01; DIE-02,VN-direct,Medium,revealed,2010: 60.9 g.
DPI-248,"Hoang Thu Nga et al. 2024, 24 h recall",2022,"Red River Delta: urban (Cau Giay, Hanoi)","adults 18 to 59, n = 477",All foods (protein),72.3,g protein per person per day (mean),"individual intake, one 24 h recall",intake,DIE-32,VN-direct,High,revealed,Animal protein 39.5 g (53.5% of protein). Not nationally representative.
DPI-249,"Hoang Thu Nga et al. 2024, 24 h recall",2022,"Red River Delta: peri-urban (Gia Lam, Hanoi)","adults 18 to 59, n = 297",All foods (protein),71.0,g protein per person per day (mean),"individual intake, one 24 h recall",intake,DIE-32,VN-direct,High,revealed,Animal protein 39.2 g (54.1% of protein). Not nationally representative.
DPI-250,"Hoang Thu Nga et al. 2024, 24 h recall",2022,"Red River Delta: rural (Vu Thu, Thai Binh)","adults 18 to 59, n = 155",All foods (protein),77.8,g protein per person per day (mean),"individual intake, one 24 h recall",intake,DIE-32,VN-direct,High,revealed,Animal protein 40.3 g (51.2% of protein). Not nationally representative.
DPI-251,"Hoang Thu Nga et al. 2024, 24 h recall",2022,Red River Delta: all three sites,"adults 18 to 59, n = 929",All foods (protein),72.8,g protein per person per day (mean),"individual intake, one 24 h recall",intake,DIE-32,VN-direct,High,revealed,Animal protein 39.5 g (53.3% of protein). Not nationally representative.
DPI-252,"NSO VHLSS (KSMS), table 6.20",2010,Vietnam,"household members (46,995 households in 2024)",Rice,9.68,kg per person per month,household consumption for home use (purchased plus own production); meals eaten out recorded only as spending (our reading of table structure),household acquisition,DIE-05,VN-direct,High,revealed,
DPI-253,"NSO VHLSS (KSMS), table 6.20",2010,"Vietnam, urban","household members (46,995 households in 2024)",Rice,7.53,kg per person per month,household consumption for home use (purchased plus own production); meals eaten out recorded only as spending (our reading of table structure),household acquisition,DIE-05,VN-direct,High,revealed,
DPI-254,"NSO VHLSS (KSMS), table 6.20",2010,"Vietnam, rural","household members (46,995 households in 2024)",Rice,10.58,kg per person per month,household consumption for home use (purchased plus own production); meals eaten out recorded only as spending (our reading of table structure),household acquisition,DIE-05,VN-direct,High,revealed,
DPI-255,"NSO VHLSS (KSMS), table 6.20",2016,Vietnam,"household members (46,995 households in 2024)",Rice,8.8,kg per person per month,household consumption for home use (purchased plus own production); meals eaten out recorded only as spending (our reading of table structure),household acquisition,DIE-05,VN-direct,High,revealed,
DPI-256,"NSO VHLSS (KSMS), table 6.20",2016,"Vietnam, urban","household members (46,995 households in 2024)",Rice,6.84,kg per person per month,household consumption for home use (purchased plus own production); meals eaten out recorded only as spending (our reading of table structure),household acquisition,DIE-05,VN-direct,High,revealed,
DPI-257,"NSO VHLSS (KSMS), table 6.20",2016,"Vietnam, rural","household members (46,995 households in 2024)",Rice,9.72,kg per person per month,household consumption for home use (purchased plus own production); meals eaten out recorded only as spending (our reading of table structure),household acquisition,DIE-05,VN-direct,High,revealed,
DPI-258,"NSO VHLSS (KSMS), table 6.20",2020,Vietnam,"household members (46,995 households in 2024)",Rice,7.61,kg per person per month,household consumption for home use (purchased plus own production); meals eaten out recorded only as spending (our reading of table structure),household acquisition,DIE-05,VN-direct,High,revealed,
DPI-259,"NSO VHLSS (KSMS), table 6.20",2020,"Vietnam, urban","household members (46,995 households in 2024)",Rice,6.11,kg per person per month,household consumption for home use (purchased plus own production); meals eaten out recorded only as spending (our reading of table structure),household acquisition,DIE-05,VN-direct,High,revealed,
DPI-260,"NSO VHLSS (KSMS), table 6.20",2020,"Vietnam, rural","household members (46,995 households in 2024)",Rice,8.48,kg per person per month,household consumption for home use (purchased plus own production); meals eaten out recorded only as spending (our reading of table structure),household acquisition,DIE-05,VN-direct,High,revealed,
DPI-261,"NSO VHLSS (KSMS), table 6.20",2022,Vietnam,"household members (46,995 households in 2024)",Rice,6.93,kg per person per month,household consumption for home use (purchased plus own production); meals eaten out recorded only as spending (our reading of table structure),household acquisition,DIE-05,VN-direct,High,revealed,
DPI-262,"NSO VHLSS (KSMS), table 6.20",2022,"Vietnam, urban","household members (46,995 households in 2024)",Rice,5.72,kg per person per month,household consumption for home use (purchased plus own production); meals eaten out recorded only as spending (our reading of table structure),household acquisition,DIE-05,VN-direct,High,revealed,
DPI-263,"NSO VHLSS (KSMS), table 6.20",2022,"Vietnam, rural","household members (46,995 households in 2024)",Rice,7.7,kg per person per month,household consumption for home use (purchased plus own production); meals eaten out recorded only as spending (our reading of table structure),household acquisition,DIE-05,VN-direct,High,revealed,
DPI-264,"NSO VHLSS (KSMS), table 6.20",2024,Vietnam,"household members (46,995 households in 2024)",Rice,6.45,kg per person per month,household consumption for home use (purchased plus own production); meals eaten out recorded only as spending (our reading of table structure),household acquisition,DIE-05,VN-direct,High,revealed,
DPI-265,"NSO VHLSS (KSMS), table 6.20",2024,"Vietnam, urban","household members (46,995 households in 2024)",Rice,5.46,kg per person per month,household consumption for home use (purchased plus own production); meals eaten out recorded only as spending (our reading of table structure),household acquisition,DIE-05,VN-direct,High,revealed,
DPI-266,"NSO VHLSS (KSMS), table 6.20",2024,"Vietnam, rural","household members (46,995 households in 2024)",Rice,7.06,kg per person per month,household consumption for home use (purchased plus own production); meals eaten out recorded only as spending (our reading of table structure),household acquisition,DIE-05,VN-direct,High,revealed,
DPI-267,"NSO VHLSS (KSMS), table 6.20",2010,Vietnam,"household members (46,995 households in 2024)",Meat (all),1.79,kg per person per month,household consumption for home use (purchased plus own production); meals eaten out recorded only as spending (our reading of table structure),household acquisition,DIE-05,VN-direct,High,revealed,
DPI-268,"NSO VHLSS (KSMS), table 6.20",2010,"Vietnam, urban","household members (46,995 households in 2024)",Meat (all),2.09,kg per person per month,household consumption for home use (purchased plus own production); meals eaten out recorded only as spending (our reading of table structure),household acquisition,DIE-05,VN-direct,High,revealed,
DPI-269,"NSO VHLSS (KSMS), table 6.20",2010,"Vietnam, rural","household members (46,995 households in 2024)",Meat (all),1.66,kg per person per month,household consumption for home use (purchased plus own production); meals eaten out recorded only as spending (our reading of table structure),household acquisition,DIE-05,VN-direct,High,revealed,
DPI-270,"NSO VHLSS (KSMS), table 6.20",2012,Vietnam,"household members (46,995 households in 2024)",Meat (all),1.82,kg per person per month,household consumption for home use (purchased plus own production); meals eaten out recorded only as spending (our reading of table structure),household acquisition,DIE-05,VN-direct,High,revealed,
DPI-271,"NSO VHLSS (KSMS), table 6.20",2012,"Vietnam, urban","household members (46,995 households in 2024)",Meat (all),2.02,kg per person per month,household consumption for home use (purchased plus own production); meals eaten out recorded only as spending (our reading of table structure),household acquisition,DIE-05,VN-direct,High,revealed,
DPI-272,"NSO VHLSS (KSMS), table 6.20",2012,"Vietnam, rural","household members (46,995 households in 2024)",Meat (all),1.74,kg per person per month,household consumption for home use (purchased plus own production); meals eaten out recorded only as spending (our reading of table structure),household acquisition,DIE-05,VN-direct,High,revealed,
DPI-273,"NSO VHLSS (KSMS), table 6.20",2014,Vietnam,"household members (46,995 households in 2024)",Meat (all),1.87,kg per person per month,household consumption for home use (purchased plus own production); meals eaten out recorded only as spending (our reading of table structure),household acquisition,DIE-05,VN-direct,High,revealed,
DPI-274,"NSO VHLSS (KSMS), table 6.20",2014,"Vietnam, urban","household members (46,995 households in 2024)",Meat (all),2.01,kg per person per month,household consumption for home use (purchased plus own production); meals eaten out recorded only as spending (our reading of table structure),household acquisition,DIE-05,VN-direct,High,revealed,
DPI-275,"NSO VHLSS (KSMS), table 6.20",2014,"Vietnam, rural","household members (46,995 households in 2024)",Meat (all),1.81,kg per person per month,household consumption for home use (purchased plus own production); meals eaten out recorded only as spending (our reading of table structure),household acquisition,DIE-05,VN-direct,High,revealed,
DPI-276,"NSO VHLSS (KSMS), table 6.20",2016,Vietnam,"household members (46,995 households in 2024)",Meat (all),2.12,kg per person per month,household consumption for home use (purchased plus own production); meals eaten out recorded only as spending (our reading of table structure),household acquisition,DIE-05,VN-direct,High,revealed,
DPI-277,"NSO VHLSS (KSMS), table 6.20",2016,"Vietnam, urban","household members (46,995 households in 2024)",Meat (all),2.24,kg per person per month,household consumption for home use (purchased plus own production); meals eaten out recorded only as spending (our reading of table structure),household acquisition,DIE-05,VN-direct,High,revealed,
DPI-278,"NSO VHLSS (KSMS), table 6.20",2016,"Vietnam, rural","household members (46,995 households in 2024)",Meat (all),2.06,kg per person per month,household consumption for home use (purchased plus own production); meals eaten out recorded only as spending (our reading of table structure),household acquisition,DIE-05,VN-direct,High,revealed,
DPI-279,"NSO VHLSS (KSMS), table 6.20",2018,Vietnam,"household members (46,995 households in 2024)",Meat (all),2.18,kg per person per month,household consumption for home use (purchased plus own production); meals eaten out recorded only as spending (our reading of table structure),household acquisition,DIE-05,VN-direct,High,revealed,
DPI-280,"NSO VHLSS (KSMS), table 6.20",2018,"Vietnam, urban","household members (46,995 households in 2024)",Meat (all),2.24,kg per person per month,household consumption for home use (purchased plus own production); meals eaten out recorded only as spending (our reading of table structure),household acquisition,DIE-05,VN-direct,High,revealed,
DPI-281,"NSO VHLSS (KSMS), table 6.20",2018,"Vietnam, rural","household members (46,995 households in 2024)",Meat (all),2.15,kg per person per month,household consumption for home use (purchased plus own production); meals eaten out recorded only as spending (our reading of table structure),household acquisition,DIE-05,VN-direct,High,revealed,
DPI-282,"NSO VHLSS (KSMS), table 6.20",2020,Vietnam,"household members (46,995 households in 2024)",Meat (all),2.32,kg per person per month,household consumption for home use (purchased plus own production); meals eaten out recorded only as spending (our reading of table structure),household acquisition,DIE-05,VN-direct,High,revealed,
DPI-283,"NSO VHLSS (KSMS), table 6.20",2020,"Vietnam, urban","household members (46,995 households in 2024)",Meat (all),2.34,kg per person per month,household consumption for home use (purchased plus own production); meals eaten out recorded only as spending (our reading of table structure),household acquisition,DIE-05,VN-direct,High,revealed,
DPI-284,"NSO VHLSS (KSMS), table 6.20",2020,"Vietnam, rural","household members (46,995 households in 2024)",Meat (all),2.3,kg per person per month,household consumption for home use (purchased plus own production); meals eaten out recorded only as spending (our reading of table structure),household acquisition,DIE-05,VN-direct,High,revealed,
DPI-285,"NSO VHLSS (KSMS), table 6.20",2022,Vietnam,"household members (46,995 households in 2024)",Meat (all),2.59,kg per person per month,household consumption for home use (purchased plus own production); meals eaten out recorded only as spending (our reading of table structure),household acquisition,DIE-05,VN-direct,High,revealed,
DPI-286,"NSO VHLSS (KSMS), table 6.20",2022,"Vietnam, urban","household members (46,995 households in 2024)",Meat (all),2.5,kg per person per month,household consumption for home use (purchased plus own production); meals eaten out recorded only as spending (our reading of table structure),household acquisition,DIE-05,VN-direct,High,revealed,
DPI-287,"NSO VHLSS (KSMS), table 6.20",2022,"Vietnam, rural","household members (46,995 households in 2024)",Meat (all),2.65,kg per person per month,household consumption for home use (purchased plus own production); meals eaten out recorded only as spending (our reading of table structure),household acquisition,DIE-05,VN-direct,High,revealed,
DPI-288,"NSO VHLSS (KSMS), table 6.20",2024,Vietnam,"household members (46,995 households in 2024)",Meat (all),2.6,kg per person per month,household consumption for home use (purchased plus own production); meals eaten out recorded only as spending (our reading of table structure),household acquisition,DIE-05,VN-direct,High,revealed,
DPI-289,"NSO VHLSS (KSMS), table 6.20",2024,"Vietnam, urban","household members (46,995 households in 2024)",Meat (all),2.6,kg per person per month,household consumption for home use (purchased plus own production); meals eaten out recorded only as spending (our reading of table structure),household acquisition,DIE-05,VN-direct,High,revealed,
DPI-290,"NSO VHLSS (KSMS), table 6.20",2024,"Vietnam, rural","household members (46,995 households in 2024)",Meat (all),2.6,kg per person per month,household consumption for home use (purchased plus own production); meals eaten out recorded only as spending (our reading of table structure),household acquisition,DIE-05,VN-direct,High,revealed,
DPI-291,"NSO VHLSS (KSMS), table 6.20",2010,Vietnam,"household members (46,995 households in 2024)",Fish and shrimp,1.42,kg per person per month,household consumption for home use (purchased plus own production); meals eaten out recorded only as spending (our reading of table structure),household acquisition,DIE-05,VN-direct,High,revealed,
DPI-292,"NSO VHLSS (KSMS), table 6.20",2010,"Vietnam, urban","household members (46,995 households in 2024)",Fish and shrimp,1.36,kg per person per month,household consumption for home use (purchased plus own production); meals eaten out recorded only as spending (our reading of table structure),household acquisition,DIE-05,VN-direct,High,revealed,
DPI-293,"NSO VHLSS (KSMS), table 6.20",2010,"Vietnam, rural","household members (46,995 households in 2024)",Fish and shrimp,1.44,kg per person per month,household consumption for home use (purchased plus own production); meals eaten out recorded only as spending (our reading of table structure),household acquisition,DIE-05,VN-direct,High,revealed,
DPI-294,"NSO VHLSS (KSMS), table 6.20",2016,Vietnam,"household members (46,995 households in 2024)",Fish and shrimp,1.49,kg per person per month,household consumption for home use (purchased plus own production); meals eaten out recorded only as spending (our reading of table structure),household acquisition,DIE-05,VN-direct,High,revealed,
DPI-295,"NSO VHLSS (KSMS), table 6.20",2016,"Vietnam, urban","household members (46,995 households in 2024)",Fish and shrimp,1.49,kg per person per month,household consumption for home use (purchased plus own production); meals eaten out recorded only as spending (our reading of table structure),household acquisition,DIE-05,VN-direct,High,revealed,
DPI-296,"NSO VHLSS (KSMS), table 6.20",2016,"Vietnam, rural","household members (46,995 households in 2024)",Fish and shrimp,1.49,kg per person per month,household consumption for home use (purchased plus own production); meals eaten out recorded only as spending (our reading of table structure),household acquisition,DIE-05,VN-direct,High,revealed,
DPI-297,"NSO VHLSS (KSMS), table 6.20",2018,Vietnam,"household members (46,995 households in 2024)",Fish and shrimp,1.37,kg per person per month,household consumption for home use (purchased plus own production); meals eaten out recorded only as spending (our reading of table structure),household acquisition,DIE-05,VN-direct,High,revealed,
DPI-298,"NSO VHLSS (KSMS), table 6.20",2018,"Vietnam, urban","household members (46,995 households in 2024)",Fish and shrimp,1.4,kg per person per month,household consumption for home use (purchased plus own production); meals eaten out recorded only as spending (our reading of table structure),household acquisition,DIE-05,VN-direct,High,revealed,
DPI-299,"NSO VHLSS (KSMS), table 6.20",2018,"Vietnam, rural","household members (46,995 households in 2024)",Fish and shrimp,1.35,kg per person per month,household consumption for home use (purchased plus own production); meals eaten out recorded only as spending (our reading of table structure),household acquisition,DIE-05,VN-direct,High,revealed,
DPI-300,"NSO VHLSS (KSMS), table 6.20",2020,Vietnam,"household members (46,995 households in 2024)",Fish and shrimp,1.5,kg per person per month,household consumption for home use (purchased plus own production); meals eaten out recorded only as spending (our reading of table structure),household acquisition,DIE-05,VN-direct,High,revealed,
DPI-301,"NSO VHLSS (KSMS), table 6.20",2020,"Vietnam, urban","household members (46,995 households in 2024)",Fish and shrimp,1.48,kg per person per month,household consumption for home use (purchased plus own production); meals eaten out recorded only as spending (our reading of table structure),household acquisition,DIE-05,VN-direct,High,revealed,
DPI-302,"NSO VHLSS (KSMS), table 6.20",2020,"Vietnam, rural","household members (46,995 households in 2024)",Fish and shrimp,1.5,kg per person per month,household consumption for home use (purchased plus own production); meals eaten out recorded only as spending (our reading of table structure),household acquisition,DIE-05,VN-direct,High,revealed,
DPI-303,"NSO VHLSS (KSMS), table 6.20",2022,Vietnam,"household members (46,995 households in 2024)",Fish and shrimp,1.13,kg per person per month,household consumption for home use (purchased plus own production); meals eaten out recorded only as spending (our reading of table structure),household acquisition,DIE-05,VN-direct,High,revealed,"Fish fell from 1.50 kg (2020) to 1.13 kg (2022) in every region; possible questionnaire change, not explained in the book."
DPI-304,"NSO VHLSS (KSMS), table 6.20",2022,"Vietnam, urban","household members (46,995 households in 2024)",Fish and shrimp,1.09,kg per person per month,household consumption for home use (purchased plus own production); meals eaten out recorded only as spending (our reading of table structure),household acquisition,DIE-05,VN-direct,High,revealed,"Fish fell from 1.50 kg (2020) to 1.13 kg (2022) in every region; possible questionnaire change, not explained in the book."
DPI-305,"NSO VHLSS (KSMS), table 6.20",2022,"Vietnam, rural","household members (46,995 households in 2024)",Fish and shrimp,1.15,kg per person per month,household consumption for home use (purchased plus own production); meals eaten out recorded only as spending (our reading of table structure),household acquisition,DIE-05,VN-direct,High,revealed,"Fish fell from 1.50 kg (2020) to 1.13 kg (2022) in every region; possible questionnaire change, not explained in the book."
DPI-306,"NSO VHLSS (KSMS), table 6.20",2024,Vietnam,"household members (46,995 households in 2024)",Fish and shrimp,1.16,kg per person per month,household consumption for home use (purchased plus own production); meals eaten out recorded only as spending (our reading of table structure),household acquisition,DIE-05,VN-direct,High,revealed,"Fish fell from 1.50 kg (2020) to 1.13 kg (2022) in every region; possible questionnaire change, not explained in the book."
DPI-307,"NSO VHLSS (KSMS), table 6.20",2024,"Vietnam, urban","household members (46,995 households in 2024)",Fish and shrimp,1.2,kg per person per month,household consumption for home use (purchased plus own production); meals eaten out recorded only as spending (our reading of table structure),household acquisition,DIE-05,VN-direct,High,revealed,"Fish fell from 1.50 kg (2020) to 1.13 kg (2022) in every region; possible questionnaire change, not explained in the book."
DPI-308,"NSO VHLSS (KSMS), table 6.20",2024,"Vietnam, rural","household members (46,995 households in 2024)",Fish and shrimp,1.13,kg per person per month,household consumption for home use (purchased plus own production); meals eaten out recorded only as spending (our reading of table structure),household acquisition,DIE-05,VN-direct,High,revealed,"Fish fell from 1.50 kg (2020) to 1.13 kg (2022) in every region; possible questionnaire change, not explained in the book."
DPI-309,"NSO VHLSS (KSMS), table 6.20",2010,Vietnam,"household members (46,995 households in 2024)",Eggs (poultry),3.62,eggs per person per month,household consumption for home use (purchased plus own production); meals eaten out recorded only as spending (our reading of table structure),household acquisition,DIE-05,VN-direct,High,revealed,
DPI-310,"NSO VHLSS (KSMS), table 6.20",2010,"Vietnam, urban","household members (46,995 households in 2024)",Eggs (poultry),4.15,eggs per person per month,household consumption for home use (purchased plus own production); meals eaten out recorded only as spending (our reading of table structure),household acquisition,DIE-05,VN-direct,High,revealed,
DPI-311,"NSO VHLSS (KSMS), table 6.20",2010,"Vietnam, rural","household members (46,995 households in 2024)",Eggs (poultry),3.39,eggs per person per month,household consumption for home use (purchased plus own production); meals eaten out recorded only as spending (our reading of table structure),household acquisition,DIE-05,VN-direct,High,revealed,
DPI-312,"NSO VHLSS (KSMS), table 6.20",2016,Vietnam,"household members (46,995 households in 2024)",Eggs (poultry),4.15,eggs per person per month,household consumption for home use (purchased plus own production); meals eaten out recorded only as spending (our reading of table structure),household acquisition,DIE-05,VN-direct,High,revealed,
DPI-313,"NSO VHLSS (KSMS), table 6.20",2016,"Vietnam, urban","household members (46,995 households in 2024)",Eggs (poultry),4.44,eggs per person per month,household consumption for home use (purchased plus own production); meals eaten out recorded only as spending (our reading of table structure),household acquisition,DIE-05,VN-direct,High,revealed,
DPI-314,"NSO VHLSS (KSMS), table 6.20",2016,"Vietnam, rural","household members (46,995 households in 2024)",Eggs (poultry),4.02,eggs per person per month,household consumption for home use (purchased plus own production); meals eaten out recorded only as spending (our reading of table structure),household acquisition,DIE-05,VN-direct,High,revealed,
DPI-315,"NSO VHLSS (KSMS), table 6.20",2020,Vietnam,"household members (46,995 households in 2024)",Eggs (poultry),4.64,eggs per person per month,household consumption for home use (purchased plus own production); meals eaten out recorded only as spending (our reading of table structure),household acquisition,DIE-05,VN-direct,High,revealed,
DPI-316,"NSO VHLSS (KSMS), table 6.20",2020,"Vietnam, urban","household members (46,995 households in 2024)",Eggs (poultry),4.72,eggs per person per month,household consumption for home use (purchased plus own production); meals eaten out recorded only as spending (our reading of table structure),household acquisition,DIE-05,VN-direct,High,revealed,
DPI-317,"NSO VHLSS (KSMS), table 6.20",2020,"Vietnam, rural","household members (46,995 households in 2024)",Eggs (poultry),4.6,eggs per person per month,household consumption for home use (purchased plus own production); meals eaten out recorded only as spending (our reading of table structure),household acquisition,DIE-05,VN-direct,High,revealed,
DPI-318,"NSO VHLSS (KSMS), table 6.20",2022,Vietnam,"household members (46,995 households in 2024)",Eggs (poultry),5.07,eggs per person per month,household consumption for home use (purchased plus own production); meals eaten out recorded only as spending (our reading of table structure),household acquisition,DIE-05,VN-direct,High,revealed,
DPI-319,"NSO VHLSS (KSMS), table 6.20",2022,"Vietnam, urban","household members (46,995 households in 2024)",Eggs (poultry),4.94,eggs per person per month,household consumption for home use (purchased plus own production); meals eaten out recorded only as spending (our reading of table structure),household acquisition,DIE-05,VN-direct,High,revealed,
DPI-320,"NSO VHLSS (KSMS), table 6.20",2022,"Vietnam, rural","household members (46,995 households in 2024)",Eggs (poultry),5.15,eggs per person per month,household consumption for home use (purchased plus own production); meals eaten out recorded only as spending (our reading of table structure),household acquisition,DIE-05,VN-direct,High,revealed,
DPI-321,"NSO VHLSS (KSMS), table 6.20",2024,Vietnam,"household members (46,995 households in 2024)",Eggs (poultry),5.1,eggs per person per month,household consumption for home use (purchased plus own production); meals eaten out recorded only as spending (our reading of table structure),household acquisition,DIE-05,VN-direct,High,revealed,
DPI-322,"NSO VHLSS (KSMS), table 6.20",2024,"Vietnam, urban","household members (46,995 households in 2024)",Eggs (poultry),5.05,eggs per person per month,household consumption for home use (purchased plus own production); meals eaten out recorded only as spending (our reading of table structure),household acquisition,DIE-05,VN-direct,High,revealed,
DPI-323,"NSO VHLSS (KSMS), table 6.20",2024,"Vietnam, rural","household members (46,995 households in 2024)",Eggs (poultry),5.14,eggs per person per month,household consumption for home use (purchased plus own production); meals eaten out recorded only as spending (our reading of table structure),household acquisition,DIE-05,VN-direct,High,revealed,
DPI-324,"NSO VHLSS (KSMS), table 6.20",2010,Vietnam,"household members (46,995 households in 2024)",Tofu,0.5,kg per person per month,household consumption for home use (purchased plus own production); meals eaten out recorded only as spending (our reading of table structure),household acquisition,DIE-05,VN-direct,High,revealed,
DPI-325,"NSO VHLSS (KSMS), table 6.20",2010,"Vietnam, urban","household members (46,995 households in 2024)",Tofu,0.52,kg per person per month,household consumption for home use (purchased plus own production); meals eaten out recorded only as spending (our reading of table structure),household acquisition,DIE-05,VN-direct,High,revealed,
DPI-326,"NSO VHLSS (KSMS), table 6.20",2010,"Vietnam, rural","household members (46,995 households in 2024)",Tofu,0.5,kg per person per month,household consumption for home use (purchased plus own production); meals eaten out recorded only as spending (our reading of table structure),household acquisition,DIE-05,VN-direct,High,revealed,
DPI-327,"NSO VHLSS (KSMS), table 6.20",2012,Vietnam,"household members (46,995 households in 2024)",Tofu,0.45,kg per person per month,household consumption for home use (purchased plus own production); meals eaten out recorded only as spending (our reading of table structure),household acquisition,DIE-05,VN-direct,High,revealed,
DPI-328,"NSO VHLSS (KSMS), table 6.20",2012,"Vietnam, urban","household members (46,995 households in 2024)",Tofu,0.45,kg per person per month,household consumption for home use (purchased plus own production); meals eaten out recorded only as spending (our reading of table structure),household acquisition,DIE-05,VN-direct,High,revealed,
DPI-329,"NSO VHLSS (KSMS), table 6.20",2012,"Vietnam, rural","household members (46,995 households in 2024)",Tofu,0.46,kg per person per month,household consumption for home use (purchased plus own production); meals eaten out recorded only as spending (our reading of table structure),household acquisition,DIE-05,VN-direct,High,revealed,
DPI-330,"NSO VHLSS (KSMS), table 6.20",2016,Vietnam,"household members (46,995 households in 2024)",Tofu,0.45,kg per person per month,household consumption for home use (purchased plus own production); meals eaten out recorded only as spending (our reading of table structure),household acquisition,DIE-05,VN-direct,High,revealed,
DPI-331,"NSO VHLSS (KSMS), table 6.20",2016,"Vietnam, urban","household members (46,995 households in 2024)",Tofu,0.43,kg per person per month,household consumption for home use (purchased plus own production); meals eaten out recorded only as spending (our reading of table structure),household acquisition,DIE-05,VN-direct,High,revealed,
DPI-332,"NSO VHLSS (KSMS), table 6.20",2016,"Vietnam, rural","household members (46,995 households in 2024)",Tofu,0.45,kg per person per month,household consumption for home use (purchased plus own production); meals eaten out recorded only as spending (our reading of table structure),household acquisition,DIE-05,VN-direct,High,revealed,
DPI-333,"NSO VHLSS (KSMS), table 6.20",2020,Vietnam,"household members (46,995 households in 2024)",Tofu,0.44,kg per person per month,household consumption for home use (purchased plus own production); meals eaten out recorded only as spending (our reading of table structure),household acquisition,DIE-05,VN-direct,High,revealed,
DPI-334,"NSO VHLSS (KSMS), table 6.20",2020,"Vietnam, urban","household members (46,995 households in 2024)",Tofu,0.39,kg per person per month,household consumption for home use (purchased plus own production); meals eaten out recorded only as spending (our reading of table structure),household acquisition,DIE-05,VN-direct,High,revealed,
DPI-335,"NSO VHLSS (KSMS), table 6.20",2020,"Vietnam, rural","household members (46,995 households in 2024)",Tofu,0.47,kg per person per month,household consumption for home use (purchased plus own production); meals eaten out recorded only as spending (our reading of table structure),household acquisition,DIE-05,VN-direct,High,revealed,
DPI-336,"NSO VHLSS (KSMS), table 6.20",2022,Vietnam,"household members (46,995 households in 2024)",Tofu,0.43,kg per person per month,household consumption for home use (purchased plus own production); meals eaten out recorded only as spending (our reading of table structure),household acquisition,DIE-05,VN-direct,High,revealed,
DPI-337,"NSO VHLSS (KSMS), table 6.20",2022,"Vietnam, urban","household members (46,995 households in 2024)",Tofu,0.37,kg per person per month,household consumption for home use (purchased plus own production); meals eaten out recorded only as spending (our reading of table structure),household acquisition,DIE-05,VN-direct,High,revealed,
DPI-338,"NSO VHLSS (KSMS), table 6.20",2022,"Vietnam, rural","household members (46,995 households in 2024)",Tofu,0.47,kg per person per month,household consumption for home use (purchased plus own production); meals eaten out recorded only as spending (our reading of table structure),household acquisition,DIE-05,VN-direct,High,revealed,
DPI-339,"NSO VHLSS (KSMS), table 6.20",2024,Vietnam,"household members (46,995 households in 2024)",Tofu,0.43,kg per person per month,household consumption for home use (purchased plus own production); meals eaten out recorded only as spending (our reading of table structure),household acquisition,DIE-05,VN-direct,High,revealed,
DPI-340,"NSO VHLSS (KSMS), table 6.20",2024,"Vietnam, urban","household members (46,995 households in 2024)",Tofu,0.39,kg per person per month,household consumption for home use (purchased plus own production); meals eaten out recorded only as spending (our reading of table structure),household acquisition,DIE-05,VN-direct,High,revealed,
DPI-341,"NSO VHLSS (KSMS), table 6.20",2024,"Vietnam, rural","household members (46,995 households in 2024)",Tofu,0.45,kg per person per month,household consumption for home use (purchased plus own production); meals eaten out recorded only as spending (our reading of table structure),household acquisition,DIE-05,VN-direct,High,revealed,
DPI-342,"NSO VHLSS (KSMS), table 6.20",2010,Vietnam,"household members (46,995 households in 2024)",Beans and peas,0.08,kg per person per month,household consumption for home use (purchased plus own production); meals eaten out recorded only as spending (our reading of table structure),household acquisition,DIE-05,VN-direct,High,revealed,
DPI-343,"NSO VHLSS (KSMS), table 6.20",2010,"Vietnam, urban","household members (46,995 households in 2024)",Beans and peas,0.09,kg per person per month,household consumption for home use (purchased plus own production); meals eaten out recorded only as spending (our reading of table structure),household acquisition,DIE-05,VN-direct,High,revealed,
DPI-344,"NSO VHLSS (KSMS), table 6.20",2010,"Vietnam, rural","household members (46,995 households in 2024)",Beans and peas,0.08,kg per person per month,household consumption for home use (purchased plus own production); meals eaten out recorded only as spending (our reading of table structure),household acquisition,DIE-05,VN-direct,High,revealed,
DPI-345,"NSO VHLSS (KSMS), table 6.20",2024,Vietnam,"household members (46,995 households in 2024)",Beans and peas,0.06,kg per person per month,household consumption for home use (purchased plus own production); meals eaten out recorded only as spending (our reading of table structure),household acquisition,DIE-05,VN-direct,High,revealed,
DPI-346,"NSO VHLSS (KSMS), table 6.20",2024,"Vietnam, urban","household members (46,995 households in 2024)",Beans and peas,0.06,kg per person per month,household consumption for home use (purchased plus own production); meals eaten out recorded only as spending (our reading of table structure),household acquisition,DIE-05,VN-direct,High,revealed,
DPI-347,"NSO VHLSS (KSMS), table 6.20",2024,"Vietnam, rural","household members (46,995 households in 2024)",Beans and peas,0.05,kg per person per month,household consumption for home use (purchased plus own production); meals eaten out recorded only as spending (our reading of table structure),household acquisition,DIE-05,VN-direct,High,revealed,
DPI-348,"NSO VHLSS (KSMS), table 6.20",2010,Vietnam,"household members (46,995 households in 2024)",Peanuts and sesame,0.07,kg per person per month,household consumption for home use (purchased plus own production); meals eaten out recorded only as spending (our reading of table structure),household acquisition,DIE-05,VN-direct,High,revealed,
DPI-349,"NSO VHLSS (KSMS), table 6.20",2010,"Vietnam, urban","household members (46,995 households in 2024)",Peanuts and sesame,0.06,kg per person per month,household consumption for home use (purchased plus own production); meals eaten out recorded only as spending (our reading of table structure),household acquisition,DIE-05,VN-direct,High,revealed,
DPI-350,"NSO VHLSS (KSMS), table 6.20",2010,"Vietnam, rural","household members (46,995 households in 2024)",Peanuts and sesame,0.07,kg per person per month,household consumption for home use (purchased plus own production); meals eaten out recorded only as spending (our reading of table structure),household acquisition,DIE-05,VN-direct,High,revealed,
DPI-351,"NSO VHLSS (KSMS), table 6.20",2024,Vietnam,"household members (46,995 households in 2024)",Peanuts and sesame,0.05,kg per person per month,household consumption for home use (purchased plus own production); meals eaten out recorded only as spending (our reading of table structure),household acquisition,DIE-05,VN-direct,High,revealed,
DPI-352,"NSO VHLSS (KSMS), table 6.20",2024,"Vietnam, urban","household members (46,995 households in 2024)",Peanuts and sesame,0.05,kg per person per month,household consumption for home use (purchased plus own production); meals eaten out recorded only as spending (our reading of table structure),household acquisition,DIE-05,VN-direct,High,revealed,
DPI-353,"NSO VHLSS (KSMS), table 6.20",2024,"Vietnam, rural","household members (46,995 households in 2024)",Peanuts and sesame,0.05,kg per person per month,household consumption for home use (purchased plus own production); meals eaten out recorded only as spending (our reading of table structure),household acquisition,DIE-05,VN-direct,High,revealed,
DPI-354,"NSO VHLSS (KSMS), table 6.20",2010,Vietnam,"household members (46,995 households in 2024)","Sugar, molasses, milk, cakes and sweets",0.55,kg per person per month,household consumption for home use (purchased plus own production); meals eaten out recorded only as spending (our reading of table structure),household acquisition,DIE-05,VN-direct,High,revealed,
DPI-355,"NSO VHLSS (KSMS), table 6.20",2010,"Vietnam, urban","household members (46,995 households in 2024)","Sugar, molasses, milk, cakes and sweets",0.63,kg per person per month,household consumption for home use (purchased plus own production); meals eaten out recorded only as spending (our reading of table structure),household acquisition,DIE-05,VN-direct,High,revealed,
DPI-356,"NSO VHLSS (KSMS), table 6.20",2010,"Vietnam, rural","household members (46,995 households in 2024)","Sugar, molasses, milk, cakes and sweets",0.52,kg per person per month,household consumption for home use (purchased plus own production); meals eaten out recorded only as spending (our reading of table structure),household acquisition,DIE-05,VN-direct,High,revealed,
DPI-357,"NSO VHLSS (KSMS), table 6.20",2020,Vietnam,"household members (46,995 households in 2024)","Sugar, molasses, milk, cakes and sweets",0.6,kg per person per month,household consumption for home use (purchased plus own production); meals eaten out recorded only as spending (our reading of table structure),household acquisition,DIE-05,VN-direct,High,revealed,
DPI-358,"NSO VHLSS (KSMS), table 6.20",2020,"Vietnam, urban","household members (46,995 households in 2024)","Sugar, molasses, milk, cakes and sweets",0.63,kg per person per month,household consumption for home use (purchased plus own production); meals eaten out recorded only as spending (our reading of table structure),household acquisition,DIE-05,VN-direct,High,revealed,
DPI-359,"NSO VHLSS (KSMS), table 6.20",2020,"Vietnam, rural","household members (46,995 households in 2024)","Sugar, molasses, milk, cakes and sweets",0.59,kg per person per month,household consumption for home use (purchased plus own production); meals eaten out recorded only as spending (our reading of table structure),household acquisition,DIE-05,VN-direct,High,revealed,
DPI-360,"NSO VHLSS (KSMS), table 6.20",2024,Vietnam,"household members (46,995 households in 2024)","Sugar, molasses, milk, cakes and sweets",0.55,kg per person per month,household consumption for home use (purchased plus own production); meals eaten out recorded only as spending (our reading of table structure),household acquisition,DIE-05,VN-direct,High,revealed,
DPI-361,"NSO VHLSS (KSMS), table 6.20",2024,"Vietnam, urban","household members (46,995 households in 2024)","Sugar, molasses, milk, cakes and sweets",0.56,kg per person per month,household consumption for home use (purchased plus own production); meals eaten out recorded only as spending (our reading of table structure),household acquisition,DIE-05,VN-direct,High,revealed,
DPI-362,"NSO VHLSS (KSMS), table 6.20",2024,"Vietnam, rural","household members (46,995 households in 2024)","Sugar, molasses, milk, cakes and sweets",0.54,kg per person per month,household consumption for home use (purchased plus own production); meals eaten out recorded only as spending (our reading of table structure),household acquisition,DIE-05,VN-direct,High,revealed,
DPI-363,"NSO VHLSS (KSMS), table 6.21",2024,Vietnam,income quintile 1,Meat (all),1.97,kg per person per month,household consumption for home use,household acquisition,DIE-05,VN-direct,High,revealed,
DPI-364,"NSO VHLSS (KSMS), table 6.21",2024,Vietnam,income quintile 2,Meat (all),2.36,kg per person per month,household consumption for home use,household acquisition,DIE-05,VN-direct,High,revealed,
DPI-365,"NSO VHLSS (KSMS), table 6.21",2024,Vietnam,income quintile 3,Meat (all),2.63,kg per person per month,household consumption for home use,household acquisition,DIE-05,VN-direct,High,revealed,
DPI-366,"NSO VHLSS (KSMS), table 6.21",2024,Vietnam,income quintile 4,Meat (all),2.85,kg per person per month,household consumption for home use,household acquisition,DIE-05,VN-direct,High,revealed,
DPI-367,"NSO VHLSS (KSMS), table 6.21",2024,Vietnam,income quintile 5,Meat (all),3.17,kg per person per month,household consumption for home use,household acquisition,DIE-05,VN-direct,High,revealed,
DPI-368,"NSO VHLSS (KSMS), table 6.21",2024,Vietnam,income quintile 1,Fish and shrimp,0.93,kg per person per month,household consumption for home use,household acquisition,DIE-05,VN-direct,High,revealed,
DPI-369,"NSO VHLSS (KSMS), table 6.21",2024,Vietnam,income quintile 2,Fish and shrimp,1.17,kg per person per month,household consumption for home use,household acquisition,DIE-05,VN-direct,High,revealed,
DPI-370,"NSO VHLSS (KSMS), table 6.21",2024,Vietnam,income quintile 3,Fish and shrimp,1.17,kg per person per month,household consumption for home use,household acquisition,DIE-05,VN-direct,High,revealed,
DPI-371,"NSO VHLSS (KSMS), table 6.21",2024,Vietnam,income quintile 4,Fish and shrimp,1.19,kg per person per month,household consumption for home use,household acquisition,DIE-05,VN-direct,High,revealed,
DPI-372,"NSO VHLSS (KSMS), table 6.21",2024,Vietnam,income quintile 5,Fish and shrimp,1.31,kg per person per month,household consumption for home use,household acquisition,DIE-05,VN-direct,High,revealed,
DPI-373,"NSO VHLSS (KSMS), table 6.21",2024,Vietnam,income quintile 1,Eggs (poultry),4.23,eggs per person per month,household consumption for home use,household acquisition,DIE-05,VN-direct,High,revealed,
DPI-374,"NSO VHLSS (KSMS), table 6.21",2024,Vietnam,income quintile 2,Eggs (poultry),4.85,eggs per person per month,household consumption for home use,household acquisition,DIE-05,VN-direct,High,revealed,
DPI-375,"NSO VHLSS (KSMS), table 6.21",2024,Vietnam,income quintile 3,Eggs (poultry),5.16,eggs per person per month,household consumption for home use,household acquisition,DIE-05,VN-direct,High,revealed,
DPI-376,"NSO VHLSS (KSMS), table 6.21",2024,Vietnam,income quintile 4,Eggs (poultry),5.42,eggs per person per month,household consumption for home use,household acquisition,DIE-05,VN-direct,High,revealed,
DPI-377,"NSO VHLSS (KSMS), table 6.21",2024,Vietnam,income quintile 5,Eggs (poultry),5.83,eggs per person per month,household consumption for home use,household acquisition,DIE-05,VN-direct,High,revealed,
DPI-378,"NSO VHLSS (KSMS), table 6.21",2024,Vietnam,income quintile 1,Tofu,0.4,kg per person per month,household consumption for home use,household acquisition,DIE-05,VN-direct,High,revealed,
DPI-379,"NSO VHLSS (KSMS), table 6.21",2024,Vietnam,income quintile 2,Tofu,0.38,kg per person per month,household consumption for home use,household acquisition,DIE-05,VN-direct,High,revealed,
DPI-380,"NSO VHLSS (KSMS), table 6.21",2024,Vietnam,income quintile 3,Tofu,0.41,kg per person per month,household consumption for home use,household acquisition,DIE-05,VN-direct,High,revealed,
DPI-381,"NSO VHLSS (KSMS), table 6.21",2024,Vietnam,income quintile 4,Tofu,0.45,kg per person per month,household consumption for home use,household acquisition,DIE-05,VN-direct,High,revealed,
DPI-382,"NSO VHLSS (KSMS), table 6.21",2024,Vietnam,income quintile 5,Tofu,0.5,kg per person per month,household consumption for home use,household acquisition,DIE-05,VN-direct,High,revealed,
DPI-383,"NSO VHLSS (KSMS), table 6.21",2024,Vietnam,income quintile 1,Rice,7.27,kg per person per month,household consumption for home use,household acquisition,DIE-05,VN-direct,High,revealed,
DPI-384,"NSO VHLSS (KSMS), table 6.21",2024,Vietnam,income quintile 2,Rice,6.67,kg per person per month,household consumption for home use,household acquisition,DIE-05,VN-direct,High,revealed,
DPI-385,"NSO VHLSS (KSMS), table 6.21",2024,Vietnam,income quintile 3,Rice,6.34,kg per person per month,household consumption for home use,household acquisition,DIE-05,VN-direct,High,revealed,
DPI-386,"NSO VHLSS (KSMS), table 6.21",2024,Vietnam,income quintile 4,Rice,6.1,kg per person per month,household consumption for home use,household acquisition,DIE-05,VN-direct,High,revealed,
DPI-387,"NSO VHLSS (KSMS), table 6.21",2024,Vietnam,income quintile 5,Rice,5.9,kg per person per month,household consumption for home use,household acquisition,DIE-05,VN-direct,High,revealed,
DPI-388,"NSO VHLSS (KSMS), table 6.22",2024,"Vietnam, Red River Delta (pre-2025 statistical region)",all households,Meat (all),3.19,kg per person per month,household consumption for home use,household acquisition,DIE-05,VN-direct,High,revealed,
DPI-389,"NSO VHLSS (KSMS), table 6.22",2024,"Vietnam, Northern midlands and mountains (pre-2025 statistical region)",all households,Meat (all),3.1,kg per person per month,household consumption for home use,household acquisition,DIE-05,VN-direct,High,revealed,
DPI-390,"NSO VHLSS (KSMS), table 6.22",2024,"Vietnam, North Central and Central coast (pre-2025 statistical region)",all households,Meat (all),2.33,kg per person per month,household consumption for home use,household acquisition,DIE-05,VN-direct,High,revealed,
DPI-391,"NSO VHLSS (KSMS), table 6.22",2024,"Vietnam, Central Highlands (pre-2025 statistical region)",all households,Meat (all),2.05,kg per person per month,household consumption for home use,household acquisition,DIE-05,VN-direct,High,revealed,
DPI-392,"NSO VHLSS (KSMS), table 6.22",2024,"Vietnam, South East (pre-2025 statistical region)",all households,Meat (all),2.33,kg per person per month,household consumption for home use,household acquisition,DIE-05,VN-direct,High,revealed,
DPI-393,"NSO VHLSS (KSMS), table 6.22",2024,"Vietnam, Mekong River Delta (pre-2025 statistical region)",all households,Meat (all),2.22,kg per person per month,household consumption for home use,household acquisition,DIE-05,VN-direct,High,revealed,
DPI-394,"NSO VHLSS (KSMS), table 6.22",2024,"Vietnam, Red River Delta (pre-2025 statistical region)",all households,Fish and shrimp,0.97,kg per person per month,household consumption for home use,household acquisition,DIE-05,VN-direct,High,revealed,
DPI-395,"NSO VHLSS (KSMS), table 6.22",2024,"Vietnam, Northern midlands and mountains (pre-2025 statistical region)",all households,Fish and shrimp,0.58,kg per person per month,household consumption for home use,household acquisition,DIE-05,VN-direct,High,revealed,
DPI-396,"NSO VHLSS (KSMS), table 6.22",2024,"Vietnam, North Central and Central coast (pre-2025 statistical region)",all households,Fish and shrimp,1.36,kg per person per month,household consumption for home use,household acquisition,DIE-05,VN-direct,High,revealed,
DPI-397,"NSO VHLSS (KSMS), table 6.22",2024,"Vietnam, Central Highlands (pre-2025 statistical region)",all households,Fish and shrimp,0.8,kg per person per month,household consumption for home use,household acquisition,DIE-05,VN-direct,High,revealed,
DPI-398,"NSO VHLSS (KSMS), table 6.22",2024,"Vietnam, South East (pre-2025 statistical region)",all households,Fish and shrimp,1.13,kg per person per month,household consumption for home use,household acquisition,DIE-05,VN-direct,High,revealed,
DPI-399,"NSO VHLSS (KSMS), table 6.22",2024,"Vietnam, Mekong River Delta (pre-2025 statistical region)",all households,Fish and shrimp,1.75,kg per person per month,household consumption for home use,household acquisition,DIE-05,VN-direct,High,revealed,
DPI-400,"NSO VHLSS (KSMS), table 6.22",2024,"Vietnam, Red River Delta (pre-2025 statistical region)",all households,Eggs (poultry),5.93,eggs per person per month,household consumption for home use,household acquisition,DIE-05,VN-direct,High,revealed,
DPI-401,"NSO VHLSS (KSMS), table 6.22",2024,"Vietnam, Northern midlands and mountains (pre-2025 statistical region)",all households,Eggs (poultry),5.1,eggs per person per month,household consumption for home use,household acquisition,DIE-05,VN-direct,High,revealed,
DPI-402,"NSO VHLSS (KSMS), table 6.22",2024,"Vietnam, North Central and Central coast (pre-2025 statistical region)",all households,Eggs (poultry),4.87,eggs per person per month,household consumption for home use,household acquisition,DIE-05,VN-direct,High,revealed,
DPI-403,"NSO VHLSS (KSMS), table 6.22",2024,"Vietnam, Central Highlands (pre-2025 statistical region)",all households,Eggs (poultry),4.38,eggs per person per month,household consumption for home use,household acquisition,DIE-05,VN-direct,High,revealed,
DPI-404,"NSO VHLSS (KSMS), table 6.22",2024,"Vietnam, South East (pre-2025 statistical region)",all households,Eggs (poultry),5.01,eggs per person per month,household consumption for home use,household acquisition,DIE-05,VN-direct,High,revealed,
DPI-405,"NSO VHLSS (KSMS), table 6.22",2024,"Vietnam, Mekong River Delta (pre-2025 statistical region)",all households,Eggs (poultry),4.62,eggs per person per month,household consumption for home use,household acquisition,DIE-05,VN-direct,High,revealed,
DPI-406,"NSO VHLSS (KSMS), table 6.22",2024,"Vietnam, Red River Delta (pre-2025 statistical region)",all households,Tofu,0.69,kg per person per month,household consumption for home use,household acquisition,DIE-05,VN-direct,High,revealed,
DPI-407,"NSO VHLSS (KSMS), table 6.22",2024,"Vietnam, Northern midlands and mountains (pre-2025 statistical region)",all households,Tofu,0.68,kg per person per month,household consumption for home use,household acquisition,DIE-05,VN-direct,High,revealed,
DPI-408,"NSO VHLSS (KSMS), table 6.22",2024,"Vietnam, North Central and Central coast (pre-2025 statistical region)",all households,Tofu,0.31,kg per person per month,household consumption for home use,household acquisition,DIE-05,VN-direct,High,revealed,
DPI-409,"NSO VHLSS (KSMS), table 6.22",2024,"Vietnam, Central Highlands (pre-2025 statistical region)",all households,Tofu,0.32,kg per person per month,household consumption for home use,household acquisition,DIE-05,VN-direct,High,revealed,
DPI-410,"NSO VHLSS (KSMS), table 6.22",2024,"Vietnam, South East (pre-2025 statistical region)",all households,Tofu,0.31,kg per person per month,household consumption for home use,household acquisition,DIE-05,VN-direct,High,revealed,
DPI-411,"NSO VHLSS (KSMS), table 6.22",2024,"Vietnam, Mekong River Delta (pre-2025 statistical region)",all households,Tofu,0.19,kg per person per month,household consumption for home use,household acquisition,DIE-05,VN-direct,High,revealed,
DPI-412,USDA FAS PSD Online (April 2026 release),2018,Vietnam,whole population,Pork,3425.0,thousand tonnes per year,"domestic consumption, carcass weight equivalent",consumption balance,DIE-10,VN-direct,Medium,revealed,"Per person about 35.6 kg (our division by UN WPP 2024 population, DIE-36)."
DPI-413,USDA FAS PSD Online (April 2026 release),2019,Vietnam,whole population,Pork,2993.0,thousand tonnes per year,"domestic consumption, carcass weight equivalent",consumption balance,DIE-10,VN-direct,Medium,revealed,"Per person about 30.8 kg (our division by UN WPP 2024 population, DIE-36)."
DPI-414,USDA FAS PSD Online (April 2026 release),2020,Vietnam,whole population,Pork,3068.0,thousand tonnes per year,"domestic consumption, carcass weight equivalent",consumption balance,DIE-10,VN-direct,Medium,revealed,"Per person about 31.3 kg (our division by UN WPP 2024 population, DIE-36)."
DPI-415,USDA FAS PSD Online (April 2026 release),2023,Vietnam,whole population,Pork,3648.0,thousand tonnes per year,"domestic consumption, carcass weight equivalent",consumption balance,DIE-10,VN-direct,Medium,revealed,"Per person about 36.4 kg (our division by UN WPP 2024 population, DIE-36)."
DPI-416,USDA FAS PSD Online (April 2026 release),2024,Vietnam,whole population,Pork,3878.0,thousand tonnes per year,"domestic consumption, carcass weight equivalent",consumption balance,DIE-10,VN-direct,Medium,revealed,"Per person about 38.4 kg (our division by UN WPP 2024 population, DIE-36)."
DPI-417,USDA FAS PSD Online (April 2026 release),2025,Vietnam,whole population,Pork,4073.0,thousand tonnes per year,"domestic consumption, carcass weight equivalent",consumption balance,DIE-10,VN-direct,Medium,revealed,"Per person about 40.1 kg (our division by UN WPP 2024 population, DIE-36)."
DPI-418,USDA FAS PSD Online (April 2026 release),2026,Vietnam,whole population,Pork,4197.0,thousand tonnes per year,"domestic consumption, carcass weight equivalent",consumption balance (forecast),DIE-10,VN-direct,Medium,inferred,"Per person about 41.1 kg (our division by UN WPP 2024 population, DIE-36)."
DPI-419,USDA FAS PSD Online (April 2026 release),2018,Vietnam,whole population,Chicken,927.0,thousand tonnes per year,"domestic consumption, ready-to-cook weight (USDA convention)",consumption balance,DIE-10,VN-direct,Medium,revealed,"Per person about 9.6 kg (our division by UN WPP 2024 population, DIE-36)."
DPI-420,USDA FAS PSD Online (April 2026 release),2019,Vietnam,whole population,Chicken,1170.0,thousand tonnes per year,"domestic consumption, ready-to-cook weight (USDA convention)",consumption balance,DIE-10,VN-direct,Medium,revealed,"Per person about 12.0 kg (our division by UN WPP 2024 population, DIE-36)."
DPI-421,USDA FAS PSD Online (April 2026 release),2020,Vietnam,whole population,Chicken,1341.0,thousand tonnes per year,"domestic consumption, ready-to-cook weight (USDA convention)",consumption balance,DIE-10,VN-direct,Medium,revealed,"Per person about 13.7 kg (our division by UN WPP 2024 population, DIE-36)."
DPI-422,USDA FAS PSD Online (April 2026 release),2023,Vietnam,whole population,Chicken,1455.0,thousand tonnes per year,"domestic consumption, ready-to-cook weight (USDA convention)",consumption balance,DIE-10,VN-direct,Medium,revealed,"Per person about 14.5 kg (our division by UN WPP 2024 population, DIE-36)."
DPI-423,USDA FAS PSD Online (April 2026 release),2024,Vietnam,whole population,Chicken,1514.0,thousand tonnes per year,"domestic consumption, ready-to-cook weight (USDA convention)",consumption balance,DIE-10,VN-direct,Medium,revealed,"Per person about 15.0 kg (our division by UN WPP 2024 population, DIE-36)."
DPI-424,USDA FAS PSD Online (April 2026 release),2025,Vietnam,whole population,Chicken,1595.0,thousand tonnes per year,"domestic consumption, ready-to-cook weight (USDA convention)",consumption balance,DIE-10,VN-direct,Medium,revealed,"Per person about 15.7 kg (our division by UN WPP 2024 population, DIE-36)."
DPI-425,USDA FAS PSD Online (April 2026 release),2026,Vietnam,whole population,Chicken,1668.0,thousand tonnes per year,"domestic consumption, ready-to-cook weight (USDA convention)",consumption balance (forecast),DIE-10,VN-direct,Medium,inferred,"Per person about 16.3 kg (our division by UN WPP 2024 population, DIE-36)."
DPI-426,USDA FAS PSD Online (April 2026 release),2018,Vietnam,whole population,Beef and veal,299.0,thousand tonnes per year,"domestic consumption, carcass weight equivalent",consumption balance,DIE-10,VN-direct,Medium,revealed,"Per person about 3.1 kg (our division by UN WPP 2024 population, DIE-36)."
DPI-427,USDA FAS PSD Online (April 2026 release),2019,Vietnam,whole population,Beef and veal,339.0,thousand tonnes per year,"domestic consumption, carcass weight equivalent",consumption balance,DIE-10,VN-direct,Medium,revealed,"Per person about 3.5 kg (our division by UN WPP 2024 population, DIE-36)."
DPI-428,USDA FAS PSD Online (April 2026 release),2020,Vietnam,whole population,Beef and veal,380.0,thousand tonnes per year,"domestic consumption, carcass weight equivalent",consumption balance,DIE-10,VN-direct,Medium,revealed,"Per person about 3.9 kg (our division by UN WPP 2024 population, DIE-36)."
DPI-429,USDA FAS PSD Online (April 2026 release),2023,Vietnam,whole population,Beef and veal,426.0,thousand tonnes per year,"domestic consumption, carcass weight equivalent",consumption balance,DIE-10,VN-direct,Medium,revealed,"Per person about 4.2 kg (our division by UN WPP 2024 population, DIE-36)."
DPI-430,USDA FAS PSD Online (April 2026 release),2024,Vietnam,whole population,Beef and veal,433.0,thousand tonnes per year,"domestic consumption, carcass weight equivalent",consumption balance,DIE-10,VN-direct,Medium,revealed,"Per person about 4.3 kg (our division by UN WPP 2024 population, DIE-36)."
DPI-431,USDA FAS PSD Online (April 2026 release),2025,Vietnam,whole population,Beef and veal,420.0,thousand tonnes per year,"domestic consumption, carcass weight equivalent",consumption balance,DIE-10,VN-direct,Medium,revealed,"Per person about 4.1 kg (our division by UN WPP 2024 population, DIE-36)."
DPI-432,USDA FAS PSD Online (April 2026 release),2026,Vietnam,whole population,Beef and veal,425.0,thousand tonnes per year,"domestic consumption, carcass weight equivalent",consumption balance (forecast),DIE-10,VN-direct,Medium,inferred,"Per person about 4.2 kg (our division by UN WPP 2024 population, DIE-36)."
DPI-433,OECD-FAO Agricultural Outlook 2026 to 2035,2015,Vietnam,whole population,Pork,22.66,kg per person per year,"food use per person; meat in retail weight (OECD convention, not re-verified), fish live weight equivalent",supply,DIE-11,VN-direct,Medium,revealed,Historical values as held in the Outlook database.
DPI-434,OECD-FAO Agricultural Outlook 2026 to 2035,2020,Vietnam,whole population,Pork,22.57,kg per person per year,"food use per person; meat in retail weight (OECD convention, not re-verified), fish live weight equivalent",supply,DIE-11,VN-direct,Medium,revealed,Historical values as held in the Outlook database.
DPI-435,OECD-FAO Agricultural Outlook 2026 to 2035,2025,Vietnam,whole population,Pork,28.64,kg per person per year,"food use per person; meat in retail weight (OECD convention, not re-verified), fish live weight equivalent",supply,DIE-11,VN-direct,Medium,revealed,Historical values as held in the Outlook database.
DPI-436,OECD-FAO Agricultural Outlook 2026 to 2035,2030,Vietnam,whole population,Pork,31.08,kg per person per year,"food use per person; meat in retail weight (OECD convention, not re-verified), fish live weight equivalent",projection,DIE-11,VN-direct,Medium,inferred,Model projection (Aglink-Cosimo baseline). Same dataset the supply study cites as QNT-01.
DPI-437,OECD-FAO Agricultural Outlook 2026 to 2035,2035,Vietnam,whole population,Pork,31.51,kg per person per year,"food use per person; meat in retail weight (OECD convention, not re-verified), fish live weight equivalent",projection,DIE-11,VN-direct,Medium,inferred,Model projection (Aglink-Cosimo baseline). Same dataset the supply study cites as QNT-01.
DPI-438,OECD-FAO Agricultural Outlook 2026 to 2035,2015,Vietnam,whole population,Poultry,6.94,kg per person per year,"food use per person; meat in retail weight (OECD convention, not re-verified), fish live weight equivalent",supply,DIE-11,VN-direct,Medium,revealed,Historical values as held in the Outlook database.
DPI-439,OECD-FAO Agricultural Outlook 2026 to 2035,2020,Vietnam,whole population,Poultry,13.01,kg per person per year,"food use per person; meat in retail weight (OECD convention, not re-verified), fish live weight equivalent",supply,DIE-11,VN-direct,Medium,revealed,Historical values as held in the Outlook database.
DPI-440,OECD-FAO Agricultural Outlook 2026 to 2035,2025,Vietnam,whole population,Poultry,17.03,kg per person per year,"food use per person; meat in retail weight (OECD convention, not re-verified), fish live weight equivalent",supply,DIE-11,VN-direct,Medium,revealed,Historical values as held in the Outlook database.
DPI-441,OECD-FAO Agricultural Outlook 2026 to 2035,2030,Vietnam,whole population,Poultry,21.23,kg per person per year,"food use per person; meat in retail weight (OECD convention, not re-verified), fish live weight equivalent",projection,DIE-11,VN-direct,Medium,inferred,Model projection (Aglink-Cosimo baseline). Same dataset the supply study cites as QNT-01.
DPI-442,OECD-FAO Agricultural Outlook 2026 to 2035,2035,Vietnam,whole population,Poultry,25.8,kg per person per year,"food use per person; meat in retail weight (OECD convention, not re-verified), fish live weight equivalent",projection,DIE-11,VN-direct,Medium,inferred,Model projection (Aglink-Cosimo baseline). Same dataset the supply study cites as QNT-01.
DPI-443,OECD-FAO Agricultural Outlook 2026 to 2035,2015,Vietnam,whole population,Beef and veal,8.34,kg per person per year,"food use per person; meat in retail weight (OECD convention, not re-verified), fish live weight equivalent",supply,DIE-11,VN-direct,Medium,revealed,Historical values as held in the Outlook database.
DPI-444,OECD-FAO Agricultural Outlook 2026 to 2035,2020,Vietnam,whole population,Beef and veal,3.58,kg per person per year,"food use per person; meat in retail weight (OECD convention, not re-verified), fish live weight equivalent",supply,DIE-11,VN-direct,Medium,revealed,Historical values as held in the Outlook database.
DPI-445,OECD-FAO Agricultural Outlook 2026 to 2035,2025,Vietnam,whole population,Beef and veal,3.99,kg per person per year,"food use per person; meat in retail weight (OECD convention, not re-verified), fish live weight equivalent",supply,DIE-11,VN-direct,Medium,revealed,Historical values as held in the Outlook database.
DPI-446,OECD-FAO Agricultural Outlook 2026 to 2035,2030,Vietnam,whole population,Beef and veal,4.31,kg per person per year,"food use per person; meat in retail weight (OECD convention, not re-verified), fish live weight equivalent",projection,DIE-11,VN-direct,Medium,inferred,Model projection (Aglink-Cosimo baseline). Same dataset the supply study cites as QNT-01.
DPI-447,OECD-FAO Agricultural Outlook 2026 to 2035,2035,Vietnam,whole population,Beef and veal,4.6,kg per person per year,"food use per person; meat in retail weight (OECD convention, not re-verified), fish live weight equivalent",projection,DIE-11,VN-direct,Medium,inferred,Model projection (Aglink-Cosimo baseline). Same dataset the supply study cites as QNT-01.
DPI-448,OECD-FAO Agricultural Outlook 2026 to 2035,2015,Vietnam,whole population,Sheep meat,0.1,kg per person per year,"food use per person; meat in retail weight (OECD convention, not re-verified), fish live weight equivalent",supply,DIE-11,VN-direct,Medium,revealed,Historical values as held in the Outlook database.
DPI-449,OECD-FAO Agricultural Outlook 2026 to 2035,2020,Vietnam,whole population,Sheep meat,0.15,kg per person per year,"food use per person; meat in retail weight (OECD convention, not re-verified), fish live weight equivalent",supply,DIE-11,VN-direct,Medium,revealed,Historical values as held in the Outlook database.
DPI-450,OECD-FAO Agricultural Outlook 2026 to 2035,2025,Vietnam,whole population,Sheep meat,0.17,kg per person per year,"food use per person; meat in retail weight (OECD convention, not re-verified), fish live weight equivalent",supply,DIE-11,VN-direct,Medium,revealed,Historical values as held in the Outlook database.
DPI-451,OECD-FAO Agricultural Outlook 2026 to 2035,2030,Vietnam,whole population,Sheep meat,0.22,kg per person per year,"food use per person; meat in retail weight (OECD convention, not re-verified), fish live weight equivalent",projection,DIE-11,VN-direct,Medium,inferred,Model projection (Aglink-Cosimo baseline). Same dataset the supply study cites as QNT-01.
DPI-452,OECD-FAO Agricultural Outlook 2026 to 2035,2035,Vietnam,whole population,Sheep meat,0.25,kg per person per year,"food use per person; meat in retail weight (OECD convention, not re-verified), fish live weight equivalent",projection,DIE-11,VN-direct,Medium,inferred,Model projection (Aglink-Cosimo baseline). Same dataset the supply study cites as QNT-01.
DPI-453,OECD-FAO Agricultural Outlook 2026 to 2035,2015,Vietnam,whole population,Fish and seafood,35.77,kg per person per year,"food use per person; meat in retail weight (OECD convention, not re-verified), fish live weight equivalent",supply,DIE-11,VN-direct,Medium,revealed,Historical values as held in the Outlook database.
DPI-454,OECD-FAO Agricultural Outlook 2026 to 2035,2020,Vietnam,whole population,Fish and seafood,40.69,kg per person per year,"food use per person; meat in retail weight (OECD convention, not re-verified), fish live weight equivalent",supply,DIE-11,VN-direct,Medium,revealed,Historical values as held in the Outlook database.
DPI-455,OECD-FAO Agricultural Outlook 2026 to 2035,2025,Vietnam,whole population,Fish and seafood,42.4,kg per person per year,"food use per person; meat in retail weight (OECD convention, not re-verified), fish live weight equivalent",supply,DIE-11,VN-direct,Medium,revealed,Historical values as held in the Outlook database.
DPI-456,OECD-FAO Agricultural Outlook 2026 to 2035,2030,Vietnam,whole population,Fish and seafood,46.41,kg per person per year,"food use per person; meat in retail weight (OECD convention, not re-verified), fish live weight equivalent",projection,DIE-11,VN-direct,Medium,inferred,Model projection (Aglink-Cosimo baseline). Same dataset the supply study cites as QNT-01.
DPI-457,OECD-FAO Agricultural Outlook 2026 to 2035,2035,Vietnam,whole population,Fish and seafood,46.79,kg per person per year,"food use per person; meat in retail weight (OECD convention, not re-verified), fish live weight equivalent",projection,DIE-11,VN-direct,Medium,inferred,Model projection (Aglink-Cosimo baseline). Same dataset the supply study cites as QNT-01.
DPI-458,OECD-FAO Agricultural Outlook 2026 to 2035,2025,Vietnam,whole population,Rice,132.84,kg per person per year,"food use per person, milled rice",supply,DIE-11,VN-direct,Medium,revealed,Historical values as held in the Outlook database.
DPI-459,OECD-FAO Agricultural Outlook 2026 to 2035,2030,Vietnam,whole population,Rice,128.04,kg per person per year,"food use per person, milled rice",projection,DIE-11,VN-direct,Medium,inferred,Model projection (Aglink-Cosimo baseline). Same dataset the supply study cites as QNT-01.
DPI-460,OECD-FAO Agricultural Outlook 2026 to 2035,2035,Vietnam,whole population,Rice,123.21,kg per person per year,"food use per person, milled rice",projection,DIE-11,VN-direct,Medium,inferred,Model projection (Aglink-Cosimo baseline). Same dataset the supply study cites as QNT-01.
