record_id,scenario,year,route,indicator,label,value,unit,foresight_type,evidence_label,confidence,source_ids,notes
DMO-0001,D-DRIFT,2025,context,meat_protein_kt,"Meat protein demand (S-BASE, carcass basis x 0.15)",1012.8,kt protein,calibration (2025 base),VN-direct,Low,demand_assumptions.csv; balance_outputs.csv,"What-if scenario result, not a forecast."
DMO-0002,D-DRIFT,2025,context,meat_protein_g_per_person_day,Meat protein per person per day (supply basis),27.31,g per person per day,calibration (2025 base),VN-direct,Low,demand_assumptions.csv; balance_outputs.csv,"What-if scenario result, not a forecast."
DMO-0003,D-DRIFT,2025,R1,R1_pool_protein_kt,Food plant-protein ingredient pool (imports today),26.0,kt protein,calibration (2025 base),VN-direct,Low,demand_assumptions.csv; balance_outputs.csv,"What-if scenario result, not a forecast."
DMO-0004,D-DRIFT,2025,R1,R1_delivered,Ingredient import substitution: protein delivered by domestic or novel protein,0.0,kt protein,calibration (2025 base),VN-direct,Low,demand_assumptions.csv; balance_outputs.csv,"What-if scenario result, not a forecast."
DMO-0005,D-DRIFT,2025,R1,R1_displaced,Ingredient import substitution: meat protein displaced,0.0,kt protein,calibration (2025 base),VN-direct,Low,demand_assumptions.csv; balance_outputs.csv,"What-if scenario result, not a forecast."
DMO-0006,D-DRIFT,2025,R2,R2_chay_day_share,Chay days as a share of all person-days (assumption),0.0247,share of person-days,calibration (2025 base),VN-direct,Low,demand_assumptions.csv; balance_outputs.csv,"What-if scenario result, not a forecast."
DMO-0007,D-DRIFT,2025,R2,R2_baseline_meat_avoided_kt,Meat protein already avoided by existing chay days (in the baseline),24.99,kt protein,calibration (2025 base),VN-direct,Low,demand_assumptions.csv; balance_outputs.csv,"What-if scenario result, not a forecast."
DMO-0008,D-DRIFT,2025,R2,R2_delivered,Chay occasions: protein delivered by domestic or novel protein,0.0,kt protein,calibration (2025 base),VN-direct,Low,demand_assumptions.csv; balance_outputs.csv,"What-if scenario result, not a forecast."
DMO-0009,D-DRIFT,2025,R2,R2_displaced,Chay occasions: meat protein displaced,0.0,kt protein,calibration (2025 base),VN-direct,Low,demand_assumptions.csv; balance_outputs.csv,"What-if scenario result, not a forecast."
DMO-0010,D-DRIFT,2025,R3,R3_processed_meat_protein_kt,Protein in processed meat products,50.64,kt protein,calibration (2025 base),VN-direct,Low,demand_assumptions.csv; balance_outputs.csv,"What-if scenario result, not a forecast."
DMO-0011,D-DRIFT,2025,R3,R3_delivered,Hybrid processed meat: protein delivered by domestic or novel protein,0.0,kt protein,calibration (2025 base),VN-direct,Low,demand_assumptions.csv; balance_outputs.csv,"What-if scenario result, not a forecast."
DMO-0012,D-DRIFT,2025,R3,R3_displaced,Hybrid processed meat: meat protein displaced,0.0,kt protein,calibration (2025 base),VN-direct,Low,demand_assumptions.csv; balance_outputs.csv,"What-if scenario result, not a forecast."
DMO-0013,D-DRIFT,2025,R4,R4_meal_protein_pool_kt,Protein in canteen and school protein dishes,36.0,kt protein,calibration (2025 base),VN-direct,Low,demand_assumptions.csv; balance_outputs.csv,"What-if scenario result, not a forecast."
DMO-0014,D-DRIFT,2025,R4,R4_delivered,Institutional meals: protein delivered by domestic or novel protein,0.0,kt protein,calibration (2025 base),VN-direct,Low,demand_assumptions.csv; balance_outputs.csv,"What-if scenario result, not a forecast."
DMO-0015,D-DRIFT,2025,R4,R4_displaced,Institutional meals: meat protein displaced,0.0,kt protein,calibration (2025 base),VN-direct,Low,demand_assumptions.csv; balance_outputs.csv,"What-if scenario result, not a forecast."
DMO-0016,D-DRIFT,2025,R5,R5_urban_population_m,Urban population (trend assumption),39.42,million people,calibration (2025 base),VN-direct,Low,demand_assumptions.csv; balance_outputs.csv,"What-if scenario result, not a forecast."
DMO-0017,D-DRIFT,2025,R5,R5_regular_buyers_m,Regular (monthly) buyers of modern analogues,0.0394,million people,calibration (2025 base),VN-direct,Low,demand_assumptions.csv; balance_outputs.csv,"What-if scenario result, not a forecast."
DMO-0018,D-DRIFT,2025,R5,R5_delivered,Household modern analogues: protein delivered by domestic or novel protein,0.0177,kt protein,calibration (2025 base),VN-direct,Low,demand_assumptions.csv; balance_outputs.csv,"What-if scenario result, not a forecast."
DMO-0019,D-DRIFT,2025,R5,R5_displaced,Household modern analogues: meat protein displaced,0.0035,kt protein,calibration (2025 base),VN-direct,Low,demand_assumptions.csv; balance_outputs.csv,"What-if scenario result, not a forecast."
DMO-0020,D-DRIFT,2025,R6,R6_plant_milk_ml,Plant milk volume,300.0,million litres,calibration (2025 base),VN-direct,Low,demand_assumptions.csv; balance_outputs.csv,"What-if scenario result, not a forecast."
DMO-0021,D-DRIFT,2025,R6,R6_delivered,High-protein plant milks: protein delivered by domestic or novel protein,0.09,kt protein,calibration (2025 base),VN-direct,Low,demand_assumptions.csv; balance_outputs.csv,"What-if scenario result, not a forecast."
DMO-0022,D-DRIFT,2025,R6,R6_displaced,High-protein plant milks: meat protein displaced,0.0,kt protein,calibration (2025 base),VN-direct,Low,demand_assumptions.csv; balance_outputs.csv,"What-if scenario result, not a forecast."
DMO-0023,D-DRIFT,2025,R7,R7_delivered,Exports: protein delivered by domestic or novel protein,0.0,kt protein,calibration (2025 base),VN-direct,Low,demand_assumptions.csv; balance_outputs.csv,"What-if scenario result, not a forecast."
DMO-0024,D-DRIFT,2025,R7,R7_displaced,Exports: meat protein displaced,0.0,kt protein,calibration (2025 base),VN-direct,Low,demand_assumptions.csv; balance_outputs.csv,"What-if scenario result, not a forecast."
DMO-0025,D-DRIFT,2025,all,total_delivered,"Total protein delivered by domestic or novel protein, all routes",0.1077,kt protein,calibration (2025 base),VN-direct,Low,demand_assumptions.csv; balance_outputs.csv,"What-if scenario result, not a forecast."
DMO-0026,D-DRIFT,2025,all,domestic_delivered,Protein delivered in Vietnam (R1 to R6),0.1077,kt protein,calibration (2025 base),VN-direct,Low,demand_assumptions.csv; balance_outputs.csv,"What-if scenario result, not a forecast."
DMO-0027,D-DRIFT,2025,all,total_displaced,"Meat protein displaced, all routes",0.0035,kt protein,calibration (2025 base),VN-direct,Low,demand_assumptions.csv; balance_outputs.csv,"What-if scenario result, not a forecast."
DMO-0028,D-DRIFT,2025,all,displaced_share_of_meat_protein,Meat protein displaced as a share of meat protein demand,0.0,share,calibration (2025 base),VN-direct,Low,demand_assumptions.csv; balance_outputs.csv,"What-if scenario result, not a forecast."
DMO-0029,D-DRIFT,2025,context,salt_food_requirement_kt,Part IV S-ALT: meat protein replaced by plant-based and fermented foods,0.0,kt protein,calibration (2025 base),VN-direct,Low,demand_assumptions.csv; balance_outputs.csv,"What-if scenario result, not a forecast."
DMO-0030,D-DRIFT,2025,context,salt_feed_microbial_kt,Part IV S-ALT: microbial protein in feed (for comparison),0.0,kt protein,calibration (2025 base),VN-direct,Low,demand_assumptions.csv; balance_outputs.csv,"What-if scenario result, not a forecast."
DMO-0031,D-DRIFT,2025,context,salt_share,Part IV S-ALT share of meat protein replaced,0.0,share,calibration (2025 base),VN-direct,Low,demand_assumptions.csv; balance_outputs.csv,"What-if scenario result, not a forecast."
DMO-0032,D-DRIFT,2025,all,ingredient_value_usd_m,Ingredient value of protein delivered (order of magnitude),0.3232,USD million,calibration (2025 base),VN-direct,Low,demand_assumptions.csv; balance_outputs.csv,"What-if scenario result, not a forecast."
DMO-0033,D-DRIFT,2025,all,ingredient_product_kt_r1_r4,Ingredient product for R1 to R4 at 60% protein,0.0,kt product,calibration (2025 base),VN-direct,Low,demand_assumptions.csv; balance_outputs.csv,"What-if scenario result, not a forecast."
DMO-0034,D-DRIFT,2025,all,line_equivalents_r1_r4,Equivalent 1 t/h textured-protein lines for R1 to R4,0.0,lines,calibration (2025 base),VN-direct,Low,demand_assumptions.csv; balance_outputs.csv,"What-if scenario result, not a forecast."
DMO-0035,D-DRIFT,2030,context,meat_protein_kt,"Meat protein demand (S-BASE, carcass basis x 0.15)",1178.89,kt protein,estimate,VN-direct,Low,demand_assumptions.csv; balance_outputs.csv,"What-if scenario result, not a forecast."
DMO-0036,D-DRIFT,2030,context,meat_protein_g_per_person_day,Meat protein per person per day (supply basis),31.0,g per person per day,estimate,VN-direct,Low,demand_assumptions.csv; balance_outputs.csv,"What-if scenario result, not a forecast."
DMO-0037,D-DRIFT,2030,R1,R1_pool_protein_kt,Food plant-protein ingredient pool (imports today),31.63,kt protein,estimate,VN-direct,Low,demand_assumptions.csv; balance_outputs.csv,"What-if scenario result, not a forecast."
DMO-0038,D-DRIFT,2030,R1,R1_delivered,Ingredient import substitution: protein delivered by domestic or novel protein,0.6327,kt protein,estimate,VN-direct,Low,demand_assumptions.csv; balance_outputs.csv,"What-if scenario result, not a forecast."
DMO-0039,D-DRIFT,2030,R1,R1_displaced,Ingredient import substitution: meat protein displaced,0.0,kt protein,estimate,VN-direct,Low,demand_assumptions.csv; balance_outputs.csv,"What-if scenario result, not a forecast."
DMO-0040,D-DRIFT,2030,R2,R2_chay_day_share,Chay days as a share of all person-days (assumption),0.0247,share of person-days,estimate,VN-direct,Low,demand_assumptions.csv; balance_outputs.csv,"What-if scenario result, not a forecast."
DMO-0041,D-DRIFT,2030,R2,R2_baseline_meat_avoided_kt,Meat protein already avoided by existing chay days (in the baseline),29.08,kt protein,estimate,VN-direct,Low,demand_assumptions.csv; balance_outputs.csv,"What-if scenario result, not a forecast."
DMO-0042,D-DRIFT,2030,R2,R2_delivered,Chay occasions: protein delivered by domestic or novel protein,0.1877,kt protein,estimate,VN-direct,Low,demand_assumptions.csv; balance_outputs.csv,"What-if scenario result, not a forecast."
DMO-0043,D-DRIFT,2030,R2,R2_displaced,Chay occasions: meat protein displaced,0.0,kt protein,estimate,VN-direct,Low,demand_assumptions.csv; balance_outputs.csv,"What-if scenario result, not a forecast."
DMO-0044,D-DRIFT,2030,R3,R3_processed_meat_protein_kt,Protein in processed meat products,58.94,kt protein,estimate,VN-direct,Low,demand_assumptions.csv; balance_outputs.csv,"What-if scenario result, not a forecast."
DMO-0045,D-DRIFT,2030,R3,R3_delivered,Hybrid processed meat: protein delivered by domestic or novel protein,0.0295,kt protein,estimate,VN-direct,Low,demand_assumptions.csv; balance_outputs.csv,"What-if scenario result, not a forecast."
DMO-0046,D-DRIFT,2030,R3,R3_displaced,Hybrid processed meat: meat protein displaced,0.0265,kt protein,estimate,VN-direct,Low,demand_assumptions.csv; balance_outputs.csv,"What-if scenario result, not a forecast."
DMO-0047,D-DRIFT,2030,R4,R4_meal_protein_pool_kt,Protein in canteen and school protein dishes,38.08,kt protein,estimate,VN-direct,Low,demand_assumptions.csv; balance_outputs.csv,"What-if scenario result, not a forecast."
DMO-0048,D-DRIFT,2030,R4,R4_delivered,Institutional meals: protein delivered by domestic or novel protein,0.0442,kt protein,estimate,VN-direct,Low,demand_assumptions.csv; balance_outputs.csv,"What-if scenario result, not a forecast."
DMO-0049,D-DRIFT,2030,R4,R4_displaced,Institutional meals: meat protein displaced,0.0353,kt protein,estimate,VN-direct,Low,demand_assumptions.csv; balance_outputs.csv,"What-if scenario result, not a forecast."
DMO-0050,D-DRIFT,2030,R5,R5_urban_population_m,Urban population (trend assumption),43.4,million people,estimate,VN-direct,Low,demand_assumptions.csv; balance_outputs.csv,"What-if scenario result, not a forecast."
DMO-0051,D-DRIFT,2030,R5,R5_regular_buyers_m,Regular (monthly) buyers of modern analogues,0.1302,million people,estimate,VN-direct,Low,demand_assumptions.csv; balance_outputs.csv,"What-if scenario result, not a forecast."
DMO-0052,D-DRIFT,2030,R5,R5_delivered,Household modern analogues: protein delivered by domestic or novel protein,0.0586,kt protein,estimate,VN-direct,Low,demand_assumptions.csv; balance_outputs.csv,"What-if scenario result, not a forecast."
DMO-0053,D-DRIFT,2030,R5,R5_displaced,Household modern analogues: meat protein displaced,0.0117,kt protein,estimate,VN-direct,Low,demand_assumptions.csv; balance_outputs.csv,"What-if scenario result, not a forecast."
DMO-0054,D-DRIFT,2030,R6,R6_plant_milk_ml,Plant milk volume,365.0,million litres,estimate,VN-direct,Low,demand_assumptions.csv; balance_outputs.csv,"What-if scenario result, not a forecast."
DMO-0055,D-DRIFT,2030,R6,R6_delivered,High-protein plant milks: protein delivered by domestic or novel protein,0.219,kt protein,estimate,VN-direct,Low,demand_assumptions.csv; balance_outputs.csv,"What-if scenario result, not a forecast."
DMO-0056,D-DRIFT,2030,R6,R6_displaced,High-protein plant milks: meat protein displaced,0.0,kt protein,estimate,VN-direct,Low,demand_assumptions.csv; balance_outputs.csv,"What-if scenario result, not a forecast."
DMO-0057,D-DRIFT,2030,R7,R7_delivered,Exports: protein delivered by domestic or novel protein,0.125,kt protein,estimate,VN-direct,Low,demand_assumptions.csv; balance_outputs.csv,"What-if scenario result, not a forecast."
DMO-0058,D-DRIFT,2030,R7,R7_displaced,Exports: meat protein displaced,0.0,kt protein,estimate,VN-direct,Low,demand_assumptions.csv; balance_outputs.csv,"What-if scenario result, not a forecast."
DMO-0059,D-DRIFT,2030,all,total_delivered,"Total protein delivered by domestic or novel protein, all routes",1.3,kt protein,estimate,VN-direct,Low,demand_assumptions.csv; balance_outputs.csv,"What-if scenario result, not a forecast."
DMO-0060,D-DRIFT,2030,all,domestic_delivered,Protein delivered in Vietnam (R1 to R6),1.17,kt protein,estimate,VN-direct,Low,demand_assumptions.csv; balance_outputs.csv,"What-if scenario result, not a forecast."
DMO-0061,D-DRIFT,2030,all,total_displaced,"Meat protein displaced, all routes",0.0736,kt protein,estimate,VN-direct,Low,demand_assumptions.csv; balance_outputs.csv,"What-if scenario result, not a forecast."
DMO-0062,D-DRIFT,2030,all,displaced_share_of_meat_protein,Meat protein displaced as a share of meat protein demand,0.0001,share,estimate,VN-direct,Low,demand_assumptions.csv; balance_outputs.csv,"What-if scenario result, not a forecast."
DMO-0063,D-DRIFT,2030,context,salt_food_requirement_kt,Part IV S-ALT: meat protein replaced by plant-based and fermented foods,11.79,kt protein,estimate,VN-direct,Low,demand_assumptions.csv; balance_outputs.csv,"What-if scenario result, not a forecast."
DMO-0064,D-DRIFT,2030,context,salt_feed_microbial_kt,Part IV S-ALT: microbial protein in feed (for comparison),55.84,kt protein,estimate,VN-direct,Low,demand_assumptions.csv; balance_outputs.csv,"What-if scenario result, not a forecast."
DMO-0065,D-DRIFT,2030,context,salt_share,Part IV S-ALT share of meat protein replaced,0.01,share,estimate,VN-direct,Low,demand_assumptions.csv; balance_outputs.csv,"What-if scenario result, not a forecast."
DMO-0066,D-DRIFT,2030,all,ingredient_value_usd_m,Ingredient value of protein delivered (order of magnitude),3.89,USD million,estimate,VN-direct,Low,demand_assumptions.csv; balance_outputs.csv,"What-if scenario result, not a forecast."
DMO-0067,D-DRIFT,2030,all,ingredient_product_kt_r1_r4,Ingredient product for R1 to R4 at 60% protein,1.49,kt product,estimate,VN-direct,Low,demand_assumptions.csv; balance_outputs.csv,"What-if scenario result, not a forecast."
DMO-0068,D-DRIFT,2030,all,line_equivalents_r1_r4,Equivalent 1 t/h textured-protein lines for R1 to R4,0.2128,lines,estimate,VN-direct,Low,demand_assumptions.csv; balance_outputs.csv,"What-if scenario result, not a forecast."
DMO-0069,D-DRIFT,2030,R3,req_R3_hybrid_adoption_at_30pct,S-ALT 2030 by hybrids alone: adoption needed at 30% replacement,0.7407,share of processed meat,estimate,VN-direct,Low,demand_assumptions.csv; balance_outputs.csv,"What-if scenario result, not a forecast."
DMO-0070,D-DRIFT,2030,R4,req_R4_share_of_all_meal_protein,S-ALT 2030 by institutional meals alone,0.387,share of canteen and school meal protein,estimate,VN-direct,Low,demand_assumptions.csv; balance_outputs.csv,"What-if scenario result, not a forecast."
DMO-0071,D-DRIFT,2030,R5,req_R5_regular_buyers_m,S-ALT 2030 by household analogues alone,130.99,million regular buyers,estimate,VN-direct,Low,demand_assumptions.csv; balance_outputs.csv,"What-if scenario result, not a forecast."
DMO-0072,D-DRIFT,2030,R2,req_R2_added_chay_days_per_person_month,S-ALT 2030 by added chay days alone (whole population),0.4345,extra chay days per person per month,estimate,VN-direct,Low,demand_assumptions.csv; balance_outputs.csv,"What-if scenario result, not a forecast."
DMO-0073,D-DRIFT,2035,context,meat_protein_kt,"Meat protein demand (S-BASE, carcass basis x 0.15)",1309.27,kt protein,estimate,VN-direct,Low,demand_assumptions.csv; balance_outputs.csv,"What-if scenario result, not a forecast."
DMO-0074,D-DRIFT,2035,context,meat_protein_g_per_person_day,Meat protein per person per day (supply basis),33.68,g per person per day,estimate,VN-direct,Low,demand_assumptions.csv; balance_outputs.csv,"What-if scenario result, not a forecast."
DMO-0075,D-DRIFT,2035,R1,R1_pool_protein_kt,Food plant-protein ingredient pool (imports today),38.49,kt protein,estimate,VN-direct,Low,demand_assumptions.csv; balance_outputs.csv,"What-if scenario result, not a forecast."
DMO-0076,D-DRIFT,2035,R1,R1_delivered,Ingredient import substitution: protein delivered by domestic or novel protein,1.92,kt protein,estimate,VN-direct,Low,demand_assumptions.csv; balance_outputs.csv,"What-if scenario result, not a forecast."
DMO-0077,D-DRIFT,2035,R1,R1_displaced,Ingredient import substitution: meat protein displaced,0.0,kt protein,estimate,VN-direct,Low,demand_assumptions.csv; balance_outputs.csv,"What-if scenario result, not a forecast."
DMO-0078,D-DRIFT,2035,R2,R2_chay_day_share,Chay days as a share of all person-days (assumption),0.0247,share of person-days,estimate,VN-direct,Low,demand_assumptions.csv; balance_outputs.csv,"What-if scenario result, not a forecast."
DMO-0079,D-DRIFT,2035,R2,R2_baseline_meat_avoided_kt,Meat protein already avoided by existing chay days (in the baseline),32.3,kt protein,estimate,VN-direct,Low,demand_assumptions.csv; balance_outputs.csv,"What-if scenario result, not a forecast."
DMO-0080,D-DRIFT,2035,R2,R2_delivered,Chay occasions: protein delivered by domestic or novel protein,0.3836,kt protein,estimate,VN-direct,Low,demand_assumptions.csv; balance_outputs.csv,"What-if scenario result, not a forecast."
DMO-0081,D-DRIFT,2035,R2,R2_displaced,Chay occasions: meat protein displaced,0.0,kt protein,estimate,VN-direct,Low,demand_assumptions.csv; balance_outputs.csv,"What-if scenario result, not a forecast."
DMO-0082,D-DRIFT,2035,R3,R3_processed_meat_protein_kt,Protein in processed meat products,65.46,kt protein,estimate,VN-direct,Low,demand_assumptions.csv; balance_outputs.csv,"What-if scenario result, not a forecast."
DMO-0083,D-DRIFT,2035,R3,R3_delivered,Hybrid processed meat: protein delivered by domestic or novel protein,0.0655,kt protein,estimate,VN-direct,Low,demand_assumptions.csv; balance_outputs.csv,"What-if scenario result, not a forecast."
DMO-0084,D-DRIFT,2035,R3,R3_displaced,Hybrid processed meat: meat protein displaced,0.0589,kt protein,estimate,VN-direct,Low,demand_assumptions.csv; balance_outputs.csv,"What-if scenario result, not a forecast."
DMO-0085,D-DRIFT,2035,R4,R4_meal_protein_pool_kt,Protein in canteen and school protein dishes,40.38,kt protein,estimate,VN-direct,Low,demand_assumptions.csv; balance_outputs.csv,"What-if scenario result, not a forecast."
DMO-0086,D-DRIFT,2035,R4,R4_delivered,Institutional meals: protein delivered by domestic or novel protein,0.1219,kt protein,estimate,VN-direct,Low,demand_assumptions.csv; balance_outputs.csv,"What-if scenario result, not a forecast."
DMO-0087,D-DRIFT,2035,R4,R4_displaced,Institutional meals: meat protein displaced,0.0975,kt protein,estimate,VN-direct,Low,demand_assumptions.csv; balance_outputs.csv,"What-if scenario result, not a forecast."
DMO-0088,D-DRIFT,2035,R5,R5_urban_population_m,Urban population (trend assumption),47.39,million people,estimate,VN-direct,Low,demand_assumptions.csv; balance_outputs.csv,"What-if scenario result, not a forecast."
DMO-0089,D-DRIFT,2035,R5,R5_regular_buyers_m,Regular (monthly) buyers of modern analogues,0.237,million people,estimate,VN-direct,Low,demand_assumptions.csv; balance_outputs.csv,"What-if scenario result, not a forecast."
DMO-0090,D-DRIFT,2035,R5,R5_delivered,Household modern analogues: protein delivered by domestic or novel protein,0.1066,kt protein,estimate,VN-direct,Low,demand_assumptions.csv; balance_outputs.csv,"What-if scenario result, not a forecast."
DMO-0091,D-DRIFT,2035,R5,R5_displaced,Household modern analogues: meat protein displaced,0.0213,kt protein,estimate,VN-direct,Low,demand_assumptions.csv; balance_outputs.csv,"What-if scenario result, not a forecast."
DMO-0092,D-DRIFT,2035,R6,R6_plant_milk_ml,Plant milk volume,444.07,million litres,estimate,VN-direct,Low,demand_assumptions.csv; balance_outputs.csv,"What-if scenario result, not a forecast."
DMO-0093,D-DRIFT,2035,R6,R6_delivered,High-protein plant milks: protein delivered by domestic or novel protein,0.3997,kt protein,estimate,VN-direct,Low,demand_assumptions.csv; balance_outputs.csv,"What-if scenario result, not a forecast."
DMO-0094,D-DRIFT,2035,R6,R6_displaced,High-protein plant milks: meat protein displaced,0.0,kt protein,estimate,VN-direct,Low,demand_assumptions.csv; balance_outputs.csv,"What-if scenario result, not a forecast."
DMO-0095,D-DRIFT,2035,R7,R7_delivered,Exports: protein delivered by domestic or novel protein,0.25,kt protein,estimate,VN-direct,Low,demand_assumptions.csv; balance_outputs.csv,"What-if scenario result, not a forecast."
DMO-0096,D-DRIFT,2035,R7,R7_displaced,Exports: meat protein displaced,0.0,kt protein,estimate,VN-direct,Low,demand_assumptions.csv; balance_outputs.csv,"What-if scenario result, not a forecast."
DMO-0097,D-DRIFT,2035,all,total_delivered,"Total protein delivered by domestic or novel protein, all routes",3.25,kt protein,estimate,VN-direct,Low,demand_assumptions.csv; balance_outputs.csv,"What-if scenario result, not a forecast."
DMO-0098,D-DRIFT,2035,all,domestic_delivered,Protein delivered in Vietnam (R1 to R6),3.0,kt protein,estimate,VN-direct,Low,demand_assumptions.csv; balance_outputs.csv,"What-if scenario result, not a forecast."
DMO-0099,D-DRIFT,2035,all,total_displaced,"Meat protein displaced, all routes",0.1778,kt protein,estimate,VN-direct,Low,demand_assumptions.csv; balance_outputs.csv,"What-if scenario result, not a forecast."
DMO-0100,D-DRIFT,2035,all,displaced_share_of_meat_protein,Meat protein displaced as a share of meat protein demand,0.0001,share,estimate,VN-direct,Low,demand_assumptions.csv; balance_outputs.csv,"What-if scenario result, not a forecast."
DMO-0101,D-DRIFT,2035,context,salt_food_requirement_kt,Part IV S-ALT: meat protein replaced by plant-based and fermented foods,39.28,kt protein,estimate,VN-direct,Low,demand_assumptions.csv; balance_outputs.csv,"What-if scenario result, not a forecast."
DMO-0102,D-DRIFT,2035,context,salt_feed_microbial_kt,Part IV S-ALT: microbial protein in feed (for comparison),160.2,kt protein,estimate,VN-direct,Low,demand_assumptions.csv; balance_outputs.csv,"What-if scenario result, not a forecast."
DMO-0103,D-DRIFT,2035,context,salt_share,Part IV S-ALT share of meat protein replaced,0.03,share,estimate,VN-direct,Low,demand_assumptions.csv; balance_outputs.csv,"What-if scenario result, not a forecast."
DMO-0104,D-DRIFT,2035,all,ingredient_value_usd_m,Ingredient value of protein delivered (order of magnitude),9.75,USD million,estimate,VN-direct,Low,demand_assumptions.csv; balance_outputs.csv,"What-if scenario result, not a forecast."
DMO-0105,D-DRIFT,2035,all,ingredient_product_kt_r1_r4,Ingredient product for R1 to R4 at 60% protein,4.16,kt product,estimate,VN-direct,Low,demand_assumptions.csv; balance_outputs.csv,"What-if scenario result, not a forecast."
DMO-0106,D-DRIFT,2035,all,line_equivalents_r1_r4,Equivalent 1 t/h textured-protein lines for R1 to R4,0.5941,lines,estimate,VN-direct,Low,demand_assumptions.csv; balance_outputs.csv,"What-if scenario result, not a forecast."
DMO-0107,D-DRIFT,2040,context,meat_protein_kt,"Meat protein demand (S-BASE, carcass basis x 0.15)",1371.45,kt protein,estimate,VN-direct,Low,demand_assumptions.csv; balance_outputs.csv,"What-if scenario result, not a forecast."
DMO-0108,D-DRIFT,2040,context,meat_protein_g_per_person_day,Meat protein per person per day (supply basis),34.66,g per person per day,estimate,VN-direct,Low,demand_assumptions.csv; balance_outputs.csv,"What-if scenario result, not a forecast."
DMO-0109,D-DRIFT,2040,R1,R1_pool_protein_kt,Food plant-protein ingredient pool (imports today),46.82,kt protein,estimate,VN-direct,Low,demand_assumptions.csv; balance_outputs.csv,"What-if scenario result, not a forecast."
DMO-0110,D-DRIFT,2040,R1,R1_delivered,Ingredient import substitution: protein delivered by domestic or novel protein,3.28,kt protein,estimate,VN-direct,Low,demand_assumptions.csv; balance_outputs.csv,"What-if scenario result, not a forecast."
DMO-0111,D-DRIFT,2040,R1,R1_displaced,Ingredient import substitution: meat protein displaced,0.0,kt protein,estimate,VN-direct,Low,demand_assumptions.csv; balance_outputs.csv,"What-if scenario result, not a forecast."
DMO-0112,D-DRIFT,2040,R2,R2_chay_day_share,Chay days as a share of all person-days (assumption),0.0247,share of person-days,estimate,VN-direct,Low,demand_assumptions.csv; balance_outputs.csv,"What-if scenario result, not a forecast."
DMO-0113,D-DRIFT,2040,R2,R2_baseline_meat_avoided_kt,Meat protein already avoided by existing chay days (in the baseline),33.84,kt protein,estimate,VN-direct,Low,demand_assumptions.csv; balance_outputs.csv,"What-if scenario result, not a forecast."
DMO-0114,D-DRIFT,2040,R2,R2_delivered,Chay occasions: protein delivered by domestic or novel protein,0.5857,kt protein,estimate,VN-direct,Low,demand_assumptions.csv; balance_outputs.csv,"What-if scenario result, not a forecast."
DMO-0115,D-DRIFT,2040,R2,R2_displaced,Chay occasions: meat protein displaced,0.0,kt protein,estimate,VN-direct,Low,demand_assumptions.csv; balance_outputs.csv,"What-if scenario result, not a forecast."
DMO-0116,D-DRIFT,2040,R3,R3_processed_meat_protein_kt,Protein in processed meat products,68.57,kt protein,estimate,VN-direct,Low,demand_assumptions.csv; balance_outputs.csv,"What-if scenario result, not a forecast."
DMO-0117,D-DRIFT,2040,R3,R3_delivered,Hybrid processed meat: protein delivered by domestic or novel protein,0.1029,kt protein,estimate,VN-direct,Low,demand_assumptions.csv; balance_outputs.csv,"What-if scenario result, not a forecast."
DMO-0118,D-DRIFT,2040,R3,R3_displaced,Hybrid processed meat: meat protein displaced,0.0926,kt protein,estimate,VN-direct,Low,demand_assumptions.csv; balance_outputs.csv,"What-if scenario result, not a forecast."
DMO-0119,D-DRIFT,2040,R4,R4_meal_protein_pool_kt,Protein in canteen and school protein dishes,42.92,kt protein,estimate,VN-direct,Low,demand_assumptions.csv; balance_outputs.csv,"What-if scenario result, not a forecast."
DMO-0120,D-DRIFT,2040,R4,R4_delivered,Institutional meals: protein delivered by domestic or novel protein,0.2204,kt protein,estimate,VN-direct,Low,demand_assumptions.csv; balance_outputs.csv,"What-if scenario result, not a forecast."
DMO-0121,D-DRIFT,2040,R4,R4_displaced,Institutional meals: meat protein displaced,0.1763,kt protein,estimate,VN-direct,Low,demand_assumptions.csv; balance_outputs.csv,"What-if scenario result, not a forecast."
DMO-0122,D-DRIFT,2040,R5,R5_urban_population_m,Urban population (trend assumption),51.33,million people,estimate,VN-direct,Low,demand_assumptions.csv; balance_outputs.csv,"What-if scenario result, not a forecast."
DMO-0123,D-DRIFT,2040,R5,R5_regular_buyers_m,Regular (monthly) buyers of modern analogues,0.3593,million people,estimate,VN-direct,Low,demand_assumptions.csv; balance_outputs.csv,"What-if scenario result, not a forecast."
DMO-0124,D-DRIFT,2040,R5,R5_delivered,Household modern analogues: protein delivered by domestic or novel protein,0.1617,kt protein,estimate,VN-direct,Low,demand_assumptions.csv; balance_outputs.csv,"What-if scenario result, not a forecast."
DMO-0125,D-DRIFT,2040,R5,R5_displaced,Household modern analogues: meat protein displaced,0.0323,kt protein,estimate,VN-direct,Low,demand_assumptions.csv; balance_outputs.csv,"What-if scenario result, not a forecast."
DMO-0126,D-DRIFT,2040,R6,R6_plant_milk_ml,Plant milk volume,540.28,million litres,estimate,VN-direct,Low,demand_assumptions.csv; balance_outputs.csv,"What-if scenario result, not a forecast."
DMO-0127,D-DRIFT,2040,R6,R6_delivered,High-protein plant milks: protein delivered by domestic or novel protein,0.6483,kt protein,estimate,VN-direct,Low,demand_assumptions.csv; balance_outputs.csv,"What-if scenario result, not a forecast."
DMO-0128,D-DRIFT,2040,R6,R6_displaced,High-protein plant milks: meat protein displaced,0.0,kt protein,estimate,VN-direct,Low,demand_assumptions.csv; balance_outputs.csv,"What-if scenario result, not a forecast."
DMO-0129,D-DRIFT,2040,R7,R7_delivered,Exports: protein delivered by domestic or novel protein,0.5,kt protein,estimate,VN-direct,Low,demand_assumptions.csv; balance_outputs.csv,"What-if scenario result, not a forecast."
DMO-0130,D-DRIFT,2040,R7,R7_displaced,Exports: meat protein displaced,0.0,kt protein,estimate,VN-direct,Low,demand_assumptions.csv; balance_outputs.csv,"What-if scenario result, not a forecast."
DMO-0131,D-DRIFT,2040,all,total_delivered,"Total protein delivered by domestic or novel protein, all routes",5.5,kt protein,estimate,VN-direct,Low,demand_assumptions.csv; balance_outputs.csv,"What-if scenario result, not a forecast."
DMO-0132,D-DRIFT,2040,all,domestic_delivered,Protein delivered in Vietnam (R1 to R6),5.0,kt protein,estimate,VN-direct,Low,demand_assumptions.csv; balance_outputs.csv,"What-if scenario result, not a forecast."
DMO-0133,D-DRIFT,2040,all,total_displaced,"Meat protein displaced, all routes",0.3012,kt protein,estimate,VN-direct,Low,demand_assumptions.csv; balance_outputs.csv,"What-if scenario result, not a forecast."
DMO-0134,D-DRIFT,2040,all,displaced_share_of_meat_protein,Meat protein displaced as a share of meat protein demand,0.0002,share,estimate,VN-direct,Low,demand_assumptions.csv; balance_outputs.csv,"What-if scenario result, not a forecast."
DMO-0135,D-DRIFT,2040,context,salt_food_requirement_kt,Part IV S-ALT: meat protein replaced by plant-based and fermented foods,68.57,kt protein,estimate,VN-direct,Low,demand_assumptions.csv; balance_outputs.csv,"What-if scenario result, not a forecast."
DMO-0136,D-DRIFT,2040,context,salt_feed_microbial_kt,Part IV S-ALT: microbial protein in feed (for comparison),265.2,kt protein,estimate,VN-direct,Low,demand_assumptions.csv; balance_outputs.csv,"What-if scenario result, not a forecast."
DMO-0137,D-DRIFT,2040,context,salt_share,Part IV S-ALT share of meat protein replaced,0.05,share,estimate,VN-direct,Low,demand_assumptions.csv; balance_outputs.csv,"What-if scenario result, not a forecast."
DMO-0138,D-DRIFT,2040,all,ingredient_value_usd_m,Ingredient value of protein delivered (order of magnitude),16.49,USD million,estimate,VN-direct,Low,demand_assumptions.csv; balance_outputs.csv,"What-if scenario result, not a forecast."
DMO-0139,D-DRIFT,2040,all,ingredient_product_kt_r1_r4,Ingredient product for R1 to R4 at 60% protein,6.98,kt product,estimate,VN-direct,Low,demand_assumptions.csv; balance_outputs.csv,"What-if scenario result, not a forecast."
DMO-0140,D-DRIFT,2040,all,line_equivalents_r1_r4,Equivalent 1 t/h textured-protein lines for R1 to R4,0.9968,lines,estimate,VN-direct,Low,demand_assumptions.csv; balance_outputs.csv,"What-if scenario result, not a forecast."
DMO-0141,D-DRIFT,2050,context,meat_protein_kt,"Meat protein demand (S-BASE, carcass basis x 0.15)",1446.27,kt protein,estimate,VN-direct,Low,demand_assumptions.csv; balance_outputs.csv,"What-if scenario result, not a forecast."
DMO-0142,D-DRIFT,2050,context,meat_protein_g_per_person_day,Meat protein per person per day (supply basis),36.02,g per person per day,estimate,VN-direct,Low,demand_assumptions.csv; balance_outputs.csv,"What-if scenario result, not a forecast."
DMO-0143,D-DRIFT,2050,R1,R1_pool_protein_kt,Food plant-protein ingredient pool (imports today),69.31,kt protein,estimate,VN-direct,Low,demand_assumptions.csv; balance_outputs.csv,"What-if scenario result, not a forecast."
DMO-0144,D-DRIFT,2050,R1,R1_delivered,Ingredient import substitution: protein delivered by domestic or novel protein,6.93,kt protein,estimate,VN-direct,Low,demand_assumptions.csv; balance_outputs.csv,"What-if scenario result, not a forecast."
DMO-0145,D-DRIFT,2050,R1,R1_displaced,Ingredient import substitution: meat protein displaced,0.0,kt protein,estimate,VN-direct,Low,demand_assumptions.csv; balance_outputs.csv,"What-if scenario result, not a forecast."
DMO-0146,D-DRIFT,2050,R2,R2_chay_day_share,Chay days as a share of all person-days (assumption),0.0247,share of person-days,estimate,VN-direct,Low,demand_assumptions.csv; balance_outputs.csv,"What-if scenario result, not a forecast."
DMO-0147,D-DRIFT,2050,R2,R2_baseline_meat_avoided_kt,Meat protein already avoided by existing chay days (in the baseline),35.68,kt protein,estimate,VN-direct,Low,demand_assumptions.csv; balance_outputs.csv,"What-if scenario result, not a forecast."
DMO-0148,D-DRIFT,2050,R2,R2_delivered,Chay occasions: protein delivered by domestic or novel protein,0.9905,kt protein,estimate,VN-direct,Low,demand_assumptions.csv; balance_outputs.csv,"What-if scenario result, not a forecast."
DMO-0149,D-DRIFT,2050,R2,R2_displaced,Chay occasions: meat protein displaced,0.0,kt protein,estimate,VN-direct,Low,demand_assumptions.csv; balance_outputs.csv,"What-if scenario result, not a forecast."
DMO-0150,D-DRIFT,2050,R3,R3_processed_meat_protein_kt,Protein in processed meat products,72.31,kt protein,estimate,VN-direct,Low,demand_assumptions.csv; balance_outputs.csv,"What-if scenario result, not a forecast."
DMO-0151,D-DRIFT,2050,R3,R3_delivered,Hybrid processed meat: protein delivered by domestic or novel protein,0.1446,kt protein,estimate,VN-direct,Low,demand_assumptions.csv; balance_outputs.csv,"What-if scenario result, not a forecast."
DMO-0152,D-DRIFT,2050,R3,R3_displaced,Hybrid processed meat: meat protein displaced,0.1302,kt protein,estimate,VN-direct,Low,demand_assumptions.csv; balance_outputs.csv,"What-if scenario result, not a forecast."
DMO-0153,D-DRIFT,2050,R4,R4_meal_protein_pool_kt,Protein in canteen and school protein dishes,48.81,kt protein,estimate,VN-direct,Low,demand_assumptions.csv; balance_outputs.csv,"What-if scenario result, not a forecast."
DMO-0154,D-DRIFT,2050,R4,R4_delivered,Institutional meals: protein delivered by domestic or novel protein,0.4081,kt protein,estimate,VN-direct,Low,demand_assumptions.csv; balance_outputs.csv,"What-if scenario result, not a forecast."
DMO-0155,D-DRIFT,2050,R4,R4_displaced,Institutional meals: meat protein displaced,0.3265,kt protein,estimate,VN-direct,Low,demand_assumptions.csv; balance_outputs.csv,"What-if scenario result, not a forecast."
DMO-0156,D-DRIFT,2050,R5,R5_urban_population_m,Urban population (trend assumption),58.35,million people,estimate,VN-direct,Low,demand_assumptions.csv; balance_outputs.csv,"What-if scenario result, not a forecast."
DMO-0157,D-DRIFT,2050,R5,R5_regular_buyers_m,Regular (monthly) buyers of modern analogues,0.5836,million people,estimate,VN-direct,Low,demand_assumptions.csv; balance_outputs.csv,"What-if scenario result, not a forecast."
DMO-0158,D-DRIFT,2050,R5,R5_delivered,Household modern analogues: protein delivered by domestic or novel protein,0.2626,kt protein,estimate,VN-direct,Low,demand_assumptions.csv; balance_outputs.csv,"What-if scenario result, not a forecast."
DMO-0159,D-DRIFT,2050,R5,R5_displaced,Household modern analogues: meat protein displaced,0.0525,kt protein,estimate,VN-direct,Low,demand_assumptions.csv; balance_outputs.csv,"What-if scenario result, not a forecast."
DMO-0160,D-DRIFT,2050,R6,R6_plant_milk_ml,Plant milk volume,799.75,million litres,estimate,VN-direct,Low,demand_assumptions.csv; balance_outputs.csv,"What-if scenario result, not a forecast."
DMO-0161,D-DRIFT,2050,R6,R6_delivered,High-protein plant milks: protein delivered by domestic or novel protein,1.2,kt protein,estimate,VN-direct,Low,demand_assumptions.csv; balance_outputs.csv,"What-if scenario result, not a forecast."
DMO-0162,D-DRIFT,2050,R6,R6_displaced,High-protein plant milks: meat protein displaced,0.0,kt protein,estimate,VN-direct,Low,demand_assumptions.csv; balance_outputs.csv,"What-if scenario result, not a forecast."
DMO-0163,D-DRIFT,2050,R7,R7_delivered,Exports: protein delivered by domestic or novel protein,0.75,kt protein,estimate,VN-direct,Low,demand_assumptions.csv; balance_outputs.csv,"What-if scenario result, not a forecast."
DMO-0164,D-DRIFT,2050,R7,R7_displaced,Exports: meat protein displaced,0.0,kt protein,estimate,VN-direct,Low,demand_assumptions.csv; balance_outputs.csv,"What-if scenario result, not a forecast."
DMO-0165,D-DRIFT,2050,all,total_delivered,"Total protein delivered by domestic or novel protein, all routes",10.69,kt protein,estimate,VN-direct,Low,demand_assumptions.csv; balance_outputs.csv,"What-if scenario result, not a forecast."
DMO-0166,D-DRIFT,2050,all,domestic_delivered,Protein delivered in Vietnam (R1 to R6),9.94,kt protein,estimate,VN-direct,Low,demand_assumptions.csv; balance_outputs.csv,"What-if scenario result, not a forecast."
DMO-0167,D-DRIFT,2050,all,total_displaced,"Meat protein displaced, all routes",0.5092,kt protein,estimate,VN-direct,Low,demand_assumptions.csv; balance_outputs.csv,"What-if scenario result, not a forecast."
DMO-0168,D-DRIFT,2050,all,displaced_share_of_meat_protein,Meat protein displaced as a share of meat protein demand,0.0004,share,estimate,VN-direct,Low,demand_assumptions.csv; balance_outputs.csv,"What-if scenario result, not a forecast."
DMO-0169,D-DRIFT,2050,context,salt_food_requirement_kt,Part IV S-ALT: meat protein replaced by plant-based and fermented foods,144.6,kt protein,estimate,VN-direct,Low,demand_assumptions.csv; balance_outputs.csv,"What-if scenario result, not a forecast."
DMO-0170,D-DRIFT,2050,context,salt_feed_microbial_kt,Part IV S-ALT: microbial protein in feed (for comparison),514.1,kt protein,estimate,VN-direct,Low,demand_assumptions.csv; balance_outputs.csv,"What-if scenario result, not a forecast."
DMO-0171,D-DRIFT,2050,context,salt_share,Part IV S-ALT share of meat protein replaced,0.1,share,estimate,VN-direct,Low,demand_assumptions.csv; balance_outputs.csv,"What-if scenario result, not a forecast."
DMO-0172,D-DRIFT,2050,all,ingredient_value_usd_m,Ingredient value of protein delivered (order of magnitude),32.06,USD million,estimate,VN-direct,Low,demand_assumptions.csv; balance_outputs.csv,"What-if scenario result, not a forecast."
DMO-0173,D-DRIFT,2050,all,ingredient_product_kt_r1_r4,Ingredient product for R1 to R4 at 60% protein,14.12,kt product,estimate,VN-direct,Low,demand_assumptions.csv; balance_outputs.csv,"What-if scenario result, not a forecast."
DMO-0174,D-DRIFT,2050,all,line_equivalents_r1_r4,Equivalent 1 t/h textured-protein lines for R1 to R4,2.02,lines,estimate,VN-direct,Low,demand_assumptions.csv; balance_outputs.csv,"What-if scenario result, not a forecast."
DMO-0175,D-BENCH,2025,context,meat_protein_kt,"Meat protein demand (S-BASE, carcass basis x 0.15)",1012.8,kt protein,calibration (2025 base),VN-direct,Low,demand_assumptions.csv; balance_outputs.csv,"What-if scenario result, not a forecast."
DMO-0176,D-BENCH,2025,context,meat_protein_g_per_person_day,Meat protein per person per day (supply basis),27.31,g per person per day,calibration (2025 base),VN-direct,Low,demand_assumptions.csv; balance_outputs.csv,"What-if scenario result, not a forecast."
DMO-0177,D-BENCH,2025,R1,R1_pool_protein_kt,Food plant-protein ingredient pool (imports today),26.0,kt protein,calibration (2025 base),VN-direct,Low,demand_assumptions.csv; balance_outputs.csv,"What-if scenario result, not a forecast."
DMO-0178,D-BENCH,2025,R1,R1_delivered,Ingredient import substitution: protein delivered by domestic or novel protein,0.0,kt protein,calibration (2025 base),VN-direct,Low,demand_assumptions.csv; balance_outputs.csv,"What-if scenario result, not a forecast."
DMO-0179,D-BENCH,2025,R1,R1_displaced,Ingredient import substitution: meat protein displaced,0.0,kt protein,calibration (2025 base),VN-direct,Low,demand_assumptions.csv; balance_outputs.csv,"What-if scenario result, not a forecast."
DMO-0180,D-BENCH,2025,R2,R2_chay_day_share,Chay days as a share of all person-days (assumption),0.0247,share of person-days,calibration (2025 base),VN-direct,Low,demand_assumptions.csv; balance_outputs.csv,"What-if scenario result, not a forecast."
DMO-0181,D-BENCH,2025,R2,R2_baseline_meat_avoided_kt,Meat protein already avoided by existing chay days (in the baseline),24.99,kt protein,calibration (2025 base),VN-direct,Low,demand_assumptions.csv; balance_outputs.csv,"What-if scenario result, not a forecast."
DMO-0182,D-BENCH,2025,R2,R2_delivered,Chay occasions: protein delivered by domestic or novel protein,0.0,kt protein,calibration (2025 base),VN-direct,Low,demand_assumptions.csv; balance_outputs.csv,"What-if scenario result, not a forecast."
DMO-0183,D-BENCH,2025,R2,R2_displaced,Chay occasions: meat protein displaced,0.0,kt protein,calibration (2025 base),VN-direct,Low,demand_assumptions.csv; balance_outputs.csv,"What-if scenario result, not a forecast."
DMO-0184,D-BENCH,2025,R3,R3_processed_meat_protein_kt,Protein in processed meat products,50.64,kt protein,calibration (2025 base),VN-direct,Low,demand_assumptions.csv; balance_outputs.csv,"What-if scenario result, not a forecast."
DMO-0185,D-BENCH,2025,R3,R3_delivered,Hybrid processed meat: protein delivered by domestic or novel protein,0.0,kt protein,calibration (2025 base),VN-direct,Low,demand_assumptions.csv; balance_outputs.csv,"What-if scenario result, not a forecast."
DMO-0186,D-BENCH,2025,R3,R3_displaced,Hybrid processed meat: meat protein displaced,0.0,kt protein,calibration (2025 base),VN-direct,Low,demand_assumptions.csv; balance_outputs.csv,"What-if scenario result, not a forecast."
DMO-0187,D-BENCH,2025,R4,R4_meal_protein_pool_kt,Protein in canteen and school protein dishes,36.0,kt protein,calibration (2025 base),VN-direct,Low,demand_assumptions.csv; balance_outputs.csv,"What-if scenario result, not a forecast."
DMO-0188,D-BENCH,2025,R4,R4_delivered,Institutional meals: protein delivered by domestic or novel protein,0.0,kt protein,calibration (2025 base),VN-direct,Low,demand_assumptions.csv; balance_outputs.csv,"What-if scenario result, not a forecast."
DMO-0189,D-BENCH,2025,R4,R4_displaced,Institutional meals: meat protein displaced,0.0,kt protein,calibration (2025 base),VN-direct,Low,demand_assumptions.csv; balance_outputs.csv,"What-if scenario result, not a forecast."
DMO-0190,D-BENCH,2025,R5,R5_urban_population_m,Urban population (trend assumption),39.42,million people,calibration (2025 base),VN-direct,Low,demand_assumptions.csv; balance_outputs.csv,"What-if scenario result, not a forecast."
DMO-0191,D-BENCH,2025,R5,R5_regular_buyers_m,Regular (monthly) buyers of modern analogues,0.0394,million people,calibration (2025 base),VN-direct,Low,demand_assumptions.csv; balance_outputs.csv,"What-if scenario result, not a forecast."
DMO-0192,D-BENCH,2025,R5,R5_delivered,Household modern analogues: protein delivered by domestic or novel protein,0.0177,kt protein,calibration (2025 base),VN-direct,Low,demand_assumptions.csv; balance_outputs.csv,"What-if scenario result, not a forecast."
DMO-0193,D-BENCH,2025,R5,R5_displaced,Household modern analogues: meat protein displaced,0.0035,kt protein,calibration (2025 base),VN-direct,Low,demand_assumptions.csv; balance_outputs.csv,"What-if scenario result, not a forecast."
DMO-0194,D-BENCH,2025,R6,R6_plant_milk_ml,Plant milk volume,300.0,million litres,calibration (2025 base),VN-direct,Low,demand_assumptions.csv; balance_outputs.csv,"What-if scenario result, not a forecast."
DMO-0195,D-BENCH,2025,R6,R6_delivered,High-protein plant milks: protein delivered by domestic or novel protein,0.09,kt protein,calibration (2025 base),VN-direct,Low,demand_assumptions.csv; balance_outputs.csv,"What-if scenario result, not a forecast."
DMO-0196,D-BENCH,2025,R6,R6_displaced,High-protein plant milks: meat protein displaced,0.0,kt protein,calibration (2025 base),VN-direct,Low,demand_assumptions.csv; balance_outputs.csv,"What-if scenario result, not a forecast."
DMO-0197,D-BENCH,2025,R7,R7_delivered,Exports: protein delivered by domestic or novel protein,0.0,kt protein,calibration (2025 base),VN-direct,Low,demand_assumptions.csv; balance_outputs.csv,"What-if scenario result, not a forecast."
DMO-0198,D-BENCH,2025,R7,R7_displaced,Exports: meat protein displaced,0.0,kt protein,calibration (2025 base),VN-direct,Low,demand_assumptions.csv; balance_outputs.csv,"What-if scenario result, not a forecast."
DMO-0199,D-BENCH,2025,all,total_delivered,"Total protein delivered by domestic or novel protein, all routes",0.1077,kt protein,calibration (2025 base),VN-direct,Low,demand_assumptions.csv; balance_outputs.csv,"What-if scenario result, not a forecast."
DMO-0200,D-BENCH,2025,all,domestic_delivered,Protein delivered in Vietnam (R1 to R6),0.1077,kt protein,calibration (2025 base),VN-direct,Low,demand_assumptions.csv; balance_outputs.csv,"What-if scenario result, not a forecast."
DMO-0201,D-BENCH,2025,all,total_displaced,"Meat protein displaced, all routes",0.0035,kt protein,calibration (2025 base),VN-direct,Low,demand_assumptions.csv; balance_outputs.csv,"What-if scenario result, not a forecast."
DMO-0202,D-BENCH,2025,all,displaced_share_of_meat_protein,Meat protein displaced as a share of meat protein demand,0.0,share,calibration (2025 base),VN-direct,Low,demand_assumptions.csv; balance_outputs.csv,"What-if scenario result, not a forecast."
DMO-0203,D-BENCH,2025,context,salt_food_requirement_kt,Part IV S-ALT: meat protein replaced by plant-based and fermented foods,0.0,kt protein,calibration (2025 base),VN-direct,Low,demand_assumptions.csv; balance_outputs.csv,"What-if scenario result, not a forecast."
DMO-0204,D-BENCH,2025,context,salt_feed_microbial_kt,Part IV S-ALT: microbial protein in feed (for comparison),0.0,kt protein,calibration (2025 base),VN-direct,Low,demand_assumptions.csv; balance_outputs.csv,"What-if scenario result, not a forecast."
DMO-0205,D-BENCH,2025,context,salt_share,Part IV S-ALT share of meat protein replaced,0.0,share,calibration (2025 base),VN-direct,Low,demand_assumptions.csv; balance_outputs.csv,"What-if scenario result, not a forecast."
DMO-0206,D-BENCH,2025,all,ingredient_value_usd_m,Ingredient value of protein delivered (order of magnitude),0.3232,USD million,calibration (2025 base),VN-direct,Low,demand_assumptions.csv; balance_outputs.csv,"What-if scenario result, not a forecast."
DMO-0207,D-BENCH,2025,all,ingredient_product_kt_r1_r4,Ingredient product for R1 to R4 at 60% protein,0.0,kt product,calibration (2025 base),VN-direct,Low,demand_assumptions.csv; balance_outputs.csv,"What-if scenario result, not a forecast."
DMO-0208,D-BENCH,2025,all,line_equivalents_r1_r4,Equivalent 1 t/h textured-protein lines for R1 to R4,0.0,lines,calibration (2025 base),VN-direct,Low,demand_assumptions.csv; balance_outputs.csv,"What-if scenario result, not a forecast."
DMO-0209,D-BENCH,2030,context,meat_protein_kt,"Meat protein demand (S-BASE, carcass basis x 0.15)",1178.89,kt protein,estimate,VN-direct,Low,demand_assumptions.csv; balance_outputs.csv,"What-if scenario result, not a forecast."
DMO-0210,D-BENCH,2030,context,meat_protein_g_per_person_day,Meat protein per person per day (supply basis),31.0,g per person per day,estimate,VN-direct,Low,demand_assumptions.csv; balance_outputs.csv,"What-if scenario result, not a forecast."
DMO-0211,D-BENCH,2030,R1,R1_pool_protein_kt,Food plant-protein ingredient pool (imports today),34.79,kt protein,estimate,VN-direct,Low,demand_assumptions.csv; balance_outputs.csv,"What-if scenario result, not a forecast."
DMO-0212,D-BENCH,2030,R1,R1_delivered,Ingredient import substitution: protein delivered by domestic or novel protein,3.48,kt protein,estimate,VN-direct,Low,demand_assumptions.csv; balance_outputs.csv,"What-if scenario result, not a forecast."
DMO-0213,D-BENCH,2030,R1,R1_displaced,Ingredient import substitution: meat protein displaced,0.0,kt protein,estimate,VN-direct,Low,demand_assumptions.csv; balance_outputs.csv,"What-if scenario result, not a forecast."
DMO-0214,D-BENCH,2030,R2,R2_chay_day_share,Chay days as a share of all person-days (assumption),0.0247,share of person-days,estimate,VN-direct,Low,demand_assumptions.csv; balance_outputs.csv,"What-if scenario result, not a forecast."
DMO-0215,D-BENCH,2030,R2,R2_baseline_meat_avoided_kt,Meat protein already avoided by existing chay days (in the baseline),29.08,kt protein,estimate,VN-direct,Low,demand_assumptions.csv; balance_outputs.csv,"What-if scenario result, not a forecast."
DMO-0216,D-BENCH,2030,R2,R2_delivered,Chay occasions: protein delivered by domestic or novel protein,0.563,kt protein,estimate,VN-direct,Low,demand_assumptions.csv; balance_outputs.csv,"What-if scenario result, not a forecast."
DMO-0217,D-BENCH,2030,R2,R2_displaced,Chay occasions: meat protein displaced,0.0,kt protein,estimate,VN-direct,Low,demand_assumptions.csv; balance_outputs.csv,"What-if scenario result, not a forecast."
DMO-0218,D-BENCH,2030,R3,R3_processed_meat_protein_kt,Protein in processed meat products,58.94,kt protein,estimate,VN-direct,Low,demand_assumptions.csv; balance_outputs.csv,"What-if scenario result, not a forecast."
DMO-0219,D-BENCH,2030,R3,R3_delivered,Hybrid processed meat: protein delivered by domestic or novel protein,0.2358,kt protein,estimate,VN-direct,Low,demand_assumptions.csv; balance_outputs.csv,"What-if scenario result, not a forecast."
DMO-0220,D-BENCH,2030,R3,R3_displaced,Hybrid processed meat: meat protein displaced,0.2122,kt protein,estimate,VN-direct,Low,demand_assumptions.csv; balance_outputs.csv,"What-if scenario result, not a forecast."
DMO-0221,D-BENCH,2030,R4,R4_meal_protein_pool_kt,Protein in canteen and school protein dishes,38.08,kt protein,estimate,VN-direct,Low,demand_assumptions.csv; balance_outputs.csv,"What-if scenario result, not a forecast."
DMO-0222,D-BENCH,2030,R4,R4_delivered,Institutional meals: protein delivered by domestic or novel protein,0.2208,kt protein,estimate,VN-direct,Low,demand_assumptions.csv; balance_outputs.csv,"What-if scenario result, not a forecast."
DMO-0223,D-BENCH,2030,R4,R4_displaced,Institutional meals: meat protein displaced,0.1767,kt protein,estimate,VN-direct,Low,demand_assumptions.csv; balance_outputs.csv,"What-if scenario result, not a forecast."
DMO-0224,D-BENCH,2030,R5,R5_urban_population_m,Urban population (trend assumption),43.4,million people,estimate,VN-direct,Low,demand_assumptions.csv; balance_outputs.csv,"What-if scenario result, not a forecast."
DMO-0225,D-BENCH,2030,R5,R5_regular_buyers_m,Regular (monthly) buyers of modern analogues,0.434,million people,estimate,VN-direct,Low,demand_assumptions.csv; balance_outputs.csv,"What-if scenario result, not a forecast."
DMO-0226,D-BENCH,2030,R5,R5_delivered,Household modern analogues: protein delivered by domestic or novel protein,0.1953,kt protein,estimate,VN-direct,Low,demand_assumptions.csv; balance_outputs.csv,"What-if scenario result, not a forecast."
DMO-0227,D-BENCH,2030,R5,R5_displaced,Household modern analogues: meat protein displaced,0.0391,kt protein,estimate,VN-direct,Low,demand_assumptions.csv; balance_outputs.csv,"What-if scenario result, not a forecast."
DMO-0228,D-BENCH,2030,R6,R6_plant_milk_ml,Plant milk volume,401.47,million litres,estimate,VN-direct,Low,demand_assumptions.csv; balance_outputs.csv,"What-if scenario result, not a forecast."
DMO-0229,D-BENCH,2030,R6,R6_delivered,High-protein plant milks: protein delivered by domestic or novel protein,0.4818,kt protein,estimate,VN-direct,Low,demand_assumptions.csv; balance_outputs.csv,"What-if scenario result, not a forecast."
DMO-0230,D-BENCH,2030,R6,R6_displaced,High-protein plant milks: meat protein displaced,0.0,kt protein,estimate,VN-direct,Low,demand_assumptions.csv; balance_outputs.csv,"What-if scenario result, not a forecast."
DMO-0231,D-BENCH,2030,R7,R7_delivered,Exports: protein delivered by domestic or novel protein,0.75,kt protein,estimate,VN-direct,Low,demand_assumptions.csv; balance_outputs.csv,"What-if scenario result, not a forecast."
DMO-0232,D-BENCH,2030,R7,R7_displaced,Exports: meat protein displaced,0.0,kt protein,estimate,VN-direct,Low,demand_assumptions.csv; balance_outputs.csv,"What-if scenario result, not a forecast."
DMO-0233,D-BENCH,2030,all,total_delivered,"Total protein delivered by domestic or novel protein, all routes",5.93,kt protein,estimate,VN-direct,Low,demand_assumptions.csv; balance_outputs.csv,"What-if scenario result, not a forecast."
DMO-0234,D-BENCH,2030,all,domestic_delivered,Protein delivered in Vietnam (R1 to R6),5.18,kt protein,estimate,VN-direct,Low,demand_assumptions.csv; balance_outputs.csv,"What-if scenario result, not a forecast."
DMO-0235,D-BENCH,2030,all,total_displaced,"Meat protein displaced, all routes",0.4279,kt protein,estimate,VN-direct,Low,demand_assumptions.csv; balance_outputs.csv,"What-if scenario result, not a forecast."
DMO-0236,D-BENCH,2030,all,displaced_share_of_meat_protein,Meat protein displaced as a share of meat protein demand,0.0004,share,estimate,VN-direct,Low,demand_assumptions.csv; balance_outputs.csv,"What-if scenario result, not a forecast."
DMO-0237,D-BENCH,2030,context,salt_food_requirement_kt,Part IV S-ALT: meat protein replaced by plant-based and fermented foods,11.79,kt protein,estimate,VN-direct,Low,demand_assumptions.csv; balance_outputs.csv,"What-if scenario result, not a forecast."
DMO-0238,D-BENCH,2030,context,salt_feed_microbial_kt,Part IV S-ALT: microbial protein in feed (for comparison),55.84,kt protein,estimate,VN-direct,Low,demand_assumptions.csv; balance_outputs.csv,"What-if scenario result, not a forecast."
DMO-0239,D-BENCH,2030,context,salt_share,Part IV S-ALT share of meat protein replaced,0.01,share,estimate,VN-direct,Low,demand_assumptions.csv; balance_outputs.csv,"What-if scenario result, not a forecast."
DMO-0240,D-BENCH,2030,all,ingredient_value_usd_m,Ingredient value of protein delivered (order of magnitude),17.78,USD million,estimate,VN-direct,Low,demand_assumptions.csv; balance_outputs.csv,"What-if scenario result, not a forecast."
DMO-0241,D-BENCH,2030,all,ingredient_product_kt_r1_r4,Ingredient product for R1 to R4 at 60% protein,7.5,kt product,estimate,VN-direct,Low,demand_assumptions.csv; balance_outputs.csv,"What-if scenario result, not a forecast."
DMO-0242,D-BENCH,2030,all,line_equivalents_r1_r4,Equivalent 1 t/h textured-protein lines for R1 to R4,1.07,lines,estimate,VN-direct,Low,demand_assumptions.csv; balance_outputs.csv,"What-if scenario result, not a forecast."
DMO-0243,D-BENCH,2030,R3,req_R3_hybrid_adoption_at_30pct,S-ALT 2030 by hybrids alone: adoption needed at 30% replacement,0.7407,share of processed meat,estimate,VN-direct,Low,demand_assumptions.csv; balance_outputs.csv,"What-if scenario result, not a forecast."
DMO-0244,D-BENCH,2030,R4,req_R4_share_of_all_meal_protein,S-ALT 2030 by institutional meals alone,0.387,share of canteen and school meal protein,estimate,VN-direct,Low,demand_assumptions.csv; balance_outputs.csv,"What-if scenario result, not a forecast."
DMO-0245,D-BENCH,2030,R5,req_R5_regular_buyers_m,S-ALT 2030 by household analogues alone,130.99,million regular buyers,estimate,VN-direct,Low,demand_assumptions.csv; balance_outputs.csv,"What-if scenario result, not a forecast."
DMO-0246,D-BENCH,2030,R2,req_R2_added_chay_days_per_person_month,S-ALT 2030 by added chay days alone (whole population),0.4345,extra chay days per person per month,estimate,VN-direct,Low,demand_assumptions.csv; balance_outputs.csv,"What-if scenario result, not a forecast."
DMO-0247,D-BENCH,2035,context,meat_protein_kt,"Meat protein demand (S-BASE, carcass basis x 0.15)",1309.27,kt protein,estimate,VN-direct,Low,demand_assumptions.csv; balance_outputs.csv,"What-if scenario result, not a forecast."
DMO-0248,D-BENCH,2035,context,meat_protein_g_per_person_day,Meat protein per person per day (supply basis),33.68,g per person per day,estimate,VN-direct,Low,demand_assumptions.csv; balance_outputs.csv,"What-if scenario result, not a forecast."
DMO-0249,D-BENCH,2035,R1,R1_pool_protein_kt,Food plant-protein ingredient pool (imports today),46.56,kt protein,estimate,VN-direct,Low,demand_assumptions.csv; balance_outputs.csv,"What-if scenario result, not a forecast."
DMO-0250,D-BENCH,2035,R1,R1_delivered,Ingredient import substitution: protein delivered by domestic or novel protein,11.64,kt protein,estimate,VN-direct,Low,demand_assumptions.csv; balance_outputs.csv,"What-if scenario result, not a forecast."
DMO-0251,D-BENCH,2035,R1,R1_displaced,Ingredient import substitution: meat protein displaced,0.0,kt protein,estimate,VN-direct,Low,demand_assumptions.csv; balance_outputs.csv,"What-if scenario result, not a forecast."
DMO-0252,D-BENCH,2035,R2,R2_chay_day_share,Chay days as a share of all person-days (assumption),0.0247,share of person-days,estimate,VN-direct,Low,demand_assumptions.csv; balance_outputs.csv,"What-if scenario result, not a forecast."
DMO-0253,D-BENCH,2035,R2,R2_baseline_meat_avoided_kt,Meat protein already avoided by existing chay days (in the baseline),32.3,kt protein,estimate,VN-direct,Low,demand_assumptions.csv; balance_outputs.csv,"What-if scenario result, not a forecast."
DMO-0254,D-BENCH,2035,R2,R2_delivered,Chay occasions: protein delivered by domestic or novel protein,1.6,kt protein,estimate,VN-direct,Low,demand_assumptions.csv; balance_outputs.csv,"What-if scenario result, not a forecast."
DMO-0255,D-BENCH,2035,R2,R2_displaced,Chay occasions: meat protein displaced,0.9044,kt protein,estimate,VN-direct,Low,demand_assumptions.csv; balance_outputs.csv,"What-if scenario result, not a forecast."
DMO-0256,D-BENCH,2035,R3,R3_processed_meat_protein_kt,Protein in processed meat products,65.46,kt protein,estimate,VN-direct,Low,demand_assumptions.csv; balance_outputs.csv,"What-if scenario result, not a forecast."
DMO-0257,D-BENCH,2035,R3,R3_delivered,Hybrid processed meat: protein delivered by domestic or novel protein,0.7856,kt protein,estimate,VN-direct,Low,demand_assumptions.csv; balance_outputs.csv,"What-if scenario result, not a forecast."
DMO-0258,D-BENCH,2035,R3,R3_displaced,Hybrid processed meat: meat protein displaced,0.707,kt protein,estimate,VN-direct,Low,demand_assumptions.csv; balance_outputs.csv,"What-if scenario result, not a forecast."
DMO-0259,D-BENCH,2035,R4,R4_meal_protein_pool_kt,Protein in canteen and school protein dishes,40.38,kt protein,estimate,VN-direct,Low,demand_assumptions.csv; balance_outputs.csv,"What-if scenario result, not a forecast."
DMO-0260,D-BENCH,2035,R4,R4_delivered,Institutional meals: protein delivered by domestic or novel protein,0.8114,kt protein,estimate,VN-direct,Low,demand_assumptions.csv; balance_outputs.csv,"What-if scenario result, not a forecast."
DMO-0261,D-BENCH,2035,R4,R4_displaced,Institutional meals: meat protein displaced,0.6491,kt protein,estimate,VN-direct,Low,demand_assumptions.csv; balance_outputs.csv,"What-if scenario result, not a forecast."
DMO-0262,D-BENCH,2035,R5,R5_urban_population_m,Urban population (trend assumption),47.39,million people,estimate,VN-direct,Low,demand_assumptions.csv; balance_outputs.csv,"What-if scenario result, not a forecast."
DMO-0263,D-BENCH,2035,R5,R5_regular_buyers_m,Regular (monthly) buyers of modern analogues,0.9478,million people,estimate,VN-direct,Low,demand_assumptions.csv; balance_outputs.csv,"What-if scenario result, not a forecast."
DMO-0264,D-BENCH,2035,R5,R5_delivered,Household modern analogues: protein delivered by domestic or novel protein,0.4265,kt protein,estimate,VN-direct,Low,demand_assumptions.csv; balance_outputs.csv,"What-if scenario result, not a forecast."
DMO-0265,D-BENCH,2035,R5,R5_displaced,Household modern analogues: meat protein displaced,0.0853,kt protein,estimate,VN-direct,Low,demand_assumptions.csv; balance_outputs.csv,"What-if scenario result, not a forecast."
DMO-0266,D-BENCH,2035,R6,R6_plant_milk_ml,Plant milk volume,537.25,million litres,estimate,VN-direct,Low,demand_assumptions.csv; balance_outputs.csv,"What-if scenario result, not a forecast."
DMO-0267,D-BENCH,2035,R6,R6_delivered,High-protein plant milks: protein delivered by domestic or novel protein,1.29,kt protein,estimate,VN-direct,Low,demand_assumptions.csv; balance_outputs.csv,"What-if scenario result, not a forecast."
DMO-0268,D-BENCH,2035,R6,R6_displaced,High-protein plant milks: meat protein displaced,0.0,kt protein,estimate,VN-direct,Low,demand_assumptions.csv; balance_outputs.csv,"What-if scenario result, not a forecast."
DMO-0269,D-BENCH,2035,R7,R7_delivered,Exports: protein delivered by domestic or novel protein,2.5,kt protein,estimate,VN-direct,Low,demand_assumptions.csv; balance_outputs.csv,"What-if scenario result, not a forecast."
DMO-0270,D-BENCH,2035,R7,R7_displaced,Exports: meat protein displaced,0.0,kt protein,estimate,VN-direct,Low,demand_assumptions.csv; balance_outputs.csv,"What-if scenario result, not a forecast."
DMO-0271,D-BENCH,2035,all,total_delivered,"Total protein delivered by domestic or novel protein, all routes",19.05,kt protein,estimate,VN-direct,Low,demand_assumptions.csv; balance_outputs.csv,"What-if scenario result, not a forecast."
DMO-0272,D-BENCH,2035,all,domestic_delivered,Protein delivered in Vietnam (R1 to R6),16.55,kt protein,estimate,VN-direct,Low,demand_assumptions.csv; balance_outputs.csv,"What-if scenario result, not a forecast."
DMO-0273,D-BENCH,2035,all,total_displaced,"Meat protein displaced, all routes",2.35,kt protein,estimate,VN-direct,Low,demand_assumptions.csv; balance_outputs.csv,"What-if scenario result, not a forecast."
DMO-0274,D-BENCH,2035,all,displaced_share_of_meat_protein,Meat protein displaced as a share of meat protein demand,0.0018,share,estimate,VN-direct,Low,demand_assumptions.csv; balance_outputs.csv,"What-if scenario result, not a forecast."
DMO-0275,D-BENCH,2035,context,salt_food_requirement_kt,Part IV S-ALT: meat protein replaced by plant-based and fermented foods,39.28,kt protein,estimate,VN-direct,Low,demand_assumptions.csv; balance_outputs.csv,"What-if scenario result, not a forecast."
DMO-0276,D-BENCH,2035,context,salt_feed_microbial_kt,Part IV S-ALT: microbial protein in feed (for comparison),160.2,kt protein,estimate,VN-direct,Low,demand_assumptions.csv; balance_outputs.csv,"What-if scenario result, not a forecast."
DMO-0277,D-BENCH,2035,context,salt_share,Part IV S-ALT share of meat protein replaced,0.03,share,estimate,VN-direct,Low,demand_assumptions.csv; balance_outputs.csv,"What-if scenario result, not a forecast."
DMO-0278,D-BENCH,2035,all,ingredient_value_usd_m,Ingredient value of protein delivered (order of magnitude),57.15,USD million,estimate,VN-direct,Low,demand_assumptions.csv; balance_outputs.csv,"What-if scenario result, not a forecast."
DMO-0279,D-BENCH,2035,all,ingredient_product_kt_r1_r4,Ingredient product for R1 to R4 at 60% protein,24.72,kt product,estimate,VN-direct,Low,demand_assumptions.csv; balance_outputs.csv,"What-if scenario result, not a forecast."
DMO-0280,D-BENCH,2035,all,line_equivalents_r1_r4,Equivalent 1 t/h textured-protein lines for R1 to R4,3.53,lines,estimate,VN-direct,Low,demand_assumptions.csv; balance_outputs.csv,"What-if scenario result, not a forecast."
DMO-0281,D-BENCH,2040,context,meat_protein_kt,"Meat protein demand (S-BASE, carcass basis x 0.15)",1371.45,kt protein,estimate,VN-direct,Low,demand_assumptions.csv; balance_outputs.csv,"What-if scenario result, not a forecast."
DMO-0282,D-BENCH,2040,context,meat_protein_g_per_person_day,Meat protein per person per day (supply basis),34.66,g per person per day,estimate,VN-direct,Low,demand_assumptions.csv; balance_outputs.csv,"What-if scenario result, not a forecast."
DMO-0283,D-BENCH,2040,R1,R1_pool_protein_kt,Food plant-protein ingredient pool (imports today),62.31,kt protein,estimate,VN-direct,Low,demand_assumptions.csv; balance_outputs.csv,"What-if scenario result, not a forecast."
DMO-0284,D-BENCH,2040,R1,R1_delivered,Ingredient import substitution: protein delivered by domestic or novel protein,20.56,kt protein,estimate,VN-direct,Low,demand_assumptions.csv; balance_outputs.csv,"What-if scenario result, not a forecast."
DMO-0285,D-BENCH,2040,R1,R1_displaced,Ingredient import substitution: meat protein displaced,0.0,kt protein,estimate,VN-direct,Low,demand_assumptions.csv; balance_outputs.csv,"What-if scenario result, not a forecast."
DMO-0286,D-BENCH,2040,R2,R2_chay_day_share,Chay days as a share of all person-days (assumption),0.0247,share of person-days,estimate,VN-direct,Low,demand_assumptions.csv; balance_outputs.csv,"What-if scenario result, not a forecast."
DMO-0287,D-BENCH,2040,R2,R2_baseline_meat_avoided_kt,Meat protein already avoided by existing chay days (in the baseline),33.84,kt protein,estimate,VN-direct,Low,demand_assumptions.csv; balance_outputs.csv,"What-if scenario result, not a forecast."
DMO-0288,D-BENCH,2040,R2,R2_delivered,Chay occasions: protein delivered by domestic or novel protein,2.28,kt protein,estimate,VN-direct,Low,demand_assumptions.csv; balance_outputs.csv,"What-if scenario result, not a forecast."
DMO-0289,D-BENCH,2040,R2,R2_displaced,Chay occasions: meat protein displaced,1.42,kt protein,estimate,VN-direct,Low,demand_assumptions.csv; balance_outputs.csv,"What-if scenario result, not a forecast."
DMO-0290,D-BENCH,2040,R3,R3_processed_meat_protein_kt,Protein in processed meat products,68.57,kt protein,estimate,VN-direct,Low,demand_assumptions.csv; balance_outputs.csv,"What-if scenario result, not a forecast."
DMO-0291,D-BENCH,2040,R3,R3_delivered,Hybrid processed meat: protein delivered by domestic or novel protein,1.37,kt protein,estimate,VN-direct,Low,demand_assumptions.csv; balance_outputs.csv,"What-if scenario result, not a forecast."
DMO-0292,D-BENCH,2040,R3,R3_displaced,Hybrid processed meat: meat protein displaced,1.23,kt protein,estimate,VN-direct,Low,demand_assumptions.csv; balance_outputs.csv,"What-if scenario result, not a forecast."
DMO-0293,D-BENCH,2040,R4,R4_meal_protein_pool_kt,Protein in canteen and school protein dishes,42.92,kt protein,estimate,VN-direct,Low,demand_assumptions.csv; balance_outputs.csv,"What-if scenario result, not a forecast."
DMO-0294,D-BENCH,2040,R4,R4_delivered,Institutional meals: protein delivered by domestic or novel protein,1.37,kt protein,estimate,VN-direct,Low,demand_assumptions.csv; balance_outputs.csv,"What-if scenario result, not a forecast."
DMO-0295,D-BENCH,2040,R4,R4_displaced,Institutional meals: meat protein displaced,1.1,kt protein,estimate,VN-direct,Low,demand_assumptions.csv; balance_outputs.csv,"What-if scenario result, not a forecast."
DMO-0296,D-BENCH,2040,R5,R5_urban_population_m,Urban population (trend assumption),51.33,million people,estimate,VN-direct,Low,demand_assumptions.csv; balance_outputs.csv,"What-if scenario result, not a forecast."
DMO-0297,D-BENCH,2040,R5,R5_regular_buyers_m,Regular (monthly) buyers of modern analogues,1.54,million people,estimate,VN-direct,Low,demand_assumptions.csv; balance_outputs.csv,"What-if scenario result, not a forecast."
DMO-0298,D-BENCH,2040,R5,R5_delivered,Household modern analogues: protein delivered by domestic or novel protein,0.6929,kt protein,estimate,VN-direct,Low,demand_assumptions.csv; balance_outputs.csv,"What-if scenario result, not a forecast."
DMO-0299,D-BENCH,2040,R5,R5_displaced,Household modern analogues: meat protein displaced,0.1386,kt protein,estimate,VN-direct,Low,demand_assumptions.csv; balance_outputs.csv,"What-if scenario result, not a forecast."
DMO-0300,D-BENCH,2040,R6,R6_plant_milk_ml,Plant milk volume,718.97,million litres,estimate,VN-direct,Low,demand_assumptions.csv; balance_outputs.csv,"What-if scenario result, not a forecast."
DMO-0301,D-BENCH,2040,R6,R6_delivered,High-protein plant milks: protein delivered by domestic or novel protein,2.37,kt protein,estimate,VN-direct,Low,demand_assumptions.csv; balance_outputs.csv,"What-if scenario result, not a forecast."
DMO-0302,D-BENCH,2040,R6,R6_displaced,High-protein plant milks: meat protein displaced,0.0,kt protein,estimate,VN-direct,Low,demand_assumptions.csv; balance_outputs.csv,"What-if scenario result, not a forecast."
DMO-0303,D-BENCH,2040,R7,R7_delivered,Exports: protein delivered by domestic or novel protein,4.5,kt protein,estimate,VN-direct,Low,demand_assumptions.csv; balance_outputs.csv,"What-if scenario result, not a forecast."
DMO-0304,D-BENCH,2040,R7,R7_displaced,Exports: meat protein displaced,0.0,kt protein,estimate,VN-direct,Low,demand_assumptions.csv; balance_outputs.csv,"What-if scenario result, not a forecast."
DMO-0305,D-BENCH,2040,all,total_delivered,"Total protein delivered by domestic or novel protein, all routes",33.15,kt protein,estimate,VN-direct,Low,demand_assumptions.csv; balance_outputs.csv,"What-if scenario result, not a forecast."
DMO-0306,D-BENCH,2040,all,domestic_delivered,Protein delivered in Vietnam (R1 to R6),28.65,kt protein,estimate,VN-direct,Low,demand_assumptions.csv; balance_outputs.csv,"What-if scenario result, not a forecast."
DMO-0307,D-BENCH,2040,all,total_displaced,"Meat protein displaced, all routes",3.89,kt protein,estimate,VN-direct,Low,demand_assumptions.csv; balance_outputs.csv,"What-if scenario result, not a forecast."
DMO-0308,D-BENCH,2040,all,displaced_share_of_meat_protein,Meat protein displaced as a share of meat protein demand,0.0028,share,estimate,VN-direct,Low,demand_assumptions.csv; balance_outputs.csv,"What-if scenario result, not a forecast."
DMO-0309,D-BENCH,2040,context,salt_food_requirement_kt,Part IV S-ALT: meat protein replaced by plant-based and fermented foods,68.57,kt protein,estimate,VN-direct,Low,demand_assumptions.csv; balance_outputs.csv,"What-if scenario result, not a forecast."
DMO-0310,D-BENCH,2040,context,salt_feed_microbial_kt,Part IV S-ALT: microbial protein in feed (for comparison),265.2,kt protein,estimate,VN-direct,Low,demand_assumptions.csv; balance_outputs.csv,"What-if scenario result, not a forecast."
DMO-0311,D-BENCH,2040,context,salt_share,Part IV S-ALT share of meat protein replaced,0.05,share,estimate,VN-direct,Low,demand_assumptions.csv; balance_outputs.csv,"What-if scenario result, not a forecast."
DMO-0312,D-BENCH,2040,all,ingredient_value_usd_m,Ingredient value of protein delivered (order of magnitude),99.44,USD million,estimate,VN-direct,Low,demand_assumptions.csv; balance_outputs.csv,"What-if scenario result, not a forecast."
DMO-0313,D-BENCH,2040,all,ingredient_product_kt_r1_r4,Ingredient product for R1 to R4 at 60% protein,42.64,kt product,estimate,VN-direct,Low,demand_assumptions.csv; balance_outputs.csv,"What-if scenario result, not a forecast."
DMO-0314,D-BENCH,2040,all,line_equivalents_r1_r4,Equivalent 1 t/h textured-protein lines for R1 to R4,6.09,lines,estimate,VN-direct,Low,demand_assumptions.csv; balance_outputs.csv,"What-if scenario result, not a forecast."
DMO-0315,D-BENCH,2050,context,meat_protein_kt,"Meat protein demand (S-BASE, carcass basis x 0.15)",1446.27,kt protein,estimate,VN-direct,Low,demand_assumptions.csv; balance_outputs.csv,"What-if scenario result, not a forecast."
DMO-0316,D-BENCH,2050,context,meat_protein_g_per_person_day,Meat protein per person per day (supply basis),36.02,g per person per day,estimate,VN-direct,Low,demand_assumptions.csv; balance_outputs.csv,"What-if scenario result, not a forecast."
DMO-0317,D-BENCH,2050,R1,R1_pool_protein_kt,Food plant-protein ingredient pool (imports today),111.59,kt protein,estimate,VN-direct,Low,demand_assumptions.csv; balance_outputs.csv,"What-if scenario result, not a forecast."
DMO-0318,D-BENCH,2050,R1,R1_delivered,Ingredient import substitution: protein delivered by domestic or novel protein,44.64,kt protein,estimate,VN-direct,Low,demand_assumptions.csv; balance_outputs.csv,"What-if scenario result, not a forecast."
DMO-0319,D-BENCH,2050,R1,R1_displaced,Ingredient import substitution: meat protein displaced,0.0,kt protein,estimate,VN-direct,Low,demand_assumptions.csv; balance_outputs.csv,"What-if scenario result, not a forecast."
DMO-0320,D-BENCH,2050,R2,R2_chay_day_share,Chay days as a share of all person-days (assumption),0.0247,share of person-days,estimate,VN-direct,Low,demand_assumptions.csv; balance_outputs.csv,"What-if scenario result, not a forecast."
DMO-0321,D-BENCH,2050,R2,R2_baseline_meat_avoided_kt,Meat protein already avoided by existing chay days (in the baseline),35.68,kt protein,estimate,VN-direct,Low,demand_assumptions.csv; balance_outputs.csv,"What-if scenario result, not a forecast."
DMO-0322,D-BENCH,2050,R2,R2_delivered,Chay occasions: protein delivered by domestic or novel protein,3.21,kt protein,estimate,VN-direct,Low,demand_assumptions.csv; balance_outputs.csv,"What-if scenario result, not a forecast."
DMO-0323,D-BENCH,2050,R2,R2_displaced,Chay occasions: meat protein displaced,2.0,kt protein,estimate,VN-direct,Low,demand_assumptions.csv; balance_outputs.csv,"What-if scenario result, not a forecast."
DMO-0324,D-BENCH,2050,R3,R3_processed_meat_protein_kt,Protein in processed meat products,72.31,kt protein,estimate,VN-direct,Low,demand_assumptions.csv; balance_outputs.csv,"What-if scenario result, not a forecast."
DMO-0325,D-BENCH,2050,R3,R3_delivered,Hybrid processed meat: protein delivered by domestic or novel protein,2.17,kt protein,estimate,VN-direct,Low,demand_assumptions.csv; balance_outputs.csv,"What-if scenario result, not a forecast."
DMO-0326,D-BENCH,2050,R3,R3_displaced,Hybrid processed meat: meat protein displaced,1.95,kt protein,estimate,VN-direct,Low,demand_assumptions.csv; balance_outputs.csv,"What-if scenario result, not a forecast."
DMO-0327,D-BENCH,2050,R4,R4_meal_protein_pool_kt,Protein in canteen and school protein dishes,48.81,kt protein,estimate,VN-direct,Low,demand_assumptions.csv; balance_outputs.csv,"What-if scenario result, not a forecast."
DMO-0328,D-BENCH,2050,R4,R4_delivered,Institutional meals: protein delivered by domestic or novel protein,2.29,kt protein,estimate,VN-direct,Low,demand_assumptions.csv; balance_outputs.csv,"What-if scenario result, not a forecast."
DMO-0329,D-BENCH,2050,R4,R4_displaced,Institutional meals: meat protein displaced,1.83,kt protein,estimate,VN-direct,Low,demand_assumptions.csv; balance_outputs.csv,"What-if scenario result, not a forecast."
DMO-0330,D-BENCH,2050,R5,R5_urban_population_m,Urban population (trend assumption),58.35,million people,estimate,VN-direct,Low,demand_assumptions.csv; balance_outputs.csv,"What-if scenario result, not a forecast."
DMO-0331,D-BENCH,2050,R5,R5_regular_buyers_m,Regular (monthly) buyers of modern analogues,2.33,million people,estimate,VN-direct,Low,demand_assumptions.csv; balance_outputs.csv,"What-if scenario result, not a forecast."
DMO-0332,D-BENCH,2050,R5,R5_delivered,Household modern analogues: protein delivered by domestic or novel protein,1.05,kt protein,estimate,VN-direct,Low,demand_assumptions.csv; balance_outputs.csv,"What-if scenario result, not a forecast."
DMO-0333,D-BENCH,2050,R5,R5_displaced,Household modern analogues: meat protein displaced,0.2101,kt protein,estimate,VN-direct,Low,demand_assumptions.csv; balance_outputs.csv,"What-if scenario result, not a forecast."
DMO-0334,D-BENCH,2050,R6,R6_plant_milk_ml,Plant milk volume,1287.56,million litres,estimate,VN-direct,Low,demand_assumptions.csv; balance_outputs.csv,"What-if scenario result, not a forecast."
DMO-0335,D-BENCH,2050,R6,R6_delivered,High-protein plant milks: protein delivered by domestic or novel protein,5.79,kt protein,estimate,VN-direct,Low,demand_assumptions.csv; balance_outputs.csv,"What-if scenario result, not a forecast."
DMO-0336,D-BENCH,2050,R6,R6_displaced,High-protein plant milks: meat protein displaced,0.0,kt protein,estimate,VN-direct,Low,demand_assumptions.csv; balance_outputs.csv,"What-if scenario result, not a forecast."
DMO-0337,D-BENCH,2050,R7,R7_delivered,Exports: protein delivered by domestic or novel protein,7.5,kt protein,estimate,VN-direct,Low,demand_assumptions.csv; balance_outputs.csv,"What-if scenario result, not a forecast."
DMO-0338,D-BENCH,2050,R7,R7_displaced,Exports: meat protein displaced,0.0,kt protein,estimate,VN-direct,Low,demand_assumptions.csv; balance_outputs.csv,"What-if scenario result, not a forecast."
DMO-0339,D-BENCH,2050,all,total_delivered,"Total protein delivered by domestic or novel protein, all routes",66.65,kt protein,estimate,VN-direct,Low,demand_assumptions.csv; balance_outputs.csv,"What-if scenario result, not a forecast."
DMO-0340,D-BENCH,2050,all,domestic_delivered,Protein delivered in Vietnam (R1 to R6),59.15,kt protein,estimate,VN-direct,Low,demand_assumptions.csv; balance_outputs.csv,"What-if scenario result, not a forecast."
DMO-0341,D-BENCH,2050,all,total_displaced,"Meat protein displaced, all routes",5.99,kt protein,estimate,VN-direct,Low,demand_assumptions.csv; balance_outputs.csv,"What-if scenario result, not a forecast."
DMO-0342,D-BENCH,2050,all,displaced_share_of_meat_protein,Meat protein displaced as a share of meat protein demand,0.0041,share,estimate,VN-direct,Low,demand_assumptions.csv; balance_outputs.csv,"What-if scenario result, not a forecast."
DMO-0343,D-BENCH,2050,context,salt_food_requirement_kt,Part IV S-ALT: meat protein replaced by plant-based and fermented foods,144.6,kt protein,estimate,VN-direct,Low,demand_assumptions.csv; balance_outputs.csv,"What-if scenario result, not a forecast."
DMO-0344,D-BENCH,2050,context,salt_feed_microbial_kt,Part IV S-ALT: microbial protein in feed (for comparison),514.1,kt protein,estimate,VN-direct,Low,demand_assumptions.csv; balance_outputs.csv,"What-if scenario result, not a forecast."
DMO-0345,D-BENCH,2050,context,salt_share,Part IV S-ALT share of meat protein replaced,0.1,share,estimate,VN-direct,Low,demand_assumptions.csv; balance_outputs.csv,"What-if scenario result, not a forecast."
DMO-0346,D-BENCH,2050,all,ingredient_value_usd_m,Ingredient value of protein delivered (order of magnitude),199.94,USD million,estimate,VN-direct,Low,demand_assumptions.csv; balance_outputs.csv,"What-if scenario result, not a forecast."
DMO-0347,D-BENCH,2050,all,ingredient_product_kt_r1_r4,Ingredient product for R1 to R4 at 60% protein,87.17,kt product,estimate,VN-direct,Low,demand_assumptions.csv; balance_outputs.csv,"What-if scenario result, not a forecast."
DMO-0348,D-BENCH,2050,all,line_equivalents_r1_r4,Equivalent 1 t/h textured-protein lines for R1 to R4,12.45,lines,estimate,VN-direct,Low,demand_assumptions.csv; balance_outputs.csv,"What-if scenario result, not a forecast."
DMO-0349,D-STRETCH,2025,context,meat_protein_kt,"Meat protein demand (S-BASE, carcass basis x 0.15)",1012.8,kt protein,calibration (2025 base),VN-direct,Low,demand_assumptions.csv; balance_outputs.csv,"What-if scenario result, not a forecast."
DMO-0350,D-STRETCH,2025,context,meat_protein_g_per_person_day,Meat protein per person per day (supply basis),27.31,g per person per day,calibration (2025 base),VN-direct,Low,demand_assumptions.csv; balance_outputs.csv,"What-if scenario result, not a forecast."
DMO-0351,D-STRETCH,2025,R1,R1_pool_protein_kt,Food plant-protein ingredient pool (imports today),26.0,kt protein,calibration (2025 base),VN-direct,Low,demand_assumptions.csv; balance_outputs.csv,"What-if scenario result, not a forecast."
DMO-0352,D-STRETCH,2025,R1,R1_delivered,Ingredient import substitution: protein delivered by domestic or novel protein,0.0,kt protein,calibration (2025 base),VN-direct,Low,demand_assumptions.csv; balance_outputs.csv,"What-if scenario result, not a forecast."
DMO-0353,D-STRETCH,2025,R1,R1_displaced,Ingredient import substitution: meat protein displaced,0.0,kt protein,calibration (2025 base),VN-direct,Low,demand_assumptions.csv; balance_outputs.csv,"What-if scenario result, not a forecast."
DMO-0354,D-STRETCH,2025,R2,R2_chay_day_share,Chay days as a share of all person-days (assumption),0.0247,share of person-days,calibration (2025 base),VN-direct,Low,demand_assumptions.csv; balance_outputs.csv,"What-if scenario result, not a forecast."
DMO-0355,D-STRETCH,2025,R2,R2_baseline_meat_avoided_kt,Meat protein already avoided by existing chay days (in the baseline),24.99,kt protein,calibration (2025 base),VN-direct,Low,demand_assumptions.csv; balance_outputs.csv,"What-if scenario result, not a forecast."
DMO-0356,D-STRETCH,2025,R2,R2_delivered,Chay occasions: protein delivered by domestic or novel protein,0.0,kt protein,calibration (2025 base),VN-direct,Low,demand_assumptions.csv; balance_outputs.csv,"What-if scenario result, not a forecast."
DMO-0357,D-STRETCH,2025,R2,R2_displaced,Chay occasions: meat protein displaced,0.0,kt protein,calibration (2025 base),VN-direct,Low,demand_assumptions.csv; balance_outputs.csv,"What-if scenario result, not a forecast."
DMO-0358,D-STRETCH,2025,R3,R3_processed_meat_protein_kt,Protein in processed meat products,50.64,kt protein,calibration (2025 base),VN-direct,Low,demand_assumptions.csv; balance_outputs.csv,"What-if scenario result, not a forecast."
DMO-0359,D-STRETCH,2025,R3,R3_delivered,Hybrid processed meat: protein delivered by domestic or novel protein,0.0,kt protein,calibration (2025 base),VN-direct,Low,demand_assumptions.csv; balance_outputs.csv,"What-if scenario result, not a forecast."
DMO-0360,D-STRETCH,2025,R3,R3_displaced,Hybrid processed meat: meat protein displaced,0.0,kt protein,calibration (2025 base),VN-direct,Low,demand_assumptions.csv; balance_outputs.csv,"What-if scenario result, not a forecast."
DMO-0361,D-STRETCH,2025,R4,R4_meal_protein_pool_kt,Protein in canteen and school protein dishes,36.0,kt protein,calibration (2025 base),VN-direct,Low,demand_assumptions.csv; balance_outputs.csv,"What-if scenario result, not a forecast."
DMO-0362,D-STRETCH,2025,R4,R4_delivered,Institutional meals: protein delivered by domestic or novel protein,0.0,kt protein,calibration (2025 base),VN-direct,Low,demand_assumptions.csv; balance_outputs.csv,"What-if scenario result, not a forecast."
DMO-0363,D-STRETCH,2025,R4,R4_displaced,Institutional meals: meat protein displaced,0.0,kt protein,calibration (2025 base),VN-direct,Low,demand_assumptions.csv; balance_outputs.csv,"What-if scenario result, not a forecast."
DMO-0364,D-STRETCH,2025,R5,R5_urban_population_m,Urban population (trend assumption),39.42,million people,calibration (2025 base),VN-direct,Low,demand_assumptions.csv; balance_outputs.csv,"What-if scenario result, not a forecast."
DMO-0365,D-STRETCH,2025,R5,R5_regular_buyers_m,Regular (monthly) buyers of modern analogues,0.0394,million people,calibration (2025 base),VN-direct,Low,demand_assumptions.csv; balance_outputs.csv,"What-if scenario result, not a forecast."
DMO-0366,D-STRETCH,2025,R5,R5_delivered,Household modern analogues: protein delivered by domestic or novel protein,0.0177,kt protein,calibration (2025 base),VN-direct,Low,demand_assumptions.csv; balance_outputs.csv,"What-if scenario result, not a forecast."
DMO-0367,D-STRETCH,2025,R5,R5_displaced,Household modern analogues: meat protein displaced,0.0035,kt protein,calibration (2025 base),VN-direct,Low,demand_assumptions.csv; balance_outputs.csv,"What-if scenario result, not a forecast."
DMO-0368,D-STRETCH,2025,R6,R6_plant_milk_ml,Plant milk volume,300.0,million litres,calibration (2025 base),VN-direct,Low,demand_assumptions.csv; balance_outputs.csv,"What-if scenario result, not a forecast."
DMO-0369,D-STRETCH,2025,R6,R6_delivered,High-protein plant milks: protein delivered by domestic or novel protein,0.09,kt protein,calibration (2025 base),VN-direct,Low,demand_assumptions.csv; balance_outputs.csv,"What-if scenario result, not a forecast."
DMO-0370,D-STRETCH,2025,R6,R6_displaced,High-protein plant milks: meat protein displaced,0.0,kt protein,calibration (2025 base),VN-direct,Low,demand_assumptions.csv; balance_outputs.csv,"What-if scenario result, not a forecast."
DMO-0371,D-STRETCH,2025,R7,R7_delivered,Exports: protein delivered by domestic or novel protein,0.0,kt protein,calibration (2025 base),VN-direct,Low,demand_assumptions.csv; balance_outputs.csv,"What-if scenario result, not a forecast."
DMO-0372,D-STRETCH,2025,R7,R7_displaced,Exports: meat protein displaced,0.0,kt protein,calibration (2025 base),VN-direct,Low,demand_assumptions.csv; balance_outputs.csv,"What-if scenario result, not a forecast."
DMO-0373,D-STRETCH,2025,all,total_delivered,"Total protein delivered by domestic or novel protein, all routes",0.1077,kt protein,calibration (2025 base),VN-direct,Low,demand_assumptions.csv; balance_outputs.csv,"What-if scenario result, not a forecast."
DMO-0374,D-STRETCH,2025,all,domestic_delivered,Protein delivered in Vietnam (R1 to R6),0.1077,kt protein,calibration (2025 base),VN-direct,Low,demand_assumptions.csv; balance_outputs.csv,"What-if scenario result, not a forecast."
DMO-0375,D-STRETCH,2025,all,total_displaced,"Meat protein displaced, all routes",0.0035,kt protein,calibration (2025 base),VN-direct,Low,demand_assumptions.csv; balance_outputs.csv,"What-if scenario result, not a forecast."
DMO-0376,D-STRETCH,2025,all,displaced_share_of_meat_protein,Meat protein displaced as a share of meat protein demand,0.0,share,calibration (2025 base),VN-direct,Low,demand_assumptions.csv; balance_outputs.csv,"What-if scenario result, not a forecast."
DMO-0377,D-STRETCH,2025,context,salt_food_requirement_kt,Part IV S-ALT: meat protein replaced by plant-based and fermented foods,0.0,kt protein,calibration (2025 base),VN-direct,Low,demand_assumptions.csv; balance_outputs.csv,"What-if scenario result, not a forecast."
DMO-0378,D-STRETCH,2025,context,salt_feed_microbial_kt,Part IV S-ALT: microbial protein in feed (for comparison),0.0,kt protein,calibration (2025 base),VN-direct,Low,demand_assumptions.csv; balance_outputs.csv,"What-if scenario result, not a forecast."
DMO-0379,D-STRETCH,2025,context,salt_share,Part IV S-ALT share of meat protein replaced,0.0,share,calibration (2025 base),VN-direct,Low,demand_assumptions.csv; balance_outputs.csv,"What-if scenario result, not a forecast."
DMO-0380,D-STRETCH,2025,all,ingredient_value_usd_m,Ingredient value of protein delivered (order of magnitude),0.3232,USD million,calibration (2025 base),VN-direct,Low,demand_assumptions.csv; balance_outputs.csv,"What-if scenario result, not a forecast."
DMO-0381,D-STRETCH,2025,all,ingredient_product_kt_r1_r4,Ingredient product for R1 to R4 at 60% protein,0.0,kt product,calibration (2025 base),VN-direct,Low,demand_assumptions.csv; balance_outputs.csv,"What-if scenario result, not a forecast."
DMO-0382,D-STRETCH,2025,all,line_equivalents_r1_r4,Equivalent 1 t/h textured-protein lines for R1 to R4,0.0,lines,calibration (2025 base),VN-direct,Low,demand_assumptions.csv; balance_outputs.csv,"What-if scenario result, not a forecast."
DMO-0383,D-STRETCH,2030,context,meat_protein_kt,"Meat protein demand (S-BASE, carcass basis x 0.15)",1178.89,kt protein,estimate,VN-direct,Low,demand_assumptions.csv; balance_outputs.csv,"What-if scenario result, not a forecast."
DMO-0384,D-STRETCH,2030,context,meat_protein_g_per_person_day,Meat protein per person per day (supply basis),31.0,g per person per day,estimate,VN-direct,Low,demand_assumptions.csv; balance_outputs.csv,"What-if scenario result, not a forecast."
DMO-0385,D-STRETCH,2030,R1,R1_pool_protein_kt,Food plant-protein ingredient pool (imports today),38.2,kt protein,estimate,VN-direct,Low,demand_assumptions.csv; balance_outputs.csv,"What-if scenario result, not a forecast."
DMO-0386,D-STRETCH,2030,R1,R1_delivered,Ingredient import substitution: protein delivered by domestic or novel protein,7.64,kt protein,estimate,VN-direct,Low,demand_assumptions.csv; balance_outputs.csv,"What-if scenario result, not a forecast."
DMO-0387,D-STRETCH,2030,R1,R1_displaced,Ingredient import substitution: meat protein displaced,0.0,kt protein,estimate,VN-direct,Low,demand_assumptions.csv; balance_outputs.csv,"What-if scenario result, not a forecast."
DMO-0388,D-STRETCH,2030,R2,R2_chay_day_share,Chay days as a share of all person-days (assumption),0.0247,share of person-days,estimate,VN-direct,Low,demand_assumptions.csv; balance_outputs.csv,"What-if scenario result, not a forecast."
DMO-0389,D-STRETCH,2030,R2,R2_baseline_meat_avoided_kt,Meat protein already avoided by existing chay days (in the baseline),29.08,kt protein,estimate,VN-direct,Low,demand_assumptions.csv; balance_outputs.csv,"What-if scenario result, not a forecast."
DMO-0390,D-STRETCH,2030,R2,R2_delivered,Chay occasions: protein delivered by domestic or novel protein,1.22,kt protein,estimate,VN-direct,Low,demand_assumptions.csv; balance_outputs.csv,"What-if scenario result, not a forecast."
DMO-0391,D-STRETCH,2030,R2,R2_displaced,Chay occasions: meat protein displaced,1.63,kt protein,estimate,VN-direct,Low,demand_assumptions.csv; balance_outputs.csv,"What-if scenario result, not a forecast."
DMO-0392,D-STRETCH,2030,R3,R3_processed_meat_protein_kt,Protein in processed meat products,58.94,kt protein,estimate,VN-direct,Low,demand_assumptions.csv; balance_outputs.csv,"What-if scenario result, not a forecast."
DMO-0393,D-STRETCH,2030,R3,R3_delivered,Hybrid processed meat: protein delivered by domestic or novel protein,0.8842,kt protein,estimate,VN-direct,Low,demand_assumptions.csv; balance_outputs.csv,"What-if scenario result, not a forecast."
DMO-0394,D-STRETCH,2030,R3,R3_displaced,Hybrid processed meat: meat protein displaced,0.7958,kt protein,estimate,VN-direct,Low,demand_assumptions.csv; balance_outputs.csv,"What-if scenario result, not a forecast."
DMO-0395,D-STRETCH,2030,R4,R4_meal_protein_pool_kt,Protein in canteen and school protein dishes,38.08,kt protein,estimate,VN-direct,Low,demand_assumptions.csv; balance_outputs.csv,"What-if scenario result, not a forecast."
DMO-0396,D-STRETCH,2030,R4,R4_delivered,Institutional meals: protein delivered by domestic or novel protein,0.7424,kt protein,estimate,VN-direct,Low,demand_assumptions.csv; balance_outputs.csv,"What-if scenario result, not a forecast."
DMO-0397,D-STRETCH,2030,R4,R4_displaced,Institutional meals: meat protein displaced,0.594,kt protein,estimate,VN-direct,Low,demand_assumptions.csv; balance_outputs.csv,"What-if scenario result, not a forecast."
DMO-0398,D-STRETCH,2030,R5,R5_urban_population_m,Urban population (trend assumption),43.4,million people,estimate,VN-direct,Low,demand_assumptions.csv; balance_outputs.csv,"What-if scenario result, not a forecast."
DMO-0399,D-STRETCH,2030,R5,R5_regular_buyers_m,Regular (monthly) buyers of modern analogues,1.3,million people,estimate,VN-direct,Low,demand_assumptions.csv; balance_outputs.csv,"What-if scenario result, not a forecast."
DMO-0400,D-STRETCH,2030,R5,R5_delivered,Household modern analogues: protein delivered by domestic or novel protein,0.5859,kt protein,estimate,VN-direct,Low,demand_assumptions.csv; balance_outputs.csv,"What-if scenario result, not a forecast."
DMO-0401,D-STRETCH,2030,R5,R5_displaced,Household modern analogues: meat protein displaced,0.1172,kt protein,estimate,VN-direct,Low,demand_assumptions.csv; balance_outputs.csv,"What-if scenario result, not a forecast."
DMO-0402,D-STRETCH,2030,R6,R6_plant_milk_ml,Plant milk volume,440.8,million litres,estimate,VN-direct,Low,demand_assumptions.csv; balance_outputs.csv,"What-if scenario result, not a forecast."
DMO-0403,D-STRETCH,2030,R6,R6_delivered,High-protein plant milks: protein delivered by domestic or novel protein,1.06,kt protein,estimate,VN-direct,Low,demand_assumptions.csv; balance_outputs.csv,"What-if scenario result, not a forecast."
DMO-0404,D-STRETCH,2030,R6,R6_displaced,High-protein plant milks: meat protein displaced,0.0,kt protein,estimate,VN-direct,Low,demand_assumptions.csv; balance_outputs.csv,"What-if scenario result, not a forecast."
DMO-0405,D-STRETCH,2030,R7,R7_delivered,Exports: protein delivered by domestic or novel protein,2.0,kt protein,estimate,VN-direct,Low,demand_assumptions.csv; balance_outputs.csv,"What-if scenario result, not a forecast."
DMO-0406,D-STRETCH,2030,R7,R7_displaced,Exports: meat protein displaced,0.0,kt protein,estimate,VN-direct,Low,demand_assumptions.csv; balance_outputs.csv,"What-if scenario result, not a forecast."
DMO-0407,D-STRETCH,2030,all,total_delivered,"Total protein delivered by domestic or novel protein, all routes",14.13,kt protein,estimate,VN-direct,Low,demand_assumptions.csv; balance_outputs.csv,"What-if scenario result, not a forecast."
DMO-0408,D-STRETCH,2030,all,domestic_delivered,Protein delivered in Vietnam (R1 to R6),12.13,kt protein,estimate,VN-direct,Low,demand_assumptions.csv; balance_outputs.csv,"What-if scenario result, not a forecast."
DMO-0409,D-STRETCH,2030,all,total_displaced,"Meat protein displaced, all routes",3.14,kt protein,estimate,VN-direct,Low,demand_assumptions.csv; balance_outputs.csv,"What-if scenario result, not a forecast."
DMO-0410,D-STRETCH,2030,all,displaced_share_of_meat_protein,Meat protein displaced as a share of meat protein demand,0.0027,share,estimate,VN-direct,Low,demand_assumptions.csv; balance_outputs.csv,"What-if scenario result, not a forecast."
DMO-0411,D-STRETCH,2030,context,salt_food_requirement_kt,Part IV S-ALT: meat protein replaced by plant-based and fermented foods,11.79,kt protein,estimate,VN-direct,Low,demand_assumptions.csv; balance_outputs.csv,"What-if scenario result, not a forecast."
DMO-0412,D-STRETCH,2030,context,salt_feed_microbial_kt,Part IV S-ALT: microbial protein in feed (for comparison),55.84,kt protein,estimate,VN-direct,Low,demand_assumptions.csv; balance_outputs.csv,"What-if scenario result, not a forecast."
DMO-0413,D-STRETCH,2030,context,salt_share,Part IV S-ALT share of meat protein replaced,0.01,share,estimate,VN-direct,Low,demand_assumptions.csv; balance_outputs.csv,"What-if scenario result, not a forecast."
DMO-0414,D-STRETCH,2030,all,ingredient_value_usd_m,Ingredient value of protein delivered (order of magnitude),42.38,USD million,estimate,VN-direct,Low,demand_assumptions.csv; balance_outputs.csv,"What-if scenario result, not a forecast."
DMO-0415,D-STRETCH,2030,all,ingredient_product_kt_r1_r4,Ingredient product for R1 to R4 at 60% protein,17.47,kt product,estimate,VN-direct,Low,demand_assumptions.csv; balance_outputs.csv,"What-if scenario result, not a forecast."
DMO-0416,D-STRETCH,2030,all,line_equivalents_r1_r4,Equivalent 1 t/h textured-protein lines for R1 to R4,2.5,lines,estimate,VN-direct,Low,demand_assumptions.csv; balance_outputs.csv,"What-if scenario result, not a forecast."
DMO-0417,D-STRETCH,2030,R3,req_R3_hybrid_adoption_at_30pct,S-ALT 2030 by hybrids alone: adoption needed at 30% replacement,0.7407,share of processed meat,estimate,VN-direct,Low,demand_assumptions.csv; balance_outputs.csv,"What-if scenario result, not a forecast."
DMO-0418,D-STRETCH,2030,R4,req_R4_share_of_all_meal_protein,S-ALT 2030 by institutional meals alone,0.387,share of canteen and school meal protein,estimate,VN-direct,Low,demand_assumptions.csv; balance_outputs.csv,"What-if scenario result, not a forecast."
DMO-0419,D-STRETCH,2030,R5,req_R5_regular_buyers_m,S-ALT 2030 by household analogues alone,130.99,million regular buyers,estimate,VN-direct,Low,demand_assumptions.csv; balance_outputs.csv,"What-if scenario result, not a forecast."
DMO-0420,D-STRETCH,2030,R2,req_R2_added_chay_days_per_person_month,S-ALT 2030 by added chay days alone (whole population),0.4345,extra chay days per person per month,estimate,VN-direct,Low,demand_assumptions.csv; balance_outputs.csv,"What-if scenario result, not a forecast."
DMO-0421,D-STRETCH,2035,context,meat_protein_kt,"Meat protein demand (S-BASE, carcass basis x 0.15)",1309.27,kt protein,estimate,VN-direct,Low,demand_assumptions.csv; balance_outputs.csv,"What-if scenario result, not a forecast."
DMO-0422,D-STRETCH,2035,context,meat_protein_g_per_person_day,Meat protein per person per day (supply basis),33.68,g per person per day,estimate,VN-direct,Low,demand_assumptions.csv; balance_outputs.csv,"What-if scenario result, not a forecast."
DMO-0423,D-STRETCH,2035,R1,R1_pool_protein_kt,Food plant-protein ingredient pool (imports today),56.13,kt protein,estimate,VN-direct,Low,demand_assumptions.csv; balance_outputs.csv,"What-if scenario result, not a forecast."
DMO-0424,D-STRETCH,2035,R1,R1_delivered,Ingredient import substitution: protein delivered by domestic or novel protein,25.26,kt protein,estimate,VN-direct,Low,demand_assumptions.csv; balance_outputs.csv,"What-if scenario result, not a forecast."
DMO-0425,D-STRETCH,2035,R1,R1_displaced,Ingredient import substitution: meat protein displaced,0.0,kt protein,estimate,VN-direct,Low,demand_assumptions.csv; balance_outputs.csv,"What-if scenario result, not a forecast."
DMO-0426,D-STRETCH,2035,R2,R2_chay_day_share,Chay days as a share of all person-days (assumption),0.0247,share of person-days,estimate,VN-direct,Low,demand_assumptions.csv; balance_outputs.csv,"What-if scenario result, not a forecast."
DMO-0427,D-STRETCH,2035,R2,R2_baseline_meat_avoided_kt,Meat protein already avoided by existing chay days (in the baseline),32.3,kt protein,estimate,VN-direct,Low,demand_assumptions.csv; balance_outputs.csv,"What-if scenario result, not a forecast."
DMO-0428,D-STRETCH,2035,R2,R2_delivered,Chay occasions: protein delivered by domestic or novel protein,3.45,kt protein,estimate,VN-direct,Low,demand_assumptions.csv; balance_outputs.csv,"What-if scenario result, not a forecast."
DMO-0429,D-STRETCH,2035,R2,R2_displaced,Chay occasions: meat protein displaced,4.52,kt protein,estimate,VN-direct,Low,demand_assumptions.csv; balance_outputs.csv,"What-if scenario result, not a forecast."
DMO-0430,D-STRETCH,2035,R3,R3_processed_meat_protein_kt,Protein in processed meat products,65.46,kt protein,estimate,VN-direct,Low,demand_assumptions.csv; balance_outputs.csv,"What-if scenario result, not a forecast."
DMO-0431,D-STRETCH,2035,R3,R3_delivered,Hybrid processed meat: protein delivered by domestic or novel protein,2.95,kt protein,estimate,VN-direct,Low,demand_assumptions.csv; balance_outputs.csv,"What-if scenario result, not a forecast."
DMO-0432,D-STRETCH,2035,R3,R3_displaced,Hybrid processed meat: meat protein displaced,2.65,kt protein,estimate,VN-direct,Low,demand_assumptions.csv; balance_outputs.csv,"What-if scenario result, not a forecast."
DMO-0433,D-STRETCH,2035,R4,R4_meal_protein_pool_kt,Protein in canteen and school protein dishes,40.38,kt protein,estimate,VN-direct,Low,demand_assumptions.csv; balance_outputs.csv,"What-if scenario result, not a forecast."
DMO-0434,D-STRETCH,2035,R4,R4_delivered,Institutional meals: protein delivered by domestic or novel protein,2.27,kt protein,estimate,VN-direct,Low,demand_assumptions.csv; balance_outputs.csv,"What-if scenario result, not a forecast."
DMO-0435,D-STRETCH,2035,R4,R4_displaced,Institutional meals: meat protein displaced,1.82,kt protein,estimate,VN-direct,Low,demand_assumptions.csv; balance_outputs.csv,"What-if scenario result, not a forecast."
DMO-0436,D-STRETCH,2035,R5,R5_urban_population_m,Urban population (trend assumption),47.39,million people,estimate,VN-direct,Low,demand_assumptions.csv; balance_outputs.csv,"What-if scenario result, not a forecast."
DMO-0437,D-STRETCH,2035,R5,R5_regular_buyers_m,Regular (monthly) buyers of modern analogues,2.84,million people,estimate,VN-direct,Low,demand_assumptions.csv; balance_outputs.csv,"What-if scenario result, not a forecast."
DMO-0438,D-STRETCH,2035,R5,R5_delivered,Household modern analogues: protein delivered by domestic or novel protein,1.28,kt protein,estimate,VN-direct,Low,demand_assumptions.csv; balance_outputs.csv,"What-if scenario result, not a forecast."
DMO-0439,D-STRETCH,2035,R5,R5_displaced,Household modern analogues: meat protein displaced,0.2559,kt protein,estimate,VN-direct,Low,demand_assumptions.csv; balance_outputs.csv,"What-if scenario result, not a forecast."
DMO-0440,D-STRETCH,2035,R6,R6_plant_milk_ml,Plant milk volume,647.68,million litres,estimate,VN-direct,Low,demand_assumptions.csv; balance_outputs.csv,"What-if scenario result, not a forecast."
DMO-0441,D-STRETCH,2035,R6,R6_delivered,High-protein plant milks: protein delivered by domestic or novel protein,2.91,kt protein,estimate,VN-direct,Low,demand_assumptions.csv; balance_outputs.csv,"What-if scenario result, not a forecast."
DMO-0442,D-STRETCH,2035,R6,R6_displaced,High-protein plant milks: meat protein displaced,0.0,kt protein,estimate,VN-direct,Low,demand_assumptions.csv; balance_outputs.csv,"What-if scenario result, not a forecast."
DMO-0443,D-STRETCH,2035,R7,R7_delivered,Exports: protein delivered by domestic or novel protein,7.5,kt protein,estimate,VN-direct,Low,demand_assumptions.csv; balance_outputs.csv,"What-if scenario result, not a forecast."
DMO-0444,D-STRETCH,2035,R7,R7_displaced,Exports: meat protein displaced,0.0,kt protein,estimate,VN-direct,Low,demand_assumptions.csv; balance_outputs.csv,"What-if scenario result, not a forecast."
DMO-0445,D-STRETCH,2035,all,total_delivered,"Total protein delivered by domestic or novel protein, all routes",45.62,kt protein,estimate,VN-direct,Low,demand_assumptions.csv; balance_outputs.csv,"What-if scenario result, not a forecast."
DMO-0446,D-STRETCH,2035,all,domestic_delivered,Protein delivered in Vietnam (R1 to R6),38.12,kt protein,estimate,VN-direct,Low,demand_assumptions.csv; balance_outputs.csv,"What-if scenario result, not a forecast."
DMO-0447,D-STRETCH,2035,all,total_displaced,"Meat protein displaced, all routes",9.25,kt protein,estimate,VN-direct,Low,demand_assumptions.csv; balance_outputs.csv,"What-if scenario result, not a forecast."
DMO-0448,D-STRETCH,2035,all,displaced_share_of_meat_protein,Meat protein displaced as a share of meat protein demand,0.0071,share,estimate,VN-direct,Low,demand_assumptions.csv; balance_outputs.csv,"What-if scenario result, not a forecast."
DMO-0449,D-STRETCH,2035,context,salt_food_requirement_kt,Part IV S-ALT: meat protein replaced by plant-based and fermented foods,39.28,kt protein,estimate,VN-direct,Low,demand_assumptions.csv; balance_outputs.csv,"What-if scenario result, not a forecast."
DMO-0450,D-STRETCH,2035,context,salt_feed_microbial_kt,Part IV S-ALT: microbial protein in feed (for comparison),160.2,kt protein,estimate,VN-direct,Low,demand_assumptions.csv; balance_outputs.csv,"What-if scenario result, not a forecast."
DMO-0451,D-STRETCH,2035,context,salt_share,Part IV S-ALT share of meat protein replaced,0.03,share,estimate,VN-direct,Low,demand_assumptions.csv; balance_outputs.csv,"What-if scenario result, not a forecast."
DMO-0452,D-STRETCH,2035,all,ingredient_value_usd_m,Ingredient value of protein delivered (order of magnitude),136.87,USD million,estimate,VN-direct,Low,demand_assumptions.csv; balance_outputs.csv,"What-if scenario result, not a forecast."
DMO-0453,D-STRETCH,2035,all,ingredient_product_kt_r1_r4,Ingredient product for R1 to R4 at 60% protein,56.55,kt product,estimate,VN-direct,Low,demand_assumptions.csv; balance_outputs.csv,"What-if scenario result, not a forecast."
DMO-0454,D-STRETCH,2035,all,line_equivalents_r1_r4,Equivalent 1 t/h textured-protein lines for R1 to R4,8.08,lines,estimate,VN-direct,Low,demand_assumptions.csv; balance_outputs.csv,"What-if scenario result, not a forecast."
DMO-0455,D-STRETCH,2040,context,meat_protein_kt,"Meat protein demand (S-BASE, carcass basis x 0.15)",1371.45,kt protein,estimate,VN-direct,Low,demand_assumptions.csv; balance_outputs.csv,"What-if scenario result, not a forecast."
DMO-0456,D-STRETCH,2040,context,meat_protein_g_per_person_day,Meat protein per person per day (supply basis),34.66,g per person per day,estimate,VN-direct,Low,demand_assumptions.csv; balance_outputs.csv,"What-if scenario result, not a forecast."
DMO-0457,D-STRETCH,2040,R1,R1_pool_protein_kt,Food plant-protein ingredient pool (imports today),82.48,kt protein,estimate,VN-direct,Low,demand_assumptions.csv; balance_outputs.csv,"What-if scenario result, not a forecast."
DMO-0458,D-STRETCH,2040,R1,R1_delivered,Ingredient import substitution: protein delivered by domestic or novel protein,42.89,kt protein,estimate,VN-direct,Low,demand_assumptions.csv; balance_outputs.csv,"What-if scenario result, not a forecast."
DMO-0459,D-STRETCH,2040,R1,R1_displaced,Ingredient import substitution: meat protein displaced,0.0,kt protein,estimate,VN-direct,Low,demand_assumptions.csv; balance_outputs.csv,"What-if scenario result, not a forecast."
DMO-0460,D-STRETCH,2040,R2,R2_chay_day_share,Chay days as a share of all person-days (assumption),0.0247,share of person-days,estimate,VN-direct,Low,demand_assumptions.csv; balance_outputs.csv,"What-if scenario result, not a forecast."
DMO-0461,D-STRETCH,2040,R2,R2_baseline_meat_avoided_kt,Meat protein already avoided by existing chay days (in the baseline),33.84,kt protein,estimate,VN-direct,Low,demand_assumptions.csv; balance_outputs.csv,"What-if scenario result, not a forecast."
DMO-0462,D-STRETCH,2040,R2,R2_delivered,Chay occasions: protein delivered by domestic or novel protein,5.58,kt protein,estimate,VN-direct,Low,demand_assumptions.csv; balance_outputs.csv,"What-if scenario result, not a forecast."
DMO-0463,D-STRETCH,2040,R2,R2_displaced,Chay occasions: meat protein displaced,7.11,kt protein,estimate,VN-direct,Low,demand_assumptions.csv; balance_outputs.csv,"What-if scenario result, not a forecast."
DMO-0464,D-STRETCH,2040,R3,R3_processed_meat_protein_kt,Protein in processed meat products,68.57,kt protein,estimate,VN-direct,Low,demand_assumptions.csv; balance_outputs.csv,"What-if scenario result, not a forecast."
DMO-0465,D-STRETCH,2040,R3,R3_delivered,Hybrid processed meat: protein delivered by domestic or novel protein,5.14,kt protein,estimate,VN-direct,Low,demand_assumptions.csv; balance_outputs.csv,"What-if scenario result, not a forecast."
DMO-0466,D-STRETCH,2040,R3,R3_displaced,Hybrid processed meat: meat protein displaced,4.63,kt protein,estimate,VN-direct,Low,demand_assumptions.csv; balance_outputs.csv,"What-if scenario result, not a forecast."
DMO-0467,D-STRETCH,2040,R4,R4_meal_protein_pool_kt,Protein in canteen and school protein dishes,42.92,kt protein,estimate,VN-direct,Low,demand_assumptions.csv; balance_outputs.csv,"What-if scenario result, not a forecast."
DMO-0468,D-STRETCH,2040,R4,R4_delivered,Institutional meals: protein delivered by domestic or novel protein,3.52,kt protein,estimate,VN-direct,Low,demand_assumptions.csv; balance_outputs.csv,"What-if scenario result, not a forecast."
DMO-0469,D-STRETCH,2040,R4,R4_displaced,Institutional meals: meat protein displaced,2.82,kt protein,estimate,VN-direct,Low,demand_assumptions.csv; balance_outputs.csv,"What-if scenario result, not a forecast."
DMO-0470,D-STRETCH,2040,R5,R5_urban_population_m,Urban population (trend assumption),51.33,million people,estimate,VN-direct,Low,demand_assumptions.csv; balance_outputs.csv,"What-if scenario result, not a forecast."
DMO-0471,D-STRETCH,2040,R5,R5_regular_buyers_m,Regular (monthly) buyers of modern analogues,4.11,million people,estimate,VN-direct,Low,demand_assumptions.csv; balance_outputs.csv,"What-if scenario result, not a forecast."
DMO-0472,D-STRETCH,2040,R5,R5_delivered,Household modern analogues: protein delivered by domestic or novel protein,1.85,kt protein,estimate,VN-direct,Low,demand_assumptions.csv; balance_outputs.csv,"What-if scenario result, not a forecast."
DMO-0473,D-STRETCH,2040,R5,R5_displaced,Household modern analogues: meat protein displaced,0.3696,kt protein,estimate,VN-direct,Low,demand_assumptions.csv; balance_outputs.csv,"What-if scenario result, not a forecast."
DMO-0474,D-STRETCH,2040,R6,R6_plant_milk_ml,Plant milk volume,951.65,million litres,estimate,VN-direct,Low,demand_assumptions.csv; balance_outputs.csv,"What-if scenario result, not a forecast."
DMO-0475,D-STRETCH,2040,R6,R6_delivered,High-protein plant milks: protein delivered by domestic or novel protein,5.71,kt protein,estimate,VN-direct,Low,demand_assumptions.csv; balance_outputs.csv,"What-if scenario result, not a forecast."
DMO-0476,D-STRETCH,2040,R6,R6_displaced,High-protein plant milks: meat protein displaced,0.0,kt protein,estimate,VN-direct,Low,demand_assumptions.csv; balance_outputs.csv,"What-if scenario result, not a forecast."
DMO-0477,D-STRETCH,2040,R7,R7_delivered,Exports: protein delivered by domestic or novel protein,13.75,kt protein,estimate,VN-direct,Low,demand_assumptions.csv; balance_outputs.csv,"What-if scenario result, not a forecast."
DMO-0478,D-STRETCH,2040,R7,R7_displaced,Exports: meat protein displaced,0.0,kt protein,estimate,VN-direct,Low,demand_assumptions.csv; balance_outputs.csv,"What-if scenario result, not a forecast."
DMO-0479,D-STRETCH,2040,all,total_delivered,"Total protein delivered by domestic or novel protein, all routes",78.44,kt protein,estimate,VN-direct,Low,demand_assumptions.csv; balance_outputs.csv,"What-if scenario result, not a forecast."
DMO-0480,D-STRETCH,2040,all,domestic_delivered,Protein delivered in Vietnam (R1 to R6),64.69,kt protein,estimate,VN-direct,Low,demand_assumptions.csv; balance_outputs.csv,"What-if scenario result, not a forecast."
DMO-0481,D-STRETCH,2040,all,total_displaced,"Meat protein displaced, all routes",14.92,kt protein,estimate,VN-direct,Low,demand_assumptions.csv; balance_outputs.csv,"What-if scenario result, not a forecast."
DMO-0482,D-STRETCH,2040,all,displaced_share_of_meat_protein,Meat protein displaced as a share of meat protein demand,0.0109,share,estimate,VN-direct,Low,demand_assumptions.csv; balance_outputs.csv,"What-if scenario result, not a forecast."
DMO-0483,D-STRETCH,2040,context,salt_food_requirement_kt,Part IV S-ALT: meat protein replaced by plant-based and fermented foods,68.57,kt protein,estimate,VN-direct,Low,demand_assumptions.csv; balance_outputs.csv,"What-if scenario result, not a forecast."
DMO-0484,D-STRETCH,2040,context,salt_feed_microbial_kt,Part IV S-ALT: microbial protein in feed (for comparison),265.2,kt protein,estimate,VN-direct,Low,demand_assumptions.csv; balance_outputs.csv,"What-if scenario result, not a forecast."
DMO-0485,D-STRETCH,2040,context,salt_share,Part IV S-ALT share of meat protein replaced,0.05,share,estimate,VN-direct,Low,demand_assumptions.csv; balance_outputs.csv,"What-if scenario result, not a forecast."
DMO-0486,D-STRETCH,2040,all,ingredient_value_usd_m,Ingredient value of protein delivered (order of magnitude),235.33,USD million,estimate,VN-direct,Low,demand_assumptions.csv; balance_outputs.csv,"What-if scenario result, not a forecast."
DMO-0487,D-STRETCH,2040,all,ingredient_product_kt_r1_r4,Ingredient product for R1 to R4 at 60% protein,95.23,kt product,estimate,VN-direct,Low,demand_assumptions.csv; balance_outputs.csv,"What-if scenario result, not a forecast."
DMO-0488,D-STRETCH,2040,all,line_equivalents_r1_r4,Equivalent 1 t/h textured-protein lines for R1 to R4,13.6,lines,estimate,VN-direct,Low,demand_assumptions.csv; balance_outputs.csv,"What-if scenario result, not a forecast."
DMO-0489,D-STRETCH,2050,context,meat_protein_kt,"Meat protein demand (S-BASE, carcass basis x 0.15)",1446.27,kt protein,estimate,VN-direct,Low,demand_assumptions.csv; balance_outputs.csv,"What-if scenario result, not a forecast."
DMO-0490,D-STRETCH,2050,context,meat_protein_g_per_person_day,Meat protein per person per day (supply basis),36.02,g per person per day,estimate,VN-direct,Low,demand_assumptions.csv; balance_outputs.csv,"What-if scenario result, not a forecast."
DMO-0491,D-STRETCH,2050,R1,R1_pool_protein_kt,Food plant-protein ingredient pool (imports today),178.06,kt protein,estimate,VN-direct,Low,demand_assumptions.csv; balance_outputs.csv,"What-if scenario result, not a forecast."
DMO-0492,D-STRETCH,2050,R1,R1_delivered,Ingredient import substitution: protein delivered by domestic or novel protein,106.84,kt protein,estimate,VN-direct,Low,demand_assumptions.csv; balance_outputs.csv,"What-if scenario result, not a forecast."
DMO-0493,D-STRETCH,2050,R1,R1_displaced,Ingredient import substitution: meat protein displaced,0.0,kt protein,estimate,VN-direct,Low,demand_assumptions.csv; balance_outputs.csv,"What-if scenario result, not a forecast."
DMO-0494,D-STRETCH,2050,R2,R2_chay_day_share,Chay days as a share of all person-days (assumption),0.0247,share of person-days,estimate,VN-direct,Low,demand_assumptions.csv; balance_outputs.csv,"What-if scenario result, not a forecast."
DMO-0495,D-STRETCH,2050,R2,R2_baseline_meat_avoided_kt,Meat protein already avoided by existing chay days (in the baseline),35.68,kt protein,estimate,VN-direct,Low,demand_assumptions.csv; balance_outputs.csv,"What-if scenario result, not a forecast."
DMO-0496,D-STRETCH,2050,R2,R2_delivered,Chay occasions: protein delivered by domestic or novel protein,8.32,kt protein,estimate,VN-direct,Low,demand_assumptions.csv; balance_outputs.csv,"What-if scenario result, not a forecast."
DMO-0497,D-STRETCH,2050,R2,R2_displaced,Chay occasions: meat protein displaced,9.99,kt protein,estimate,VN-direct,Low,demand_assumptions.csv; balance_outputs.csv,"What-if scenario result, not a forecast."
DMO-0498,D-STRETCH,2050,R3,R3_processed_meat_protein_kt,Protein in processed meat products,72.31,kt protein,estimate,VN-direct,Low,demand_assumptions.csv; balance_outputs.csv,"What-if scenario result, not a forecast."
DMO-0499,D-STRETCH,2050,R3,R3_delivered,Hybrid processed meat: protein delivered by domestic or novel protein,7.59,kt protein,estimate,VN-direct,Low,demand_assumptions.csv; balance_outputs.csv,"What-if scenario result, not a forecast."
DMO-0500,D-STRETCH,2050,R3,R3_displaced,Hybrid processed meat: meat protein displaced,6.83,kt protein,estimate,VN-direct,Low,demand_assumptions.csv; balance_outputs.csv,"What-if scenario result, not a forecast."
DMO-0501,D-STRETCH,2050,R4,R4_meal_protein_pool_kt,Protein in canteen and school protein dishes,48.81,kt protein,estimate,VN-direct,Low,demand_assumptions.csv; balance_outputs.csv,"What-if scenario result, not a forecast."
DMO-0502,D-STRETCH,2050,R4,R4_delivered,Institutional meals: protein delivered by domestic or novel protein,5.72,kt protein,estimate,VN-direct,Low,demand_assumptions.csv; balance_outputs.csv,"What-if scenario result, not a forecast."
DMO-0503,D-STRETCH,2050,R4,R4_displaced,Institutional meals: meat protein displaced,4.58,kt protein,estimate,VN-direct,Low,demand_assumptions.csv; balance_outputs.csv,"What-if scenario result, not a forecast."
DMO-0504,D-STRETCH,2050,R5,R5_urban_population_m,Urban population (trend assumption),58.35,million people,estimate,VN-direct,Low,demand_assumptions.csv; balance_outputs.csv,"What-if scenario result, not a forecast."
DMO-0505,D-STRETCH,2050,R5,R5_regular_buyers_m,Regular (monthly) buyers of modern analogues,5.84,million people,estimate,VN-direct,Low,demand_assumptions.csv; balance_outputs.csv,"What-if scenario result, not a forecast."
DMO-0506,D-STRETCH,2050,R5,R5_delivered,Household modern analogues: protein delivered by domestic or novel protein,2.63,kt protein,estimate,VN-direct,Low,demand_assumptions.csv; balance_outputs.csv,"What-if scenario result, not a forecast."
DMO-0507,D-STRETCH,2050,R5,R5_displaced,Household modern analogues: meat protein displaced,0.5252,kt protein,estimate,VN-direct,Low,demand_assumptions.csv; balance_outputs.csv,"What-if scenario result, not a forecast."
DMO-0508,D-STRETCH,2050,R6,R6_plant_milk_ml,Plant milk volume,2054.54,million litres,estimate,VN-direct,Low,demand_assumptions.csv; balance_outputs.csv,"What-if scenario result, not a forecast."
DMO-0509,D-STRETCH,2050,R6,R6_delivered,High-protein plant milks: protein delivered by domestic or novel protein,15.41,kt protein,estimate,VN-direct,Low,demand_assumptions.csv; balance_outputs.csv,"What-if scenario result, not a forecast."
DMO-0510,D-STRETCH,2050,R6,R6_displaced,High-protein plant milks: meat protein displaced,0.0,kt protein,estimate,VN-direct,Low,demand_assumptions.csv; balance_outputs.csv,"What-if scenario result, not a forecast."
DMO-0511,D-STRETCH,2050,R7,R7_delivered,Exports: protein delivered by domestic or novel protein,25.0,kt protein,estimate,VN-direct,Low,demand_assumptions.csv; balance_outputs.csv,"What-if scenario result, not a forecast."
DMO-0512,D-STRETCH,2050,R7,R7_displaced,Exports: meat protein displaced,0.0,kt protein,estimate,VN-direct,Low,demand_assumptions.csv; balance_outputs.csv,"What-if scenario result, not a forecast."
DMO-0513,D-STRETCH,2050,all,total_delivered,"Total protein delivered by domestic or novel protein, all routes",171.51,kt protein,estimate,VN-direct,Low,demand_assumptions.csv; balance_outputs.csv,"What-if scenario result, not a forecast."
DMO-0514,D-STRETCH,2050,all,domestic_delivered,Protein delivered in Vietnam (R1 to R6),146.51,kt protein,estimate,VN-direct,Low,demand_assumptions.csv; balance_outputs.csv,"What-if scenario result, not a forecast."
DMO-0515,D-STRETCH,2050,all,total_displaced,"Meat protein displaced, all routes",21.93,kt protein,estimate,VN-direct,Low,demand_assumptions.csv; balance_outputs.csv,"What-if scenario result, not a forecast."
DMO-0516,D-STRETCH,2050,all,displaced_share_of_meat_protein,Meat protein displaced as a share of meat protein demand,0.0152,share,estimate,VN-direct,Low,demand_assumptions.csv; balance_outputs.csv,"What-if scenario result, not a forecast."
DMO-0517,D-STRETCH,2050,context,salt_food_requirement_kt,Part IV S-ALT: meat protein replaced by plant-based and fermented foods,144.6,kt protein,estimate,VN-direct,Low,demand_assumptions.csv; balance_outputs.csv,"What-if scenario result, not a forecast."
DMO-0518,D-STRETCH,2050,context,salt_feed_microbial_kt,Part IV S-ALT: microbial protein in feed (for comparison),514.1,kt protein,estimate,VN-direct,Low,demand_assumptions.csv; balance_outputs.csv,"What-if scenario result, not a forecast."
DMO-0519,D-STRETCH,2050,context,salt_share,Part IV S-ALT share of meat protein replaced,0.1,share,estimate,VN-direct,Low,demand_assumptions.csv; balance_outputs.csv,"What-if scenario result, not a forecast."
DMO-0520,D-STRETCH,2050,all,ingredient_value_usd_m,Ingredient value of protein delivered (order of magnitude),514.52,USD million,estimate,VN-direct,Low,demand_assumptions.csv; balance_outputs.csv,"What-if scenario result, not a forecast."
DMO-0521,D-STRETCH,2050,all,ingredient_product_kt_r1_r4,Ingredient product for R1 to R4 at 60% protein,214.12,kt product,estimate,VN-direct,Low,demand_assumptions.csv; balance_outputs.csv,"What-if scenario result, not a forecast."
DMO-0522,D-STRETCH,2050,all,line_equivalents_r1_r4,Equivalent 1 t/h textured-protein lines for R1 to R4,30.59,lines,estimate,VN-direct,Low,demand_assumptions.csv; balance_outputs.csv,"What-if scenario result, not a forecast."
