record_id,item_id,item,funder_id,funder,fit,reason,source_ids,evidence_label,confidence,demand_evidence_type,notes
FFT-001,DMV-01,Chay-day question in a probability survey,F01,Nova Vista Foundation (Protein Innovation RFP),excluded,Measures a culture-change route (chay days); culture change and individual diet change are out of scope.,AFN-04; AFN-05; demand_moves.csv,general,Medium,stated,Funder's stated scope read against the item; 'stated' is the funder's stated priority (revealed evidence of what it will pay for).
FFT-002,DMV-02,"Declaration-level customs analysis (food vs feed, named buyers)",F01,Nova Vista Foundation (Protein Innovation RFP),partial,"Open data is in scope ('shared resources that lift the whole field'), but only as the evidence base for a procurement or market-commitment outcome.",AFN-04; AFN-05; demand_moves.csv,general,Medium,stated,Funder's stated scope read against the item; 'stated' is the funder's stated priority (revealed evidence of what it will pay for).
FFT-003,DMV-03,Vietnamese sensory and choice-test capacity,F01,Nova Vista Foundation (Protein Innovation RFP),outside remit,Not a policy or market-shaping outcome; research and product work are outside the RFP (direct R&D is excluded).,AFN-04; AFN-05; demand_moves.csv,general,Medium,stated,Funder's stated scope read against the item; 'stated' is the funder's stated priority (revealed evidence of what it will pay for).
FFT-004,DMV-04,Randomised label and name test,F01,Nova Vista Foundation (Protein Innovation RFP),partial,"Evidence for fair naming and labelling rules, which are in scope; the test itself is a milestone, not an outcome.",AFN-04; AFN-05; demand_moves.csv,general,Medium,stated,Funder's stated scope read against the item; 'stated' is the funder's stated priority (revealed evidence of what it will pay for).
FFT-005,DMV-05,Canteen trial with one large caterer (chay days or protein extender),F01,Nova Vista Foundation (Protein Innovation RFP),partial,"The extender arm could support public or corporate procurement of innovative protein; the chay-day arm is whole-food and diet change, both out of scope.",AFN-04; AFN-05; demand_moves.csv,general,Medium,stated,Funder's stated scope read against the item; 'stated' is the funder's stated priority (revealed evidence of what it will pay for).
FFT-006,DMV-06,In-store test of protein-upgraded chay in 20 minimarts,F01,Nova Vista Foundation (Protein Innovation RFP),outside remit,Not a policy or market-shaping outcome; research and product work are outside the RFP (direct R&D is excluded).,AFN-04; AFN-05; demand_moves.csv,general,Medium,stated,Funder's stated scope read against the item; 'stated' is the funder's stated priority (revealed evidence of what it will pay for).
FFT-007,DMV-07,Chay composition and authenticity survey,F01,Nova Vista Foundation (Protein Innovation RFP),outside remit,Not a policy or market-shaping outcome; research and product work are outside the RFP (direct R&D is excluded).,AFN-04; AFN-05; demand_moves.csv,general,Medium,stated,Funder's stated scope read against the item; 'stated' is the funder's stated priority (revealed evidence of what it will pay for).
FFT-008,DMV-08,Standing panel of research and procurement buyers,F01,Nova Vista Foundation (Protein Innovation RFP),partial,A buyer panel could underpin an advance market commitment or offtake pool; fits only if tied to such a commitment.,AFN-04; AFN-05; demand_moves.csv,general,Medium,stated,Funder's stated scope read against the item; 'stated' is the funder's stated priority (revealed evidence of what it will pay for).
FFT-009,DMV-09,Share of meat eaten as processed products,F01,Nova Vista Foundation (Protein Innovation RFP),outside remit,Not a policy or market-shaping outcome; research and product work are outside the RFP (direct R&D is excluded).,AFN-04; AFN-05; demand_moves.csv,general,Medium,stated,Funder's stated scope read against the item; 'stated' is the funder's stated priority (revealed evidence of what it will pay for).
FFT-010,DMV-10,Nha Trang hotel and menu audit,F01,Nova Vista Foundation (Protein Innovation RFP),partial,"Follow-through on Accor's 50% vegetarian or plant-based target is corporate-commitment work (in scope), but the target counts vegetarian dishes, mostly whole-food.",AFN-04; AFN-05; demand_moves.csv,general,Medium,stated,Funder's stated scope read against the item; 'stated' is the funder's stated priority (revealed evidence of what it will pay for).
FFT-011,DMV-11,Survey of EU and UK private-label and seafood buyers,F01,Nova Vista Foundation (Protein Innovation RFP),outside remit,Not a policy or market-shaping outcome; research and product work are outside the RFP (direct R&D is excluded).,AFN-04; AFN-05; demand_moves.csv,general,Medium,stated,Funder's stated scope read against the item; 'stated' is the funder's stated priority (revealed evidence of what it will pay for).
FFT-012,DMV-12,Feed carbon-footprint benchmark for shrimp and pangasius feed,F01,Nova Vista Foundation (Protein Innovation RFP),outside remit,Not a policy or market-shaping outcome; research and product work are outside the RFP (direct R&D is excluded).,AFN-04; AFN-05; demand_moves.csv,general,Medium,stated,Funder's stated scope read against the item; 'stated' is the funder's stated priority (revealed evidence of what it will pay for).
FFT-013,DMV-13,Define chay and vegetarian claims (TCVN 13625),F01,Nova Vista Foundation (Protein Innovation RFP),partial,Labelling rules are in scope; chay claims concern mostly traditional and whole-food products.,AFN-04; AFN-05; demand_moves.csv,general,Medium,stated,Funder's stated scope read against the item; 'stated' is the funder's stated priority (revealed evidence of what it will pay for).
FFT-014,DMV-14,Honest percentage labelling of blended meat,F01,Nova Vista Foundation (Protein Innovation RFP),partial,Labelling policy is in scope; blended meat is not among the named product classes.,AFN-04; AFN-05; demand_moves.csv,general,Medium,stated,Funder's stated scope read against the item; 'stated' is the funder's stated priority (revealed evidence of what it will pay for).
FFT-015,DMV-15,Neutral naming guidance avoiding nhan tao,F01,Nova Vista Foundation (Protein Innovation RFP),fits,Fair naming rules for novel foods; 'defending against unfair labelling rules' is in scope.,AFN-04; AFN-05; demand_moves.csv,general,Medium,stated,Funder's stated scope read against the item; 'stated' is the funder's stated priority (revealed evidence of what it will pay for).
FFT-016,DMV-16,GMO declaration status of purified precision-fermented proteins,F01,Nova Vista Foundation (Protein Innovation RFP),fits,"A regulatory pathway question for fermentation-derived protein, a named product class.",AFN-04; AFN-05; demand_moves.csv,general,Medium,stated,Funder's stated scope read against the item; 'stated' is the funder's stated priority (revealed evidence of what it will pay for).
FFT-017,DMV-17,Public-meal protein guidance on quality and cost; Dispatch 64 supplier documents,F01,Nova Vista Foundation (Protein Innovation RFP),partial,"Public procurement of innovative protein is the named priority; as written the move opens public meals to plant protein generally, including tofu and legumes (whole food). Recast as a procurement standard for innovative protein to fit.",AFN-04; AFN-05; demand_moves.csv,general,Medium,stated,Funder's stated scope read against the item; 'stated' is the funder's stated priority (revealed evidence of what it will pay for).
FFT-018,DMV-18,Eight-digit customs subheadings for plant proteins,F01,Nova Vista Foundation (Protein Innovation RFP),partial,"Open data is in scope ('shared resources that lift the whole field'), but only as the evidence base for a procurement or market-commitment outcome.",AFN-04; AFN-05; demand_moves.csv,general,Medium,stated,Funder's stated scope read against the item; 'stated' is the funder's stated priority (revealed evidence of what it will pay for).
FFT-019,DMV-19,"Use and protect EU, UK and Japanese tariff preferences",F01,Nova Vista Foundation (Protein Innovation RFP),outside remit,Not a policy or market-shaping outcome; research and product work are outside the RFP (direct R&D is excluded).,AFN-04; AFN-05; demand_moves.csv,general,Medium,stated,Funder's stated scope read against the item; 'stated' is the funder's stated priority (revealed evidence of what it will pay for).
FFT-020,TPP-01,Domestic textured soy or soy-gluten protein,F01,Nova Vista Foundation (Protein Innovation RFP),partial,"Textured soy is the base of plant-based meat; a procurement or offtake commitment could fit, but whether funders count it as 'innovative' is untested and direct investment is excluded.",AFN-04; AFN-05; target_product_profiles.csv,general,Medium,stated,Funder's stated scope read against the item; 'stated' is the funder's stated priority (revealed evidence of what it will pay for).
FFT-021,TPP-02,Higher-protein chay foods,F01,Nova Vista Foundation (Protein Innovation RFP),outside remit,Not a policy or market-shaping outcome; research and product work are outside the RFP (direct R&D is excluded).,AFN-04; AFN-05; target_product_profiles.csv,general,Medium,stated,Funder's stated scope read against the item; 'stated' is the funder's stated priority (revealed evidence of what it will pay for).
FFT-022,TPP-03,Hybrid extender for processed meat,F01,Nova Vista Foundation (Protein Innovation RFP),partial,Blends are not a named class; could enter through processors' protein-ratio commitments.,AFN-04; AFN-05; target_product_profiles.csv,general,Medium,stated,Funder's stated scope read against the item; 'stated' is the funder's stated priority (revealed evidence of what it will pay for).
FFT-023,TPP-04,Canteen protein ingredient and dish base,F01,Nova Vista Foundation (Protein Innovation RFP),fits,The product a public or corporate procurement commitment would buy; both levers are named priorities.,AFN-04; AFN-05; target_product_profiles.csv,general,Medium,stated,Funder's stated scope read against the item; 'stated' is the funder's stated priority (revealed evidence of what it will pay for).
FFT-024,TPP-05,Rice or mung bean isolate for plant milks,F01,Nova Vista Foundation (Protein Innovation RFP),partial,Dairy alternatives are in scope for policy and market shaping; product development is direct R&D and excluded.,AFN-04; AFN-05; target_product_profiles.csv,general,Medium,stated,Funder's stated scope read against the item; 'stated' is the funder's stated priority (revealed evidence of what it will pay for).
FFT-025,TPP-06,Fungal biomass functional ingredient,F01,Nova Vista Foundation (Protein Innovation RFP),partial,"Fermentation-derived protein is a named class; rules and procurement fit, product development does not.",AFN-04; AFN-05; target_product_profiles.csv,general,Medium,stated,Funder's stated scope read against the item; 'stated' is the funder's stated priority (revealed evidence of what it will pay for).
FFT-026,TPP-07,Precision-fermented specialty protein,F01,Nova Vista Foundation (Protein Innovation RFP),fits,The GMO-labelling and novel-food pathway (DMV-16) is exactly the policy work in scope.,AFN-04; AFN-05; target_product_profiles.csv,general,Medium,stated,Funder's stated scope read against the item; 'stated' is the funder's stated priority (revealed evidence of what it will pay for).
FFT-027,TPP-08,"Export private-label plant foods (EU, UK)",F01,Nova Vista Foundation (Protein Innovation RFP),outside remit,Not a policy or market-shaping outcome; research and product work are outside the RFP (direct R&D is excluded).,AFN-04; AFN-05; target_product_profiles.csv,general,Medium,stated,Funder's stated scope read against the item; 'stated' is the funder's stated priority (revealed evidence of what it will pay for).
FFT-028,TPP-09,Diaspora protein-upgraded chay,F01,Nova Vista Foundation (Protein Innovation RFP),outside remit,Not a policy or market-shaping outcome; research and product work are outside the RFP (direct R&D is excluded).,AFN-04; AFN-05; target_product_profiles.csv,general,Medium,stated,Funder's stated scope read against the item; 'stated' is the funder's stated priority (revealed evidence of what it will pay for).
FFT-029,TPP-10,Cultivated meat or seafood,F01,Nova Vista Foundation (Protein Innovation RFP),partial,"Cultivated meat is a named class and pathway work fits, but Part III finds no domestic demand before the mid-2030s.",AFN-04; AFN-05; target_product_profiles.csv,general,Medium,stated,Funder's stated scope read against the item; 'stated' is the funder's stated priority (revealed evidence of what it will pay for).
FFT-030,DMV-01,Chay-day question in a probability survey,F02,Coefficient Giving (Alternative Protein R&D RFP),outside remit,"The RFP funds ingredient R&D on taste and price, not measurement, menus or policy.",AFN-01; AFN-02; AFN-03; demand_moves.csv,general,Medium,stated,Funder's stated scope read against the item; 'stated' is the funder's stated priority (revealed evidence of what it will pay for).
FFT-031,DMV-02,"Declaration-level customs analysis (food vs feed, named buyers)",F02,Coefficient Giving (Alternative Protein R&D RFP),outside remit,"The RFP funds ingredient R&D on taste and price, not measurement, menus or policy.",AFN-01; AFN-02; AFN-03; demand_moves.csv,general,Medium,stated,Funder's stated scope read against the item; 'stated' is the funder's stated priority (revealed evidence of what it will pay for).
FFT-032,DMV-03,Vietnamese sensory and choice-test capacity,F02,Coefficient Giving (Alternative Protein R&D RFP),partial,"Sensory tests in Vietnamese dishes could be the 'pathway to industry uptake' inside an R&D grant, not a stand-alone grant.",AFN-01; AFN-02; AFN-03; demand_moves.csv,general,Medium,stated,Funder's stated scope read against the item; 'stated' is the funder's stated priority (revealed evidence of what it will pay for).
FFT-033,DMV-04,Randomised label and name test,F02,Coefficient Giving (Alternative Protein R&D RFP),outside remit,"The RFP funds ingredient R&D on taste and price, not measurement, menus or policy.",AFN-01; AFN-02; AFN-03; demand_moves.csv,general,Medium,stated,Funder's stated scope read against the item; 'stated' is the funder's stated priority (revealed evidence of what it will pay for).
FFT-034,DMV-05,Canteen trial with one large caterer (chay days or protein extender),F02,Coefficient Giving (Alternative Protein R&D RFP),outside remit,"The RFP funds ingredient R&D on taste and price, not measurement, menus or policy.",AFN-01; AFN-02; AFN-03; demand_moves.csv,general,Medium,stated,Funder's stated scope read against the item; 'stated' is the funder's stated priority (revealed evidence of what it will pay for).
FFT-035,DMV-06,In-store test of protein-upgraded chay in 20 minimarts,F02,Coefficient Giving (Alternative Protein R&D RFP),outside remit,"The RFP funds ingredient R&D on taste and price, not measurement, menus or policy.",AFN-01; AFN-02; AFN-03; demand_moves.csv,general,Medium,stated,Funder's stated scope read against the item; 'stated' is the funder's stated priority (revealed evidence of what it will pay for).
FFT-036,DMV-07,Chay composition and authenticity survey,F02,Coefficient Giving (Alternative Protein R&D RFP),outside remit,"The RFP funds ingredient R&D on taste and price, not measurement, menus or policy.",AFN-01; AFN-02; AFN-03; demand_moves.csv,general,Medium,stated,Funder's stated scope read against the item; 'stated' is the funder's stated priority (revealed evidence of what it will pay for).
FFT-037,DMV-08,Standing panel of research and procurement buyers,F02,Coefficient Giving (Alternative Protein R&D RFP),partial,Named buyers and qualification times are the uptake evidence applicants must show.,AFN-01; AFN-02; AFN-03; demand_moves.csv,general,Medium,stated,Funder's stated scope read against the item; 'stated' is the funder's stated priority (revealed evidence of what it will pay for).
FFT-038,DMV-09,Share of meat eaten as processed products,F02,Coefficient Giving (Alternative Protein R&D RFP),outside remit,"The RFP funds ingredient R&D on taste and price, not measurement, menus or policy.",AFN-01; AFN-02; AFN-03; demand_moves.csv,general,Medium,stated,Funder's stated scope read against the item; 'stated' is the funder's stated priority (revealed evidence of what it will pay for).
FFT-039,DMV-10,Nha Trang hotel and menu audit,F02,Coefficient Giving (Alternative Protein R&D RFP),outside remit,"The RFP funds ingredient R&D on taste and price, not measurement, menus or policy.",AFN-01; AFN-02; AFN-03; demand_moves.csv,general,Medium,stated,Funder's stated scope read against the item; 'stated' is the funder's stated priority (revealed evidence of what it will pay for).
FFT-040,DMV-11,Survey of EU and UK private-label and seafood buyers,F02,Coefficient Giving (Alternative Protein R&D RFP),outside remit,"The RFP funds ingredient R&D on taste and price, not measurement, menus or policy.",AFN-01; AFN-02; AFN-03; demand_moves.csv,general,Medium,stated,Funder's stated scope read against the item; 'stated' is the funder's stated priority (revealed evidence of what it will pay for).
FFT-041,DMV-12,Feed carbon-footprint benchmark for shrimp and pangasius feed,F02,Coefficient Giving (Alternative Protein R&D RFP),outside remit,"The RFP funds ingredient R&D on taste and price, not measurement, menus or policy.",AFN-01; AFN-02; AFN-03; demand_moves.csv,general,Medium,stated,Funder's stated scope read against the item; 'stated' is the funder's stated priority (revealed evidence of what it will pay for).
FFT-042,DMV-13,Define chay and vegetarian claims (TCVN 13625),F02,Coefficient Giving (Alternative Protein R&D RFP),outside remit,"The RFP funds ingredient R&D on taste and price, not measurement, menus or policy.",AFN-01; AFN-02; AFN-03; demand_moves.csv,general,Medium,stated,Funder's stated scope read against the item; 'stated' is the funder's stated priority (revealed evidence of what it will pay for).
FFT-043,DMV-14,Honest percentage labelling of blended meat,F02,Coefficient Giving (Alternative Protein R&D RFP),outside remit,"The RFP funds ingredient R&D on taste and price, not measurement, menus or policy.",AFN-01; AFN-02; AFN-03; demand_moves.csv,general,Medium,stated,Funder's stated scope read against the item; 'stated' is the funder's stated priority (revealed evidence of what it will pay for).
FFT-044,DMV-15,Neutral naming guidance avoiding nhan tao,F02,Coefficient Giving (Alternative Protein R&D RFP),outside remit,"The RFP funds ingredient R&D on taste and price, not measurement, menus or policy.",AFN-01; AFN-02; AFN-03; demand_moves.csv,general,Medium,stated,Funder's stated scope read against the item; 'stated' is the funder's stated priority (revealed evidence of what it will pay for).
FFT-045,DMV-16,GMO declaration status of purified precision-fermented proteins,F02,Coefficient Giving (Alternative Protein R&D RFP),outside remit,"The RFP funds ingredient R&D on taste and price, not measurement, menus or policy.",AFN-01; AFN-02; AFN-03; demand_moves.csv,general,Medium,stated,Funder's stated scope read against the item; 'stated' is the funder's stated priority (revealed evidence of what it will pay for).
FFT-046,DMV-17,Public-meal protein guidance on quality and cost; Dispatch 64 supplier documents,F02,Coefficient Giving (Alternative Protein R&D RFP),outside remit,"The RFP funds ingredient R&D on taste and price, not measurement, menus or policy.",AFN-01; AFN-02; AFN-03; demand_moves.csv,general,Medium,stated,Funder's stated scope read against the item; 'stated' is the funder's stated priority (revealed evidence of what it will pay for).
FFT-047,DMV-18,Eight-digit customs subheadings for plant proteins,F02,Coefficient Giving (Alternative Protein R&D RFP),outside remit,"The RFP funds ingredient R&D on taste and price, not measurement, menus or policy.",AFN-01; AFN-02; AFN-03; demand_moves.csv,general,Medium,stated,Funder's stated scope read against the item; 'stated' is the funder's stated priority (revealed evidence of what it will pay for).
FFT-048,DMV-19,"Use and protect EU, UK and Japanese tariff preferences",F02,Coefficient Giving (Alternative Protein R&D RFP),outside remit,"The RFP funds ingredient R&D on taste and price, not measurement, menus or policy.",AFN-01; AFN-02; AFN-03; demand_moves.csv,general,Medium,stated,Funder's stated scope read against the item; 'stated' is the funder's stated priority (revealed evidence of what it will pay for).
FFT-049,TPP-01,Domestic textured soy or soy-gluten protein,F02,Coefficient Giving (Alternative Protein R&D RFP),partial,Fits only where framed as off-flavour reduction or fat alternatives.,AFN-01; AFN-02; AFN-03; target_product_profiles.csv,general,Medium,stated,Funder's stated scope read against the item; 'stated' is the funder's stated priority (revealed evidence of what it will pay for).
FFT-050,TPP-02,Higher-protein chay foods,F02,Coefficient Giving (Alternative Protein R&D RFP),outside remit,"The RFP funds ingredient R&D on taste and price, not measurement, menus or policy.",AFN-01; AFN-02; AFN-03; target_product_profiles.csv,general,Medium,stated,Funder's stated scope read against the item; 'stated' is the funder's stated priority (revealed evidence of what it will pay for).
FFT-051,TPP-03,Hybrid extender for processed meat,F02,Coefficient Giving (Alternative Protein R&D RFP),partial,Fits only where framed as off-flavour reduction or fat alternatives.,AFN-01; AFN-02; AFN-03; target_product_profiles.csv,general,Medium,stated,Funder's stated scope read against the item; 'stated' is the funder's stated priority (revealed evidence of what it will pay for).
FFT-052,TPP-04,Canteen protein ingredient and dish base,F02,Coefficient Giving (Alternative Protein R&D RFP),outside remit,"The RFP funds ingredient R&D on taste and price, not measurement, menus or policy.",AFN-01; AFN-02; AFN-03; target_product_profiles.csv,general,Medium,stated,Funder's stated scope read against the item; 'stated' is the funder's stated priority (revealed evidence of what it will pay for).
FFT-053,TPP-05,Rice or mung bean isolate for plant milks,F02,Coefficient Giving (Alternative Protein R&D RFP),fits,Off-flavour reduction and functionality of plant and fungal proteins are named topics (round closed; decisions by 31 Dec 2026).,AFN-01; AFN-02; AFN-03; target_product_profiles.csv,general,Medium,stated,Funder's stated scope read against the item; 'stated' is the funder's stated priority (revealed evidence of what it will pay for).
FFT-054,TPP-06,Fungal biomass functional ingredient,F02,Coefficient Giving (Alternative Protein R&D RFP),fits,Off-flavour reduction and functionality of plant and fungal proteins are named topics (round closed; decisions by 31 Dec 2026).,AFN-01; AFN-02; AFN-03; target_product_profiles.csv,general,Medium,stated,Funder's stated scope read against the item; 'stated' is the funder's stated priority (revealed evidence of what it will pay for).
FFT-055,TPP-07,Precision-fermented specialty protein,F02,Coefficient Giving (Alternative Protein R&D RFP),partial,Egg replacement is a named topic; specialty dairy proteins are not.,AFN-01; AFN-02; AFN-03; target_product_profiles.csv,general,Medium,stated,Funder's stated scope read against the item; 'stated' is the funder's stated priority (revealed evidence of what it will pay for).
FFT-056,TPP-08,"Export private-label plant foods (EU, UK)",F02,Coefficient Giving (Alternative Protein R&D RFP),partial,"Fish-flavour characterisation of catfish and tilapia is a named topic, but Part III finds plant-based seafood the weakest export bet.",AFN-01; AFN-02; AFN-03; target_product_profiles.csv,general,Medium,stated,Funder's stated scope read against the item; 'stated' is the funder's stated priority (revealed evidence of what it will pay for).
FFT-057,TPP-09,Diaspora protein-upgraded chay,F02,Coefficient Giving (Alternative Protein R&D RFP),outside remit,"The RFP funds ingredient R&D on taste and price, not measurement, menus or policy.",AFN-01; AFN-02; AFN-03; target_product_profiles.csv,general,Medium,stated,Funder's stated scope read against the item; 'stated' is the funder's stated priority (revealed evidence of what it will pay for).
FFT-058,TPP-10,Cultivated meat or seafood,F02,Coefficient Giving (Alternative Protein R&D RFP),outside remit,"The RFP funds ingredient R&D on taste and price, not measurement, menus or policy.",AFN-01; AFN-02; AFN-03; target_product_profiles.csv,general,Medium,stated,Funder's stated scope read against the item; 'stated' is the funder's stated priority (revealed evidence of what it will pay for).
FFT-059,DMV-01,Chay-day question in a probability survey,F03,Good Food Institute (Research Grant Program),outside remit,Not an open-access supply-side research topic; programme closed with no reopening date.,AFN-08; AFN-09; demand_moves.csv,general,Medium,stated,Funder's stated scope read against the item; 'stated' is the funder's stated priority (revealed evidence of what it will pay for).
FFT-060,DMV-02,"Declaration-level customs analysis (food vs feed, named buyers)",F03,Good Food Institute (Research Grant Program),outside remit,Not an open-access supply-side research topic; programme closed with no reopening date.,AFN-08; AFN-09; demand_moves.csv,general,Medium,stated,Funder's stated scope read against the item; 'stated' is the funder's stated priority (revealed evidence of what it will pay for).
FFT-061,DMV-03,Vietnamese sensory and choice-test capacity,F03,Good Food Institute (Research Grant Program),partial,Organoleptic research is a priority; a Vietnamese sensory platform fits only inside an open-access research project.,AFN-08; AFN-09; demand_moves.csv,general,Medium,stated,Funder's stated scope read against the item; 'stated' is the funder's stated priority (revealed evidence of what it will pay for).
FFT-062,DMV-04,Randomised label and name test,F03,Good Food Institute (Research Grant Program),outside remit,Not an open-access supply-side research topic; programme closed with no reopening date.,AFN-08; AFN-09; demand_moves.csv,general,Medium,stated,Funder's stated scope read against the item; 'stated' is the funder's stated priority (revealed evidence of what it will pay for).
FFT-063,DMV-05,Canteen trial with one large caterer (chay days or protein extender),F03,Good Food Institute (Research Grant Program),outside remit,Not an open-access supply-side research topic; programme closed with no reopening date.,AFN-08; AFN-09; demand_moves.csv,general,Medium,stated,Funder's stated scope read against the item; 'stated' is the funder's stated priority (revealed evidence of what it will pay for).
FFT-064,DMV-06,In-store test of protein-upgraded chay in 20 minimarts,F03,Good Food Institute (Research Grant Program),outside remit,Not an open-access supply-side research topic; programme closed with no reopening date.,AFN-08; AFN-09; demand_moves.csv,general,Medium,stated,Funder's stated scope read against the item; 'stated' is the funder's stated priority (revealed evidence of what it will pay for).
FFT-065,DMV-07,Chay composition and authenticity survey,F03,Good Food Institute (Research Grant Program),outside remit,Not an open-access supply-side research topic; programme closed with no reopening date.,AFN-08; AFN-09; demand_moves.csv,general,Medium,stated,Funder's stated scope read against the item; 'stated' is the funder's stated priority (revealed evidence of what it will pay for).
FFT-066,DMV-08,Standing panel of research and procurement buyers,F03,Good Food Institute (Research Grant Program),outside remit,Not an open-access supply-side research topic; programme closed with no reopening date.,AFN-08; AFN-09; demand_moves.csv,general,Medium,stated,Funder's stated scope read against the item; 'stated' is the funder's stated priority (revealed evidence of what it will pay for).
FFT-067,DMV-09,Share of meat eaten as processed products,F03,Good Food Institute (Research Grant Program),outside remit,Not an open-access supply-side research topic; programme closed with no reopening date.,AFN-08; AFN-09; demand_moves.csv,general,Medium,stated,Funder's stated scope read against the item; 'stated' is the funder's stated priority (revealed evidence of what it will pay for).
FFT-068,DMV-10,Nha Trang hotel and menu audit,F03,Good Food Institute (Research Grant Program),outside remit,Not an open-access supply-side research topic; programme closed with no reopening date.,AFN-08; AFN-09; demand_moves.csv,general,Medium,stated,Funder's stated scope read against the item; 'stated' is the funder's stated priority (revealed evidence of what it will pay for).
FFT-069,DMV-11,Survey of EU and UK private-label and seafood buyers,F03,Good Food Institute (Research Grant Program),outside remit,Not an open-access supply-side research topic; programme closed with no reopening date.,AFN-08; AFN-09; demand_moves.csv,general,Medium,stated,Funder's stated scope read against the item; 'stated' is the funder's stated priority (revealed evidence of what it will pay for).
FFT-070,DMV-12,Feed carbon-footprint benchmark for shrimp and pangasius feed,F03,Good Food Institute (Research Grant Program),outside remit,Not an open-access supply-side research topic; programme closed with no reopening date.,AFN-08; AFN-09; demand_moves.csv,general,Medium,stated,Funder's stated scope read against the item; 'stated' is the funder's stated priority (revealed evidence of what it will pay for).
FFT-071,DMV-13,Define chay and vegetarian claims (TCVN 13625),F03,Good Food Institute (Research Grant Program),outside remit,Not an open-access supply-side research topic; programme closed with no reopening date.,AFN-08; AFN-09; demand_moves.csv,general,Medium,stated,Funder's stated scope read against the item; 'stated' is the funder's stated priority (revealed evidence of what it will pay for).
FFT-072,DMV-14,Honest percentage labelling of blended meat,F03,Good Food Institute (Research Grant Program),outside remit,Not an open-access supply-side research topic; programme closed with no reopening date.,AFN-08; AFN-09; demand_moves.csv,general,Medium,stated,Funder's stated scope read against the item; 'stated' is the funder's stated priority (revealed evidence of what it will pay for).
FFT-073,DMV-15,Neutral naming guidance avoiding nhan tao,F03,Good Food Institute (Research Grant Program),outside remit,Not an open-access supply-side research topic; programme closed with no reopening date.,AFN-08; AFN-09; demand_moves.csv,general,Medium,stated,Funder's stated scope read against the item; 'stated' is the funder's stated priority (revealed evidence of what it will pay for).
FFT-074,DMV-16,GMO declaration status of purified precision-fermented proteins,F03,Good Food Institute (Research Grant Program),outside remit,Not an open-access supply-side research topic; programme closed with no reopening date.,AFN-08; AFN-09; demand_moves.csv,general,Medium,stated,Funder's stated scope read against the item; 'stated' is the funder's stated priority (revealed evidence of what it will pay for).
FFT-075,DMV-17,Public-meal protein guidance on quality and cost; Dispatch 64 supplier documents,F03,Good Food Institute (Research Grant Program),outside remit,Not an open-access supply-side research topic; programme closed with no reopening date.,AFN-08; AFN-09; demand_moves.csv,general,Medium,stated,Funder's stated scope read against the item; 'stated' is the funder's stated priority (revealed evidence of what it will pay for).
FFT-076,DMV-18,Eight-digit customs subheadings for plant proteins,F03,Good Food Institute (Research Grant Program),outside remit,Not an open-access supply-side research topic; programme closed with no reopening date.,AFN-08; AFN-09; demand_moves.csv,general,Medium,stated,Funder's stated scope read against the item; 'stated' is the funder's stated priority (revealed evidence of what it will pay for).
FFT-077,DMV-19,"Use and protect EU, UK and Japanese tariff preferences",F03,Good Food Institute (Research Grant Program),outside remit,Not an open-access supply-side research topic; programme closed with no reopening date.,AFN-08; AFN-09; demand_moves.csv,general,Medium,stated,Funder's stated scope read against the item; 'stated' is the funder's stated priority (revealed evidence of what it will pay for).
FFT-078,TPP-01,Domestic textured soy or soy-gluten protein,F03,Good Food Institute (Research Grant Program),partial,"Cost, scale-up and functionality research fits in principle; programme closed with no reopening date.",AFN-08; AFN-09; target_product_profiles.csv,general,Medium,stated,Funder's stated scope read against the item; 'stated' is the funder's stated priority (revealed evidence of what it will pay for).
FFT-079,TPP-02,Higher-protein chay foods,F03,Good Food Institute (Research Grant Program),outside remit,Not an open-access supply-side research topic; programme closed with no reopening date.,AFN-08; AFN-09; target_product_profiles.csv,general,Medium,stated,Funder's stated scope read against the item; 'stated' is the funder's stated priority (revealed evidence of what it will pay for).
FFT-080,TPP-03,Hybrid extender for processed meat,F03,Good Food Institute (Research Grant Program),partial,"Cost, scale-up and functionality research fits in principle; programme closed with no reopening date.",AFN-08; AFN-09; target_product_profiles.csv,general,Medium,stated,Funder's stated scope read against the item; 'stated' is the funder's stated priority (revealed evidence of what it will pay for).
FFT-081,TPP-04,Canteen protein ingredient and dish base,F03,Good Food Institute (Research Grant Program),outside remit,Not an open-access supply-side research topic; programme closed with no reopening date.,AFN-08; AFN-09; target_product_profiles.csv,general,Medium,stated,Funder's stated scope read against the item; 'stated' is the funder's stated priority (revealed evidence of what it will pay for).
FFT-082,TPP-05,Rice or mung bean isolate for plant milks,F03,Good Food Institute (Research Grant Program),fits,Plant-protein functionality and fermentation-derived functionality are core priorities (2025 round); programme now closed.,AFN-08; AFN-09; target_product_profiles.csv,general,Medium,stated,Funder's stated scope read against the item; 'stated' is the funder's stated priority (revealed evidence of what it will pay for).
FFT-083,TPP-06,Fungal biomass functional ingredient,F03,Good Food Institute (Research Grant Program),fits,Plant-protein functionality and fermentation-derived functionality are core priorities (2025 round); programme now closed.,AFN-08; AFN-09; target_product_profiles.csv,general,Medium,stated,Funder's stated scope read against the item; 'stated' is the funder's stated priority (revealed evidence of what it will pay for).
FFT-084,TPP-07,Precision-fermented specialty protein,F03,Good Food Institute (Research Grant Program),partial,"Cost, scale-up and functionality research fits in principle; programme closed with no reopening date.",AFN-08; AFN-09; target_product_profiles.csv,general,Medium,stated,Funder's stated scope read against the item; 'stated' is the funder's stated priority (revealed evidence of what it will pay for).
FFT-085,TPP-08,"Export private-label plant foods (EU, UK)",F03,Good Food Institute (Research Grant Program),outside remit,Not an open-access supply-side research topic; programme closed with no reopening date.,AFN-08; AFN-09; target_product_profiles.csv,general,Medium,stated,Funder's stated scope read against the item; 'stated' is the funder's stated priority (revealed evidence of what it will pay for).
FFT-086,TPP-09,Diaspora protein-upgraded chay,F03,Good Food Institute (Research Grant Program),outside remit,Not an open-access supply-side research topic; programme closed with no reopening date.,AFN-08; AFN-09; target_product_profiles.csv,general,Medium,stated,Funder's stated scope read against the item; 'stated' is the funder's stated priority (revealed evidence of what it will pay for).
FFT-087,TPP-10,Cultivated meat or seafood,F03,Good Food Institute (Research Grant Program),fits,Cell-line research funded in 2025; programme now closed.,AFN-08; AFN-09; target_product_profiles.csv,general,Medium,stated,Funder's stated scope read against the item; 'stated' is the funder's stated priority (revealed evidence of what it will pay for).
FFT-088,DMV-01,Chay-day question in a probability survey,F04,Bezos Centre for Sustainable Protein at NUS (Bezos Earth Fund),outside remit,A research centre and startup prize; not a funder of Vietnamese policy or market measurement.,AFN-15; AFN-16; AFN-17; demand_moves.csv,VN-adjacent,Medium,stated,Funder's stated scope read against the item; 'stated' is the funder's stated priority (revealed evidence of what it will pay for).
FFT-089,DMV-02,"Declaration-level customs analysis (food vs feed, named buyers)",F04,Bezos Centre for Sustainable Protein at NUS (Bezos Earth Fund),outside remit,A research centre and startup prize; not a funder of Vietnamese policy or market measurement.,AFN-15; AFN-16; AFN-17; demand_moves.csv,VN-adjacent,Medium,stated,Funder's stated scope read against the item; 'stated' is the funder's stated priority (revealed evidence of what it will pay for).
FFT-090,DMV-03,Vietnamese sensory and choice-test capacity,F04,Bezos Centre for Sustainable Protein at NUS (Bezos Earth Fund),fits,Consumer acceptance is one of its research platforms; co-run tests in Vietnamese formats with a Vietnamese institute.,AFN-15; AFN-16; AFN-17; demand_moves.csv,VN-adjacent,Medium,stated,Funder's stated scope read against the item; 'stated' is the funder's stated priority (revealed evidence of what it will pay for).
FFT-091,DMV-04,Randomised label and name test,F04,Bezos Centre for Sustainable Protein at NUS (Bezos Earth Fund),fits,Consumer acceptance is one of its research platforms; co-run tests in Vietnamese formats with a Vietnamese institute.,AFN-15; AFN-16; AFN-17; demand_moves.csv,VN-adjacent,Medium,stated,Funder's stated scope read against the item; 'stated' is the funder's stated priority (revealed evidence of what it will pay for).
FFT-092,DMV-05,Canteen trial with one large caterer (chay days or protein extender),F04,Bezos Centre for Sustainable Protein at NUS (Bezos Earth Fund),partial,Hybrid acceptance and nutrition in Asian populations fit as research; a menu programme does not.,AFN-15; AFN-16; AFN-17; demand_moves.csv,VN-adjacent,Medium,stated,Funder's stated scope read against the item; 'stated' is the funder's stated priority (revealed evidence of what it will pay for).
FFT-093,DMV-06,In-store test of protein-upgraded chay in 20 minimarts,F04,Bezos Centre for Sustainable Protein at NUS (Bezos Earth Fund),outside remit,A research centre and startup prize; not a funder of Vietnamese policy or market measurement.,AFN-15; AFN-16; AFN-17; demand_moves.csv,VN-adjacent,Medium,stated,Funder's stated scope read against the item; 'stated' is the funder's stated priority (revealed evidence of what it will pay for).
FFT-094,DMV-07,Chay composition and authenticity survey,F04,Bezos Centre for Sustainable Protein at NUS (Bezos Earth Fund),partial,Safety and nutrition platforms are adjacent to chay composition work.,AFN-15; AFN-16; AFN-17; demand_moves.csv,VN-adjacent,Medium,stated,Funder's stated scope read against the item; 'stated' is the funder's stated priority (revealed evidence of what it will pay for).
FFT-095,DMV-08,Standing panel of research and procurement buyers,F04,Bezos Centre for Sustainable Protein at NUS (Bezos Earth Fund),outside remit,A research centre and startup prize; not a funder of Vietnamese policy or market measurement.,AFN-15; AFN-16; AFN-17; demand_moves.csv,VN-adjacent,Medium,stated,Funder's stated scope read against the item; 'stated' is the funder's stated priority (revealed evidence of what it will pay for).
FFT-096,DMV-09,Share of meat eaten as processed products,F04,Bezos Centre for Sustainable Protein at NUS (Bezos Earth Fund),outside remit,A research centre and startup prize; not a funder of Vietnamese policy or market measurement.,AFN-15; AFN-16; AFN-17; demand_moves.csv,VN-adjacent,Medium,stated,Funder's stated scope read against the item; 'stated' is the funder's stated priority (revealed evidence of what it will pay for).
FFT-097,DMV-10,Nha Trang hotel and menu audit,F04,Bezos Centre for Sustainable Protein at NUS (Bezos Earth Fund),outside remit,A research centre and startup prize; not a funder of Vietnamese policy or market measurement.,AFN-15; AFN-16; AFN-17; demand_moves.csv,VN-adjacent,Medium,stated,Funder's stated scope read against the item; 'stated' is the funder's stated priority (revealed evidence of what it will pay for).
FFT-098,DMV-11,Survey of EU and UK private-label and seafood buyers,F04,Bezos Centre for Sustainable Protein at NUS (Bezos Earth Fund),outside remit,A research centre and startup prize; not a funder of Vietnamese policy or market measurement.,AFN-15; AFN-16; AFN-17; demand_moves.csv,VN-adjacent,Medium,stated,Funder's stated scope read against the item; 'stated' is the funder's stated priority (revealed evidence of what it will pay for).
FFT-099,DMV-12,Feed carbon-footprint benchmark for shrimp and pangasius feed,F04,Bezos Centre for Sustainable Protein at NUS (Bezos Earth Fund),outside remit,A research centre and startup prize; not a funder of Vietnamese policy or market measurement.,AFN-15; AFN-16; AFN-17; demand_moves.csv,VN-adjacent,Medium,stated,Funder's stated scope read against the item; 'stated' is the funder's stated priority (revealed evidence of what it will pay for).
FFT-100,DMV-13,Define chay and vegetarian claims (TCVN 13625),F04,Bezos Centre for Sustainable Protein at NUS (Bezos Earth Fund),outside remit,A research centre and startup prize; not a funder of Vietnamese policy or market measurement.,AFN-15; AFN-16; AFN-17; demand_moves.csv,VN-adjacent,Medium,stated,Funder's stated scope read against the item; 'stated' is the funder's stated priority (revealed evidence of what it will pay for).
FFT-101,DMV-14,Honest percentage labelling of blended meat,F04,Bezos Centre for Sustainable Protein at NUS (Bezos Earth Fund),outside remit,A research centre and startup prize; not a funder of Vietnamese policy or market measurement.,AFN-15; AFN-16; AFN-17; demand_moves.csv,VN-adjacent,Medium,stated,Funder's stated scope read against the item; 'stated' is the funder's stated priority (revealed evidence of what it will pay for).
FFT-102,DMV-15,Neutral naming guidance avoiding nhan tao,F04,Bezos Centre for Sustainable Protein at NUS (Bezos Earth Fund),outside remit,A research centre and startup prize; not a funder of Vietnamese policy or market measurement.,AFN-15; AFN-16; AFN-17; demand_moves.csv,VN-adjacent,Medium,stated,Funder's stated scope read against the item; 'stated' is the funder's stated priority (revealed evidence of what it will pay for).
FFT-103,DMV-16,GMO declaration status of purified precision-fermented proteins,F04,Bezos Centre for Sustainable Protein at NUS (Bezos Earth Fund),outside remit,A research centre and startup prize; not a funder of Vietnamese policy or market measurement.,AFN-15; AFN-16; AFN-17; demand_moves.csv,VN-adjacent,Medium,stated,Funder's stated scope read against the item; 'stated' is the funder's stated priority (revealed evidence of what it will pay for).
FFT-104,DMV-17,Public-meal protein guidance on quality and cost; Dispatch 64 supplier documents,F04,Bezos Centre for Sustainable Protein at NUS (Bezos Earth Fund),partial,Protein-quality evidence for Asian populations could support a protein-quality basis for public meals.,AFN-15; AFN-16; AFN-17; demand_moves.csv,VN-adjacent,Medium,stated,Funder's stated scope read against the item; 'stated' is the funder's stated priority (revealed evidence of what it will pay for).
FFT-105,DMV-18,Eight-digit customs subheadings for plant proteins,F04,Bezos Centre for Sustainable Protein at NUS (Bezos Earth Fund),outside remit,A research centre and startup prize; not a funder of Vietnamese policy or market measurement.,AFN-15; AFN-16; AFN-17; demand_moves.csv,VN-adjacent,Medium,stated,Funder's stated scope read against the item; 'stated' is the funder's stated priority (revealed evidence of what it will pay for).
FFT-106,DMV-19,"Use and protect EU, UK and Japanese tariff preferences",F04,Bezos Centre for Sustainable Protein at NUS (Bezos Earth Fund),outside remit,A research centre and startup prize; not a funder of Vietnamese policy or market measurement.,AFN-15; AFN-16; AFN-17; demand_moves.csv,VN-adjacent,Medium,stated,Funder's stated scope read against the item; 'stated' is the funder's stated priority (revealed evidence of what it will pay for).
FFT-107,TPP-01,Domestic textured soy or soy-gluten protein,F04,Bezos Centre for Sustainable Protein at NUS (Bezos Earth Fund),partial,"Plant and fermentation proteins are research areas (a tofu by-product project exists); product scale-up is for the prize, which needs TRL 7 to 9 and no Vietnamese candidate was found.",AFN-15; AFN-16; AFN-17; target_product_profiles.csv,VN-adjacent,Medium,stated,Funder's stated scope read against the item; 'stated' is the funder's stated priority (revealed evidence of what it will pay for).
FFT-108,TPP-02,Higher-protein chay foods,F04,Bezos Centre for Sustainable Protein at NUS (Bezos Earth Fund),outside remit,A research centre and startup prize; not a funder of Vietnamese policy or market measurement.,AFN-15; AFN-16; AFN-17; target_product_profiles.csv,VN-adjacent,Medium,stated,Funder's stated scope read against the item; 'stated' is the funder's stated priority (revealed evidence of what it will pay for).
FFT-109,TPP-03,Hybrid extender for processed meat,F04,Bezos Centre for Sustainable Protein at NUS (Bezos Earth Fund),fits,"Hybrids, biomass fermentation and cultivated proteins are named research areas.",AFN-15; AFN-16; AFN-17; target_product_profiles.csv,VN-adjacent,Medium,stated,Funder's stated scope read against the item; 'stated' is the funder's stated priority (revealed evidence of what it will pay for).
FFT-110,TPP-04,Canteen protein ingredient and dish base,F04,Bezos Centre for Sustainable Protein at NUS (Bezos Earth Fund),outside remit,A research centre and startup prize; not a funder of Vietnamese policy or market measurement.,AFN-15; AFN-16; AFN-17; target_product_profiles.csv,VN-adjacent,Medium,stated,Funder's stated scope read against the item; 'stated' is the funder's stated priority (revealed evidence of what it will pay for).
FFT-111,TPP-05,Rice or mung bean isolate for plant milks,F04,Bezos Centre for Sustainable Protein at NUS (Bezos Earth Fund),partial,"Plant and fermentation proteins are research areas (a tofu by-product project exists); product scale-up is for the prize, which needs TRL 7 to 9 and no Vietnamese candidate was found.",AFN-15; AFN-16; AFN-17; target_product_profiles.csv,VN-adjacent,Medium,stated,Funder's stated scope read against the item; 'stated' is the funder's stated priority (revealed evidence of what it will pay for).
FFT-112,TPP-06,Fungal biomass functional ingredient,F04,Bezos Centre for Sustainable Protein at NUS (Bezos Earth Fund),fits,"Hybrids, biomass fermentation and cultivated proteins are named research areas.",AFN-15; AFN-16; AFN-17; target_product_profiles.csv,VN-adjacent,Medium,stated,Funder's stated scope read against the item; 'stated' is the funder's stated priority (revealed evidence of what it will pay for).
FFT-113,TPP-07,Precision-fermented specialty protein,F04,Bezos Centre for Sustainable Protein at NUS (Bezos Earth Fund),partial,"Plant and fermentation proteins are research areas (a tofu by-product project exists); product scale-up is for the prize, which needs TRL 7 to 9 and no Vietnamese candidate was found.",AFN-15; AFN-16; AFN-17; target_product_profiles.csv,VN-adjacent,Medium,stated,Funder's stated scope read against the item; 'stated' is the funder's stated priority (revealed evidence of what it will pay for).
FFT-114,TPP-08,"Export private-label plant foods (EU, UK)",F04,Bezos Centre for Sustainable Protein at NUS (Bezos Earth Fund),outside remit,A research centre and startup prize; not a funder of Vietnamese policy or market measurement.,AFN-15; AFN-16; AFN-17; target_product_profiles.csv,VN-adjacent,Medium,stated,Funder's stated scope read against the item; 'stated' is the funder's stated priority (revealed evidence of what it will pay for).
FFT-115,TPP-09,Diaspora protein-upgraded chay,F04,Bezos Centre for Sustainable Protein at NUS (Bezos Earth Fund),outside remit,A research centre and startup prize; not a funder of Vietnamese policy or market measurement.,AFN-15; AFN-16; AFN-17; target_product_profiles.csv,VN-adjacent,Medium,stated,Funder's stated scope read against the item; 'stated' is the funder's stated priority (revealed evidence of what it will pay for).
FFT-116,TPP-10,Cultivated meat or seafood,F04,Bezos Centre for Sustainable Protein at NUS (Bezos Earth Fund),fits,"Hybrids, biomass fermentation and cultivated proteins are named research areas.",AFN-15; AFN-16; AFN-17; target_product_profiles.csv,VN-adjacent,Medium,stated,Funder's stated scope read against the item; 'stated' is the funder's stated priority (revealed evidence of what it will pay for).
FFT-117,DMV-01,Chay-day question in a probability survey,F05,ACE Movement Grants (12th round),partial,"Research with a defined end user is a priority, but the aim is to size a diet-change route and diet-change work is excluded; fits only as research for NIN or the statistics office.",FUF-01; FUF-02; demand_moves.csv,general,Medium,stated,Funder's stated scope read against the item; 'stated' is the funder's stated priority (revealed evidence of what it will pay for).
FFT-118,DMV-02,"Declaration-level customs analysis (food vs feed, named buyers)",F05,ACE Movement Grants (12th round),outside remit,Not a priority intervention for this round.,FUF-01; FUF-02; demand_moves.csv,general,Medium,stated,Funder's stated scope read against the item; 'stated' is the funder's stated priority (revealed evidence of what it will pay for).
FFT-119,DMV-03,Vietnamese sensory and choice-test capacity,F05,ACE Movement Grants (12th round),excluded,Alternative-protein work other than policy is excluded.,FUF-01; FUF-02; demand_moves.csv,general,Medium,stated,Funder's stated scope read against the item; 'stated' is the funder's stated priority (revealed evidence of what it will pay for).
FFT-120,DMV-04,Randomised label and name test,F05,ACE Movement Grants (12th round),excluded,Alternative-protein work other than policy is excluded.,FUF-01; FUF-02; demand_moves.csv,general,Medium,stated,Funder's stated scope read against the item; 'stated' is the funder's stated priority (revealed evidence of what it will pay for).
FFT-121,DMV-05,Canteen trial with one large caterer (chay days or protein extender),F05,ACE Movement Grants (12th round),excluded,Diet change and meat reduction programmes are excluded in any region.,FUF-01; FUF-02; demand_moves.csv,general,Medium,stated,Funder's stated scope read against the item; 'stated' is the funder's stated priority (revealed evidence of what it will pay for).
FFT-122,DMV-06,In-store test of protein-upgraded chay in 20 minimarts,F05,ACE Movement Grants (12th round),excluded,Alternative-protein work other than policy is excluded.,FUF-01; FUF-02; demand_moves.csv,general,Medium,stated,Funder's stated scope read against the item; 'stated' is the funder's stated priority (revealed evidence of what it will pay for).
FFT-123,DMV-07,Chay composition and authenticity survey,F05,ACE Movement Grants (12th round),outside remit,Not a priority intervention for this round.,FUF-01; FUF-02; demand_moves.csv,general,Medium,stated,Funder's stated scope read against the item; 'stated' is the funder's stated priority (revealed evidence of what it will pay for).
FFT-124,DMV-08,Standing panel of research and procurement buyers,F05,ACE Movement Grants (12th round),excluded,Alternative-protein work other than policy is excluded.,FUF-01; FUF-02; demand_moves.csv,general,Medium,stated,Funder's stated scope read against the item; 'stated' is the funder's stated priority (revealed evidence of what it will pay for).
FFT-125,DMV-09,Share of meat eaten as processed products,F05,ACE Movement Grants (12th round),outside remit,Not a priority intervention for this round.,FUF-01; FUF-02; demand_moves.csv,general,Medium,stated,Funder's stated scope read against the item; 'stated' is the funder's stated priority (revealed evidence of what it will pay for).
FFT-126,DMV-10,Nha Trang hotel and menu audit,F05,ACE Movement Grants (12th round),excluded,Diet change and meat reduction programmes are excluded in any region.,FUF-01; FUF-02; demand_moves.csv,general,Medium,stated,Funder's stated scope read against the item; 'stated' is the funder's stated priority (revealed evidence of what it will pay for).
FFT-127,DMV-11,Survey of EU and UK private-label and seafood buyers,F05,ACE Movement Grants (12th round),excluded,Alternative-protein work other than policy is excluded.,FUF-01; FUF-02; demand_moves.csv,general,Medium,stated,Funder's stated scope read against the item; 'stated' is the funder's stated priority (revealed evidence of what it will pay for).
FFT-128,DMV-12,Feed carbon-footprint benchmark for shrimp and pangasius feed,F05,ACE Movement Grants (12th round),outside remit,Not a priority intervention for this round.,FUF-01; FUF-02; demand_moves.csv,general,Medium,stated,Funder's stated scope read against the item; 'stated' is the funder's stated priority (revealed evidence of what it will pay for).
FFT-129,DMV-13,Define chay and vegetarian claims (TCVN 13625),F05,ACE Movement Grants (12th round),partial,"Alternative-protein policy and standards work is allowed, for organisations under 3 years old or with budgets under USD 500,000, at USD 100,000 or less; farmed mammals are not a priority animal group.",FUF-01; FUF-02; demand_moves.csv,general,Medium,stated,Funder's stated scope read against the item; 'stated' is the funder's stated priority (revealed evidence of what it will pay for).
FFT-130,DMV-14,Honest percentage labelling of blended meat,F05,ACE Movement Grants (12th round),partial,"Alternative-protein policy and standards work is allowed, for organisations under 3 years old or with budgets under USD 500,000, at USD 100,000 or less; farmed mammals are not a priority animal group.",FUF-01; FUF-02; demand_moves.csv,general,Medium,stated,Funder's stated scope read against the item; 'stated' is the funder's stated priority (revealed evidence of what it will pay for).
FFT-131,DMV-15,Neutral naming guidance avoiding nhan tao,F05,ACE Movement Grants (12th round),partial,"Alternative-protein policy and standards work is allowed, for organisations under 3 years old or with budgets under USD 500,000, at USD 100,000 or less; farmed mammals are not a priority animal group.",FUF-01; FUF-02; demand_moves.csv,general,Medium,stated,Funder's stated scope read against the item; 'stated' is the funder's stated priority (revealed evidence of what it will pay for).
FFT-132,DMV-16,GMO declaration status of purified precision-fermented proteins,F05,ACE Movement Grants (12th round),partial,"Alternative-protein policy and standards work is allowed, for organisations under 3 years old or with budgets under USD 500,000, at USD 100,000 or less; farmed mammals are not a priority animal group.",FUF-01; FUF-02; demand_moves.csv,general,Medium,stated,Funder's stated scope read against the item; 'stated' is the funder's stated priority (revealed evidence of what it will pay for).
FFT-133,DMV-17,Public-meal protein guidance on quality and cost; Dispatch 64 supplier documents,F05,ACE Movement Grants (12th round),partial,Standards for public meals are policy work; framed as meat reduction it falls in the excluded diet-change category.,FUF-01; FUF-02; demand_moves.csv,general,Medium,stated,Funder's stated scope read against the item; 'stated' is the funder's stated priority (revealed evidence of what it will pay for).
FFT-134,DMV-18,Eight-digit customs subheadings for plant proteins,F05,ACE Movement Grants (12th round),outside remit,Not a priority intervention for this round.,FUF-01; FUF-02; demand_moves.csv,general,Medium,stated,Funder's stated scope read against the item; 'stated' is the funder's stated priority (revealed evidence of what it will pay for).
FFT-135,DMV-19,"Use and protect EU, UK and Japanese tariff preferences",F05,ACE Movement Grants (12th round),outside remit,Not a priority intervention for this round.,FUF-01; FUF-02; demand_moves.csv,general,Medium,stated,Funder's stated scope read against the item; 'stated' is the funder's stated priority (revealed evidence of what it will pay for).
FFT-136,TPP-01,Domestic textured soy or soy-gluten protein,F05,ACE Movement Grants (12th round),excluded,Alternative-protein product work is excluded; only policy is funded.,FUF-01; FUF-02; target_product_profiles.csv,general,Medium,stated,Funder's stated scope read against the item; 'stated' is the funder's stated priority (revealed evidence of what it will pay for).
FFT-137,TPP-02,Higher-protein chay foods,F05,ACE Movement Grants (12th round),excluded,Alternative-protein product work is excluded; only policy is funded.,FUF-01; FUF-02; target_product_profiles.csv,general,Medium,stated,Funder's stated scope read against the item; 'stated' is the funder's stated priority (revealed evidence of what it will pay for).
FFT-138,TPP-03,Hybrid extender for processed meat,F05,ACE Movement Grants (12th round),excluded,Alternative-protein product work is excluded; only policy is funded.,FUF-01; FUF-02; target_product_profiles.csv,general,Medium,stated,Funder's stated scope read against the item; 'stated' is the funder's stated priority (revealed evidence of what it will pay for).
FFT-139,TPP-04,Canteen protein ingredient and dish base,F05,ACE Movement Grants (12th round),excluded,Alternative-protein product work is excluded; only policy is funded.,FUF-01; FUF-02; target_product_profiles.csv,general,Medium,stated,Funder's stated scope read against the item; 'stated' is the funder's stated priority (revealed evidence of what it will pay for).
FFT-140,TPP-05,Rice or mung bean isolate for plant milks,F05,ACE Movement Grants (12th round),excluded,Alternative-protein product work is excluded; only policy is funded.,FUF-01; FUF-02; target_product_profiles.csv,general,Medium,stated,Funder's stated scope read against the item; 'stated' is the funder's stated priority (revealed evidence of what it will pay for).
FFT-141,TPP-06,Fungal biomass functional ingredient,F05,ACE Movement Grants (12th round),excluded,Alternative-protein product work is excluded; only policy is funded.,FUF-01; FUF-02; target_product_profiles.csv,general,Medium,stated,Funder's stated scope read against the item; 'stated' is the funder's stated priority (revealed evidence of what it will pay for).
FFT-142,TPP-07,Precision-fermented specialty protein,F05,ACE Movement Grants (12th round),excluded,Alternative-protein product work is excluded; only policy is funded.,FUF-01; FUF-02; target_product_profiles.csv,general,Medium,stated,Funder's stated scope read against the item; 'stated' is the funder's stated priority (revealed evidence of what it will pay for).
FFT-143,TPP-08,"Export private-label plant foods (EU, UK)",F05,ACE Movement Grants (12th round),excluded,Alternative-protein product work is excluded; only policy is funded.,FUF-01; FUF-02; target_product_profiles.csv,general,Medium,stated,Funder's stated scope read against the item; 'stated' is the funder's stated priority (revealed evidence of what it will pay for).
FFT-144,TPP-09,Diaspora protein-upgraded chay,F05,ACE Movement Grants (12th round),excluded,Alternative-protein product work is excluded; only policy is funded.,FUF-01; FUF-02; target_product_profiles.csv,general,Medium,stated,Funder's stated scope read against the item; 'stated' is the funder's stated priority (revealed evidence of what it will pay for).
FFT-145,TPP-10,Cultivated meat or seafood,F05,ACE Movement Grants (12th round),excluded,Alternative-protein product work is excluded; only policy is funded.,FUF-01; FUF-02; target_product_profiles.csv,general,Medium,stated,Funder's stated scope read against the item; 'stated' is the funder's stated priority (revealed evidence of what it will pay for).
FFT-146,DMV-01,Chay-day question in a probability survey,F06,ACE-recommended institutional programmes (Sinergia Animal; Good Food Fund),outside remit,Outside their institutional-menu programmes.,AFN-25; AFN-26; AFN-27; demand_moves.csv,VN-adjacent,Medium,stated,Funder's stated scope read against the item; 'stated' is the funder's stated priority (revealed evidence of what it will pay for).
FFT-147,DMV-02,"Declaration-level customs analysis (food vs feed, named buyers)",F06,ACE-recommended institutional programmes (Sinergia Animal; Good Food Fund),outside remit,Outside their institutional-menu programmes.,AFN-25; AFN-26; AFN-27; demand_moves.csv,VN-adjacent,Medium,stated,Funder's stated scope read against the item; 'stated' is the funder's stated priority (revealed evidence of what it will pay for).
FFT-148,DMV-03,Vietnamese sensory and choice-test capacity,F06,ACE-recommended institutional programmes (Sinergia Animal; Good Food Fund),outside remit,Outside their institutional-menu programmes.,AFN-25; AFN-26; AFN-27; demand_moves.csv,VN-adjacent,Medium,stated,Funder's stated scope read against the item; 'stated' is the funder's stated priority (revealed evidence of what it will pay for).
FFT-149,DMV-04,Randomised label and name test,F06,ACE-recommended institutional programmes (Sinergia Animal; Good Food Fund),outside remit,Outside their institutional-menu programmes.,AFN-25; AFN-26; AFN-27; demand_moves.csv,VN-adjacent,Medium,stated,Funder's stated scope read against the item; 'stated' is the funder's stated priority (revealed evidence of what it will pay for).
FFT-150,DMV-05,Canteen trial with one large caterer (chay days or protein extender),F06,ACE-recommended institutional programmes (Sinergia Animal; Good Food Fund),not in geography,"Institutional meat reduction is their core programme (3.4 meals per USD), but they work in Latin America, Indonesia, Thailand and China.",AFN-25; AFN-26; AFN-27; demand_moves.csv,VN-adjacent,Medium,stated,Funder's stated scope read against the item; 'stated' is the funder's stated priority (revealed evidence of what it will pay for).
FFT-151,DMV-06,In-store test of protein-upgraded chay in 20 minimarts,F06,ACE-recommended institutional programmes (Sinergia Animal; Good Food Fund),outside remit,Outside their institutional-menu programmes.,AFN-25; AFN-26; AFN-27; demand_moves.csv,VN-adjacent,Medium,stated,Funder's stated scope read against the item; 'stated' is the funder's stated priority (revealed evidence of what it will pay for).
FFT-152,DMV-07,Chay composition and authenticity survey,F06,ACE-recommended institutional programmes (Sinergia Animal; Good Food Fund),outside remit,Outside their institutional-menu programmes.,AFN-25; AFN-26; AFN-27; demand_moves.csv,VN-adjacent,Medium,stated,Funder's stated scope read against the item; 'stated' is the funder's stated priority (revealed evidence of what it will pay for).
FFT-153,DMV-08,Standing panel of research and procurement buyers,F06,ACE-recommended institutional programmes (Sinergia Animal; Good Food Fund),outside remit,Outside their institutional-menu programmes.,AFN-25; AFN-26; AFN-27; demand_moves.csv,VN-adjacent,Medium,stated,Funder's stated scope read against the item; 'stated' is the funder's stated priority (revealed evidence of what it will pay for).
FFT-154,DMV-09,Share of meat eaten as processed products,F06,ACE-recommended institutional programmes (Sinergia Animal; Good Food Fund),outside remit,Outside their institutional-menu programmes.,AFN-25; AFN-26; AFN-27; demand_moves.csv,VN-adjacent,Medium,stated,Funder's stated scope read against the item; 'stated' is the funder's stated priority (revealed evidence of what it will pay for).
FFT-155,DMV-10,Nha Trang hotel and menu audit,F06,ACE-recommended institutional programmes (Sinergia Animal; Good Food Fund),not in geography,Menu commitments fit their model; no Vietnam operations.,AFN-25; AFN-26; AFN-27; demand_moves.csv,VN-adjacent,Medium,stated,Funder's stated scope read against the item; 'stated' is the funder's stated priority (revealed evidence of what it will pay for).
FFT-156,DMV-11,Survey of EU and UK private-label and seafood buyers,F06,ACE-recommended institutional programmes (Sinergia Animal; Good Food Fund),outside remit,Outside their institutional-menu programmes.,AFN-25; AFN-26; AFN-27; demand_moves.csv,VN-adjacent,Medium,stated,Funder's stated scope read against the item; 'stated' is the funder's stated priority (revealed evidence of what it will pay for).
FFT-157,DMV-12,Feed carbon-footprint benchmark for shrimp and pangasius feed,F06,ACE-recommended institutional programmes (Sinergia Animal; Good Food Fund),outside remit,Outside their institutional-menu programmes.,AFN-25; AFN-26; AFN-27; demand_moves.csv,VN-adjacent,Medium,stated,Funder's stated scope read against the item; 'stated' is the funder's stated priority (revealed evidence of what it will pay for).
FFT-158,DMV-13,Define chay and vegetarian claims (TCVN 13625),F06,ACE-recommended institutional programmes (Sinergia Animal; Good Food Fund),outside remit,Outside their institutional-menu programmes.,AFN-25; AFN-26; AFN-27; demand_moves.csv,VN-adjacent,Medium,stated,Funder's stated scope read against the item; 'stated' is the funder's stated priority (revealed evidence of what it will pay for).
FFT-159,DMV-14,Honest percentage labelling of blended meat,F06,ACE-recommended institutional programmes (Sinergia Animal; Good Food Fund),outside remit,Outside their institutional-menu programmes.,AFN-25; AFN-26; AFN-27; demand_moves.csv,VN-adjacent,Medium,stated,Funder's stated scope read against the item; 'stated' is the funder's stated priority (revealed evidence of what it will pay for).
FFT-160,DMV-15,Neutral naming guidance avoiding nhan tao,F06,ACE-recommended institutional programmes (Sinergia Animal; Good Food Fund),outside remit,Outside their institutional-menu programmes.,AFN-25; AFN-26; AFN-27; demand_moves.csv,VN-adjacent,Medium,stated,Funder's stated scope read against the item; 'stated' is the funder's stated priority (revealed evidence of what it will pay for).
FFT-161,DMV-16,GMO declaration status of purified precision-fermented proteins,F06,ACE-recommended institutional programmes (Sinergia Animal; Good Food Fund),outside remit,Outside their institutional-menu programmes.,AFN-25; AFN-26; AFN-27; demand_moves.csv,VN-adjacent,Medium,stated,Funder's stated scope read against the item; 'stated' is the funder's stated priority (revealed evidence of what it will pay for).
FFT-162,DMV-17,Public-meal protein guidance on quality and cost; Dispatch 64 supplier documents,F06,ACE-recommended institutional programmes (Sinergia Animal; Good Food Fund),not in geography,Good Food Fund aligns certification with national dietary guidelines (China); no Vietnam work.,AFN-25; AFN-26; AFN-27; demand_moves.csv,VN-adjacent,Medium,stated,Funder's stated scope read against the item; 'stated' is the funder's stated priority (revealed evidence of what it will pay for).
FFT-163,DMV-18,Eight-digit customs subheadings for plant proteins,F06,ACE-recommended institutional programmes (Sinergia Animal; Good Food Fund),outside remit,Outside their institutional-menu programmes.,AFN-25; AFN-26; AFN-27; demand_moves.csv,VN-adjacent,Medium,stated,Funder's stated scope read against the item; 'stated' is the funder's stated priority (revealed evidence of what it will pay for).
FFT-164,DMV-19,"Use and protect EU, UK and Japanese tariff preferences",F06,ACE-recommended institutional programmes (Sinergia Animal; Good Food Fund),outside remit,Outside their institutional-menu programmes.,AFN-25; AFN-26; AFN-27; demand_moves.csv,VN-adjacent,Medium,stated,Funder's stated scope read against the item; 'stated' is the funder's stated priority (revealed evidence of what it will pay for).
FFT-165,TPP-01,Domestic textured soy or soy-gluten protein,F06,ACE-recommended institutional programmes (Sinergia Animal; Good Food Fund),outside remit,Outside their institutional-menu programmes.,AFN-25; AFN-26; AFN-27; target_product_profiles.csv,VN-adjacent,Medium,stated,Funder's stated scope read against the item; 'stated' is the funder's stated priority (revealed evidence of what it will pay for).
FFT-166,TPP-02,Higher-protein chay foods,F06,ACE-recommended institutional programmes (Sinergia Animal; Good Food Fund),outside remit,Outside their institutional-menu programmes.,AFN-25; AFN-26; AFN-27; target_product_profiles.csv,VN-adjacent,Medium,stated,Funder's stated scope read against the item; 'stated' is the funder's stated priority (revealed evidence of what it will pay for).
FFT-167,TPP-03,Hybrid extender for processed meat,F06,ACE-recommended institutional programmes (Sinergia Animal; Good Food Fund),outside remit,Outside their institutional-menu programmes.,AFN-25; AFN-26; AFN-27; target_product_profiles.csv,VN-adjacent,Medium,stated,Funder's stated scope read against the item; 'stated' is the funder's stated priority (revealed evidence of what it will pay for).
FFT-168,TPP-04,Canteen protein ingredient and dish base,F06,ACE-recommended institutional programmes (Sinergia Animal; Good Food Fund),not in geography,A canteen dish base would serve their menu programmes; not in Vietnam.,AFN-25; AFN-26; AFN-27; target_product_profiles.csv,VN-adjacent,Medium,stated,Funder's stated scope read against the item; 'stated' is the funder's stated priority (revealed evidence of what it will pay for).
FFT-169,TPP-05,Rice or mung bean isolate for plant milks,F06,ACE-recommended institutional programmes (Sinergia Animal; Good Food Fund),outside remit,Outside their institutional-menu programmes.,AFN-25; AFN-26; AFN-27; target_product_profiles.csv,VN-adjacent,Medium,stated,Funder's stated scope read against the item; 'stated' is the funder's stated priority (revealed evidence of what it will pay for).
FFT-170,TPP-06,Fungal biomass functional ingredient,F06,ACE-recommended institutional programmes (Sinergia Animal; Good Food Fund),outside remit,Outside their institutional-menu programmes.,AFN-25; AFN-26; AFN-27; target_product_profiles.csv,VN-adjacent,Medium,stated,Funder's stated scope read against the item; 'stated' is the funder's stated priority (revealed evidence of what it will pay for).
FFT-171,TPP-07,Precision-fermented specialty protein,F06,ACE-recommended institutional programmes (Sinergia Animal; Good Food Fund),outside remit,Outside their institutional-menu programmes.,AFN-25; AFN-26; AFN-27; target_product_profiles.csv,VN-adjacent,Medium,stated,Funder's stated scope read against the item; 'stated' is the funder's stated priority (revealed evidence of what it will pay for).
FFT-172,TPP-08,"Export private-label plant foods (EU, UK)",F06,ACE-recommended institutional programmes (Sinergia Animal; Good Food Fund),outside remit,Outside their institutional-menu programmes.,AFN-25; AFN-26; AFN-27; target_product_profiles.csv,VN-adjacent,Medium,stated,Funder's stated scope read against the item; 'stated' is the funder's stated priority (revealed evidence of what it will pay for).
FFT-173,TPP-09,Diaspora protein-upgraded chay,F06,ACE-recommended institutional programmes (Sinergia Animal; Good Food Fund),outside remit,Outside their institutional-menu programmes.,AFN-25; AFN-26; AFN-27; target_product_profiles.csv,VN-adjacent,Medium,stated,Funder's stated scope read against the item; 'stated' is the funder's stated priority (revealed evidence of what it will pay for).
FFT-174,TPP-10,Cultivated meat or seafood,F06,ACE-recommended institutional programmes (Sinergia Animal; Good Food Fund),outside remit,Outside their institutional-menu programmes.,AFN-25; AFN-26; AFN-27; target_product_profiles.csv,VN-adjacent,Medium,stated,Funder's stated scope read against the item; 'stated' is the funder's stated priority (revealed evidence of what it will pay for).
FFT-175,DMV-01,Chay-day question in a probability survey,F07,Animal Alliance Asia ReRoot Asia Fund,not in geography,"Diet-change evidence could support a ReRoot project, but Vietnam is not eligible in 2026.",AFN-29; demand_moves.csv,VN-adjacent,Medium,stated,Funder's stated scope read against the item; 'stated' is the funder's stated priority (revealed evidence of what it will pay for).
FFT-176,DMV-02,"Declaration-level customs analysis (food vs feed, named buyers)",F07,Animal Alliance Asia ReRoot Asia Fund,outside remit,Not a diet-change project.,AFN-29; demand_moves.csv,VN-adjacent,Medium,stated,Funder's stated scope read against the item; 'stated' is the funder's stated priority (revealed evidence of what it will pay for).
FFT-177,DMV-03,Vietnamese sensory and choice-test capacity,F07,Animal Alliance Asia ReRoot Asia Fund,outside remit,Not a diet-change project.,AFN-29; demand_moves.csv,VN-adjacent,Medium,stated,Funder's stated scope read against the item; 'stated' is the funder's stated priority (revealed evidence of what it will pay for).
FFT-178,DMV-04,Randomised label and name test,F07,Animal Alliance Asia ReRoot Asia Fund,outside remit,Not a diet-change project.,AFN-29; demand_moves.csv,VN-adjacent,Medium,stated,Funder's stated scope read against the item; 'stated' is the funder's stated priority (revealed evidence of what it will pay for).
FFT-179,DMV-05,Canteen trial with one large caterer (chay days or protein extender),F07,Animal Alliance Asia ReRoot Asia Fund,not in geography,Institutional menu change is in scope; Vietnam is not an eligible country in 2026.,AFN-29; demand_moves.csv,VN-adjacent,Medium,stated,Funder's stated scope read against the item; 'stated' is the funder's stated priority (revealed evidence of what it will pay for).
FFT-180,DMV-06,In-store test of protein-upgraded chay in 20 minimarts,F07,Animal Alliance Asia ReRoot Asia Fund,outside remit,Not a diet-change project.,AFN-29; demand_moves.csv,VN-adjacent,Medium,stated,Funder's stated scope read against the item; 'stated' is the funder's stated priority (revealed evidence of what it will pay for).
FFT-181,DMV-07,Chay composition and authenticity survey,F07,Animal Alliance Asia ReRoot Asia Fund,outside remit,Not a diet-change project.,AFN-29; demand_moves.csv,VN-adjacent,Medium,stated,Funder's stated scope read against the item; 'stated' is the funder's stated priority (revealed evidence of what it will pay for).
FFT-182,DMV-08,Standing panel of research and procurement buyers,F07,Animal Alliance Asia ReRoot Asia Fund,outside remit,Not a diet-change project.,AFN-29; demand_moves.csv,VN-adjacent,Medium,stated,Funder's stated scope read against the item; 'stated' is the funder's stated priority (revealed evidence of what it will pay for).
FFT-183,DMV-09,Share of meat eaten as processed products,F07,Animal Alliance Asia ReRoot Asia Fund,outside remit,Not a diet-change project.,AFN-29; demand_moves.csv,VN-adjacent,Medium,stated,Funder's stated scope read against the item; 'stated' is the funder's stated priority (revealed evidence of what it will pay for).
FFT-184,DMV-10,Nha Trang hotel and menu audit,F07,Animal Alliance Asia ReRoot Asia Fund,not in geography,Institutional menu change is in scope; Vietnam is not an eligible country in 2026.,AFN-29; demand_moves.csv,VN-adjacent,Medium,stated,Funder's stated scope read against the item; 'stated' is the funder's stated priority (revealed evidence of what it will pay for).
FFT-185,DMV-11,Survey of EU and UK private-label and seafood buyers,F07,Animal Alliance Asia ReRoot Asia Fund,outside remit,Not a diet-change project.,AFN-29; demand_moves.csv,VN-adjacent,Medium,stated,Funder's stated scope read against the item; 'stated' is the funder's stated priority (revealed evidence of what it will pay for).
FFT-186,DMV-12,Feed carbon-footprint benchmark for shrimp and pangasius feed,F07,Animal Alliance Asia ReRoot Asia Fund,outside remit,Not a diet-change project.,AFN-29; demand_moves.csv,VN-adjacent,Medium,stated,Funder's stated scope read against the item; 'stated' is the funder's stated priority (revealed evidence of what it will pay for).
FFT-187,DMV-13,Define chay and vegetarian claims (TCVN 13625),F07,Animal Alliance Asia ReRoot Asia Fund,outside remit,Not a diet-change project.,AFN-29; demand_moves.csv,VN-adjacent,Medium,stated,Funder's stated scope read against the item; 'stated' is the funder's stated priority (revealed evidence of what it will pay for).
FFT-188,DMV-14,Honest percentage labelling of blended meat,F07,Animal Alliance Asia ReRoot Asia Fund,outside remit,Not a diet-change project.,AFN-29; demand_moves.csv,VN-adjacent,Medium,stated,Funder's stated scope read against the item; 'stated' is the funder's stated priority (revealed evidence of what it will pay for).
FFT-189,DMV-15,Neutral naming guidance avoiding nhan tao,F07,Animal Alliance Asia ReRoot Asia Fund,outside remit,Not a diet-change project.,AFN-29; demand_moves.csv,VN-adjacent,Medium,stated,Funder's stated scope read against the item; 'stated' is the funder's stated priority (revealed evidence of what it will pay for).
FFT-190,DMV-16,GMO declaration status of purified precision-fermented proteins,F07,Animal Alliance Asia ReRoot Asia Fund,outside remit,Not a diet-change project.,AFN-29; demand_moves.csv,VN-adjacent,Medium,stated,Funder's stated scope read against the item; 'stated' is the funder's stated priority (revealed evidence of what it will pay for).
FFT-191,DMV-17,Public-meal protein guidance on quality and cost; Dispatch 64 supplier documents,F07,Animal Alliance Asia ReRoot Asia Fund,not in geography,Institutional menu change is in scope; Vietnam is not an eligible country in 2026.,AFN-29; demand_moves.csv,VN-adjacent,Medium,stated,Funder's stated scope read against the item; 'stated' is the funder's stated priority (revealed evidence of what it will pay for).
FFT-192,DMV-18,Eight-digit customs subheadings for plant proteins,F07,Animal Alliance Asia ReRoot Asia Fund,outside remit,Not a diet-change project.,AFN-29; demand_moves.csv,VN-adjacent,Medium,stated,Funder's stated scope read against the item; 'stated' is the funder's stated priority (revealed evidence of what it will pay for).
FFT-193,DMV-19,"Use and protect EU, UK and Japanese tariff preferences",F07,Animal Alliance Asia ReRoot Asia Fund,outside remit,Not a diet-change project.,AFN-29; demand_moves.csv,VN-adjacent,Medium,stated,Funder's stated scope read against the item; 'stated' is the funder's stated priority (revealed evidence of what it will pay for).
FFT-194,TPP-01,Domestic textured soy or soy-gluten protein,F07,Animal Alliance Asia ReRoot Asia Fund,outside remit,Not a diet-change project.,AFN-29; target_product_profiles.csv,VN-adjacent,Medium,stated,Funder's stated scope read against the item; 'stated' is the funder's stated priority (revealed evidence of what it will pay for).
FFT-195,TPP-02,Higher-protein chay foods,F07,Animal Alliance Asia ReRoot Asia Fund,outside remit,Not a diet-change project.,AFN-29; target_product_profiles.csv,VN-adjacent,Medium,stated,Funder's stated scope read against the item; 'stated' is the funder's stated priority (revealed evidence of what it will pay for).
FFT-196,TPP-03,Hybrid extender for processed meat,F07,Animal Alliance Asia ReRoot Asia Fund,outside remit,Not a diet-change project.,AFN-29; target_product_profiles.csv,VN-adjacent,Medium,stated,Funder's stated scope read against the item; 'stated' is the funder's stated priority (revealed evidence of what it will pay for).
FFT-197,TPP-04,Canteen protein ingredient and dish base,F07,Animal Alliance Asia ReRoot Asia Fund,not in geography,Would serve institutional menu projects; Vietnam not eligible.,AFN-29; target_product_profiles.csv,VN-adjacent,Medium,stated,Funder's stated scope read against the item; 'stated' is the funder's stated priority (revealed evidence of what it will pay for).
FFT-198,TPP-05,Rice or mung bean isolate for plant milks,F07,Animal Alliance Asia ReRoot Asia Fund,outside remit,Not a diet-change project.,AFN-29; target_product_profiles.csv,VN-adjacent,Medium,stated,Funder's stated scope read against the item; 'stated' is the funder's stated priority (revealed evidence of what it will pay for).
FFT-199,TPP-06,Fungal biomass functional ingredient,F07,Animal Alliance Asia ReRoot Asia Fund,outside remit,Not a diet-change project.,AFN-29; target_product_profiles.csv,VN-adjacent,Medium,stated,Funder's stated scope read against the item; 'stated' is the funder's stated priority (revealed evidence of what it will pay for).
FFT-200,TPP-07,Precision-fermented specialty protein,F07,Animal Alliance Asia ReRoot Asia Fund,outside remit,Not a diet-change project.,AFN-29; target_product_profiles.csv,VN-adjacent,Medium,stated,Funder's stated scope read against the item; 'stated' is the funder's stated priority (revealed evidence of what it will pay for).
FFT-201,TPP-08,"Export private-label plant foods (EU, UK)",F07,Animal Alliance Asia ReRoot Asia Fund,outside remit,Not a diet-change project.,AFN-29; target_product_profiles.csv,VN-adjacent,Medium,stated,Funder's stated scope read against the item; 'stated' is the funder's stated priority (revealed evidence of what it will pay for).
FFT-202,TPP-09,Diaspora protein-upgraded chay,F07,Animal Alliance Asia ReRoot Asia Fund,outside remit,Not a diet-change project.,AFN-29; target_product_profiles.csv,VN-adjacent,Medium,stated,Funder's stated scope read against the item; 'stated' is the funder's stated priority (revealed evidence of what it will pay for).
FFT-203,TPP-10,Cultivated meat or seafood,F07,Animal Alliance Asia ReRoot Asia Fund,outside remit,Not a diet-change project.,AFN-29; target_product_profiles.csv,VN-adjacent,Medium,stated,Funder's stated scope read against the item; 'stated' is the funder's stated priority (revealed evidence of what it will pay for).
FFT-204,DMV-01,Chay-day question in a probability survey,F08,Humane World for Animals (Viet Nam office; Forward Food),partial,Would use a chay-day baseline to target menu work; does not fund surveys.,AFN-22; AFN-23; AFN-24; demand_moves.csv,VN-direct,Medium,stated,Funder's stated scope read against the item; 'stated' is the funder's stated priority (revealed evidence of what it will pay for).
FFT-205,DMV-02,"Declaration-level customs analysis (food vs feed, named buyers)",F08,Humane World for Animals (Viet Nam office; Forward Food),outside remit,Outside its menu and welfare programmes; it implements rather than funds.,AFN-22; AFN-23; AFN-24; demand_moves.csv,VN-direct,Medium,stated,Funder's stated scope read against the item; 'stated' is the funder's stated priority (revealed evidence of what it will pay for).
FFT-206,DMV-03,Vietnamese sensory and choice-test capacity,F08,Humane World for Animals (Viet Nam office; Forward Food),outside remit,Outside its menu and welfare programmes; it implements rather than funds.,AFN-22; AFN-23; AFN-24; demand_moves.csv,VN-direct,Medium,stated,Funder's stated scope read against the item; 'stated' is the funder's stated priority (revealed evidence of what it will pay for).
FFT-207,DMV-04,Randomised label and name test,F08,Humane World for Animals (Viet Nam office; Forward Food),outside remit,Outside its menu and welfare programmes; it implements rather than funds.,AFN-22; AFN-23; AFN-24; demand_moves.csv,VN-direct,Medium,stated,Funder's stated scope read against the item; 'stated' is the funder's stated priority (revealed evidence of what it will pay for).
FFT-208,DMV-05,Canteen trial with one large caterer (chay days or protein extender),F08,Humane World for Animals (Viet Nam office; Forward Food),fits,"As implementer or partner, not funder: Forward Food menu work counts meals shifted, and it trained chefs and nutritionists in Viet Nam in 2025.",AFN-22; AFN-23; AFN-24; demand_moves.csv,VN-direct,Medium,stated,Funder's stated scope read against the item; 'stated' is the funder's stated priority (revealed evidence of what it will pay for).
FFT-209,DMV-06,In-store test of protein-upgraded chay in 20 minimarts,F08,Humane World for Animals (Viet Nam office; Forward Food),outside remit,Outside its menu and welfare programmes; it implements rather than funds.,AFN-22; AFN-23; AFN-24; demand_moves.csv,VN-direct,Medium,stated,Funder's stated scope read against the item; 'stated' is the funder's stated priority (revealed evidence of what it will pay for).
FFT-210,DMV-07,Chay composition and authenticity survey,F08,Humane World for Animals (Viet Nam office; Forward Food),outside remit,Outside its menu and welfare programmes; it implements rather than funds.,AFN-22; AFN-23; AFN-24; demand_moves.csv,VN-direct,Medium,stated,Funder's stated scope read against the item; 'stated' is the funder's stated priority (revealed evidence of what it will pay for).
FFT-211,DMV-08,Standing panel of research and procurement buyers,F08,Humane World for Animals (Viet Nam office; Forward Food),outside remit,Outside its menu and welfare programmes; it implements rather than funds.,AFN-22; AFN-23; AFN-24; demand_moves.csv,VN-direct,Medium,stated,Funder's stated scope read against the item; 'stated' is the funder's stated priority (revealed evidence of what it will pay for).
FFT-212,DMV-09,Share of meat eaten as processed products,F08,Humane World for Animals (Viet Nam office; Forward Food),outside remit,Outside its menu and welfare programmes; it implements rather than funds.,AFN-22; AFN-23; AFN-24; demand_moves.csv,VN-direct,Medium,stated,Funder's stated scope read against the item; 'stated' is the funder's stated priority (revealed evidence of what it will pay for).
FFT-213,DMV-10,Nha Trang hotel and menu audit,F08,Humane World for Animals (Viet Nam office; Forward Food),fits,"As implementer: chef training for hotel kitchens, where Accor's group target already applies.",AFN-22; AFN-23; AFN-24; demand_moves.csv,VN-direct,Medium,stated,Funder's stated scope read against the item; 'stated' is the funder's stated priority (revealed evidence of what it will pay for).
FFT-214,DMV-11,Survey of EU and UK private-label and seafood buyers,F08,Humane World for Animals (Viet Nam office; Forward Food),outside remit,Outside its menu and welfare programmes; it implements rather than funds.,AFN-22; AFN-23; AFN-24; demand_moves.csv,VN-direct,Medium,stated,Funder's stated scope read against the item; 'stated' is the funder's stated priority (revealed evidence of what it will pay for).
FFT-215,DMV-12,Feed carbon-footprint benchmark for shrimp and pangasius feed,F08,Humane World for Animals (Viet Nam office; Forward Food),outside remit,Outside its menu and welfare programmes; it implements rather than funds.,AFN-22; AFN-23; AFN-24; demand_moves.csv,VN-direct,Medium,stated,Funder's stated scope read against the item; 'stated' is the funder's stated priority (revealed evidence of what it will pay for).
FFT-216,DMV-13,Define chay and vegetarian claims (TCVN 13625),F08,Humane World for Animals (Viet Nam office; Forward Food),outside remit,Outside its menu and welfare programmes; it implements rather than funds.,AFN-22; AFN-23; AFN-24; demand_moves.csv,VN-direct,Medium,stated,Funder's stated scope read against the item; 'stated' is the funder's stated priority (revealed evidence of what it will pay for).
FFT-217,DMV-14,Honest percentage labelling of blended meat,F08,Humane World for Animals (Viet Nam office; Forward Food),outside remit,Outside its menu and welfare programmes; it implements rather than funds.,AFN-22; AFN-23; AFN-24; demand_moves.csv,VN-direct,Medium,stated,Funder's stated scope read against the item; 'stated' is the funder's stated priority (revealed evidence of what it will pay for).
FFT-218,DMV-15,Neutral naming guidance avoiding nhan tao,F08,Humane World for Animals (Viet Nam office; Forward Food),outside remit,Outside its menu and welfare programmes; it implements rather than funds.,AFN-22; AFN-23; AFN-24; demand_moves.csv,VN-direct,Medium,stated,Funder's stated scope read against the item; 'stated' is the funder's stated priority (revealed evidence of what it will pay for).
FFT-219,DMV-16,GMO declaration status of purified precision-fermented proteins,F08,Humane World for Animals (Viet Nam office; Forward Food),outside remit,Outside its menu and welfare programmes; it implements rather than funds.,AFN-22; AFN-23; AFN-24; demand_moves.csv,VN-direct,Medium,stated,Funder's stated scope read against the item; 'stated' is the funder's stated priority (revealed evidence of what it will pay for).
FFT-220,DMV-17,Public-meal protein guidance on quality and cost; Dispatch 64 supplier documents,F08,Humane World for Animals (Viet Nam office; Forward Food),partial,Nutritionist training supports menu guidance; Forward Food promotes whole-food plant dishes rather than novel protein.,AFN-22; AFN-23; AFN-24; demand_moves.csv,VN-direct,Medium,stated,Funder's stated scope read against the item; 'stated' is the funder's stated priority (revealed evidence of what it will pay for).
FFT-221,DMV-18,Eight-digit customs subheadings for plant proteins,F08,Humane World for Animals (Viet Nam office; Forward Food),outside remit,Outside its menu and welfare programmes; it implements rather than funds.,AFN-22; AFN-23; AFN-24; demand_moves.csv,VN-direct,Medium,stated,Funder's stated scope read against the item; 'stated' is the funder's stated priority (revealed evidence of what it will pay for).
FFT-222,DMV-19,"Use and protect EU, UK and Japanese tariff preferences",F08,Humane World for Animals (Viet Nam office; Forward Food),outside remit,Outside its menu and welfare programmes; it implements rather than funds.,AFN-22; AFN-23; AFN-24; demand_moves.csv,VN-direct,Medium,stated,Funder's stated scope read against the item; 'stated' is the funder's stated priority (revealed evidence of what it will pay for).
FFT-223,TPP-01,Domestic textured soy or soy-gluten protein,F08,Humane World for Animals (Viet Nam office; Forward Food),outside remit,Outside its menu and welfare programmes; it implements rather than funds.,AFN-22; AFN-23; AFN-24; target_product_profiles.csv,VN-direct,Medium,stated,Funder's stated scope read against the item; 'stated' is the funder's stated priority (revealed evidence of what it will pay for).
FFT-224,TPP-02,Higher-protein chay foods,F08,Humane World for Animals (Viet Nam office; Forward Food),outside remit,Outside its menu and welfare programmes; it implements rather than funds.,AFN-22; AFN-23; AFN-24; target_product_profiles.csv,VN-direct,Medium,stated,Funder's stated scope read against the item; 'stated' is the funder's stated priority (revealed evidence of what it will pay for).
FFT-225,TPP-03,Hybrid extender for processed meat,F08,Humane World for Animals (Viet Nam office; Forward Food),outside remit,Outside its menu and welfare programmes; it implements rather than funds.,AFN-22; AFN-23; AFN-24; target_product_profiles.csv,VN-direct,Medium,stated,Funder's stated scope read against the item; 'stated' is the funder's stated priority (revealed evidence of what it will pay for).
FFT-226,TPP-04,Canteen protein ingredient and dish base,F08,Humane World for Animals (Viet Nam office; Forward Food),partial,Menu programmes use whole-food dishes; a canteen protein ingredient could be used but is not its focus.,AFN-22; AFN-23; AFN-24; target_product_profiles.csv,VN-direct,Medium,stated,Funder's stated scope read against the item; 'stated' is the funder's stated priority (revealed evidence of what it will pay for).
FFT-227,TPP-05,Rice or mung bean isolate for plant milks,F08,Humane World for Animals (Viet Nam office; Forward Food),outside remit,Outside its menu and welfare programmes; it implements rather than funds.,AFN-22; AFN-23; AFN-24; target_product_profiles.csv,VN-direct,Medium,stated,Funder's stated scope read against the item; 'stated' is the funder's stated priority (revealed evidence of what it will pay for).
FFT-228,TPP-06,Fungal biomass functional ingredient,F08,Humane World for Animals (Viet Nam office; Forward Food),outside remit,Outside its menu and welfare programmes; it implements rather than funds.,AFN-22; AFN-23; AFN-24; target_product_profiles.csv,VN-direct,Medium,stated,Funder's stated scope read against the item; 'stated' is the funder's stated priority (revealed evidence of what it will pay for).
FFT-229,TPP-07,Precision-fermented specialty protein,F08,Humane World for Animals (Viet Nam office; Forward Food),outside remit,Outside its menu and welfare programmes; it implements rather than funds.,AFN-22; AFN-23; AFN-24; target_product_profiles.csv,VN-direct,Medium,stated,Funder's stated scope read against the item; 'stated' is the funder's stated priority (revealed evidence of what it will pay for).
FFT-230,TPP-08,"Export private-label plant foods (EU, UK)",F08,Humane World for Animals (Viet Nam office; Forward Food),outside remit,Outside its menu and welfare programmes; it implements rather than funds.,AFN-22; AFN-23; AFN-24; target_product_profiles.csv,VN-direct,Medium,stated,Funder's stated scope read against the item; 'stated' is the funder's stated priority (revealed evidence of what it will pay for).
FFT-231,TPP-09,Diaspora protein-upgraded chay,F08,Humane World for Animals (Viet Nam office; Forward Food),outside remit,Outside its menu and welfare programmes; it implements rather than funds.,AFN-22; AFN-23; AFN-24; target_product_profiles.csv,VN-direct,Medium,stated,Funder's stated scope read against the item; 'stated' is the funder's stated priority (revealed evidence of what it will pay for).
FFT-232,TPP-10,Cultivated meat or seafood,F08,Humane World for Animals (Viet Nam office; Forward Food),outside remit,Outside its menu and welfare programmes; it implements rather than funds.,AFN-22; AFN-23; AFN-24; target_product_profiles.csv,VN-direct,Medium,stated,Funder's stated scope read against the item; 'stated' is the funder's stated priority (revealed evidence of what it will pay for).
FFT-233,DMV-01,Chay-day question in a probability survey,F09,Lever Foundation,outside remit,Outside corporate procurement-ratio work.,AFN-38; AFN-39; demand_moves.csv,VN-adjacent,Medium,stated,Funder's stated scope read against the item; 'stated' is the funder's stated priority (revealed evidence of what it will pay for).
FFT-234,DMV-02,"Declaration-level customs analysis (food vs feed, named buyers)",F09,Lever Foundation,outside remit,Outside corporate procurement-ratio work.,AFN-38; AFN-39; demand_moves.csv,VN-adjacent,Medium,stated,Funder's stated scope read against the item; 'stated' is the funder's stated priority (revealed evidence of what it will pay for).
FFT-235,DMV-03,Vietnamese sensory and choice-test capacity,F09,Lever Foundation,outside remit,Outside corporate procurement-ratio work.,AFN-38; AFN-39; demand_moves.csv,VN-adjacent,Medium,stated,Funder's stated scope read against the item; 'stated' is the funder's stated priority (revealed evidence of what it will pay for).
FFT-236,DMV-04,Randomised label and name test,F09,Lever Foundation,outside remit,Outside corporate procurement-ratio work.,AFN-38; AFN-39; demand_moves.csv,VN-adjacent,Medium,stated,Funder's stated scope read against the item; 'stated' is the funder's stated priority (revealed evidence of what it will pay for).
FFT-237,DMV-05,Canteen trial with one large caterer (chay days or protein extender),F09,Lever Foundation,not in geography,Procurement-ratio work with hotels and foodservice fits; Vietnam is not in its programme (2026 expansion went to India and Thailand).,AFN-38; AFN-39; demand_moves.csv,VN-adjacent,Medium,stated,Funder's stated scope read against the item; 'stated' is the funder's stated priority (revealed evidence of what it will pay for).
FFT-238,DMV-06,In-store test of protein-upgraded chay in 20 minimarts,F09,Lever Foundation,outside remit,Outside corporate procurement-ratio work.,AFN-38; AFN-39; demand_moves.csv,VN-adjacent,Medium,stated,Funder's stated scope read against the item; 'stated' is the funder's stated priority (revealed evidence of what it will pay for).
FFT-239,DMV-07,Chay composition and authenticity survey,F09,Lever Foundation,outside remit,Outside corporate procurement-ratio work.,AFN-38; AFN-39; demand_moves.csv,VN-adjacent,Medium,stated,Funder's stated scope read against the item; 'stated' is the funder's stated priority (revealed evidence of what it will pay for).
FFT-240,DMV-08,Standing panel of research and procurement buyers,F09,Lever Foundation,outside remit,Outside corporate procurement-ratio work.,AFN-38; AFN-39; demand_moves.csv,VN-adjacent,Medium,stated,Funder's stated scope read against the item; 'stated' is the funder's stated priority (revealed evidence of what it will pay for).
FFT-241,DMV-09,Share of meat eaten as processed products,F09,Lever Foundation,outside remit,Outside corporate procurement-ratio work.,AFN-38; AFN-39; demand_moves.csv,VN-adjacent,Medium,stated,Funder's stated scope read against the item; 'stated' is the funder's stated priority (revealed evidence of what it will pay for).
FFT-242,DMV-10,Nha Trang hotel and menu audit,F09,Lever Foundation,not in geography,Procurement-ratio work with hotels and foodservice fits; Vietnam is not in its programme (2026 expansion went to India and Thailand).,AFN-38; AFN-39; demand_moves.csv,VN-adjacent,Medium,stated,Funder's stated scope read against the item; 'stated' is the funder's stated priority (revealed evidence of what it will pay for).
FFT-243,DMV-11,Survey of EU and UK private-label and seafood buyers,F09,Lever Foundation,outside remit,Outside corporate procurement-ratio work.,AFN-38; AFN-39; demand_moves.csv,VN-adjacent,Medium,stated,Funder's stated scope read against the item; 'stated' is the funder's stated priority (revealed evidence of what it will pay for).
FFT-244,DMV-12,Feed carbon-footprint benchmark for shrimp and pangasius feed,F09,Lever Foundation,outside remit,Outside corporate procurement-ratio work.,AFN-38; AFN-39; demand_moves.csv,VN-adjacent,Medium,stated,Funder's stated scope read against the item; 'stated' is the funder's stated priority (revealed evidence of what it will pay for).
FFT-245,DMV-13,Define chay and vegetarian claims (TCVN 13625),F09,Lever Foundation,outside remit,Outside corporate procurement-ratio work.,AFN-38; AFN-39; demand_moves.csv,VN-adjacent,Medium,stated,Funder's stated scope read against the item; 'stated' is the funder's stated priority (revealed evidence of what it will pay for).
FFT-246,DMV-14,Honest percentage labelling of blended meat,F09,Lever Foundation,outside remit,Outside corporate procurement-ratio work.,AFN-38; AFN-39; demand_moves.csv,VN-adjacent,Medium,stated,Funder's stated scope read against the item; 'stated' is the funder's stated priority (revealed evidence of what it will pay for).
FFT-247,DMV-15,Neutral naming guidance avoiding nhan tao,F09,Lever Foundation,outside remit,Outside corporate procurement-ratio work.,AFN-38; AFN-39; demand_moves.csv,VN-adjacent,Medium,stated,Funder's stated scope read against the item; 'stated' is the funder's stated priority (revealed evidence of what it will pay for).
FFT-248,DMV-16,GMO declaration status of purified precision-fermented proteins,F09,Lever Foundation,outside remit,Outside corporate procurement-ratio work.,AFN-38; AFN-39; demand_moves.csv,VN-adjacent,Medium,stated,Funder's stated scope read against the item; 'stated' is the funder's stated priority (revealed evidence of what it will pay for).
FFT-249,DMV-17,Public-meal protein guidance on quality and cost; Dispatch 64 supplier documents,F09,Lever Foundation,not in geography,Procurement-ratio work with hotels and foodservice fits; Vietnam is not in its programme (2026 expansion went to India and Thailand).,AFN-38; AFN-39; demand_moves.csv,VN-adjacent,Medium,stated,Funder's stated scope read against the item; 'stated' is the funder's stated priority (revealed evidence of what it will pay for).
FFT-250,DMV-18,Eight-digit customs subheadings for plant proteins,F09,Lever Foundation,outside remit,Outside corporate procurement-ratio work.,AFN-38; AFN-39; demand_moves.csv,VN-adjacent,Medium,stated,Funder's stated scope read against the item; 'stated' is the funder's stated priority (revealed evidence of what it will pay for).
FFT-251,DMV-19,"Use and protect EU, UK and Japanese tariff preferences",F09,Lever Foundation,outside remit,Outside corporate procurement-ratio work.,AFN-38; AFN-39; demand_moves.csv,VN-adjacent,Medium,stated,Funder's stated scope read against the item; 'stated' is the funder's stated priority (revealed evidence of what it will pay for).
FFT-252,TPP-01,Domestic textured soy or soy-gluten protein,F09,Lever Foundation,outside remit,Outside corporate procurement-ratio work.,AFN-38; AFN-39; target_product_profiles.csv,VN-adjacent,Medium,stated,Funder's stated scope read against the item; 'stated' is the funder's stated priority (revealed evidence of what it will pay for).
FFT-253,TPP-02,Higher-protein chay foods,F09,Lever Foundation,outside remit,Outside corporate procurement-ratio work.,AFN-38; AFN-39; target_product_profiles.csv,VN-adjacent,Medium,stated,Funder's stated scope read against the item; 'stated' is the funder's stated priority (revealed evidence of what it will pay for).
FFT-254,TPP-03,Hybrid extender for processed meat,F09,Lever Foundation,outside remit,Outside corporate procurement-ratio work.,AFN-38; AFN-39; target_product_profiles.csv,VN-adjacent,Medium,stated,Funder's stated scope read against the item; 'stated' is the funder's stated priority (revealed evidence of what it will pay for).
FFT-255,TPP-04,Canteen protein ingredient and dish base,F09,Lever Foundation,not in geography,A canteen or hotel protein ingredient serves procurement-ratio commitments; not in Vietnam.,AFN-38; AFN-39; target_product_profiles.csv,VN-adjacent,Medium,stated,Funder's stated scope read against the item; 'stated' is the funder's stated priority (revealed evidence of what it will pay for).
FFT-256,TPP-05,Rice or mung bean isolate for plant milks,F09,Lever Foundation,outside remit,Outside corporate procurement-ratio work.,AFN-38; AFN-39; target_product_profiles.csv,VN-adjacent,Medium,stated,Funder's stated scope read against the item; 'stated' is the funder's stated priority (revealed evidence of what it will pay for).
FFT-257,TPP-06,Fungal biomass functional ingredient,F09,Lever Foundation,outside remit,Outside corporate procurement-ratio work.,AFN-38; AFN-39; target_product_profiles.csv,VN-adjacent,Medium,stated,Funder's stated scope read against the item; 'stated' is the funder's stated priority (revealed evidence of what it will pay for).
FFT-258,TPP-07,Precision-fermented specialty protein,F09,Lever Foundation,outside remit,Outside corporate procurement-ratio work.,AFN-38; AFN-39; target_product_profiles.csv,VN-adjacent,Medium,stated,Funder's stated scope read against the item; 'stated' is the funder's stated priority (revealed evidence of what it will pay for).
FFT-259,TPP-08,"Export private-label plant foods (EU, UK)",F09,Lever Foundation,outside remit,Outside corporate procurement-ratio work.,AFN-38; AFN-39; target_product_profiles.csv,VN-adjacent,Medium,stated,Funder's stated scope read against the item; 'stated' is the funder's stated priority (revealed evidence of what it will pay for).
FFT-260,TPP-09,Diaspora protein-upgraded chay,F09,Lever Foundation,outside remit,Outside corporate procurement-ratio work.,AFN-38; AFN-39; target_product_profiles.csv,VN-adjacent,Medium,stated,Funder's stated scope read against the item; 'stated' is the funder's stated priority (revealed evidence of what it will pay for).
FFT-261,TPP-10,Cultivated meat or seafood,F09,Lever Foundation,outside remit,Outside corporate procurement-ratio work.,AFN-38; AFN-39; target_product_profiles.csv,VN-adjacent,Medium,stated,Funder's stated scope read against the item; 'stated' is the funder's stated priority (revealed evidence of what it will pay for).
FFT-262,DMV-01,Chay-day question in a probability survey,F10,Rockefeller Foundation school meals and the School Meals Coalition,outside remit,Not a school-meal procurement or financing item.,AFN-32; AFN-33; APR-38; demand_moves.csv,VN-adjacent,Medium,stated,Funder's stated scope read against the item; 'stated' is the funder's stated priority (revealed evidence of what it will pay for).
FFT-263,DMV-02,"Declaration-level customs analysis (food vs feed, named buyers)",F10,Rockefeller Foundation school meals and the School Meals Coalition,outside remit,Not a school-meal procurement or financing item.,AFN-32; AFN-33; APR-38; demand_moves.csv,VN-adjacent,Medium,stated,Funder's stated scope read against the item; 'stated' is the funder's stated priority (revealed evidence of what it will pay for).
FFT-264,DMV-03,Vietnamese sensory and choice-test capacity,F10,Rockefeller Foundation school meals and the School Meals Coalition,outside remit,Not a school-meal procurement or financing item.,AFN-32; AFN-33; APR-38; demand_moves.csv,VN-adjacent,Medium,stated,Funder's stated scope read against the item; 'stated' is the funder's stated priority (revealed evidence of what it will pay for).
FFT-265,DMV-04,Randomised label and name test,F10,Rockefeller Foundation school meals and the School Meals Coalition,outside remit,Not a school-meal procurement or financing item.,AFN-32; AFN-33; APR-38; demand_moves.csv,VN-adjacent,Medium,stated,Funder's stated scope read against the item; 'stated' is the funder's stated priority (revealed evidence of what it will pay for).
FFT-266,DMV-05,Canteen trial with one large caterer (chay days or protein extender),F10,Rockefeller Foundation school meals and the School Meals Coalition,outside remit,Not a school-meal procurement or financing item.,AFN-32; AFN-33; APR-38; demand_moves.csv,VN-adjacent,Medium,stated,Funder's stated scope read against the item; 'stated' is the funder's stated priority (revealed evidence of what it will pay for).
FFT-267,DMV-06,In-store test of protein-upgraded chay in 20 minimarts,F10,Rockefeller Foundation school meals and the School Meals Coalition,outside remit,Not a school-meal procurement or financing item.,AFN-32; AFN-33; APR-38; demand_moves.csv,VN-adjacent,Medium,stated,Funder's stated scope read against the item; 'stated' is the funder's stated priority (revealed evidence of what it will pay for).
FFT-268,DMV-07,Chay composition and authenticity survey,F10,Rockefeller Foundation school meals and the School Meals Coalition,outside remit,Not a school-meal procurement or financing item.,AFN-32; AFN-33; APR-38; demand_moves.csv,VN-adjacent,Medium,stated,Funder's stated scope read against the item; 'stated' is the funder's stated priority (revealed evidence of what it will pay for).
FFT-269,DMV-08,Standing panel of research and procurement buyers,F10,Rockefeller Foundation school meals and the School Meals Coalition,outside remit,Not a school-meal procurement or financing item.,AFN-32; AFN-33; APR-38; demand_moves.csv,VN-adjacent,Medium,stated,Funder's stated scope read against the item; 'stated' is the funder's stated priority (revealed evidence of what it will pay for).
FFT-270,DMV-09,Share of meat eaten as processed products,F10,Rockefeller Foundation school meals and the School Meals Coalition,outside remit,Not a school-meal procurement or financing item.,AFN-32; AFN-33; APR-38; demand_moves.csv,VN-adjacent,Medium,stated,Funder's stated scope read against the item; 'stated' is the funder's stated priority (revealed evidence of what it will pay for).
FFT-271,DMV-10,Nha Trang hotel and menu audit,F10,Rockefeller Foundation school meals and the School Meals Coalition,outside remit,Not a school-meal procurement or financing item.,AFN-32; AFN-33; APR-38; demand_moves.csv,VN-adjacent,Medium,stated,Funder's stated scope read against the item; 'stated' is the funder's stated priority (revealed evidence of what it will pay for).
FFT-272,DMV-11,Survey of EU and UK private-label and seafood buyers,F10,Rockefeller Foundation school meals and the School Meals Coalition,outside remit,Not a school-meal procurement or financing item.,AFN-32; AFN-33; APR-38; demand_moves.csv,VN-adjacent,Medium,stated,Funder's stated scope read against the item; 'stated' is the funder's stated priority (revealed evidence of what it will pay for).
FFT-273,DMV-12,Feed carbon-footprint benchmark for shrimp and pangasius feed,F10,Rockefeller Foundation school meals and the School Meals Coalition,outside remit,Not a school-meal procurement or financing item.,AFN-32; AFN-33; APR-38; demand_moves.csv,VN-adjacent,Medium,stated,Funder's stated scope read against the item; 'stated' is the funder's stated priority (revealed evidence of what it will pay for).
FFT-274,DMV-13,Define chay and vegetarian claims (TCVN 13625),F10,Rockefeller Foundation school meals and the School Meals Coalition,outside remit,Not a school-meal procurement or financing item.,AFN-32; AFN-33; APR-38; demand_moves.csv,VN-adjacent,Medium,stated,Funder's stated scope read against the item; 'stated' is the funder's stated priority (revealed evidence of what it will pay for).
FFT-275,DMV-14,Honest percentage labelling of blended meat,F10,Rockefeller Foundation school meals and the School Meals Coalition,outside remit,Not a school-meal procurement or financing item.,AFN-32; AFN-33; APR-38; demand_moves.csv,VN-adjacent,Medium,stated,Funder's stated scope read against the item; 'stated' is the funder's stated priority (revealed evidence of what it will pay for).
FFT-276,DMV-15,Neutral naming guidance avoiding nhan tao,F10,Rockefeller Foundation school meals and the School Meals Coalition,outside remit,Not a school-meal procurement or financing item.,AFN-32; AFN-33; APR-38; demand_moves.csv,VN-adjacent,Medium,stated,Funder's stated scope read against the item; 'stated' is the funder's stated priority (revealed evidence of what it will pay for).
FFT-277,DMV-16,GMO declaration status of purified precision-fermented proteins,F10,Rockefeller Foundation school meals and the School Meals Coalition,outside remit,Not a school-meal procurement or financing item.,AFN-32; AFN-33; APR-38; demand_moves.csv,VN-adjacent,Medium,stated,Funder's stated scope read against the item; 'stated' is the funder's stated priority (revealed evidence of what it will pay for).
FFT-278,DMV-17,Public-meal protein guidance on quality and cost; Dispatch 64 supplier documents,F10,Rockefeller Foundation school meals and the School Meals Coalition,not in geography,School-meal procurement is its lever (favouring local and regenerative sourcing); Vietnam not named and not a coalition member.,AFN-32; AFN-33; APR-38; demand_moves.csv,VN-adjacent,Medium,stated,Funder's stated scope read against the item; 'stated' is the funder's stated priority (revealed evidence of what it will pay for).
FFT-279,DMV-18,Eight-digit customs subheadings for plant proteins,F10,Rockefeller Foundation school meals and the School Meals Coalition,outside remit,Not a school-meal procurement or financing item.,AFN-32; AFN-33; APR-38; demand_moves.csv,VN-adjacent,Medium,stated,Funder's stated scope read against the item; 'stated' is the funder's stated priority (revealed evidence of what it will pay for).
FFT-280,DMV-19,"Use and protect EU, UK and Japanese tariff preferences",F10,Rockefeller Foundation school meals and the School Meals Coalition,outside remit,Not a school-meal procurement or financing item.,AFN-32; AFN-33; APR-38; demand_moves.csv,VN-adjacent,Medium,stated,Funder's stated scope read against the item; 'stated' is the funder's stated priority (revealed evidence of what it will pay for).
FFT-281,TPP-01,Domestic textured soy or soy-gluten protein,F10,Rockefeller Foundation school meals and the School Meals Coalition,outside remit,Not a school-meal procurement or financing item.,AFN-32; AFN-33; APR-38; target_product_profiles.csv,VN-adjacent,Medium,stated,Funder's stated scope read against the item; 'stated' is the funder's stated priority (revealed evidence of what it will pay for).
FFT-282,TPP-02,Higher-protein chay foods,F10,Rockefeller Foundation school meals and the School Meals Coalition,outside remit,Not a school-meal procurement or financing item.,AFN-32; AFN-33; APR-38; target_product_profiles.csv,VN-adjacent,Medium,stated,Funder's stated scope read against the item; 'stated' is the funder's stated priority (revealed evidence of what it will pay for).
FFT-283,TPP-03,Hybrid extender for processed meat,F10,Rockefeller Foundation school meals and the School Meals Coalition,outside remit,Not a school-meal procurement or financing item.,AFN-32; AFN-33; APR-38; target_product_profiles.csv,VN-adjacent,Medium,stated,Funder's stated scope read against the item; 'stated' is the funder's stated priority (revealed evidence of what it will pay for).
FFT-284,TPP-04,Canteen protein ingredient and dish base,F10,Rockefeller Foundation school meals and the School Meals Coalition,not in geography,Only the school-meal version would be relevant; Vietnam not covered.,AFN-32; AFN-33; APR-38; target_product_profiles.csv,VN-adjacent,Medium,stated,Funder's stated scope read against the item; 'stated' is the funder's stated priority (revealed evidence of what it will pay for).
FFT-285,TPP-05,Rice or mung bean isolate for plant milks,F10,Rockefeller Foundation school meals and the School Meals Coalition,outside remit,Not a school-meal procurement or financing item.,AFN-32; AFN-33; APR-38; target_product_profiles.csv,VN-adjacent,Medium,stated,Funder's stated scope read against the item; 'stated' is the funder's stated priority (revealed evidence of what it will pay for).
FFT-286,TPP-06,Fungal biomass functional ingredient,F10,Rockefeller Foundation school meals and the School Meals Coalition,outside remit,Not a school-meal procurement or financing item.,AFN-32; AFN-33; APR-38; target_product_profiles.csv,VN-adjacent,Medium,stated,Funder's stated scope read against the item; 'stated' is the funder's stated priority (revealed evidence of what it will pay for).
FFT-287,TPP-07,Precision-fermented specialty protein,F10,Rockefeller Foundation school meals and the School Meals Coalition,outside remit,Not a school-meal procurement or financing item.,AFN-32; AFN-33; APR-38; target_product_profiles.csv,VN-adjacent,Medium,stated,Funder's stated scope read against the item; 'stated' is the funder's stated priority (revealed evidence of what it will pay for).
FFT-288,TPP-08,"Export private-label plant foods (EU, UK)",F10,Rockefeller Foundation school meals and the School Meals Coalition,outside remit,Not a school-meal procurement or financing item.,AFN-32; AFN-33; APR-38; target_product_profiles.csv,VN-adjacent,Medium,stated,Funder's stated scope read against the item; 'stated' is the funder's stated priority (revealed evidence of what it will pay for).
FFT-289,TPP-09,Diaspora protein-upgraded chay,F10,Rockefeller Foundation school meals and the School Meals Coalition,outside remit,Not a school-meal procurement or financing item.,AFN-32; AFN-33; APR-38; target_product_profiles.csv,VN-adjacent,Medium,stated,Funder's stated scope read against the item; 'stated' is the funder's stated priority (revealed evidence of what it will pay for).
FFT-290,TPP-10,Cultivated meat or seafood,F10,Rockefeller Foundation school meals and the School Meals Coalition,outside remit,Not a school-meal procurement or financing item.,AFN-32; AFN-33; APR-38; target_product_profiles.csv,VN-adjacent,Medium,stated,Funder's stated scope read against the item; 'stated' is the funder's stated priority (revealed evidence of what it will pay for).
FFT-291,DMV-01,Chay-day question in a probability survey,F11,ADB Ventures,outside remit,A venture investor; does not fund public goods or rules.,AIS-22; CAP-45; demand_moves.csv,VN-direct,Medium,stated,Funder's stated scope read against the item; 'stated' is the funder's stated priority (revealed evidence of what it will pay for).
FFT-292,DMV-02,"Declaration-level customs analysis (food vs feed, named buyers)",F11,ADB Ventures,outside remit,A venture investor; does not fund public goods or rules.,AIS-22; CAP-45; demand_moves.csv,VN-direct,Medium,stated,Funder's stated scope read against the item; 'stated' is the funder's stated priority (revealed evidence of what it will pay for).
FFT-293,DMV-03,Vietnamese sensory and choice-test capacity,F11,ADB Ventures,outside remit,A venture investor; does not fund public goods or rules.,AIS-22; CAP-45; demand_moves.csv,VN-direct,Medium,stated,Funder's stated scope read against the item; 'stated' is the funder's stated priority (revealed evidence of what it will pay for).
FFT-294,DMV-04,Randomised label and name test,F11,ADB Ventures,outside remit,A venture investor; does not fund public goods or rules.,AIS-22; CAP-45; demand_moves.csv,VN-direct,Medium,stated,Funder's stated scope read against the item; 'stated' is the funder's stated priority (revealed evidence of what it will pay for).
FFT-295,DMV-05,Canteen trial with one large caterer (chay days or protein extender),F11,ADB Ventures,outside remit,A venture investor; does not fund public goods or rules.,AIS-22; CAP-45; demand_moves.csv,VN-direct,Medium,stated,Funder's stated scope read against the item; 'stated' is the funder's stated priority (revealed evidence of what it will pay for).
FFT-296,DMV-06,In-store test of protein-upgraded chay in 20 minimarts,F11,ADB Ventures,outside remit,A venture investor; does not fund public goods or rules.,AIS-22; CAP-45; demand_moves.csv,VN-direct,Medium,stated,Funder's stated scope read against the item; 'stated' is the funder's stated priority (revealed evidence of what it will pay for).
FFT-297,DMV-07,Chay composition and authenticity survey,F11,ADB Ventures,outside remit,A venture investor; does not fund public goods or rules.,AIS-22; CAP-45; demand_moves.csv,VN-direct,Medium,stated,Funder's stated scope read against the item; 'stated' is the funder's stated priority (revealed evidence of what it will pay for).
FFT-298,DMV-08,Standing panel of research and procurement buyers,F11,ADB Ventures,outside remit,A venture investor; does not fund public goods or rules.,AIS-22; CAP-45; demand_moves.csv,VN-direct,Medium,stated,Funder's stated scope read against the item; 'stated' is the funder's stated priority (revealed evidence of what it will pay for).
FFT-299,DMV-09,Share of meat eaten as processed products,F11,ADB Ventures,outside remit,A venture investor; does not fund public goods or rules.,AIS-22; CAP-45; demand_moves.csv,VN-direct,Medium,stated,Funder's stated scope read against the item; 'stated' is the funder's stated priority (revealed evidence of what it will pay for).
FFT-300,DMV-10,Nha Trang hotel and menu audit,F11,ADB Ventures,outside remit,A venture investor; does not fund public goods or rules.,AIS-22; CAP-45; demand_moves.csv,VN-direct,Medium,stated,Funder's stated scope read against the item; 'stated' is the funder's stated priority (revealed evidence of what it will pay for).
FFT-301,DMV-11,Survey of EU and UK private-label and seafood buyers,F11,ADB Ventures,outside remit,A venture investor; does not fund public goods or rules.,AIS-22; CAP-45; demand_moves.csv,VN-direct,Medium,stated,Funder's stated scope read against the item; 'stated' is the funder's stated priority (revealed evidence of what it will pay for).
FFT-302,DMV-12,Feed carbon-footprint benchmark for shrimp and pangasius feed,F11,ADB Ventures,partial,"Climate-relevant, but a benchmark is a public good; ADB technical assistance fits better than venture money.",AIS-22; CAP-45; demand_moves.csv,VN-direct,Medium,stated,Funder's stated scope read against the item; 'stated' is the funder's stated priority (revealed evidence of what it will pay for).
FFT-303,DMV-13,Define chay and vegetarian claims (TCVN 13625),F11,ADB Ventures,outside remit,A venture investor; does not fund public goods or rules.,AIS-22; CAP-45; demand_moves.csv,VN-direct,Medium,stated,Funder's stated scope read against the item; 'stated' is the funder's stated priority (revealed evidence of what it will pay for).
FFT-304,DMV-14,Honest percentage labelling of blended meat,F11,ADB Ventures,outside remit,A venture investor; does not fund public goods or rules.,AIS-22; CAP-45; demand_moves.csv,VN-direct,Medium,stated,Funder's stated scope read against the item; 'stated' is the funder's stated priority (revealed evidence of what it will pay for).
FFT-305,DMV-15,Neutral naming guidance avoiding nhan tao,F11,ADB Ventures,outside remit,A venture investor; does not fund public goods or rules.,AIS-22; CAP-45; demand_moves.csv,VN-direct,Medium,stated,Funder's stated scope read against the item; 'stated' is the funder's stated priority (revealed evidence of what it will pay for).
FFT-306,DMV-16,GMO declaration status of purified precision-fermented proteins,F11,ADB Ventures,outside remit,A venture investor; does not fund public goods or rules.,AIS-22; CAP-45; demand_moves.csv,VN-direct,Medium,stated,Funder's stated scope read against the item; 'stated' is the funder's stated priority (revealed evidence of what it will pay for).
FFT-307,DMV-17,Public-meal protein guidance on quality and cost; Dispatch 64 supplier documents,F11,ADB Ventures,outside remit,A venture investor; does not fund public goods or rules.,AIS-22; CAP-45; demand_moves.csv,VN-direct,Medium,stated,Funder's stated scope read against the item; 'stated' is the funder's stated priority (revealed evidence of what it will pay for).
FFT-308,DMV-18,Eight-digit customs subheadings for plant proteins,F11,ADB Ventures,outside remit,A venture investor; does not fund public goods or rules.,AIS-22; CAP-45; demand_moves.csv,VN-direct,Medium,stated,Funder's stated scope read against the item; 'stated' is the funder's stated priority (revealed evidence of what it will pay for).
FFT-309,DMV-19,"Use and protect EU, UK and Japanese tariff preferences",F11,ADB Ventures,outside remit,A venture investor; does not fund public goods or rules.,AIS-22; CAP-45; demand_moves.csv,VN-direct,Medium,stated,Funder's stated scope read against the item; 'stated' is the funder's stated priority (revealed evidence of what it will pay for).
FFT-310,TPP-01,Domestic textured soy or soy-gluten protein,F11,ADB Ventures,partial,"An investable B2B ingredient, but import substitution displaces about no meat and no CO2e (soy for soy), so it would not count towards the 80% strong-climate-impact target.",AIS-22; CAP-45; target_product_profiles.csv,VN-direct,Medium,stated,Funder's stated scope read against the item; 'stated' is the funder's stated priority (revealed evidence of what it will pay for).
FFT-311,TPP-02,Higher-protein chay foods,F11,ADB Ventures,partial,Upgrades on existing chay days displace no meat; weak climate case.,AIS-22; CAP-45; target_product_profiles.csv,VN-direct,Medium,stated,Funder's stated scope read against the item; 'stated' is the funder's stated priority (revealed evidence of what it will pay for).
FFT-312,TPP-03,Hybrid extender for processed meat,F11,ADB Ventures,fits,Displaces meat by construction: about 57 t CO2e and about 540 animals per t of protein (our calculation); needs a processor partner.,AIS-22; CAP-45; target_product_profiles.csv,VN-direct,Medium,stated,Funder's stated scope read against the item; 'stated' is the funder's stated priority (revealed evidence of what it will pay for).
FFT-313,TPP-04,Canteen protein ingredient and dish base,F11,ADB Ventures,partial,"Displaces meat (about 45 t CO2e per t of protein), but canteen uptake is unproven and suppliers are small.",AIS-22; CAP-45; target_product_profiles.csv,VN-direct,Medium,stated,Funder's stated scope read against the item; 'stated' is the funder's stated priority (revealed evidence of what it will pay for).
FFT-314,TPP-05,Rice or mung bean isolate for plant milks,F11,ADB Ventures,partial,"Adds protein to plant milk or formula; no measured displacement, so the climate case rests on unmodelled dairy displacement.",AIS-22; CAP-45; target_product_profiles.csv,VN-direct,Medium,stated,Funder's stated scope read against the item; 'stated' is the funder's stated priority (revealed evidence of what it will pay for).
FFT-315,TPP-06,Fungal biomass functional ingredient,F11,ADB Ventures,partial,Displaces meat only when used as an extender; on the Vietnamese grid fungal protein emits 3.8 to 11.7 t CO2e per t of protein.,AIS-22; CAP-45; target_product_profiles.csv,VN-direct,Medium,stated,Funder's stated scope read against the item; 'stated' is the funder's stated priority (revealed evidence of what it will pay for).
FFT-316,TPP-07,Precision-fermented specialty protein,F11,ADB Ventures,partial,"Adds protein to plant milk or formula; no measured displacement, so the climate case rests on unmodelled dairy displacement.",AIS-22; CAP-45; target_product_profiles.csv,VN-direct,Medium,stated,Funder's stated scope read against the item; 'stated' is the funder's stated priority (revealed evidence of what it will pay for).
FFT-317,TPP-08,"Export private-label plant foods (EU, UK)",F11,ADB Ventures,partial,Export manufacturing; displacement abroad is unmeasured.,AIS-22; CAP-45; target_product_profiles.csv,VN-direct,Medium,stated,Funder's stated scope read against the item; 'stated' is the funder's stated priority (revealed evidence of what it will pay for).
FFT-318,TPP-09,Diaspora protein-upgraded chay,F11,ADB Ventures,outside remit,A venture investor; does not fund public goods or rules.,AIS-22; CAP-45; target_product_profiles.csv,VN-direct,Medium,stated,Funder's stated scope read against the item; 'stated' is the funder's stated priority (revealed evidence of what it will pay for).
FFT-319,TPP-10,Cultivated meat or seafood,F11,ADB Ventures,outside remit,A venture investor; does not fund public goods or rules.,AIS-22; CAP-45; target_product_profiles.csv,VN-direct,Medium,stated,Funder's stated scope read against the item; 'stated' is the funder's stated priority (revealed evidence of what it will pay for).
FFT-320,DMV-01,Chay-day question in a probability survey,F12,IFC (World Bank Group),outside remit,IFC invests in companies; public goods are outside its investment remit.,AIS-20; CAP-41; CAP-42; ECO-03; demand_moves.csv,VN-direct,Medium,stated,Funder's stated scope read against the item; 'stated' is the funder's stated priority (revealed evidence of what it will pay for).
FFT-321,DMV-02,"Declaration-level customs analysis (food vs feed, named buyers)",F12,IFC (World Bank Group),outside remit,IFC invests in companies; public goods are outside its investment remit.,AIS-20; CAP-41; CAP-42; ECO-03; demand_moves.csv,VN-direct,Medium,stated,Funder's stated scope read against the item; 'stated' is the funder's stated priority (revealed evidence of what it will pay for).
FFT-322,DMV-03,Vietnamese sensory and choice-test capacity,F12,IFC (World Bank Group),outside remit,IFC invests in companies; public goods are outside its investment remit.,AIS-20; CAP-41; CAP-42; ECO-03; demand_moves.csv,VN-direct,Medium,stated,Funder's stated scope read against the item; 'stated' is the funder's stated priority (revealed evidence of what it will pay for).
FFT-323,DMV-04,Randomised label and name test,F12,IFC (World Bank Group),outside remit,IFC invests in companies; public goods are outside its investment remit.,AIS-20; CAP-41; CAP-42; ECO-03; demand_moves.csv,VN-direct,Medium,stated,Funder's stated scope read against the item; 'stated' is the funder's stated priority (revealed evidence of what it will pay for).
FFT-324,DMV-05,Canteen trial with one large caterer (chay days or protein extender),F12,IFC (World Bank Group),outside remit,IFC invests in companies; public goods are outside its investment remit.,AIS-20; CAP-41; CAP-42; ECO-03; demand_moves.csv,VN-direct,Medium,stated,Funder's stated scope read against the item; 'stated' is the funder's stated priority (revealed evidence of what it will pay for).
FFT-325,DMV-06,In-store test of protein-upgraded chay in 20 minimarts,F12,IFC (World Bank Group),outside remit,IFC invests in companies; public goods are outside its investment remit.,AIS-20; CAP-41; CAP-42; ECO-03; demand_moves.csv,VN-direct,Medium,stated,Funder's stated scope read against the item; 'stated' is the funder's stated priority (revealed evidence of what it will pay for).
FFT-326,DMV-07,Chay composition and authenticity survey,F12,IFC (World Bank Group),outside remit,IFC invests in companies; public goods are outside its investment remit.,AIS-20; CAP-41; CAP-42; ECO-03; demand_moves.csv,VN-direct,Medium,stated,Funder's stated scope read against the item; 'stated' is the funder's stated priority (revealed evidence of what it will pay for).
FFT-327,DMV-08,Standing panel of research and procurement buyers,F12,IFC (World Bank Group),outside remit,IFC invests in companies; public goods are outside its investment remit.,AIS-20; CAP-41; CAP-42; ECO-03; demand_moves.csv,VN-direct,Medium,stated,Funder's stated scope read against the item; 'stated' is the funder's stated priority (revealed evidence of what it will pay for).
FFT-328,DMV-09,Share of meat eaten as processed products,F12,IFC (World Bank Group),outside remit,IFC invests in companies; public goods are outside its investment remit.,AIS-20; CAP-41; CAP-42; ECO-03; demand_moves.csv,VN-direct,Medium,stated,Funder's stated scope read against the item; 'stated' is the funder's stated priority (revealed evidence of what it will pay for).
FFT-329,DMV-10,Nha Trang hotel and menu audit,F12,IFC (World Bank Group),outside remit,IFC invests in companies; public goods are outside its investment remit.,AIS-20; CAP-41; CAP-42; ECO-03; demand_moves.csv,VN-direct,Medium,stated,Funder's stated scope read against the item; 'stated' is the funder's stated priority (revealed evidence of what it will pay for).
FFT-330,DMV-11,Survey of EU and UK private-label and seafood buyers,F12,IFC (World Bank Group),outside remit,IFC invests in companies; public goods are outside its investment remit.,AIS-20; CAP-41; CAP-42; ECO-03; demand_moves.csv,VN-direct,Medium,stated,Funder's stated scope read against the item; 'stated' is the funder's stated priority (revealed evidence of what it will pay for).
FFT-331,DMV-12,Feed carbon-footprint benchmark for shrimp and pangasius feed,F12,IFC (World Bank Group),partial,"A feed footprint benchmark fits IFC advisory work with feed mills (Entobel and Mavin precedents), not investment.",AIS-20; CAP-41; CAP-42; ECO-03; demand_moves.csv,VN-direct,Medium,stated,Funder's stated scope read against the item; 'stated' is the funder's stated priority (revealed evidence of what it will pay for).
FFT-332,DMV-13,Define chay and vegetarian claims (TCVN 13625),F12,IFC (World Bank Group),outside remit,IFC invests in companies; public goods are outside its investment remit.,AIS-20; CAP-41; CAP-42; ECO-03; demand_moves.csv,VN-direct,Medium,stated,Funder's stated scope read against the item; 'stated' is the funder's stated priority (revealed evidence of what it will pay for).
FFT-333,DMV-14,Honest percentage labelling of blended meat,F12,IFC (World Bank Group),outside remit,IFC invests in companies; public goods are outside its investment remit.,AIS-20; CAP-41; CAP-42; ECO-03; demand_moves.csv,VN-direct,Medium,stated,Funder's stated scope read against the item; 'stated' is the funder's stated priority (revealed evidence of what it will pay for).
FFT-334,DMV-15,Neutral naming guidance avoiding nhan tao,F12,IFC (World Bank Group),outside remit,IFC invests in companies; public goods are outside its investment remit.,AIS-20; CAP-41; CAP-42; ECO-03; demand_moves.csv,VN-direct,Medium,stated,Funder's stated scope read against the item; 'stated' is the funder's stated priority (revealed evidence of what it will pay for).
FFT-335,DMV-16,GMO declaration status of purified precision-fermented proteins,F12,IFC (World Bank Group),outside remit,IFC invests in companies; public goods are outside its investment remit.,AIS-20; CAP-41; CAP-42; ECO-03; demand_moves.csv,VN-direct,Medium,stated,Funder's stated scope read against the item; 'stated' is the funder's stated priority (revealed evidence of what it will pay for).
FFT-336,DMV-17,Public-meal protein guidance on quality and cost; Dispatch 64 supplier documents,F12,IFC (World Bank Group),outside remit,IFC invests in companies; public goods are outside its investment remit.,AIS-20; CAP-41; CAP-42; ECO-03; demand_moves.csv,VN-direct,Medium,stated,Funder's stated scope read against the item; 'stated' is the funder's stated priority (revealed evidence of what it will pay for).
FFT-337,DMV-18,Eight-digit customs subheadings for plant proteins,F12,IFC (World Bank Group),outside remit,IFC invests in companies; public goods are outside its investment remit.,AIS-20; CAP-41; CAP-42; ECO-03; demand_moves.csv,VN-direct,Medium,stated,Funder's stated scope read against the item; 'stated' is the funder's stated priority (revealed evidence of what it will pay for).
FFT-338,DMV-19,"Use and protect EU, UK and Japanese tariff preferences",F12,IFC (World Bank Group),outside remit,IFC invests in companies; public goods are outside its investment remit.,AIS-20; CAP-41; CAP-42; ECO-03; demand_moves.csv,VN-direct,Medium,stated,Funder's stated scope read against the item; 'stated' is the funder's stated priority (revealed evidence of what it will pay for).
FFT-339,TPP-01,Domestic textured soy or soy-gluten protein,F12,IFC (World Bank Group),partial,"Import substitution (about USD 16 to 23 million of imports a year by 2035 on the benchmark path, our calculation) and jobs fit IFC's agribusiness case; ticket size and named offtake are the hurdles, and the climate case is weak.",AIS-20; CAP-41; CAP-42; ECO-03; target_product_profiles.csv,VN-direct,Medium,stated,Funder's stated scope read against the item; 'stated' is the funder's stated priority (revealed evidence of what it will pay for).
FFT-340,TPP-02,Higher-protein chay foods,F12,IFC (World Bank Group),outside remit,IFC invests in companies; public goods are outside its investment remit.,AIS-20; CAP-41; CAP-42; ECO-03; target_product_profiles.csv,VN-direct,Medium,stated,Funder's stated scope read against the item; 'stated' is the funder's stated priority (revealed evidence of what it will pay for).
FFT-341,TPP-03,Hybrid extender for processed meat,F12,IFC (World Bank Group),partial,Ingredient plants supplying large processors or dairies fit IFC's value-chain lens once offtake exists.,AIS-20; CAP-41; CAP-42; ECO-03; target_product_profiles.csv,VN-direct,Medium,stated,Funder's stated scope read against the item; 'stated' is the funder's stated priority (revealed evidence of what it will pay for).
FFT-342,TPP-04,Canteen protein ingredient and dish base,F12,IFC (World Bank Group),outside remit,IFC invests in companies; public goods are outside its investment remit.,AIS-20; CAP-41; CAP-42; ECO-03; target_product_profiles.csv,VN-direct,Medium,stated,Funder's stated scope read against the item; 'stated' is the funder's stated priority (revealed evidence of what it will pay for).
FFT-343,TPP-05,Rice or mung bean isolate for plant milks,F12,IFC (World Bank Group),partial,Ingredient plants supplying large processors or dairies fit IFC's value-chain lens once offtake exists.,AIS-20; CAP-41; CAP-42; ECO-03; target_product_profiles.csv,VN-direct,Medium,stated,Funder's stated scope read against the item; 'stated' is the funder's stated priority (revealed evidence of what it will pay for).
FFT-344,TPP-06,Fungal biomass functional ingredient,F12,IFC (World Bank Group),partial,Ingredient plants supplying large processors or dairies fit IFC's value-chain lens once offtake exists.,AIS-20; CAP-41; CAP-42; ECO-03; target_product_profiles.csv,VN-direct,Medium,stated,Funder's stated scope read against the item; 'stated' is the funder's stated priority (revealed evidence of what it will pay for).
FFT-345,TPP-07,Precision-fermented specialty protein,F12,IFC (World Bank Group),outside remit,IFC invests in companies; public goods are outside its investment remit.,AIS-20; CAP-41; CAP-42; ECO-03; target_product_profiles.csv,VN-direct,Medium,stated,Funder's stated scope read against the item; 'stated' is the funder's stated priority (revealed evidence of what it will pay for).
FFT-346,TPP-08,"Export private-label plant foods (EU, UK)",F12,IFC (World Bank Group),partial,Export co-packing by seafood or cashew processors fits IFC's existing Vietnamese clients.,AIS-20; CAP-41; CAP-42; ECO-03; target_product_profiles.csv,VN-direct,Medium,stated,Funder's stated scope read against the item; 'stated' is the funder's stated priority (revealed evidence of what it will pay for).
FFT-347,TPP-09,Diaspora protein-upgraded chay,F12,IFC (World Bank Group),outside remit,IFC invests in companies; public goods are outside its investment remit.,AIS-20; CAP-41; CAP-42; ECO-03; target_product_profiles.csv,VN-direct,Medium,stated,Funder's stated scope read against the item; 'stated' is the funder's stated priority (revealed evidence of what it will pay for).
FFT-348,TPP-10,Cultivated meat or seafood,F12,IFC (World Bank Group),outside remit,IFC invests in companies; public goods are outside its investment remit.,AIS-20; CAP-41; CAP-42; ECO-03; target_product_profiles.csv,VN-direct,Medium,stated,Funder's stated scope read against the item; 'stated' is the funder's stated priority (revealed evidence of what it will pay for).
FFT-349,DMV-01,Chay-day question in a probability survey,F13,UNICEF Viet Nam (Country Programme 2027 to 2031),partial,A diet-survey item fits nutrition monitoring.,APR-27; demand_moves.csv,VN-direct,Medium,stated,Funder's stated scope read against the item; 'stated' is the funder's stated priority (revealed evidence of what it will pay for).
FFT-350,DMV-02,"Declaration-level customs analysis (food vs feed, named buyers)",F13,UNICEF Viet Nam (Country Programme 2027 to 2031),outside remit,Not a child-nutrition or school-food item.,APR-27; demand_moves.csv,VN-direct,Medium,stated,Funder's stated scope read against the item; 'stated' is the funder's stated priority (revealed evidence of what it will pay for).
FFT-351,DMV-03,Vietnamese sensory and choice-test capacity,F13,UNICEF Viet Nam (Country Programme 2027 to 2031),outside remit,Not a child-nutrition or school-food item.,APR-27; demand_moves.csv,VN-direct,Medium,stated,Funder's stated scope read against the item; 'stated' is the funder's stated priority (revealed evidence of what it will pay for).
FFT-352,DMV-04,Randomised label and name test,F13,UNICEF Viet Nam (Country Programme 2027 to 2031),outside remit,Not a child-nutrition or school-food item.,APR-27; demand_moves.csv,VN-direct,Medium,stated,Funder's stated scope read against the item; 'stated' is the funder's stated priority (revealed evidence of what it will pay for).
FFT-353,DMV-05,Canteen trial with one large caterer (chay days or protein extender),F13,UNICEF Viet Nam (Country Programme 2027 to 2031),outside remit,Not a child-nutrition or school-food item.,APR-27; demand_moves.csv,VN-direct,Medium,stated,Funder's stated scope read against the item; 'stated' is the funder's stated priority (revealed evidence of what it will pay for).
FFT-354,DMV-06,In-store test of protein-upgraded chay in 20 minimarts,F13,UNICEF Viet Nam (Country Programme 2027 to 2031),outside remit,Not a child-nutrition or school-food item.,APR-27; demand_moves.csv,VN-direct,Medium,stated,Funder's stated scope read against the item; 'stated' is the funder's stated priority (revealed evidence of what it will pay for).
FFT-355,DMV-07,Chay composition and authenticity survey,F13,UNICEF Viet Nam (Country Programme 2027 to 2031),partial,"Composition data on chay foods (protein, additives, sodium) feed healthy-food standards and marketing rules.",APR-27; demand_moves.csv,VN-direct,Medium,stated,Funder's stated scope read against the item; 'stated' is the funder's stated priority (revealed evidence of what it will pay for).
FFT-356,DMV-08,Standing panel of research and procurement buyers,F13,UNICEF Viet Nam (Country Programme 2027 to 2031),outside remit,Not a child-nutrition or school-food item.,APR-27; demand_moves.csv,VN-direct,Medium,stated,Funder's stated scope read against the item; 'stated' is the funder's stated priority (revealed evidence of what it will pay for).
FFT-357,DMV-09,Share of meat eaten as processed products,F13,UNICEF Viet Nam (Country Programme 2027 to 2031),outside remit,Not a child-nutrition or school-food item.,APR-27; demand_moves.csv,VN-direct,Medium,stated,Funder's stated scope read against the item; 'stated' is the funder's stated priority (revealed evidence of what it will pay for).
FFT-358,DMV-10,Nha Trang hotel and menu audit,F13,UNICEF Viet Nam (Country Programme 2027 to 2031),outside remit,Not a child-nutrition or school-food item.,APR-27; demand_moves.csv,VN-direct,Medium,stated,Funder's stated scope read against the item; 'stated' is the funder's stated priority (revealed evidence of what it will pay for).
FFT-359,DMV-11,Survey of EU and UK private-label and seafood buyers,F13,UNICEF Viet Nam (Country Programme 2027 to 2031),outside remit,Not a child-nutrition or school-food item.,APR-27; demand_moves.csv,VN-direct,Medium,stated,Funder's stated scope read against the item; 'stated' is the funder's stated priority (revealed evidence of what it will pay for).
FFT-360,DMV-12,Feed carbon-footprint benchmark for shrimp and pangasius feed,F13,UNICEF Viet Nam (Country Programme 2027 to 2031),outside remit,Not a child-nutrition or school-food item.,APR-27; demand_moves.csv,VN-direct,Medium,stated,Funder's stated scope read against the item; 'stated' is the funder's stated priority (revealed evidence of what it will pay for).
FFT-361,DMV-13,Define chay and vegetarian claims (TCVN 13625),F13,UNICEF Viet Nam (Country Programme 2027 to 2031),outside remit,Not a child-nutrition or school-food item.,APR-27; demand_moves.csv,VN-direct,Medium,stated,Funder's stated scope read against the item; 'stated' is the funder's stated priority (revealed evidence of what it will pay for).
FFT-362,DMV-14,Honest percentage labelling of blended meat,F13,UNICEF Viet Nam (Country Programme 2027 to 2031),outside remit,Not a child-nutrition or school-food item.,APR-27; demand_moves.csv,VN-direct,Medium,stated,Funder's stated scope read against the item; 'stated' is the funder's stated priority (revealed evidence of what it will pay for).
FFT-363,DMV-15,Neutral naming guidance avoiding nhan tao,F13,UNICEF Viet Nam (Country Programme 2027 to 2031),outside remit,Not a child-nutrition or school-food item.,APR-27; demand_moves.csv,VN-direct,Medium,stated,Funder's stated scope read against the item; 'stated' is the funder's stated priority (revealed evidence of what it will pay for).
FFT-364,DMV-16,GMO declaration status of purified precision-fermented proteins,F13,UNICEF Viet Nam (Country Programme 2027 to 2031),outside remit,Not a child-nutrition or school-food item.,APR-27; demand_moves.csv,VN-direct,Medium,stated,Funder's stated scope read against the item; 'stated' is the funder's stated priority (revealed evidence of what it will pay for).
FFT-365,DMV-17,Public-meal protein guidance on quality and cost; Dispatch 64 supplier documents,F13,UNICEF Viet Nam (Country Programme 2027 to 2031),partial,"UNICEF will help strengthen school food standards (CPD para 18); a protein-quality basis fits, but meat reduction is not its aim and processed plant products will be judged on sodium and processing.",APR-27; demand_moves.csv,VN-direct,Medium,stated,Funder's stated scope read against the item; 'stated' is the funder's stated priority (revealed evidence of what it will pay for).
FFT-366,DMV-18,Eight-digit customs subheadings for plant proteins,F13,UNICEF Viet Nam (Country Programme 2027 to 2031),outside remit,Not a child-nutrition or school-food item.,APR-27; demand_moves.csv,VN-direct,Medium,stated,Funder's stated scope read against the item; 'stated' is the funder's stated priority (revealed evidence of what it will pay for).
FFT-367,DMV-19,"Use and protect EU, UK and Japanese tariff preferences",F13,UNICEF Viet Nam (Country Programme 2027 to 2031),outside remit,Not a child-nutrition or school-food item.,APR-27; demand_moves.csv,VN-direct,Medium,stated,Funder's stated scope read against the item; 'stated' is the funder's stated priority (revealed evidence of what it will pay for).
FFT-368,TPP-01,Domestic textured soy or soy-gluten protein,F13,UNICEF Viet Nam (Country Programme 2027 to 2031),outside remit,Not a child-nutrition or school-food item.,APR-27; target_product_profiles.csv,VN-direct,Medium,stated,Funder's stated scope read against the item; 'stated' is the funder's stated priority (revealed evidence of what it will pay for).
FFT-369,TPP-02,Higher-protein chay foods,F13,UNICEF Viet Nam (Country Programme 2027 to 2031),outside remit,Not a child-nutrition or school-food item.,APR-27; target_product_profiles.csv,VN-direct,Medium,stated,Funder's stated scope read against the item; 'stated' is the funder's stated priority (revealed evidence of what it will pay for).
FFT-370,TPP-03,Hybrid extender for processed meat,F13,UNICEF Viet Nam (Country Programme 2027 to 2031),outside remit,Not a child-nutrition or school-food item.,APR-27; target_product_profiles.csv,VN-direct,Medium,stated,Funder's stated scope read against the item; 'stated' is the funder's stated priority (revealed evidence of what it will pay for).
FFT-371,TPP-04,Canteen protein ingredient and dish base,F13,UNICEF Viet Nam (Country Programme 2027 to 2031),partial,"Only the school version, and only if it beats eggs and milk on nutrients per VND.",APR-27; target_product_profiles.csv,VN-direct,Medium,stated,Funder's stated scope read against the item; 'stated' is the funder's stated priority (revealed evidence of what it will pay for).
FFT-372,TPP-05,Rice or mung bean isolate for plant milks,F13,UNICEF Viet Nam (Country Programme 2027 to 2031),outside remit,Not a child-nutrition or school-food item.,APR-27; target_product_profiles.csv,VN-direct,Medium,stated,Funder's stated scope read against the item; 'stated' is the funder's stated priority (revealed evidence of what it will pay for).
FFT-373,TPP-06,Fungal biomass functional ingredient,F13,UNICEF Viet Nam (Country Programme 2027 to 2031),outside remit,Not a child-nutrition or school-food item.,APR-27; target_product_profiles.csv,VN-direct,Medium,stated,Funder's stated scope read against the item; 'stated' is the funder's stated priority (revealed evidence of what it will pay for).
FFT-374,TPP-07,Precision-fermented specialty protein,F13,UNICEF Viet Nam (Country Programme 2027 to 2031),outside remit,Not a child-nutrition or school-food item.,APR-27; target_product_profiles.csv,VN-direct,Medium,stated,Funder's stated scope read against the item; 'stated' is the funder's stated priority (revealed evidence of what it will pay for).
FFT-375,TPP-08,"Export private-label plant foods (EU, UK)",F13,UNICEF Viet Nam (Country Programme 2027 to 2031),outside remit,Not a child-nutrition or school-food item.,APR-27; target_product_profiles.csv,VN-direct,Medium,stated,Funder's stated scope read against the item; 'stated' is the funder's stated priority (revealed evidence of what it will pay for).
FFT-376,TPP-09,Diaspora protein-upgraded chay,F13,UNICEF Viet Nam (Country Programme 2027 to 2031),outside remit,Not a child-nutrition or school-food item.,APR-27; target_product_profiles.csv,VN-direct,Medium,stated,Funder's stated scope read against the item; 'stated' is the funder's stated priority (revealed evidence of what it will pay for).
FFT-377,TPP-10,Cultivated meat or seafood,F13,UNICEF Viet Nam (Country Programme 2027 to 2031),outside remit,Not a child-nutrition or school-food item.,APR-27; target_product_profiles.csv,VN-direct,Medium,stated,Funder's stated scope read against the item; 'stated' is the funder's stated priority (revealed evidence of what it will pay for).
FFT-378,DMV-01,Chay-day question in a probability survey,F14,ACIAR (Australia),outside remit,Not an agricultural research-for-development topic.,APR-35; demand_moves.csv,VN-direct,Medium,stated,Funder's stated scope read against the item; 'stated' is the funder's stated priority (revealed evidence of what it will pay for).
FFT-379,DMV-02,"Declaration-level customs analysis (food vs feed, named buyers)",F14,ACIAR (Australia),outside remit,Not an agricultural research-for-development topic.,APR-35; demand_moves.csv,VN-direct,Medium,stated,Funder's stated scope read against the item; 'stated' is the funder's stated priority (revealed evidence of what it will pay for).
FFT-380,DMV-03,Vietnamese sensory and choice-test capacity,F14,ACIAR (Australia),outside remit,Not an agricultural research-for-development topic.,APR-35; demand_moves.csv,VN-direct,Medium,stated,Funder's stated scope read against the item; 'stated' is the funder's stated priority (revealed evidence of what it will pay for).
FFT-381,DMV-04,Randomised label and name test,F14,ACIAR (Australia),outside remit,Not an agricultural research-for-development topic.,APR-35; demand_moves.csv,VN-direct,Medium,stated,Funder's stated scope read against the item; 'stated' is the funder's stated priority (revealed evidence of what it will pay for).
FFT-382,DMV-05,Canteen trial with one large caterer (chay days or protein extender),F14,ACIAR (Australia),outside remit,Not an agricultural research-for-development topic.,APR-35; demand_moves.csv,VN-direct,Medium,stated,Funder's stated scope read against the item; 'stated' is the funder's stated priority (revealed evidence of what it will pay for).
FFT-383,DMV-06,In-store test of protein-upgraded chay in 20 minimarts,F14,ACIAR (Australia),outside remit,Not an agricultural research-for-development topic.,APR-35; demand_moves.csv,VN-direct,Medium,stated,Funder's stated scope read against the item; 'stated' is the funder's stated priority (revealed evidence of what it will pay for).
FFT-384,DMV-07,Chay composition and authenticity survey,F14,ACIAR (Australia),partial,"Food-safety research (authenticity, meat DNA) fits its food-safety theme.",APR-35; demand_moves.csv,VN-direct,Medium,stated,Funder's stated scope read against the item; 'stated' is the funder's stated priority (revealed evidence of what it will pay for).
FFT-385,DMV-08,Standing panel of research and procurement buyers,F14,ACIAR (Australia),outside remit,Not an agricultural research-for-development topic.,APR-35; demand_moves.csv,VN-direct,Medium,stated,Funder's stated scope read against the item; 'stated' is the funder's stated priority (revealed evidence of what it will pay for).
FFT-386,DMV-09,Share of meat eaten as processed products,F14,ACIAR (Australia),outside remit,Not an agricultural research-for-development topic.,APR-35; demand_moves.csv,VN-direct,Medium,stated,Funder's stated scope read against the item; 'stated' is the funder's stated priority (revealed evidence of what it will pay for).
FFT-387,DMV-10,Nha Trang hotel and menu audit,F14,ACIAR (Australia),outside remit,Not an agricultural research-for-development topic.,APR-35; demand_moves.csv,VN-direct,Medium,stated,Funder's stated scope read against the item; 'stated' is the funder's stated priority (revealed evidence of what it will pay for).
FFT-388,DMV-11,Survey of EU and UK private-label and seafood buyers,F14,ACIAR (Australia),outside remit,Not an agricultural research-for-development topic.,APR-35; demand_moves.csv,VN-direct,Medium,stated,Funder's stated scope read against the item; 'stated' is the funder's stated priority (revealed evidence of what it will pay for).
FFT-389,DMV-12,Feed carbon-footprint benchmark for shrimp and pangasius feed,F14,ACIAR (Australia),partial,Feed research is adjacent to its livestock projects.,APR-35; demand_moves.csv,VN-direct,Medium,stated,Funder's stated scope read against the item; 'stated' is the funder's stated priority (revealed evidence of what it will pay for).
FFT-390,DMV-13,Define chay and vegetarian claims (TCVN 13625),F14,ACIAR (Australia),outside remit,Not an agricultural research-for-development topic.,APR-35; demand_moves.csv,VN-direct,Medium,stated,Funder's stated scope read against the item; 'stated' is the funder's stated priority (revealed evidence of what it will pay for).
FFT-391,DMV-14,Honest percentage labelling of blended meat,F14,ACIAR (Australia),outside remit,Not an agricultural research-for-development topic.,APR-35; demand_moves.csv,VN-direct,Medium,stated,Funder's stated scope read against the item; 'stated' is the funder's stated priority (revealed evidence of what it will pay for).
FFT-392,DMV-15,Neutral naming guidance avoiding nhan tao,F14,ACIAR (Australia),outside remit,Not an agricultural research-for-development topic.,APR-35; demand_moves.csv,VN-direct,Medium,stated,Funder's stated scope read against the item; 'stated' is the funder's stated priority (revealed evidence of what it will pay for).
FFT-393,DMV-16,GMO declaration status of purified precision-fermented proteins,F14,ACIAR (Australia),outside remit,Not an agricultural research-for-development topic.,APR-35; demand_moves.csv,VN-direct,Medium,stated,Funder's stated scope read against the item; 'stated' is the funder's stated priority (revealed evidence of what it will pay for).
FFT-394,DMV-17,Public-meal protein guidance on quality and cost; Dispatch 64 supplier documents,F14,ACIAR (Australia),outside remit,Not an agricultural research-for-development topic.,APR-35; demand_moves.csv,VN-direct,Medium,stated,Funder's stated scope read against the item; 'stated' is the funder's stated priority (revealed evidence of what it will pay for).
FFT-395,DMV-18,Eight-digit customs subheadings for plant proteins,F14,ACIAR (Australia),outside remit,Not an agricultural research-for-development topic.,APR-35; demand_moves.csv,VN-direct,Medium,stated,Funder's stated scope read against the item; 'stated' is the funder's stated priority (revealed evidence of what it will pay for).
FFT-396,DMV-19,"Use and protect EU, UK and Japanese tariff preferences",F14,ACIAR (Australia),outside remit,Not an agricultural research-for-development topic.,APR-35; demand_moves.csv,VN-direct,Medium,stated,Funder's stated scope read against the item; 'stated' is the funder's stated priority (revealed evidence of what it will pay for).
FFT-397,TPP-01,Domestic textured soy or soy-gluten protein,F14,ACIAR (Australia),partial,"Domestic soy, mung bean or rice protein value chains with smallholders fit nutrition-sensitive agriculture; a processing plant alone does not.",APR-35; target_product_profiles.csv,VN-direct,Medium,stated,Funder's stated scope read against the item; 'stated' is the funder's stated priority (revealed evidence of what it will pay for).
FFT-398,TPP-02,Higher-protein chay foods,F14,ACIAR (Australia),outside remit,Not an agricultural research-for-development topic.,APR-35; target_product_profiles.csv,VN-direct,Medium,stated,Funder's stated scope read against the item; 'stated' is the funder's stated priority (revealed evidence of what it will pay for).
FFT-399,TPP-03,Hybrid extender for processed meat,F14,ACIAR (Australia),outside remit,Not an agricultural research-for-development topic.,APR-35; target_product_profiles.csv,VN-direct,Medium,stated,Funder's stated scope read against the item; 'stated' is the funder's stated priority (revealed evidence of what it will pay for).
FFT-400,TPP-04,Canteen protein ingredient and dish base,F14,ACIAR (Australia),outside remit,Not an agricultural research-for-development topic.,APR-35; target_product_profiles.csv,VN-direct,Medium,stated,Funder's stated scope read against the item; 'stated' is the funder's stated priority (revealed evidence of what it will pay for).
FFT-401,TPP-05,Rice or mung bean isolate for plant milks,F14,ACIAR (Australia),partial,"Domestic soy, mung bean or rice protein value chains with smallholders fit nutrition-sensitive agriculture; a processing plant alone does not.",APR-35; target_product_profiles.csv,VN-direct,Medium,stated,Funder's stated scope read against the item; 'stated' is the funder's stated priority (revealed evidence of what it will pay for).
FFT-402,TPP-06,Fungal biomass functional ingredient,F14,ACIAR (Australia),outside remit,Not an agricultural research-for-development topic.,APR-35; target_product_profiles.csv,VN-direct,Medium,stated,Funder's stated scope read against the item; 'stated' is the funder's stated priority (revealed evidence of what it will pay for).
FFT-403,TPP-07,Precision-fermented specialty protein,F14,ACIAR (Australia),outside remit,Not an agricultural research-for-development topic.,APR-35; target_product_profiles.csv,VN-direct,Medium,stated,Funder's stated scope read against the item; 'stated' is the funder's stated priority (revealed evidence of what it will pay for).
FFT-404,TPP-08,"Export private-label plant foods (EU, UK)",F14,ACIAR (Australia),outside remit,Not an agricultural research-for-development topic.,APR-35; target_product_profiles.csv,VN-direct,Medium,stated,Funder's stated scope read against the item; 'stated' is the funder's stated priority (revealed evidence of what it will pay for).
FFT-405,TPP-09,Diaspora protein-upgraded chay,F14,ACIAR (Australia),outside remit,Not an agricultural research-for-development topic.,APR-35; target_product_profiles.csv,VN-direct,Medium,stated,Funder's stated scope read against the item; 'stated' is the funder's stated priority (revealed evidence of what it will pay for).
FFT-406,TPP-10,Cultivated meat or seafood,F14,ACIAR (Australia),outside remit,Not an agricultural research-for-development topic.,APR-35; target_product_profiles.csv,VN-direct,Medium,stated,Funder's stated scope read against the item; 'stated' is the funder's stated priority (revealed evidence of what it will pay for).
FFT-407,DMV-01,Chay-day question in a probability survey,F15,The Navigation Fund,outside remit,Not an institutional-policy item; grants by invitation.,AFN-06; demand_moves.csv,general,Medium,stated,Funder's stated scope read against the item; 'stated' is the funder's stated priority (revealed evidence of what it will pay for).
FFT-408,DMV-02,"Declaration-level customs analysis (food vs feed, named buyers)",F15,The Navigation Fund,outside remit,Not an institutional-policy item; grants by invitation.,AFN-06; demand_moves.csv,general,Medium,stated,Funder's stated scope read against the item; 'stated' is the funder's stated priority (revealed evidence of what it will pay for).
FFT-409,DMV-03,Vietnamese sensory and choice-test capacity,F15,The Navigation Fund,outside remit,Not an institutional-policy item; grants by invitation.,AFN-06; demand_moves.csv,general,Medium,stated,Funder's stated scope read against the item; 'stated' is the funder's stated priority (revealed evidence of what it will pay for).
FFT-410,DMV-04,Randomised label and name test,F15,The Navigation Fund,outside remit,Not an institutional-policy item; grants by invitation.,AFN-06; demand_moves.csv,general,Medium,stated,Funder's stated scope read against the item; 'stated' is the funder's stated priority (revealed evidence of what it will pay for).
FFT-411,DMV-05,Canteen trial with one large caterer (chay days or protein extender),F15,The Navigation Fund,partial,Institutional impact is its first priority (policies of food corporations and public institutions); invitation only; no region named.,AFN-06; demand_moves.csv,general,Medium,stated,Funder's stated scope read against the item; 'stated' is the funder's stated priority (revealed evidence of what it will pay for).
FFT-412,DMV-06,In-store test of protein-upgraded chay in 20 minimarts,F15,The Navigation Fund,outside remit,Not an institutional-policy item; grants by invitation.,AFN-06; demand_moves.csv,general,Medium,stated,Funder's stated scope read against the item; 'stated' is the funder's stated priority (revealed evidence of what it will pay for).
FFT-413,DMV-07,Chay composition and authenticity survey,F15,The Navigation Fund,outside remit,Not an institutional-policy item; grants by invitation.,AFN-06; demand_moves.csv,general,Medium,stated,Funder's stated scope read against the item; 'stated' is the funder's stated priority (revealed evidence of what it will pay for).
FFT-414,DMV-08,Standing panel of research and procurement buyers,F15,The Navigation Fund,outside remit,Not an institutional-policy item; grants by invitation.,AFN-06; demand_moves.csv,general,Medium,stated,Funder's stated scope read against the item; 'stated' is the funder's stated priority (revealed evidence of what it will pay for).
FFT-415,DMV-09,Share of meat eaten as processed products,F15,The Navigation Fund,outside remit,Not an institutional-policy item; grants by invitation.,AFN-06; demand_moves.csv,general,Medium,stated,Funder's stated scope read against the item; 'stated' is the funder's stated priority (revealed evidence of what it will pay for).
FFT-416,DMV-10,Nha Trang hotel and menu audit,F15,The Navigation Fund,partial,Institutional impact is its first priority (policies of food corporations and public institutions); invitation only; no region named.,AFN-06; demand_moves.csv,general,Medium,stated,Funder's stated scope read against the item; 'stated' is the funder's stated priority (revealed evidence of what it will pay for).
FFT-417,DMV-11,Survey of EU and UK private-label and seafood buyers,F15,The Navigation Fund,outside remit,Not an institutional-policy item; grants by invitation.,AFN-06; demand_moves.csv,general,Medium,stated,Funder's stated scope read against the item; 'stated' is the funder's stated priority (revealed evidence of what it will pay for).
FFT-418,DMV-12,Feed carbon-footprint benchmark for shrimp and pangasius feed,F15,The Navigation Fund,outside remit,Not an institutional-policy item; grants by invitation.,AFN-06; demand_moves.csv,general,Medium,stated,Funder's stated scope read against the item; 'stated' is the funder's stated priority (revealed evidence of what it will pay for).
FFT-419,DMV-13,Define chay and vegetarian claims (TCVN 13625),F15,The Navigation Fund,outside remit,Not an institutional-policy item; grants by invitation.,AFN-06; demand_moves.csv,general,Medium,stated,Funder's stated scope read against the item; 'stated' is the funder's stated priority (revealed evidence of what it will pay for).
FFT-420,DMV-14,Honest percentage labelling of blended meat,F15,The Navigation Fund,outside remit,Not an institutional-policy item; grants by invitation.,AFN-06; demand_moves.csv,general,Medium,stated,Funder's stated scope read against the item; 'stated' is the funder's stated priority (revealed evidence of what it will pay for).
FFT-421,DMV-15,Neutral naming guidance avoiding nhan tao,F15,The Navigation Fund,outside remit,Not an institutional-policy item; grants by invitation.,AFN-06; demand_moves.csv,general,Medium,stated,Funder's stated scope read against the item; 'stated' is the funder's stated priority (revealed evidence of what it will pay for).
FFT-422,DMV-16,GMO declaration status of purified precision-fermented proteins,F15,The Navigation Fund,outside remit,Not an institutional-policy item; grants by invitation.,AFN-06; demand_moves.csv,general,Medium,stated,Funder's stated scope read against the item; 'stated' is the funder's stated priority (revealed evidence of what it will pay for).
FFT-423,DMV-17,Public-meal protein guidance on quality and cost; Dispatch 64 supplier documents,F15,The Navigation Fund,partial,Institutional impact is its first priority (policies of food corporations and public institutions); invitation only; no region named.,AFN-06; demand_moves.csv,general,Medium,stated,Funder's stated scope read against the item; 'stated' is the funder's stated priority (revealed evidence of what it will pay for).
FFT-424,DMV-18,Eight-digit customs subheadings for plant proteins,F15,The Navigation Fund,outside remit,Not an institutional-policy item; grants by invitation.,AFN-06; demand_moves.csv,general,Medium,stated,Funder's stated scope read against the item; 'stated' is the funder's stated priority (revealed evidence of what it will pay for).
FFT-425,DMV-19,"Use and protect EU, UK and Japanese tariff preferences",F15,The Navigation Fund,outside remit,Not an institutional-policy item; grants by invitation.,AFN-06; demand_moves.csv,general,Medium,stated,Funder's stated scope read against the item; 'stated' is the funder's stated priority (revealed evidence of what it will pay for).
FFT-426,TPP-01,Domestic textured soy or soy-gluten protein,F15,The Navigation Fund,outside remit,Not an institutional-policy item; grants by invitation.,AFN-06; target_product_profiles.csv,general,Medium,stated,Funder's stated scope read against the item; 'stated' is the funder's stated priority (revealed evidence of what it will pay for).
FFT-427,TPP-02,Higher-protein chay foods,F15,The Navigation Fund,outside remit,Not an institutional-policy item; grants by invitation.,AFN-06; target_product_profiles.csv,general,Medium,stated,Funder's stated scope read against the item; 'stated' is the funder's stated priority (revealed evidence of what it will pay for).
FFT-428,TPP-03,Hybrid extender for processed meat,F15,The Navigation Fund,outside remit,Not an institutional-policy item; grants by invitation.,AFN-06; target_product_profiles.csv,general,Medium,stated,Funder's stated scope read against the item; 'stated' is the funder's stated priority (revealed evidence of what it will pay for).
FFT-429,TPP-04,Canteen protein ingredient and dish base,F15,The Navigation Fund,outside remit,Not an institutional-policy item; grants by invitation.,AFN-06; target_product_profiles.csv,general,Medium,stated,Funder's stated scope read against the item; 'stated' is the funder's stated priority (revealed evidence of what it will pay for).
FFT-430,TPP-05,Rice or mung bean isolate for plant milks,F15,The Navigation Fund,outside remit,Not an institutional-policy item; grants by invitation.,AFN-06; target_product_profiles.csv,general,Medium,stated,Funder's stated scope read against the item; 'stated' is the funder's stated priority (revealed evidence of what it will pay for).
FFT-431,TPP-06,Fungal biomass functional ingredient,F15,The Navigation Fund,outside remit,Not an institutional-policy item; grants by invitation.,AFN-06; target_product_profiles.csv,general,Medium,stated,Funder's stated scope read against the item; 'stated' is the funder's stated priority (revealed evidence of what it will pay for).
FFT-432,TPP-07,Precision-fermented specialty protein,F15,The Navigation Fund,outside remit,Not an institutional-policy item; grants by invitation.,AFN-06; target_product_profiles.csv,general,Medium,stated,Funder's stated scope read against the item; 'stated' is the funder's stated priority (revealed evidence of what it will pay for).
FFT-433,TPP-08,"Export private-label plant foods (EU, UK)",F15,The Navigation Fund,outside remit,Not an institutional-policy item; grants by invitation.,AFN-06; target_product_profiles.csv,general,Medium,stated,Funder's stated scope read against the item; 'stated' is the funder's stated priority (revealed evidence of what it will pay for).
FFT-434,TPP-09,Diaspora protein-upgraded chay,F15,The Navigation Fund,outside remit,Not an institutional-policy item; grants by invitation.,AFN-06; target_product_profiles.csv,general,Medium,stated,Funder's stated scope read against the item; 'stated' is the funder's stated priority (revealed evidence of what it will pay for).
FFT-435,TPP-10,Cultivated meat or seafood,F15,The Navigation Fund,outside remit,Not an institutional-policy item; grants by invitation.,AFN-06; target_product_profiles.csv,general,Medium,stated,Funder's stated scope read against the item; 'stated' is the funder's stated priority (revealed evidence of what it will pay for).
FFT-436,DMV-01,Chay-day question in a probability survey,F16,Climate recommenders (Giving Green; Founders Pledge Climate Fund),outside remit,"They recommend organisations, not Vietnamese projects, and would need CO2e per USD.",AFN-30; AFN-31; demand_moves.csv,general,Medium,stated,Funder's stated scope read against the item; 'stated' is the funder's stated priority (revealed evidence of what it will pay for).
FFT-437,DMV-02,"Declaration-level customs analysis (food vs feed, named buyers)",F16,Climate recommenders (Giving Green; Founders Pledge Climate Fund),outside remit,"They recommend organisations, not Vietnamese projects, and would need CO2e per USD.",AFN-30; AFN-31; demand_moves.csv,general,Medium,stated,Funder's stated scope read against the item; 'stated' is the funder's stated priority (revealed evidence of what it will pay for).
FFT-438,DMV-03,Vietnamese sensory and choice-test capacity,F16,Climate recommenders (Giving Green; Founders Pledge Climate Fund),outside remit,"They recommend organisations, not Vietnamese projects, and would need CO2e per USD.",AFN-30; AFN-31; demand_moves.csv,general,Medium,stated,Funder's stated scope read against the item; 'stated' is the funder's stated priority (revealed evidence of what it will pay for).
FFT-439,DMV-04,Randomised label and name test,F16,Climate recommenders (Giving Green; Founders Pledge Climate Fund),outside remit,"They recommend organisations, not Vietnamese projects, and would need CO2e per USD.",AFN-30; AFN-31; demand_moves.csv,general,Medium,stated,Funder's stated scope read against the item; 'stated' is the funder's stated priority (revealed evidence of what it will pay for).
FFT-440,DMV-05,Canteen trial with one large caterer (chay days or protein extender),F16,Climate recommenders (Giving Green; Founders Pledge Climate Fund),outside remit,"They recommend organisations, not Vietnamese projects, and would need CO2e per USD.",AFN-30; AFN-31; demand_moves.csv,general,Medium,stated,Funder's stated scope read against the item; 'stated' is the funder's stated priority (revealed evidence of what it will pay for).
FFT-441,DMV-06,In-store test of protein-upgraded chay in 20 minimarts,F16,Climate recommenders (Giving Green; Founders Pledge Climate Fund),outside remit,"They recommend organisations, not Vietnamese projects, and would need CO2e per USD.",AFN-30; AFN-31; demand_moves.csv,general,Medium,stated,Funder's stated scope read against the item; 'stated' is the funder's stated priority (revealed evidence of what it will pay for).
FFT-442,DMV-07,Chay composition and authenticity survey,F16,Climate recommenders (Giving Green; Founders Pledge Climate Fund),outside remit,"They recommend organisations, not Vietnamese projects, and would need CO2e per USD.",AFN-30; AFN-31; demand_moves.csv,general,Medium,stated,Funder's stated scope read against the item; 'stated' is the funder's stated priority (revealed evidence of what it will pay for).
FFT-443,DMV-08,Standing panel of research and procurement buyers,F16,Climate recommenders (Giving Green; Founders Pledge Climate Fund),outside remit,"They recommend organisations, not Vietnamese projects, and would need CO2e per USD.",AFN-30; AFN-31; demand_moves.csv,general,Medium,stated,Funder's stated scope read against the item; 'stated' is the funder's stated priority (revealed evidence of what it will pay for).
FFT-444,DMV-09,Share of meat eaten as processed products,F16,Climate recommenders (Giving Green; Founders Pledge Climate Fund),outside remit,"They recommend organisations, not Vietnamese projects, and would need CO2e per USD.",AFN-30; AFN-31; demand_moves.csv,general,Medium,stated,Funder's stated scope read against the item; 'stated' is the funder's stated priority (revealed evidence of what it will pay for).
FFT-445,DMV-10,Nha Trang hotel and menu audit,F16,Climate recommenders (Giving Green; Founders Pledge Climate Fund),outside remit,"They recommend organisations, not Vietnamese projects, and would need CO2e per USD.",AFN-30; AFN-31; demand_moves.csv,general,Medium,stated,Funder's stated scope read against the item; 'stated' is the funder's stated priority (revealed evidence of what it will pay for).
FFT-446,DMV-11,Survey of EU and UK private-label and seafood buyers,F16,Climate recommenders (Giving Green; Founders Pledge Climate Fund),outside remit,"They recommend organisations, not Vietnamese projects, and would need CO2e per USD.",AFN-30; AFN-31; demand_moves.csv,general,Medium,stated,Funder's stated scope read against the item; 'stated' is the funder's stated priority (revealed evidence of what it will pay for).
FFT-447,DMV-12,Feed carbon-footprint benchmark for shrimp and pangasius feed,F16,Climate recommenders (Giving Green; Founders Pledge Climate Fund),outside remit,"They recommend organisations, not Vietnamese projects, and would need CO2e per USD.",AFN-30; AFN-31; demand_moves.csv,general,Medium,stated,Funder's stated scope read against the item; 'stated' is the funder's stated priority (revealed evidence of what it will pay for).
FFT-448,DMV-13,Define chay and vegetarian claims (TCVN 13625),F16,Climate recommenders (Giving Green; Founders Pledge Climate Fund),outside remit,"They recommend organisations, not Vietnamese projects, and would need CO2e per USD.",AFN-30; AFN-31; demand_moves.csv,general,Medium,stated,Funder's stated scope read against the item; 'stated' is the funder's stated priority (revealed evidence of what it will pay for).
FFT-449,DMV-14,Honest percentage labelling of blended meat,F16,Climate recommenders (Giving Green; Founders Pledge Climate Fund),outside remit,"They recommend organisations, not Vietnamese projects, and would need CO2e per USD.",AFN-30; AFN-31; demand_moves.csv,general,Medium,stated,Funder's stated scope read against the item; 'stated' is the funder's stated priority (revealed evidence of what it will pay for).
FFT-450,DMV-15,Neutral naming guidance avoiding nhan tao,F16,Climate recommenders (Giving Green; Founders Pledge Climate Fund),partial,"Giving Green backs GFI's alternative-protein policy work (labelling, market access); Vietnam-specific work would need a GFI-type grantee.",AFN-30; AFN-31; demand_moves.csv,general,Medium,stated,Funder's stated scope read against the item; 'stated' is the funder's stated priority (revealed evidence of what it will pay for).
FFT-451,DMV-16,GMO declaration status of purified precision-fermented proteins,F16,Climate recommenders (Giving Green; Founders Pledge Climate Fund),partial,"Giving Green backs GFI's alternative-protein policy work (labelling, market access); Vietnam-specific work would need a GFI-type grantee.",AFN-30; AFN-31; demand_moves.csv,general,Medium,stated,Funder's stated scope read against the item; 'stated' is the funder's stated priority (revealed evidence of what it will pay for).
FFT-452,DMV-17,Public-meal protein guidance on quality and cost; Dispatch 64 supplier documents,F16,Climate recommenders (Giving Green; Founders Pledge Climate Fund),outside remit,"They recommend organisations, not Vietnamese projects, and would need CO2e per USD.",AFN-30; AFN-31; demand_moves.csv,general,Medium,stated,Funder's stated scope read against the item; 'stated' is the funder's stated priority (revealed evidence of what it will pay for).
FFT-453,DMV-18,Eight-digit customs subheadings for plant proteins,F16,Climate recommenders (Giving Green; Founders Pledge Climate Fund),outside remit,"They recommend organisations, not Vietnamese projects, and would need CO2e per USD.",AFN-30; AFN-31; demand_moves.csv,general,Medium,stated,Funder's stated scope read against the item; 'stated' is the funder's stated priority (revealed evidence of what it will pay for).
FFT-454,DMV-19,"Use and protect EU, UK and Japanese tariff preferences",F16,Climate recommenders (Giving Green; Founders Pledge Climate Fund),outside remit,"They recommend organisations, not Vietnamese projects, and would need CO2e per USD.",AFN-30; AFN-31; demand_moves.csv,general,Medium,stated,Funder's stated scope read against the item; 'stated' is the funder's stated priority (revealed evidence of what it will pay for).
FFT-455,TPP-01,Domestic textured soy or soy-gluten protein,F16,Climate recommenders (Giving Green; Founders Pledge Climate Fund),outside remit,"They recommend organisations, not Vietnamese projects, and would need CO2e per USD.",AFN-30; AFN-31; target_product_profiles.csv,general,Medium,stated,Funder's stated scope read against the item; 'stated' is the funder's stated priority (revealed evidence of what it will pay for).
FFT-456,TPP-02,Higher-protein chay foods,F16,Climate recommenders (Giving Green; Founders Pledge Climate Fund),outside remit,"They recommend organisations, not Vietnamese projects, and would need CO2e per USD.",AFN-30; AFN-31; target_product_profiles.csv,general,Medium,stated,Funder's stated scope read against the item; 'stated' is the funder's stated priority (revealed evidence of what it will pay for).
FFT-457,TPP-03,Hybrid extender for processed meat,F16,Climate recommenders (Giving Green; Founders Pledge Climate Fund),outside remit,"They recommend organisations, not Vietnamese projects, and would need CO2e per USD.",AFN-30; AFN-31; target_product_profiles.csv,general,Medium,stated,Funder's stated scope read against the item; 'stated' is the funder's stated priority (revealed evidence of what it will pay for).
FFT-458,TPP-04,Canteen protein ingredient and dish base,F16,Climate recommenders (Giving Green; Founders Pledge Climate Fund),outside remit,"They recommend organisations, not Vietnamese projects, and would need CO2e per USD.",AFN-30; AFN-31; target_product_profiles.csv,general,Medium,stated,Funder's stated scope read against the item; 'stated' is the funder's stated priority (revealed evidence of what it will pay for).
FFT-459,TPP-05,Rice or mung bean isolate for plant milks,F16,Climate recommenders (Giving Green; Founders Pledge Climate Fund),outside remit,"They recommend organisations, not Vietnamese projects, and would need CO2e per USD.",AFN-30; AFN-31; target_product_profiles.csv,general,Medium,stated,Funder's stated scope read against the item; 'stated' is the funder's stated priority (revealed evidence of what it will pay for).
FFT-460,TPP-06,Fungal biomass functional ingredient,F16,Climate recommenders (Giving Green; Founders Pledge Climate Fund),outside remit,"They recommend organisations, not Vietnamese projects, and would need CO2e per USD.",AFN-30; AFN-31; target_product_profiles.csv,general,Medium,stated,Funder's stated scope read against the item; 'stated' is the funder's stated priority (revealed evidence of what it will pay for).
FFT-461,TPP-07,Precision-fermented specialty protein,F16,Climate recommenders (Giving Green; Founders Pledge Climate Fund),outside remit,"They recommend organisations, not Vietnamese projects, and would need CO2e per USD.",AFN-30; AFN-31; target_product_profiles.csv,general,Medium,stated,Funder's stated scope read against the item; 'stated' is the funder's stated priority (revealed evidence of what it will pay for).
FFT-462,TPP-08,"Export private-label plant foods (EU, UK)",F16,Climate recommenders (Giving Green; Founders Pledge Climate Fund),outside remit,"They recommend organisations, not Vietnamese projects, and would need CO2e per USD.",AFN-30; AFN-31; target_product_profiles.csv,general,Medium,stated,Funder's stated scope read against the item; 'stated' is the funder's stated priority (revealed evidence of what it will pay for).
FFT-463,TPP-09,Diaspora protein-upgraded chay,F16,Climate recommenders (Giving Green; Founders Pledge Climate Fund),outside remit,"They recommend organisations, not Vietnamese projects, and would need CO2e per USD.",AFN-30; AFN-31; target_product_profiles.csv,general,Medium,stated,Funder's stated scope read against the item; 'stated' is the funder's stated priority (revealed evidence of what it will pay for).
FFT-464,TPP-10,Cultivated meat or seafood,F16,Climate recommenders (Giving Green; Founders Pledge Climate Fund),outside remit,"They recommend organisations, not Vietnamese projects, and would need CO2e per USD.",AFN-30; AFN-31; target_product_profiles.csv,general,Medium,stated,Funder's stated scope read against the item; 'stated' is the funder's stated priority (revealed evidence of what it will pay for).
FFT-465,DMV-01,Chay-day question in a probability survey,F17,GAIN (workforce nutrition; Diet Quality Questionnaire),partial,The Diet Quality Questionnaire already covers Vietnam and could carry a chay-day item.,AFN-49; APR-36; APR-37; demand_moves.csv,VN-adjacent,Medium,stated,Funder's stated scope read against the item; 'stated' is the funder's stated priority (revealed evidence of what it will pay for).
FFT-466,DMV-02,"Declaration-level customs analysis (food vs feed, named buyers)",F17,GAIN (workforce nutrition; Diet Quality Questionnaire),outside remit,Not a nutrition or diet-measurement item.,AFN-49; APR-36; APR-37; demand_moves.csv,VN-adjacent,Medium,stated,Funder's stated scope read against the item; 'stated' is the funder's stated priority (revealed evidence of what it will pay for).
FFT-467,DMV-03,Vietnamese sensory and choice-test capacity,F17,GAIN (workforce nutrition; Diet Quality Questionnaire),outside remit,Not a nutrition or diet-measurement item.,AFN-49; APR-36; APR-37; demand_moves.csv,VN-adjacent,Medium,stated,Funder's stated scope read against the item; 'stated' is the funder's stated priority (revealed evidence of what it will pay for).
FFT-468,DMV-04,Randomised label and name test,F17,GAIN (workforce nutrition; Diet Quality Questionnaire),outside remit,Not a nutrition or diet-measurement item.,AFN-49; APR-36; APR-37; demand_moves.csv,VN-adjacent,Medium,stated,Funder's stated scope read against the item; 'stated' is the funder's stated priority (revealed evidence of what it will pay for).
FFT-469,DMV-05,Canteen trial with one large caterer (chay days or protein extender),F17,GAIN (workforce nutrition; Diet Quality Questionnaire),not in geography,"Workforce nutrition fits factory canteens, but Vietnam is not a programme country.",AFN-49; APR-36; APR-37; demand_moves.csv,VN-adjacent,Medium,stated,Funder's stated scope read against the item; 'stated' is the funder's stated priority (revealed evidence of what it will pay for).
FFT-470,DMV-06,In-store test of protein-upgraded chay in 20 minimarts,F17,GAIN (workforce nutrition; Diet Quality Questionnaire),outside remit,Not a nutrition or diet-measurement item.,AFN-49; APR-36; APR-37; demand_moves.csv,VN-adjacent,Medium,stated,Funder's stated scope read against the item; 'stated' is the funder's stated priority (revealed evidence of what it will pay for).
FFT-471,DMV-07,Chay composition and authenticity survey,F17,GAIN (workforce nutrition; Diet Quality Questionnaire),outside remit,Not a nutrition or diet-measurement item.,AFN-49; APR-36; APR-37; demand_moves.csv,VN-adjacent,Medium,stated,Funder's stated scope read against the item; 'stated' is the funder's stated priority (revealed evidence of what it will pay for).
FFT-472,DMV-08,Standing panel of research and procurement buyers,F17,GAIN (workforce nutrition; Diet Quality Questionnaire),outside remit,Not a nutrition or diet-measurement item.,AFN-49; APR-36; APR-37; demand_moves.csv,VN-adjacent,Medium,stated,Funder's stated scope read against the item; 'stated' is the funder's stated priority (revealed evidence of what it will pay for).
FFT-473,DMV-09,Share of meat eaten as processed products,F17,GAIN (workforce nutrition; Diet Quality Questionnaire),outside remit,Not a nutrition or diet-measurement item.,AFN-49; APR-36; APR-37; demand_moves.csv,VN-adjacent,Medium,stated,Funder's stated scope read against the item; 'stated' is the funder's stated priority (revealed evidence of what it will pay for).
FFT-474,DMV-10,Nha Trang hotel and menu audit,F17,GAIN (workforce nutrition; Diet Quality Questionnaire),outside remit,Not a nutrition or diet-measurement item.,AFN-49; APR-36; APR-37; demand_moves.csv,VN-adjacent,Medium,stated,Funder's stated scope read against the item; 'stated' is the funder's stated priority (revealed evidence of what it will pay for).
FFT-475,DMV-11,Survey of EU and UK private-label and seafood buyers,F17,GAIN (workforce nutrition; Diet Quality Questionnaire),outside remit,Not a nutrition or diet-measurement item.,AFN-49; APR-36; APR-37; demand_moves.csv,VN-adjacent,Medium,stated,Funder's stated scope read against the item; 'stated' is the funder's stated priority (revealed evidence of what it will pay for).
FFT-476,DMV-12,Feed carbon-footprint benchmark for shrimp and pangasius feed,F17,GAIN (workforce nutrition; Diet Quality Questionnaire),outside remit,Not a nutrition or diet-measurement item.,AFN-49; APR-36; APR-37; demand_moves.csv,VN-adjacent,Medium,stated,Funder's stated scope read against the item; 'stated' is the funder's stated priority (revealed evidence of what it will pay for).
FFT-477,DMV-13,Define chay and vegetarian claims (TCVN 13625),F17,GAIN (workforce nutrition; Diet Quality Questionnaire),outside remit,Not a nutrition or diet-measurement item.,AFN-49; APR-36; APR-37; demand_moves.csv,VN-adjacent,Medium,stated,Funder's stated scope read against the item; 'stated' is the funder's stated priority (revealed evidence of what it will pay for).
FFT-478,DMV-14,Honest percentage labelling of blended meat,F17,GAIN (workforce nutrition; Diet Quality Questionnaire),outside remit,Not a nutrition or diet-measurement item.,AFN-49; APR-36; APR-37; demand_moves.csv,VN-adjacent,Medium,stated,Funder's stated scope read against the item; 'stated' is the funder's stated priority (revealed evidence of what it will pay for).
FFT-479,DMV-15,Neutral naming guidance avoiding nhan tao,F17,GAIN (workforce nutrition; Diet Quality Questionnaire),outside remit,Not a nutrition or diet-measurement item.,AFN-49; APR-36; APR-37; demand_moves.csv,VN-adjacent,Medium,stated,Funder's stated scope read against the item; 'stated' is the funder's stated priority (revealed evidence of what it will pay for).
FFT-480,DMV-16,GMO declaration status of purified precision-fermented proteins,F17,GAIN (workforce nutrition; Diet Quality Questionnaire),outside remit,Not a nutrition or diet-measurement item.,AFN-49; APR-36; APR-37; demand_moves.csv,VN-adjacent,Medium,stated,Funder's stated scope read against the item; 'stated' is the funder's stated priority (revealed evidence of what it will pay for).
FFT-481,DMV-17,Public-meal protein guidance on quality and cost; Dispatch 64 supplier documents,F17,GAIN (workforce nutrition; Diet Quality Questionnaire),outside remit,Not a nutrition or diet-measurement item.,AFN-49; APR-36; APR-37; demand_moves.csv,VN-adjacent,Medium,stated,Funder's stated scope read against the item; 'stated' is the funder's stated priority (revealed evidence of what it will pay for).
FFT-482,DMV-18,Eight-digit customs subheadings for plant proteins,F17,GAIN (workforce nutrition; Diet Quality Questionnaire),outside remit,Not a nutrition or diet-measurement item.,AFN-49; APR-36; APR-37; demand_moves.csv,VN-adjacent,Medium,stated,Funder's stated scope read against the item; 'stated' is the funder's stated priority (revealed evidence of what it will pay for).
FFT-483,DMV-19,"Use and protect EU, UK and Japanese tariff preferences",F17,GAIN (workforce nutrition; Diet Quality Questionnaire),outside remit,Not a nutrition or diet-measurement item.,AFN-49; APR-36; APR-37; demand_moves.csv,VN-adjacent,Medium,stated,Funder's stated scope read against the item; 'stated' is the funder's stated priority (revealed evidence of what it will pay for).
FFT-484,TPP-01,Domestic textured soy or soy-gluten protein,F17,GAIN (workforce nutrition; Diet Quality Questionnaire),outside remit,Not a nutrition or diet-measurement item.,AFN-49; APR-36; APR-37; target_product_profiles.csv,VN-adjacent,Medium,stated,Funder's stated scope read against the item; 'stated' is the funder's stated priority (revealed evidence of what it will pay for).
FFT-485,TPP-02,Higher-protein chay foods,F17,GAIN (workforce nutrition; Diet Quality Questionnaire),outside remit,Not a nutrition or diet-measurement item.,AFN-49; APR-36; APR-37; target_product_profiles.csv,VN-adjacent,Medium,stated,Funder's stated scope read against the item; 'stated' is the funder's stated priority (revealed evidence of what it will pay for).
FFT-486,TPP-03,Hybrid extender for processed meat,F17,GAIN (workforce nutrition; Diet Quality Questionnaire),outside remit,Not a nutrition or diet-measurement item.,AFN-49; APR-36; APR-37; target_product_profiles.csv,VN-adjacent,Medium,stated,Funder's stated scope read against the item; 'stated' is the funder's stated priority (revealed evidence of what it will pay for).
FFT-487,TPP-04,Canteen protein ingredient and dish base,F17,GAIN (workforce nutrition; Diet Quality Questionnaire),outside remit,Not a nutrition or diet-measurement item.,AFN-49; APR-36; APR-37; target_product_profiles.csv,VN-adjacent,Medium,stated,Funder's stated scope read against the item; 'stated' is the funder's stated priority (revealed evidence of what it will pay for).
FFT-488,TPP-05,Rice or mung bean isolate for plant milks,F17,GAIN (workforce nutrition; Diet Quality Questionnaire),outside remit,Not a nutrition or diet-measurement item.,AFN-49; APR-36; APR-37; target_product_profiles.csv,VN-adjacent,Medium,stated,Funder's stated scope read against the item; 'stated' is the funder's stated priority (revealed evidence of what it will pay for).
FFT-489,TPP-06,Fungal biomass functional ingredient,F17,GAIN (workforce nutrition; Diet Quality Questionnaire),outside remit,Not a nutrition or diet-measurement item.,AFN-49; APR-36; APR-37; target_product_profiles.csv,VN-adjacent,Medium,stated,Funder's stated scope read against the item; 'stated' is the funder's stated priority (revealed evidence of what it will pay for).
FFT-490,TPP-07,Precision-fermented specialty protein,F17,GAIN (workforce nutrition; Diet Quality Questionnaire),outside remit,Not a nutrition or diet-measurement item.,AFN-49; APR-36; APR-37; target_product_profiles.csv,VN-adjacent,Medium,stated,Funder's stated scope read against the item; 'stated' is the funder's stated priority (revealed evidence of what it will pay for).
FFT-491,TPP-08,"Export private-label plant foods (EU, UK)",F17,GAIN (workforce nutrition; Diet Quality Questionnaire),outside remit,Not a nutrition or diet-measurement item.,AFN-49; APR-36; APR-37; target_product_profiles.csv,VN-adjacent,Medium,stated,Funder's stated scope read against the item; 'stated' is the funder's stated priority (revealed evidence of what it will pay for).
FFT-492,TPP-09,Diaspora protein-upgraded chay,F17,GAIN (workforce nutrition; Diet Quality Questionnaire),outside remit,Not a nutrition or diet-measurement item.,AFN-49; APR-36; APR-37; target_product_profiles.csv,VN-adjacent,Medium,stated,Funder's stated scope read against the item; 'stated' is the funder's stated priority (revealed evidence of what it will pay for).
FFT-493,TPP-10,Cultivated meat or seafood,F17,GAIN (workforce nutrition; Diet Quality Questionnaire),outside remit,Not a nutrition or diet-measurement item.,AFN-49; APR-36; APR-37; target_product_profiles.csv,VN-adjacent,Medium,stated,Funder's stated scope read against the item; 'stated' is the funder's stated priority (revealed evidence of what it will pay for).
FFT-494,DMV-01,Chay-day question in a probability survey,F18,World Bank and ADB (sovereign lending and technical assistance),outside remit,No protein or alternative-protein operation found in Vietnam.,APR-25; APR-28; APR-29; APR-31; demand_moves.csv,VN-direct,Medium,stated,Funder's stated scope read against the item; 'stated' is the funder's stated priority (revealed evidence of what it will pay for).
FFT-495,DMV-02,"Declaration-level customs analysis (food vs feed, named buyers)",F18,World Bank and ADB (sovereign lending and technical assistance),partial,Trade and statistics technical assistance.,APR-25; APR-28; APR-29; APR-31; demand_moves.csv,VN-direct,Medium,stated,Funder's stated scope read against the item; 'stated' is the funder's stated priority (revealed evidence of what it will pay for).
FFT-496,DMV-03,Vietnamese sensory and choice-test capacity,F18,World Bank and ADB (sovereign lending and technical assistance),outside remit,No protein or alternative-protein operation found in Vietnam.,APR-25; APR-28; APR-29; APR-31; demand_moves.csv,VN-direct,Medium,stated,Funder's stated scope read against the item; 'stated' is the funder's stated priority (revealed evidence of what it will pay for).
FFT-497,DMV-04,Randomised label and name test,F18,World Bank and ADB (sovereign lending and technical assistance),outside remit,No protein or alternative-protein operation found in Vietnam.,APR-25; APR-28; APR-29; APR-31; demand_moves.csv,VN-direct,Medium,stated,Funder's stated scope read against the item; 'stated' is the funder's stated priority (revealed evidence of what it will pay for).
FFT-498,DMV-05,Canteen trial with one large caterer (chay days or protein extender),F18,World Bank and ADB (sovereign lending and technical assistance),outside remit,No protein or alternative-protein operation found in Vietnam.,APR-25; APR-28; APR-29; APR-31; demand_moves.csv,VN-direct,Medium,stated,Funder's stated scope read against the item; 'stated' is the funder's stated priority (revealed evidence of what it will pay for).
FFT-499,DMV-06,In-store test of protein-upgraded chay in 20 minimarts,F18,World Bank and ADB (sovereign lending and technical assistance),outside remit,No protein or alternative-protein operation found in Vietnam.,APR-25; APR-28; APR-29; APR-31; demand_moves.csv,VN-direct,Medium,stated,Funder's stated scope read against the item; 'stated' is the funder's stated priority (revealed evidence of what it will pay for).
FFT-500,DMV-07,Chay composition and authenticity survey,F18,World Bank and ADB (sovereign lending and technical assistance),outside remit,No protein or alternative-protein operation found in Vietnam.,APR-25; APR-28; APR-29; APR-31; demand_moves.csv,VN-direct,Medium,stated,Funder's stated scope read against the item; 'stated' is the funder's stated priority (revealed evidence of what it will pay for).
FFT-501,DMV-08,Standing panel of research and procurement buyers,F18,World Bank and ADB (sovereign lending and technical assistance),outside remit,No protein or alternative-protein operation found in Vietnam.,APR-25; APR-28; APR-29; APR-31; demand_moves.csv,VN-direct,Medium,stated,Funder's stated scope read against the item; 'stated' is the funder's stated priority (revealed evidence of what it will pay for).
FFT-502,DMV-09,Share of meat eaten as processed products,F18,World Bank and ADB (sovereign lending and technical assistance),outside remit,No protein or alternative-protein operation found in Vietnam.,APR-25; APR-28; APR-29; APR-31; demand_moves.csv,VN-direct,Medium,stated,Funder's stated scope read against the item; 'stated' is the funder's stated priority (revealed evidence of what it will pay for).
FFT-503,DMV-10,Nha Trang hotel and menu audit,F18,World Bank and ADB (sovereign lending and technical assistance),outside remit,No protein or alternative-protein operation found in Vietnam.,APR-25; APR-28; APR-29; APR-31; demand_moves.csv,VN-direct,Medium,stated,Funder's stated scope read against the item; 'stated' is the funder's stated priority (revealed evidence of what it will pay for).
FFT-504,DMV-11,Survey of EU and UK private-label and seafood buyers,F18,World Bank and ADB (sovereign lending and technical assistance),outside remit,No protein or alternative-protein operation found in Vietnam.,APR-25; APR-28; APR-29; APR-31; demand_moves.csv,VN-direct,Medium,stated,Funder's stated scope read against the item; 'stated' is the funder's stated priority (revealed evidence of what it will pay for).
FFT-505,DMV-12,Feed carbon-footprint benchmark for shrimp and pangasius feed,F18,World Bank and ADB (sovereign lending and technical assistance),partial,Agrifood climate work in Vietnam is rice methane; feed footprints are adjacent.,APR-25; APR-28; APR-29; APR-31; demand_moves.csv,VN-direct,Medium,stated,Funder's stated scope read against the item; 'stated' is the funder's stated priority (revealed evidence of what it will pay for).
FFT-506,DMV-13,Define chay and vegetarian claims (TCVN 13625),F18,World Bank and ADB (sovereign lending and technical assistance),outside remit,No protein or alternative-protein operation found in Vietnam.,APR-25; APR-28; APR-29; APR-31; demand_moves.csv,VN-direct,Medium,stated,Funder's stated scope read against the item; 'stated' is the funder's stated priority (revealed evidence of what it will pay for).
FFT-507,DMV-14,Honest percentage labelling of blended meat,F18,World Bank and ADB (sovereign lending and technical assistance),outside remit,No protein or alternative-protein operation found in Vietnam.,APR-25; APR-28; APR-29; APR-31; demand_moves.csv,VN-direct,Medium,stated,Funder's stated scope read against the item; 'stated' is the funder's stated priority (revealed evidence of what it will pay for).
FFT-508,DMV-15,Neutral naming guidance avoiding nhan tao,F18,World Bank and ADB (sovereign lending and technical assistance),outside remit,No protein or alternative-protein operation found in Vietnam.,APR-25; APR-28; APR-29; APR-31; demand_moves.csv,VN-direct,Medium,stated,Funder's stated scope read against the item; 'stated' is the funder's stated priority (revealed evidence of what it will pay for).
FFT-509,DMV-16,GMO declaration status of purified precision-fermented proteins,F18,World Bank and ADB (sovereign lending and technical assistance),outside remit,No protein or alternative-protein operation found in Vietnam.,APR-25; APR-28; APR-29; APR-31; demand_moves.csv,VN-direct,Medium,stated,Funder's stated scope read against the item; 'stated' is the funder's stated priority (revealed evidence of what it will pay for).
FFT-510,DMV-17,Public-meal protein guidance on quality and cost; Dispatch 64 supplier documents,F18,World Bank and ADB (sovereign lending and technical assistance),partial,ADB counts a quarter of new food-systems money as nutrition; public-meal standards could ride on nutrition lending; no protein component found.,APR-25; APR-28; APR-29; APR-31; demand_moves.csv,VN-direct,Medium,stated,Funder's stated scope read against the item; 'stated' is the funder's stated priority (revealed evidence of what it will pay for).
FFT-511,DMV-18,Eight-digit customs subheadings for plant proteins,F18,World Bank and ADB (sovereign lending and technical assistance),partial,Trade and statistics technical assistance.,APR-25; APR-28; APR-29; APR-31; demand_moves.csv,VN-direct,Medium,stated,Funder's stated scope read against the item; 'stated' is the funder's stated priority (revealed evidence of what it will pay for).
FFT-512,DMV-19,"Use and protect EU, UK and Japanese tariff preferences",F18,World Bank and ADB (sovereign lending and technical assistance),partial,Trade and statistics technical assistance.,APR-25; APR-28; APR-29; APR-31; demand_moves.csv,VN-direct,Medium,stated,Funder's stated scope read against the item; 'stated' is the funder's stated priority (revealed evidence of what it will pay for).
FFT-513,TPP-01,Domestic textured soy or soy-gluten protein,F18,World Bank and ADB (sovereign lending and technical assistance),partial,"Value-chain lending for domestic soy, mung bean or rice; no alternative-protein operation found.",APR-25; APR-28; APR-29; APR-31; target_product_profiles.csv,VN-direct,Medium,stated,Funder's stated scope read against the item; 'stated' is the funder's stated priority (revealed evidence of what it will pay for).
FFT-514,TPP-02,Higher-protein chay foods,F18,World Bank and ADB (sovereign lending and technical assistance),outside remit,No protein or alternative-protein operation found in Vietnam.,APR-25; APR-28; APR-29; APR-31; target_product_profiles.csv,VN-direct,Medium,stated,Funder's stated scope read against the item; 'stated' is the funder's stated priority (revealed evidence of what it will pay for).
FFT-515,TPP-03,Hybrid extender for processed meat,F18,World Bank and ADB (sovereign lending and technical assistance),outside remit,No protein or alternative-protein operation found in Vietnam.,APR-25; APR-28; APR-29; APR-31; target_product_profiles.csv,VN-direct,Medium,stated,Funder's stated scope read against the item; 'stated' is the funder's stated priority (revealed evidence of what it will pay for).
FFT-516,TPP-04,Canteen protein ingredient and dish base,F18,World Bank and ADB (sovereign lending and technical assistance),outside remit,No protein or alternative-protein operation found in Vietnam.,APR-25; APR-28; APR-29; APR-31; target_product_profiles.csv,VN-direct,Medium,stated,Funder's stated scope read against the item; 'stated' is the funder's stated priority (revealed evidence of what it will pay for).
FFT-517,TPP-05,Rice or mung bean isolate for plant milks,F18,World Bank and ADB (sovereign lending and technical assistance),partial,"Value-chain lending for domestic soy, mung bean or rice; no alternative-protein operation found.",APR-25; APR-28; APR-29; APR-31; target_product_profiles.csv,VN-direct,Medium,stated,Funder's stated scope read against the item; 'stated' is the funder's stated priority (revealed evidence of what it will pay for).
FFT-518,TPP-06,Fungal biomass functional ingredient,F18,World Bank and ADB (sovereign lending and technical assistance),outside remit,No protein or alternative-protein operation found in Vietnam.,APR-25; APR-28; APR-29; APR-31; target_product_profiles.csv,VN-direct,Medium,stated,Funder's stated scope read against the item; 'stated' is the funder's stated priority (revealed evidence of what it will pay for).
FFT-519,TPP-07,Precision-fermented specialty protein,F18,World Bank and ADB (sovereign lending and technical assistance),outside remit,No protein or alternative-protein operation found in Vietnam.,APR-25; APR-28; APR-29; APR-31; target_product_profiles.csv,VN-direct,Medium,stated,Funder's stated scope read against the item; 'stated' is the funder's stated priority (revealed evidence of what it will pay for).
FFT-520,TPP-08,"Export private-label plant foods (EU, UK)",F18,World Bank and ADB (sovereign lending and technical assistance),outside remit,No protein or alternative-protein operation found in Vietnam.,APR-25; APR-28; APR-29; APR-31; target_product_profiles.csv,VN-direct,Medium,stated,Funder's stated scope read against the item; 'stated' is the funder's stated priority (revealed evidence of what it will pay for).
FFT-521,TPP-09,Diaspora protein-upgraded chay,F18,World Bank and ADB (sovereign lending and technical assistance),outside remit,No protein or alternative-protein operation found in Vietnam.,APR-25; APR-28; APR-29; APR-31; target_product_profiles.csv,VN-direct,Medium,stated,Funder's stated scope read against the item; 'stated' is the funder's stated priority (revealed evidence of what it will pay for).
FFT-522,TPP-10,Cultivated meat or seafood,F18,World Bank and ADB (sovereign lending and technical assistance),outside remit,No protein or alternative-protein operation found in Vietnam.,APR-25; APR-28; APR-29; APR-31; target_product_profiles.csv,VN-direct,Medium,stated,Funder's stated scope read against the item; 'stated' is the funder's stated priority (revealed evidence of what it will pay for).
