record_id,sku_id,date,city,store,channel_type,product_name,brand_raw,brand,origin_raw,category_raw,format_raw,product_type,as_sold_form,formulation_archetype,primary_protein_source,secondary_protein_sources,non_vegan_flag,key_ingredients,protein_g_per_100,protein_unit,protein_value_basis,energy_kcal_per_100,fat_g_per_100,carbs_g_per_100,sodium_mg_per_100,price_vnd,pack_size,pack_unit,price_per_100g_vnd,price_per_100g_protein_vnd,price_confidence,conv_equiv_price_per_100g_vnd,chay_vs_conv_price_diff_pct,likely_imported_protein_ingredient,brand_owner,ownership_country,manufacturer,plant_location,product_group,data_confidence,source_ids,evidence_label,confidence,notes,field_notes_original
SKU-001,P001,2026-09-06,Nha Trang,Lotte Mart Nha Trang,Modern Retail,Cơm Chiên Chay Gạo Lứt (brown-rice vegetarian fried rice),SG Food,SG Food,Vietnam (local),"Traditional / Do Chay (mock-meat, tofu)",Ready-meal / fried rice,ready meal,ready-to-eat,A15,none (brown rice 60%),"vegan fish ball 2.8%, vegan sausage 2% (composition not stated); mushroom",,"Brown rice 60% (brown rice, water), vegetable oil, mixed vegetables, king oyster mushroom, vegan fish ball 2.8%, vegan pork sausage 2%, vegetarian seasoning, leek, shiitake, sugar, flavour enhancer E621, iodized salt, sesame oil and pepper",,per 100 g,field log (label or collector OSINT),,,,,31900,200,g,15950,,High,,,N,"Saigon Food JSC (Công ty CP Sài Gòn Food), tax code 0302994301",Vietnam (shareholders not verified),Saigon Food JSC,"Ho Chi Minh City, Vĩnh Lộc Industrial Park, Vĩnh Lộc commune (former Bình Chánh district)",SGF-comchien,Medium,FORM-01; FORM-31; FORM-32,VN-direct,Medium,,"Frozen ready-meal format, not a meat analog per se. Brand confirmed via OSINT: Sài Gòn Food (est. 2003, major frozen-food/prepared-meal producer, ~2,000 staff, supplies 7-Eleven VN's fresh-food line). No published ingredients/nutrition found for this specific SKU. Ingredients/nutrition supplemented from exact-product OSINT; accessed 2026-09-22: https://aeoneshop.com/product/24978/sai-gon-food-com-chien-chay-gao-lut-200g."
SKU-002,P002,2026-09-06,Nha Trang,Lotte Mart Nha Trang,Modern Retail,Lẩu Thái Chay (vegan Thai hotpot kit),SG Food,SG Food,Vietnam (local),"Traditional / Do Chay (mock-meat, tofu)",Hotpot kit,ready meal,ready-to-cook,A3,"soy protein/TVP (analog pieces, inferred)","fried tofu; analog pieces 50% (bò lát chay, chả lụa chay, bò viên chay; composition not stated)",,"Thực phẩm chay (50%): bóng cá chay, bò lát chay, chả lụa chay, đậu hủ chiên, bò viên chay. Gói nước dùng lẩu (29%): nước, me, đường, hạt nêm chay, sả, dầu thực vật, hành, ớt, muối i-ốt, củ riềng, bắp, thơm, cà rốt.",,per 100 g,field log (label or collector OSINT),,,,,72900,500,g,14580,,Low,12300,18.5,Y,"Saigon Food JSC (Công ty CP Sài Gòn Food), tax code 0302994301",Vietnam (shareholders not verified),Saigon Food JSC,"Ho Chi Minh City, Vĩnh Lộc Industrial Park, Vĩnh Lộc commune (former Bình Chánh district)",SGF-lauthai,Medium,FORM-01; FORM-31; FORM-02; FORM-03; FORM-05; FORM-07,VN-direct,Medium,Protein source inferred: analog pieces 50% of kit; composition not on label.,"OSINT flag: Lotte Mart's own e-commerce listing prices this exact SKU at 62,900đ, ~16% below the 72,900đ read off the shelf tag; verify against the photo. Conv. equivalent = SG Food's own seafood ""Lẩu Thái Chua Cay Deli"" 500g, 61,500đ (Lotte Mart online). No numeric nutrition table found for the chay version."
SKU-003,P003,2026-09-06,Nha Trang,Lotte Mart Nha Trang,Modern Retail,Chả Quế Chay (vegetarian cinnamon-roll sausage),P.G.P,P.G.P,Vietnam (local),"Traditional / Do Chay (mock-meat, tofu)",Sausage/cured-meat analog,frozen meat/seafood analog,ready-to-eat,A0,unknown,,,Not found,,per 100 g,field log (label or collector OSINT),,,,,75900,500,g,15180,,High,,,unknown,Not identified,Vietnam (per log),Not verified,Not verified,PGP-chaque,Low,FORM-01,VN-direct,Low,Brand not identified; no ingredients.,"OSINT: could not identify ""P.G.P"" as a registered brand online; no ingredients or nutrition found as a result."
SKU-004,P004,2026-09-06,Nha Trang,Lotte Mart Nha Trang,Modern Retail,Chả Cá Chay (vegetarian fish-cake analog),P.G.P,P.G.P,Vietnam (local),"Traditional / Do Chay (mock-meat, tofu)",Fish-cake analog,frozen meat/seafood analog,ready-to-eat,A0,unknown,,,Not found,,per 100 g,field log (label or collector OSINT),,,,,75900,500,g,15180,,High,,,unknown,Not identified,Vietnam (per log),Not verified,Not verified,PGP-chaca,Low,FORM-01,VN-direct,Low,Brand not identified; no ingredients.,Same brand-identification caveat as the row above.
SKU-005,P005,2026-09-06,Nha Trang,Lotte Mart Nha Trang,Modern Retail,Chả Lụa Chay (vegetarian Vietnamese ham/pâté),brand tag not fully legible,unbranded/illegible,Vietnam (local),"Traditional / Do Chay (mock-meat, tofu)",Ham/pâté analog,frozen meat/seafood analog,ready-to-eat,A0,unknown,,,Not found,,per 100 g,field log (label or collector OSINT),,,,,52900,500,g,10580,,Low,21980,-51.9,unknown,n/a,n/a,Not verified,Not verified,UNB-chalua-LM,Low,FORM-01,VN-direct,Low,Brand illegible; no ingredients.,"VERIFY: brand name partly cut off in photo; no ingredients/nutrition found without a confirmed brand. Conv. equivalent = Vissan Giò Lụa (conventional pork) 500g, 109,900đ (Lotte Mart online)."
SKU-006,P006,2026-09-06,Nha Trang,Lotte Mart Nha Trang,Modern Retail,Giò Thủ Chay (vegetarian head-cheese roll),brand not legible,unbranded/illegible,Vietnam (local),"Traditional / Do Chay (mock-meat, tofu)",Cured-meat roll analog,frozen meat/seafood analog,ready-to-eat,A0,unknown,,,Not found,,per 100 g,field log (label or collector OSINT),,,,,45900,500,g,9180,,Low,17380,-47.2,unknown,n/a,n/a,Not verified,Not verified,UNB-giothu-LM,Low,FORM-01,VN-direct,Low,Brand illegible; no ingredients.,"VERIFY: price tag was in a cluster of similar items; package size assumed 500g. Conv. equivalent = Vissan Giò Thủ (conventional) 500g, 86,900đ (Lotte Mart online)."
SKU-007,P007,2026-09-06,Nha Trang,Lotte Mart Nha Trang,Modern Retail,Chả Giò Chay (vegetarian spring rolls),Choice L (Lotte Mart private label),Choice L,Vietnam (local),"Traditional / Do Chay (mock-meat, tofu)",Spring rolls,dumpling/spring roll/bun with vegetable filling,ready-to-cook,A1,unknown,,,Not found,,per 100 g,field log (label or collector OSINT),,,,,46900,400,g,11725,,Low,,,unknown,"Lotte Mart Vietnam (Lotte Group, South Korea) private label",South Korea,Not disclosed,Not disclosed,CHL-chagio,Low,FORM-01,VN-direct,Low,Private label; ingredients not published. Archetype assumed from category.,VERIFY: two Choice L pack sizes on this shelf (400g/500g) with two price points. No published ingredients/nutrition found for Choice L's chả giò chay specifically.
SKU-008,P008,2026-09-06,Nha Trang,Lotte Mart Nha Trang,Modern Retail,"Chả Giò Chay (vegetarian spring rolls, larger pack)",Choice L (Lotte Mart private label),Choice L,Vietnam (local),"Traditional / Do Chay (mock-meat, tofu)",Spring rolls,dumpling/spring roll/bun with vegetable filling,ready-to-cook,A1,unknown,,,Not found,,per 100 g,field log (label or collector OSINT),,,,,53900,500,g,10780,,Low,,,unknown,"Lotte Mart Vietnam (Lotte Group, South Korea) private label",South Korea,Not disclosed,Not disclosed,CHL-chagio,Low,FORM-01,VN-direct,Low,Private label; ingredients not published. Archetype assumed from category.,VERIFY: see note on row above.
SKU-009,P009,2026-09-06,Nha Trang,Lotte Mart Nha Trang,Modern Retail,Hà Cảo Chay (vegetarian dumplings/gyoza),Choice L (Lotte Mart private label),Choice L,Vietnam (local),"Traditional / Do Chay (mock-meat, tofu)",Dumplings,dumpling/spring roll/bun with vegetable filling,ready-to-cook,A1,unknown,,,Not found,,per 100 g,field log (label or collector OSINT),,,,,53900,500,g,10780,,High,,,unknown,"Lotte Mart Vietnam (Lotte Group, South Korea) private label",South Korea,Not disclosed,Not disclosed,CHL-hacao,Low,FORM-01,VN-direct,Low,Private label; ingredients not published.,"""Chỉ Có Tại Lotte Mart"" badge displayed on this shelf. No published ingredients/nutrition found."
SKU-010,P010,2026-09-06,Nha Trang,Lotte Mart Nha Trang,Modern Retail,Chả Giò Xốp Chay (crispy vegetarian spring rolls),Cầu Tre (CJ Cầu Tre); reasonably confident,Cầu Tre (CJ Foods Vietnam),Vietnam (local),"Traditional / Do Chay (mock-meat, tofu)",Crispy spring rolls,dumpling/spring roll/bun with vegetable filling,ready-to-cook,A1,mung bean,none,,"Bánh tráng, củ sắn, khoai môn, đậu xanh, bún tàu, nấm mèo, đường, muối, chất điều vị, tiêu (Cầu Tre's standard chả giò chay line; brand ID on this exact shelf SKU still a best guess).",,per 100 g,field log (label or collector OSINT),,,,,51900,500,g,10380,,Low,10800,-3.9,N,"CJ CheilJedang (South Korea) via CJ Foods Vietnam Co., Ltd",South Korea,"CJ Foods Vietnam Co., Ltd","HQ CJ Building, 2 Bis 4-6 Lê Thánh Tôn, Ho Chi Minh City; plant claimed at Kizuna IP, Tây Ninh (former Long An) by collector OSINT, not verified",CT-chagio-std,Medium,FORM-01,VN-direct,Medium,Brand best guess (Cầu Tre); ingredients are the brand standard line.,"VERIFY exact price: sat in a 39,900-65,900đ cluster; used the mid-point. Lotte Mart's own online listing for ""Chả Giò Chay CJ Cầu Tre 500G"" prices it at 44,900đ; likely closer to true. Conv. equivalent = Chả Giò Thịt Cầu Tre 500g, 54,000đ (Lotte Mart online). No numeric nutrition table published."
SKU-011,P011,2026-09-06,Nha Trang,Lotte Mart Nha Trang,Modern Retail,Chả Giò Rế Chay (net-wrapped vegetarian spring rolls),Vissan; confirmed via OSINT,Vissan,Vietnam (local),"Traditional / Do Chay (mock-meat, tofu)",Net-wrapped spring rolls,dumpling/spring roll/bun with vegetable filling,ready-to-cook,A1,mung bean,tofu skin; soy protein,,"Bánh tráng (gạo, nước, bột năng, muối), củ sắn, khoai môn, cà rốt, đậu xanh, tàu hũ ky, nấm mèo, nấm đông cô, protein đậu nành, hành, đường, muối i-ốt, tiêu, chất điều vị (621); Vissan's standard chả giò chay recipe; the rế (net-wrapped) variant likely shares this core filling with a different wrapper.",,per 100 g,"excluded: "">=3.5"" regulatory minimum, not a label value",,,,,40900,500,g,8180,,High,13180,-37.9,partial,"Vissan JSC (Công ty CP Việt Nam Kỹ Nghệ Súc Sản); state-linked (major shareholding by Saigon Trading Group, SATRA, not verified this wave)",Vietnam,Vissan,"Ho Chi Minh City, 420 Nơ Trang Long (former Bình Thạnh district); other plants not verified",VIS-chagio-re,Medium,FORM-01; FORM-25; FORM-02; FORM-03; FORM-05; FORM-07,VN-direct,Medium,"Protein field on log is "">=3.5"" (regulatory minimum quoted by a price site, not a label value); excluded from protein statistics.","Brand confirmed: Vissan sells exactly this product nationally; market price references ~31,350-60,500đ. Conv. equivalent = Chả Giò Rế Thịt Vissan 500g, 65,900đ, from Lotte Mart's own online store."
SKU-012,P012,2026-09-06,Nha Trang,Lotte Mart Nha Trang,Modern Retail,Hà Cảo Chay Củ Sen (lotus-root vegetarian dumpling),brand not legible,unbranded/illegible,Vietnam (local),"Traditional / Do Chay (mock-meat, tofu)",Dumplings,dumpling/spring roll/bun with vegetable filling,ready-to-cook,A1,unknown,,,Not found,,per 100 g,field log (label or collector OSINT),,,,,27900,500,g,5580,,High,,,unknown,n/a,n/a,Not verified,Not verified,UNB-hacao-cusen,Low,FORM-01,VN-direct,Low,,"Tagged ""MỚI"" (New). No brand or conventional-equivalent match found via search."
SKU-013,P013,2026-09-06,Nha Trang,Lotte Mart Nha Trang,Modern Retail,Healthy Mandu Chay (vegetarian dumplings),bibigo (CJ Cầu Tre),bibigo (CJ Foods Vietnam),Vietnam (local),"Traditional / Do Chay (mock-meat, tofu)",Dumplings,dumpling/spring roll/bun with vegetable filling,ready-to-cook,A2,soy protein/TVP,wheat flour (wrapper 29.2%); lotus seed; mushroom,,"Da bánh 29.2% (bột mì, nước, muối, bột năng), củ sắn, nấm đùi gà, cà rốt, nấm đông cô, đạm đậu nành, hạt sen, nấm kim châm, hành tây, bột chiên xù, nấm mèo, khoai môn, mè, dầu hào chay vị nấm hương, đường, nước tương, ngò rí, hành boa rô, dầu cọ, hành tím, chiết xuất nấm men, dầu mè, dầu nành, hành lá, tỏi, tiêu, muối, giấm gạo lên men, bột ớt, tinh bột bắp, ớt (mushroom variant, 300g pack; your photographed SKU's exact size/flavor not confirmed).",,per 100 g,field log (label or collector OSINT),,,,,52900,,g,,,High,,,Y,CJ CheilJedang (South Korea),South Korea,"CJ Foods Vietnam Co., Ltd","Made in Vietnam (collector OSINT names Kizuna IP, Tây Ninh (former Long An); not verified)",BIB-mandu,Medium,FORM-01; FORM-02; FORM-03; FORM-05; FORM-07,VN-direct,Medium,"Marketing claim ""100% protein từ thực vật""; no numeric panel.","OSINT resolves origin: bibigo mandu sold in VN is made locally by CJ Cầu Tre (Kizuna Tây Ninh plant). Marketing claims ""100% Protein từ thực vật"" (100% plant protein) and ""0% Cholesterol""; no numeric nutrition table found though. Still a taxonomy boundary case; large branded line, closer to 'Plant-based (modern/branded)' in positioning, but shelved as Do Chay."
SKU-014,P014,2026-09-06,Nha Trang,Co.opmart Nha Trang,Modern Retail,Hà Cảo Chay (vegetarian dumplings),Cầu Tre,Cầu Tre (CJ Foods Vietnam),Vietnam (local),"Traditional / Do Chay (mock-meat, tofu)",Dumplings,dumpling/spring roll/bun with vegetable filling,ready-to-cook,A1,mung bean,wheat flour (wrapper 54%),,"Da bột bánh (nước, bột mì, bột gạo, tinh bột khoai mì) 54%, củ sắn, đậu xanh, khoai môn, nấm mèo, miến sợi, cà rốt, đường cát, nấm đông cô, boa rô, dầu cọ, tinh bột bắp, chất điều vị, hạt mè, muối, tiêu (Cầu Tre's ""há cảo chay thập cẩm"" line; closest published match, exact shelf SKU not fully confirmed).",,per 100 g,field log (label or collector OSINT),,,,,41500,500,g,8300,,Low,,,partial,"CJ CheilJedang (South Korea) via CJ Foods Vietnam Co., Ltd",South Korea,"CJ Foods Vietnam Co., Ltd","HQ CJ Building, 2 Bis 4-6 Lê Thánh Tôn, Ho Chi Minh City; plant claimed at Kizuna IP, Tây Ninh (former Long An) by collector OSINT, not verified",CT-hacao-thapcam,Medium,FORM-01,VN-direct,Medium,Closest published match; exact shelf SKU not confirmed.,VERIFY price: read off a shared price-tag row for several adjacent SKUs. No numeric nutrition table found.
SKU-015,P015,2026-09-06,Nha Trang,Co.opmart Nha Trang,Modern Retail,Healthy Mandu Chay (vegetarian dumplings),bibigo (CJ Cầu Tre),bibigo (CJ Foods Vietnam),Vietnam (local),"Traditional / Do Chay (mock-meat, tofu)",Dumplings,dumpling/spring roll/bun with vegetable filling,ready-to-cook,A2,soy protein/TVP,wheat flour (wrapper); lotus seed; mushroom,,Same product line as the Lotte Mart Healthy Mandu Chay row; see that row for the full ingredients list.,,per 100 g,field log (label or collector OSINT),,,,,,,g,,,High,,,Y,CJ CheilJedang (South Korea),South Korea,"CJ Foods Vietnam Co., Ltd","Made in Vietnam (collector OSINT names Kizuna IP, Tây Ninh (former Long An); not verified)",BIB-mandu,Medium,FORM-01; FORM-02; FORM-03; FORM-05; FORM-07,VN-direct,Medium,,"Price not clearly legible in this photo; same SKU logged at Lotte Mart Nha Trang for ~52,900đ, plausibly similar here; left blank rather than guess. Size unclear too."
SKU-016,P016,2026-09-06,Nha Trang,Co.opmart Nha Trang,Modern Retail,Bánh Bao Nhân Chay (vegetarian filled steamed buns),Coop Select (Saigon Co-op private label),Co.op Select,Vietnam (local),"Traditional / Do Chay (mock-meat, tofu)",Steamed buns,dumpling/spring roll/bun with vegetable filling,ready-to-cook,A2,wheat flour (bun dough; filling not published),unknown,,Not found,,per 100 g,field log (label or collector OSINT),,,,,41500,240,g,17292,,Low,,,Y,"Saigon Co.op (Liên hiệp HTX Thương mại TP.HCM), cooperative",Vietnam,GN Foods JSC (Công ty CP Thực phẩm GN) for the noodle-gyoza meal (label); other SKUs not disclosed,GN Foods: Tây Ninh province (label; whether former Long An or former Tây Ninh not stated),CS-banhbao,Low,FORM-01,VN-direct,Low,Bánh bao dough is wheat flour by definition; filling unknown.,"VERIFY price: shared price-tag row with adjacent SKUs, pack size read as 240g off the bag. No published ingredients/nutrition found for this Coop Select SKU."
SKU-017,P017,2026-09-06,Nha Trang,Co.opmart Nha Trang,Modern Retail,Hà Cảo Chay (vegetarian dumplings),Coop Select (Saigon Co-op private label),Co.op Select,Vietnam (local),"Traditional / Do Chay (mock-meat, tofu)",Dumplings,dumpling/spring roll/bun with vegetable filling,ready-to-cook,A1,unknown,,,Not found,,per 100 g,field log (label or collector OSINT),,,,,32800,275,g,11927,,Low,,,unknown,"Saigon Co.op (Liên hiệp HTX Thương mại TP.HCM), cooperative",Vietnam,GN Foods JSC (Công ty CP Thực phẩm GN) for the noodle-gyoza meal (label); other SKUs not disclosed,GN Foods: Tây Ninh province (label; whether former Long An or former Tây Ninh not stated),CS-hacao,Low,FORM-01,VN-direct,Low,,VERIFY price: pack size read as 275g off the bag. No published ingredients/nutrition found.
SKU-018,P018,2026-09-06,Nha Trang,Co.opmart Nha Trang,Modern Retail,Mì Sủi Cảo Chay / Vegetarian Gyoza with Noodles,Coop Select (Saigon Co-op private label),Co.op Select,Vietnam (local),"Traditional / Do Chay (mock-meat, tofu)",Noodle + dumpling ready meal,ready meal,ready-to-cook,A1,wheat flour (noodles 38% + wrapper 25%),tofu; soy protein; soybean; edamame; peanut; egg (in noodles),EGG,"Mì (38%): bột mì, nước, trứng gà, muối, phẩm màu tổng hợp (INS 160a(i)). Vỏ sủi cảo (25%): bột mì, nước, tinh bột khoai mì, muối. Nhân (37%): nấm đùi gà (11%), bắp cải, đậu Hà Lan, củ sắn, măng, đậu hũ, đạm đậu nành, cà rốt, đậu nành, mè đen/mè trắng, đậu Edamame, đậu phộng, muối, tỏi, gừng, nước tương, tinh bột khoai mì, chất điều vị (INS 621), chất ổn định (INS 1442).",4.2,per 100 g,field log (label or collector OSINT),146,5.1,20.8,581,61000,500,g,12200,290476,Low,,,Y,"Saigon Co.op (Liên hiệp HTX Thương mại TP.HCM), cooperative",Vietnam,GN Foods JSC (Công ty CP Thực phẩm GN) for Saigon Co.op (label),Tây Ninh province (label),CS-misuicao,High,FORM-01; FORM-02; FORM-03; FORM-05; FORM-07,VN-direct,High,"Label read directly (High). Contains hen egg in noodles: not vegan. Made by GN Foods JSC for Saigon Co.op, Tây Ninh.","HIGH CONFIDENCE; you photographed the back label directly, so ingredients and nutrition are both taken straight from the pack (per 100g: 146 kcal, 4.2g protein, 5.1g fat, 20.8g carbs [3.2g sugars], 581mg sodium). Made by Công ty CP Thực phẩm GN for Saigon Co-op, Tây Ninh province. Mfg 21.05.2026, best before 21.11.2027. Price is the one figure still worth double-checking (read off a shared tag row, not the item itself)."
SKU-019,P019,2026-09-06,Nha Trang,Co.opmart Nha Trang,Modern Retail,Chả Giò Bánh Tráng Chay (rice-paper vegetarian spring rolls),Cầu Tre,Cầu Tre (CJ Foods Vietnam),Vietnam (local),"Traditional / Do Chay (mock-meat, tofu)",Spring rolls,dumpling/spring roll/bun with vegetable filling,ready-to-cook,A1,mung bean,none,,"Bánh tráng, củ sắn, khoai môn, đậu xanh, bún tàu, nấm mèo, đường, muối, chất điều vị, tiêu (Cầu Tre's standard chả giò chay recipe).",,per 100 g,field log (label or collector OSINT),,,,,41000,500,g,8200,,Low,,,N,"CJ CheilJedang (South Korea) via CJ Foods Vietnam Co., Ltd",South Korea,"CJ Foods Vietnam Co., Ltd","HQ CJ Building, 2 Bis 4-6 Lê Thánh Tôn, Ho Chi Minh City; plant claimed at Kizuna IP, Tây Ninh (former Long An) by collector OSINT, not verified",CT-chagio-std,Medium,FORM-01,VN-direct,Medium,,VERIFY price: shared tag row. No numeric nutrition table found.
SKU-020,P020,2026-09-06,Nha Trang,Co.opmart Nha Trang,Modern Retail,Chả Giò Bánh Rế Chay Đặc Biệt (special net-wrapped vegetarian spring rolls),Cầu Tre,Cầu Tre (CJ Foods Vietnam),Vietnam (local),"Traditional / Do Chay (mock-meat, tofu)",Net-wrapped spring rolls,dumpling/spring roll/bun with vegetable filling,ready-to-cook,A1,mung bean,tofu skin,,"Bánh tráng rế, củ sắn, khoai môn, đậu xanh, nấm mèo, tàu hũ ky, nấm đông cô, bún tàu, tiêu, chất điều vị (E621).",,per 100 g,field log (label or collector OSINT),,,,,53000,600,g,8833,,Low,,,partial,"CJ CheilJedang (South Korea) via CJ Foods Vietnam Co., Ltd",South Korea,"CJ Foods Vietnam Co., Ltd","HQ CJ Building, 2 Bis 4-6 Lê Thánh Tôn, Ho Chi Minh City; plant claimed at Kizuna IP, Tây Ninh (former Long An) by collector OSINT, not verified",CT-chagio-re-db,Medium,FORM-01; FORM-22,VN-direct,Medium,This older/alternate ingredient list includes tàu hũ ky; the current CJ page (FORM-22) lists mung bean only.,VERIFY price: premium/larger variant vs. the standard Cầu Tre line; 600g here vs. 500g elsewhere. No numeric nutrition table found.
SKU-021,P021,2026-09-06,Nha Trang,Co.opmart Nha Trang,Modern Retail,Chả Giò Chay (vegetarian spring rolls),Vissan,Vissan,Vietnam (local),"Traditional / Do Chay (mock-meat, tofu)",Spring rolls,dumpling/spring roll/bun with vegetable filling,ready-to-cook,A1,mung bean,tofu skin; soy protein,,"Bánh tráng (gạo, nước, bột năng, muối), củ sắn, khoai môn, cà rốt, đậu xanh, tàu hũ ky, nấm mèo, nấm đông cô, protein đậu nành, hành, đường, muối i-ốt, tiêu, chất điều vị (621).",4.26,per 100 g,borrowed from same product label (P116),,,,,44900,500,g,8980,210798,Low,,,partial,"Vissan JSC (Công ty CP Việt Nam Kỹ Nghệ Súc Sản); state-linked (major shareholding by Saigon Trading Group, SATRA, not verified this wave)",Vietnam,Vissan,"Ho Chi Minh City, 420 Nơ Trang Long (former Bình Thạnh district); other plants not verified",VIS-chagio,Medium,FORM-01; FORM-25; FORM-02; FORM-03; FORM-05; FORM-07,VN-direct,Medium,"Log protein "">=3.5"" is not a label value; same product label 4.26 g (P116) used.","VERIFY price: consistent with the ~44,900-75,900đ market range found via OSINT."
SKU-022,P022,2026-09-06,Nha Trang,Co.opmart Nha Trang,Modern Retail,Chả Tôm Chay (vegetarian shrimp cake),Thoại An,Thoại An,Vietnam (local),"Traditional / Do Chay (mock-meat, tofu)",Seafood-analog cake,frozen meat/seafood analog,ready-to-cook,A4,unknown (brand analogs are wheat-gluten based),,,Not found,,per 100 g,field log (label or collector OSINT),,,,,41800,400,g,10450,,High,,,unknown,"Thoai An Trading Co., Ltd (Công ty TNHH Thương mại Thoại An), tax code 0303800622",Vietnam,Thoại An,"Ho Chi Minh City, Tân Tạo Industrial Park, Tân Tạo ward (former Bình Tân district)",TA-chatom,Low,FORM-01; FORM-26,VN-direct,Low,,"New brand, not seen at Lotte Mart; Thoại An appears to specialize in vegetarian seafood analogs, but has little public footprint I could find; no ingredients/nutrition located."
SKU-023,P023,2026-09-06,Nha Trang,Co.opmart Nha Trang,Modern Retail,Đậu Hũ Hải Sản Chay (vegetarian seafood tofu),Thoại An,Thoại An,Vietnam (local),"Traditional / Do Chay (mock-meat, tofu)",Tofu / seafood-analog,frozen meat/seafood analog,ready-to-cook,A4,soybean (soy milk 30%),wheat gluten,,Not found,3.03,per 100 g,borrowed from same product label (P094),,,,,71500,500,g,14300,471947,High,,,Y,"Thoai An Trading Co., Ltd (Công ty TNHH Thương mại Thoại An), tax code 0303800622",Vietnam,Thoại An,"Ho Chi Minh City, Tân Tạo Industrial Park, Tân Tạo ward (former Bình Tân district)",TA-dauhu-haisan,Low,FORM-01; FORM-26; FORM-09; FORM-02; FORM-03; FORM-05; FORM-07,VN-direct,Low,"Same product as P094 (label 3.03 g). Price here 71,500 vs 43,700 at P094: one read likely wrong.",Notably higher price tier than most other SKUs in this basket. Same brand-footprint caveat as the row above.
SKU-024,P024,2026-09-06,Nha Trang,Co.opmart Nha Trang,Modern Retail,Bò Nấu Đậu Chay (canned vegetarian beef & bean stew),Vissan,Vissan,Vietnam (local),"Traditional / Do Chay (mock-meat, tofu)",Canned meat analog,canned analog,ready-to-eat,A6,"soy protein/TVP (vegan beef slices 55%, inferred)",white beans 17%,,"Bò lát chay (55%), đậu trắng (17%), nước, dầu đậu nành, hành, gừng, bột cà chua, đường, muối i-ốt, tiêu, chất ổn định (1422), chất điều vị (621).",,per 100 g,field log (label or collector OSINT),,,,,17900,170,g,10529,,High,,,Y,"Vissan JSC (Công ty CP Việt Nam Kỹ Nghệ Súc Sản); state-linked (major shareholding by Saigon Trading Group, SATRA, not verified this wave)",Vietnam,Vissan,"Ho Chi Minh City, 420 Nơ Trang Long (former Bình Thạnh district); other plants not verified",VIS-bonaudau,Medium,FORM-01; FORM-02; FORM-03; FORM-05; FORM-07,VN-direct,Medium,"Composition of ""bò lát chay"" not stated; inferred soy/TVP. HCMC label (P091) gives 30% slices, 20% beans: formula or label version differs.","HIGH CONFIDENCE on price; clear, unambiguous tag. Ingredients confirmed via Vissan's own site. No numeric nutrition table published for this SKU specifically (a conventional Vissan pork analog, ""sườn nấu đậu,"" runs 121 kcal/100g, for rough scale only; not the same product)."
SKU-025,P025,2026-09-06,Nha Trang,Co.opmart Nha Trang,Modern Retail,"Thịt Nguội Chay Đậu Nành, Vị Hun Khói / Vị Nguyên Bản (canned soy luncheon meat, smoky / original)",Ông Chà Và,Ông Chà Và / NOSAFOOD,Imported,Plant-based (modern/branded),Canned meat analog,canned analog,ready-to-eat,A6,soy protein (91.5% main group),none,,"Smoky flavor; main (91.5%): đạm nành, nước, dầu thực vật, muối; other (8.5%): bột bắp, chiết xuất nấm men, chất ổn định (407), men đỏ, hương khói tự nhiên.",,per 100 g,field log (label or collector OSINT),,,,,70000,200,g,35000,,High,,,Y,"NOSAFOOD (brand owner; Vietnamese spice brand owner per analyst recollection, unverified)",Vietnam brand owner (unverified); product origin disputed (China vs Vietnam),Not verified,Not verified,OCV-luncheon,Medium,FORM-01; FORM-02; FORM-03; FORM-05; FORM-07,VN-direct,Medium,Origin reported as China in Nha Trang OSINT; see disagreement log.,"OSINT-confirmed: brand is Ông Chà Và, origin China. Packaging explicitly says ""Plant Based"" in English; the closest thing to modern-branded plant-based found in Nha Trang so far, and it's a Chinese import via canned goods. No numeric nutrition table found in my searches."
SKU-026,P026,2026-09-06,Nha Trang,Co.opmart Nha Trang,Modern Retail,Thịt Bò / Thịt Nguội Chay (canned soy-based vegetarian meat),NOSA,Ông Chà Và / NOSAFOOD,Imported,Plant-based (modern/branded),Canned meat analog,canned analog,ready-to-eat,A6,soybean 17%,soy protein 2.5%,,"Nước, đậu nành (17%), dầu thực vật, đạm đậu nành (2.5%), tinh bột bắp biến tính, đường, muối, bột nấm men, hương thịt giống tự nhiên, men đỏ, hương khói tự nhiên.",,per 100 g,field log (label or collector OSINT),,,,,57000,185,g,30811,,High,,,Y,"NOSAFOOD (brand owner; Vietnamese spice brand owner per analyst recollection, unverified)",Vietnam brand owner (unverified); product origin disputed (China vs Vietnam),Not verified,Not verified,NOSA-luncheon,Medium,FORM-01; FORM-09; FORM-02; FORM-03; FORM-05; FORM-07,VN-direct,Medium,Origin reported as China in Nha Trang OSINT.,"OSINT-confirmed: NOSA brand, origin China. Same category and positioning as the Ông Chà Và cans above. No numeric nutrition table found."
SKU-027,P027,2026-09-06,Nha Trang,Co.opmart Nha Trang,Modern Retail,Mì Chay (instant vegetarian noodle cup),Vifon,Vifon,Vietnam (local),"Traditional / Do Chay (mock-meat, tofu)",Instant noodles,other,dry,A0,wheat flour (instant noodle),,,Not found,,per 100 g,field log (label or collector OSINT),,,,,8700,,g,,,High,,,Y,Vifon JSC,Vietnam,Not verified,Not verified,VIF-mi,Low,FORM-01,VN-direct,Low,Instant noodle; not a protein product.,"One representative SKU from a large ambient/dry chay-noodle aisle; 10+ brands observed. Not itemized SKU-by-SKU, and no ingredients/nutrition looked up for this specific cup flavor."
SKU-028,P028,2026-09-06,Nha Trang,Co.opmart Nha Trang,Modern Retail,"Sữa Hạt, Yến Mạch (Oat milk)",Vinamilk,Vinamilk,Vietnam (local),Plant-based (modern/branded),Plant milk,plant milk,beverage,A9,oat,,,Not found,,per 100 ml,field log (label or collector OSINT),,,,,27000,,ml,,,High,,,Y,Vietnam Dairy Products JSC (Vinamilk),Vietnam (state holding company SCIC is the largest shareholder; not verified this wave),Vinamilk,Multiple plants; not verified per SKU,VNM-oat,Low,FORM-01,VN-direct,Low,Flavour read from carton colour.,"TAXONOMY FLAG: doesn't fit cleanly into the current category list; this is a dairy alternative, not a meat one. Flavor read off box color/position rather than confirmed text. No nutrition table found for Vinamilk's oat variant specifically (their soy and ""cao đạm""/high-protein lines are documented, this flavor isn't)."
SKU-029,P029,2026-09-06,Nha Trang,Co.opmart Nha Trang,Modern Retail,Sữa Đậu Nành (Soy milk),Vinamilk,Vinamilk,Vietnam (local),Plant-based (modern/branded),Plant milk,plant milk,beverage,A7,soybean,,,Not found,,per 100 ml,field log (label or collector OSINT),,,,,29000,,ml,,,Low,,,Y,Vietnam Dairy Products JSC (Vinamilk),Vietnam (state holding company SCIC is the largest shareholder; not verified this wave),Vinamilk,Multiple plants; not verified per SKU,VNM-soy,Low,FORM-01; FORM-09,VN-direct,Low,,Price and flavor-to-carton pairing approximate. Couldn't confirm nutrition for Vinamilk's own soy-milk line specifically as distinct from the related Fami/Vinasoy brand (logged separately below).
SKU-030,P030,2026-09-06,Nha Trang,Co.opmart Nha Trang,Modern Retail,"Sữa Hạt, likely 9 Loại Hạt or Đậu Nành Hạt Óc Chó (9-seed or soy-walnut blend)",Vinamilk,Vinamilk,Vietnam (local),Plant-based (modern/branded),Plant milk,plant milk,beverage,A0,unknown (Vinamilk seed blend; soybean or pea base),,,Not found,,per 100 ml,field log (label or collector OSINT),,,,,27000,,ml,,,Low,,,Y,Vietnam Dairy Products JSC (Vinamilk),Vietnam (state holding company SCIC is the largest shareholder; not verified this wave),Vinamilk,Multiple plants; not verified per SKU,VNM-hat-unk,Low,FORM-01; FORM-09,VN-direct,Low,Flavour low confidence.,"LOW CONFIDENCE on flavor: inferred from an orange carton, not confirmed text. Skipping nutrition rather than compounding a flavor guess with a nutrition guess."
SKU-031,P031,2026-09-06,Nha Trang,Co.opmart Nha Trang,Modern Retail,"Sữa Hạt, flavor unconfirmed (pink carton)",Vinamilk,Vinamilk,Vietnam (local),Plant-based (modern/branded),Plant milk,plant milk,beverage,A0,unknown (Vinamilk seed blend),,,Not found,,per 100 ml,field log (label or collector OSINT),,,,,29000,,ml,,,Low,,,Y,Vietnam Dairy Products JSC (Vinamilk),Vietnam (state holding company SCIC is the largest shareholder; not verified this wave),Vinamilk,Multiple plants; not verified per SKU,VNM-hat-unk2,Low,FORM-01,VN-direct,Low,Flavour low confidence.,LOW CONFIDENCE: flavor genuinely unclear from the photo; flagging its existence rather than guessing further.
SKU-032,P032,2026-09-06,Nha Trang,Co.opmart Nha Trang,Modern Retail,Fami Nguyên Chất (Original soy milk),Fami (Vinasoy),Fami / Vinasoy,Vietnam (local),Plant-based (modern/branded),Plant milk,plant milk,beverage,A7,soybean,,,Not found,1.9,per 100 ml,field log (label or collector OSINT),54,1.5,9,,25300,,ml,,,High,,,Y,"Quang Ngai Sugar JSC (QNS), Vinasoy soy milk unit",Vietnam,Vinasoy (QNS),Quảng Ngãi (Vinasoy factory); other plants not verified this wave,FAMI-nc,Low,FORM-01; FORM-09,VN-direct,Low,"Protein 1.9 is a brand-wide average quoted by collector, not this carton; Fami labels read in HCMC show 2.5.","Flavor inferred from a green carton, not confirmed text. Nutrition figures are Fami's published brand-wide averages (protein 1.9g, fat ~1-1.9g, energy ~54kcal, sugar ~9g per 100ml); reasonably reliable if this carton is genuinely the Nguyên Chất variant, less so if it's a different Fami flavor."
SKU-033,P033,2026-09-06,Nha Trang,Co.opmart Nha Trang,Modern Retail,"Fami, flavor uncertain; possibly Vị Đậu Đỏ Nếp Cẩm or Green Soy",Fami (Vinasoy),Fami / Vinasoy,Vietnam (local),Plant-based (modern/branded),Plant milk,plant milk,beverage,A7,soybean,,,Not found,,per 100 ml,field log (label or collector OSINT),,,,,25300,,ml,,,Low,,,Y,"Quang Ngai Sugar JSC (QNS), Vinasoy soy milk unit",Vietnam,Vinasoy (QNS),Quảng Ngãi (Vinasoy factory); other plants not verified this wave,FAMI-unk,Low,FORM-01; FORM-09,VN-direct,Low,,"LOW CONFIDENCE on flavor: read off a yellow carton, not confirmed text; skipping nutrition to avoid compounding the flavor guess."
SKU-034,P034,2026-09-06,Nha Trang,Co.opmart Nha Trang,Modern Retail,Fami Canxi (calcium-fortified soy milk),Fami (Vinasoy),Fami / Vinasoy,Vietnam (local),Plant-based (modern/branded),Plant milk,plant milk,beverage,A7,soybean,,,Confirmed as a real Fami product line via OSINT.,,per 100 ml,field log (label or collector OSINT),58,,10,28,26000,,ml,,,Low,,,Y,"Quang Ngai Sugar JSC (QNS), Vinasoy soy milk unit",Vietnam,Vinasoy (QNS),Quảng Ngãi (Vinasoy factory); other plants not verified this wave,FAMI-canxi,Medium,FORM-01; FORM-09,VN-direct,Medium,,"Energy and carbs are Fami Canxi's published figures (57.7 kcal, 9.5g carbs per 100ml, regular; not the low-sugar variant); sodium ~28mg/100ml. Protein specifically for the Canxi variant wasn't separately published, likely similar to Nguyên Chất's 1.9g/100ml. Price/carton pairing on this shelf still approximate."
SKU-035,P035,2026-09-06,Nha Trang,Co.opmart Nha Trang,Modern Retail,Sữa Gạo Lứt (brown-rice milk),Nutifood,Nutifood,Vietnam (local),Plant-based (modern/branded),Plant milk,plant milk,beverage,A9,rice (brown rice),,,Not found,,per 100 ml,field log (label or collector OSINT),,,,,24800,,ml,,,High,,,N,Nutifood Nutrition Food JSC,Vietnam,Nutifood,Not verified,NUTI-gaolut,Low,FORM-01,VN-direct,Low,,"Part of a promo-tagged Nutifood cluster (""3 hộp bằng giá"" discount signage nearby). No ingredients/nutrition looked up."
SKU-036,P036,2026-09-06,Nha Trang,Co.opmart Nha Trang,Modern Retail,Sữa Ngô (corn milk),Nutifood,Nutifood,Vietnam (local),Plant-based (modern/branded),Plant milk,plant milk,beverage,A9,corn,,,Not found,,per 100 ml,field log (label or collector OSINT),,,,,24800,,ml,,,High,,,N,Nutifood Nutrition Food JSC,Vietnam,Nutifood,Not verified,NUTI-ngo,Low,FORM-01,VN-direct,Low,Corn milk likely uses domestic sweet corn (not verified).,Same Nutifood cluster as the row above.
SKU-037,P037,2026-09-06,Nha Trang,Co.opmart Nha Trang,Modern Retail,"TH true NUT; Hạt Óc Chó / Hạt Mắc Ca / Hạnh Nhân (walnut / macadamia / almond, 3 flavors on shelf)",TH,TH true NUT,Vietnam (local),Plant-based (modern/branded),Plant milk,plant milk,beverage,A9,nuts (walnut 60%),oat; dates; cow milk,DAIRY,"Walnut variant: dịch hạt óc chó (60%), dịch quả chà là, dịch yến mạch, sữa bò tươi, chất ổn định (E418, 471, 410).",1,per 100 ml,field log (label or collector OSINT),43,2.4,4.3,,58900,,ml,,,Low,,,Y,TH Group (TH true milk),Vietnam,TH,Not verified (TH dairy complex is in Nghệ An; not verified for nut milks),TH-nut,Medium,FORM-01,VN-direct,Medium,"Walnut variant contains fresh cow milk (""sữa bò tươi""): not vegan. Price is a placeholder (collector).","PRICE CORRECTION from my first pass: I'd read a ""137"" tag near these cartons as 137,000đ. OSINT shows TH true NUT actually retails around 52,300-64,900đ depending on format; using 58,900đ (1L reference) as a placeholder. ""137"" is far more likely the name of a separate premium brand, ""137 Degrees"" (confirmed real via OSINT); see the row below. Nutrition figures shown (42.8 kcal, 1g protein, 2.4g fat, 4.3g carbs per 100ml) are for the walnut flavor specifically; macadamia/almond weren't individually looked up, and the three flavors weren't individually price-tagged in the photo, so this one row stands in for all three."
SKU-038,P038,2026-09-06,Nha Trang,Co.opmart Nha Trang,Modern Retail,"137 Degrees (premium nut milk; likely the brand behind the ""137"" tag I misread as a price)",137 Degrees,137 Degrees,Vietnam (local),Plant-based (modern/branded),Plant milk,plant milk,beverage,A9,nuts,,,Not found,,per 100 ml,field log (label or collector OSINT),,,,,,,ml,,,High,,,Y,"Simple Foods Co., Ltd (believed Thailand; site does not state)",Thailand (log records Vietnam for Nha Trang rows),Not verified,Not verified,137D-unk,Low,FORM-01,VN-direct,Low,"Presence only, no price. Brand is imported (Thailand), log says local.","Flagging this brand's likely presence rather than guessing a price: ""137 Degrees"" is a real, separate premium nut-milk brand; almond, walnut, macadamia variants. If genuinely on this shelf, worth its own confirmed price and ingredients on a return visit."
SKU-039,P039,2026-09-06,Nha Trang,GO! Nha Trang,Modern Retail,Bánh Mandu Chay Nấm (Healthy Mandu Chay; mushroom vegetarian dumplings),bibigo (CJ Cầu Tre),bibigo (CJ Foods Vietnam),Vietnam (local),"Traditional / Do Chay (mock-meat, tofu)",Dumplings,dumpling/spring roll/bun with vegetable filling,ready-to-cook,A2,soy protein/TVP,wheat flour (wrapper 29.2%); lotus seed; mushroom,,"Wrapper 29.2% (wheat flour, water, salt, tapioca); yam bean, king oyster mushroom, carrot, shiitake, soy protein, lotus seed, enoki, onion, breadcrumbs, wood-ear mushroom, taro, sesame, mushroom-flavoured vegan oyster sauce, sugar, soy sauce, herbs, vegetable oils, yeast extract, garlic, pepper, salt, fermented rice vinegar, chili and corn starch",,per 100 g,field log (label or collector OSINT),,,,322,43000,300,g,14333,,High,,,Y,CJ CheilJedang (South Korea),South Korea,"CJ Foods Vietnam Co., Ltd","Made in Vietnam (collector OSINT names Kizuna IP, Tây Ninh (former Long An); not verified)",BIB-mandu,Medium,FORM-01; FORM-02; FORM-03; FORM-05; FORM-07,VN-direct,Medium,,"On promotion: 53,500đ struck through -> 43,000đ (red price-cut tag), matches the 300g pack called out on the tag itself. Same product line logged at Lotte Mart Nha Trang (Healthy Mandu Chay, 52,900đ, no promo); GO!'s promo price undercuts it by ~19%. Price/tag read with reasonably high confidence. Ingredients/nutrition supplemented from exact-product OSINT; accessed 2026-09-22: https://aeoneshop.com/product/14817/cj-foods-banh-mandu-healthy-nhan-nam-300g-300g."
SKU-040,P040,2026-09-06,Nha Trang,GO! Nha Trang,Modern Retail,"Chả Giò Rế Chay ""Giòn Ngon"" (net-wrapped vegetarian spring rolls)",Cầu Tre,Cầu Tre (CJ Foods Vietnam),Vietnam (local),"Traditional / Do Chay (mock-meat, tofu)",Net-wrapped spring rolls,dumpling/spring roll/bun with vegetable filling,ready-to-cook,A1,unknown (Cầu Tre line),,,Not found,,per 100 g,field log (label or collector OSINT),,,,,45000,,g,,,Low,,,unknown,"CJ CheilJedang (South Korea) via CJ Foods Vietnam Co., Ltd",South Korea,"CJ Foods Vietnam Co., Ltd","HQ CJ Building, 2 Bis 4-6 Lê Thánh Tôn, Ho Chi Minh City; plant claimed at Kizuna IP, Tây Ninh (former Long An) by collector OSINT, not verified",CT-chagio-re-gn,Low,FORM-01,VN-direct,Low,,"VERIFY price; read off a shelf tag row shared with several adjacent SKUs, digits not fully certain. Compare: same product line at Lotte Mart Nha Trang (Cầu Tre, ""reasonably confident"" brand read) priced 51,900đ."
SKU-041,P041,2026-09-06,Nha Trang,GO! Nha Trang,Modern Retail,"Chả Giò Chay ""Giòn Ngon"", smaller pack (vegetarian spring rolls)",Cầu Tre,Cầu Tre (CJ Foods Vietnam),Vietnam (local),"Traditional / Do Chay (mock-meat, tofu)",Spring rolls,dumpling/spring roll/bun with vegetable filling,ready-to-cook,A1,unknown (Cầu Tre line),,,Not found,,per 100 g,field log (label or collector OSINT),,,,,39000,,g,,,Low,,,unknown,"CJ CheilJedang (South Korea) via CJ Foods Vietnam Co., Ltd",South Korea,"CJ Foods Vietnam Co., Ltd","HQ CJ Building, 2 Bis 4-6 Lê Thánh Tôn, Ho Chi Minh City; plant claimed at Kizuna IP, Tây Ninh (former Long An) by collector OSINT, not verified",CT-chagio-gn,Low,FORM-01,VN-direct,Low,,"VERIFY price; same shelf-tag caveat as the net-wrapped SKU above; likely a smaller pack size of the same product line, size not legible on the pack itself."
SKU-042,P042,2026-09-06,Nha Trang,GO! Nha Trang,Modern Retail,Chả Giò Đa Xốp Chay (crispy multi-layer-wrapper vegetarian spring rolls),Cầu Tre,Cầu Tre (CJ Foods Vietnam),Vietnam (local),"Traditional / Do Chay (mock-meat, tofu)",Crispy spring rolls,dumpling/spring roll/bun with vegetable filling,ready-to-cook,A1,soy protein/TVP,wheat flour (pastry 31%); mung bean,,"Pastry wrapper 31% (wheat flour, rice flour, palm oil, salt, emulsifier E322i), yam bean, taro, soy protein, mung bean, carrot, wood-ear mushroom, glass noodles, sugar, palm oil, leek, dextrose, salt, pepper and flavour enhancers E631/E627",4.59,per 100 g,borrowed from same product label (P118),,,,,56000,,g,,,Low,,,Y,"CJ CheilJedang (South Korea) via CJ Foods Vietnam Co., Ltd",South Korea,"CJ Foods Vietnam Co., Ltd","HQ CJ Building, 2 Bis 4-6 Lê Thánh Tôn, Ho Chi Minh City; plant claimed at Kizuna IP, Tây Ninh (former Long An) by collector OSINT, not verified",CT-daxop,Medium,FORM-01; FORM-02; FORM-03; FORM-05; FORM-07,VN-direct,Medium,"Protein 4.59 taken from same product label (P118, 400 g).",VERIFY price. New format/subtype vs. the other Cầu Tre spring-roll SKUs already logged for Lotte Mart / Co.opmart; worth a return-visit confirm. Ingredients/nutrition supplemented from exact-product OSINT; accessed 2026-09-22: https://mualienluon.com/products/cha-gio-da-xop-chay-cau-tre-400g/607055a9aae8fe164feeb901.
SKU-043,P043,2026-09-06,Nha Trang,GO! Nha Trang,Modern Retail,Chả Giò Bánh Rế Chay Đặc Biệt (special net-wrapped vegetarian spring rolls),Cầu Tre,Cầu Tre (CJ Foods Vietnam),Vietnam (local),"Traditional / Do Chay (mock-meat, tofu)",Net-wrapped spring rolls,dumpling/spring roll/bun with vegetable filling,ready-to-cook,A1,mung bean,rice flour and some wheat flour (wrapper 31%),,"Net rice wrapper 31% (refined rice flour, water, tapioca starch, palm oil, sugar, wheat flour, salt, emulsifier E322i); yam bean, sweet potato, mung bean, taro, wood-ear mushroom, sugar, flavour enhancer E621, palm oil, mushroom vegan oyster sauce, pepper and salt",3.36,per 100 g,field log (label or collector OSINT),172,2.07,33.6,,44800,,g,,,Low,,,N,"CJ CheilJedang (South Korea) via CJ Foods Vietnam Co., Ltd",South Korea,"CJ Foods Vietnam Co., Ltd","HQ CJ Building, 2 Bis 4-6 Lê Thánh Tôn, Ho Chi Minh City; plant claimed at Kizuna IP, Tây Ninh (former Long An) by collector OSINT, not verified",CT-chagio-re-db,Medium,FORM-01; FORM-22,VN-direct,Medium,,"Shelf tag showed a ""-25,000đ"" discount sticker against this 44,800đ price; original price and whether it matches the standard Chả Giò Rế Chay SKU above is unconfirmed, verify on a return visit. Ingredients/nutrition supplemented from exact-product OSINT; accessed 2026-09-22: https://cjfoods.com.vn/product/cha-gio-banh-re-chay-dac-biet/."
SKU-044,P044,2026-09-06,Nha Trang,GO! Nha Trang,Modern Retail,Hà Cảo Chay (vegetarian dumplings),Cầu Tre,Cầu Tre (CJ Foods Vietnam),Vietnam (local),"Traditional / Do Chay (mock-meat, tofu)",Dumplings,dumpling/spring roll/bun with vegetable filling,ready-to-cook,A1,mung bean,none (wrapper is potato/wheat starch),,"Wrapper 52% (water, potato starch, wheat starch, thickeners E1414/E1420, palm oil, trehalose, salt); yam bean, mung bean, taro, wood-ear mushroom, glass noodles, carrot, sugar, shiitake, palm oil, leek, corn starch, flavour enhancer E621, sesame, salt and pepper",1.68,per 100 g,field log (label or collector OSINT),189,,,,,,g,,,High,,,N,"CJ CheilJedang (South Korea) via CJ Foods Vietnam Co., Ltd",South Korea,"CJ Foods Vietnam Co., Ltd","HQ CJ Building, 2 Bis 4-6 Lê Thánh Tôn, Ho Chi Minh City; plant claimed at Kizuna IP, Tây Ninh (former Long An) by collector OSINT, not verified",CT-hacao,Medium,FORM-01; FORM-23,VN-direct,Medium,,"Spotted on shelf (Cầu Tre packaging) but price tag not legible in photo; left blank rather than guessed. Same product line priced 41,500đ at Co.opmart Nha Trang. Ingredients/nutrition supplemented from exact-product OSINT; accessed 2026-09-22: https://cjfoods.com.vn/product/ha-cao-chay/."
SKU-045,P045,2026-09-06,Nha Trang,GO! Nha Trang,Modern Retail,Chả Giò Rế Chay (net-wrapped vegetarian spring rolls),Vissan,Vissan,Vietnam (local),"Traditional / Do Chay (mock-meat, tofu)",Net-wrapped spring rolls,dumpling/spring roll/bun with vegetable filling,ready-to-cook,A1,mung bean,tofu skin; soy protein,,"Rice wrapper (rice, water, tapioca starch, salt), yam bean, taro, carrot, mung bean, tofu skin, wood-ear mushroom, shiitake, soy protein, onion, sugar, iodized salt, pepper and flavour enhancer E621",,per 100 g,field log (label or collector OSINT),,,,,52000,,g,,,Low,,,partial,"Vissan JSC (Công ty CP Việt Nam Kỹ Nghệ Súc Sản); state-linked (major shareholding by Saigon Trading Group, SATRA, not verified this wave)",Vietnam,Vissan,"Ho Chi Minh City, 420 Nơ Trang Long (former Bình Thạnh district); other plants not verified",VIS-chagio-re,Medium,FORM-01; FORM-25; FORM-02; FORM-03; FORM-05; FORM-07,VN-direct,Medium,,"VERIFY price; reads notably higher than the same Vissan SKU at Lotte Mart Nha Trang (40,900đ, OSINT-confirmed brand there). Worth a return-visit re-read before treating this as a genuine cross-store price gap. Ingredients/nutrition supplemented from exact-product OSINT; accessed 2026-09-22: https://vissanmart.com/cha-gio-chay-500g.html."
SKU-046,P046,2026-09-06,Nha Trang,GO! Nha Trang,Modern Retail,"Chả Giò Chay (vegetarian spring rolls, standard pack)",Vissan,Vissan,Vietnam (local),"Traditional / Do Chay (mock-meat, tofu)",Spring rolls,dumpling/spring roll/bun with vegetable filling,ready-to-cook,A1,mung bean,tofu skin; soy protein,,"Rice wrapper (rice, water, tapioca starch, salt), yam bean, taro, carrot, mung bean, tofu skin, wood-ear mushroom, shiitake, soy protein, onion, sugar, iodized salt, pepper and flavour enhancer E621",4.26,per 100 g,borrowed from same product label (P116),,,,,60000,,g,,,Low,,,partial,"Vissan JSC (Công ty CP Việt Nam Kỹ Nghệ Súc Sản); state-linked (major shareholding by Saigon Trading Group, SATRA, not verified this wave)",Vietnam,Vissan,"Ho Chi Minh City, 420 Nơ Trang Long (former Bình Thạnh district); other plants not verified",VIS-chagio,Medium,FORM-01; FORM-25; FORM-02; FORM-03; FORM-05; FORM-07,VN-direct,Medium,Protein 4.26 from same product label (P116).,"VERIFY price; reads notably higher than the same Vissan SKU at Co.opmart Nha Trang (44,900đ). Same caveat as the net-wrapped Vissan row above. Ingredients/nutrition supplemented from exact-product OSINT; accessed 2026-09-22: https://vissanmart.com/cha-gio-chay-500g.html."
SKU-047,P047,2026-09-06,Nha Trang,GO! Nha Trang,Modern Retail,Chả Quế Chay (vegetarian cinnamon-scent sausage roll),brand tag not legible,unbranded/illegible,Vietnam (local),"Traditional / Do Chay (mock-meat, tofu)",Sausage/cured-meat analog,frozen meat/seafood analog,ready-to-eat,A0,unknown,,,Not found,,per 100 g,field log (label or collector OSINT),,,,,50500,,g,,,High,,,unknown,n/a,n/a,Not verified,Not verified,UNB-chaque-GO,Low,FORM-01,VN-direct,Low,,"Brand tag not legible in photo, pack size unconfirmed. Compare P.G.P-brand Chả Quế Chay at Lotte Mart Nha Trang, 75,900đ/500g; if this GO! SKU is a comparable size it reads notably cheaper, but size isn't confirmed so treat as illustrative only."
SKU-048,P048,2026-09-06,Nha Trang,GO! Nha Trang,Modern Retail,"Mì Chay ly (instant vegetarian noodle cup, flavor unconfirmed)",Vifon,Vifon,Vietnam (local),"Traditional / Do Chay (mock-meat, tofu)",Instant noodles (cup),other,dry,A0,wheat flour (instant noodle),,,Not found,,per 100 g,field log (label or collector OSINT),,,,,11500,,g,,,High,,,Y,Vifon JSC,Vietnam,Not verified,Not verified,VIF-mi,Low,FORM-01,VN-direct,Low,Instant noodle; not a protein product.,"Shelf explicitly signed ""Thực phẩm chay / Vegetarian food"" (hanging aisle sign photographed). Flavor not confirmed. Compare Vifon Mì Chay cup at Co.opmart Nha Trang, 8,700đ (likely a different flavor/size)."
SKU-049,P049,2026-09-06,Nha Trang,GO! Nha Trang,Modern Retail,"Phở Chay gói (instant vegetarian pho, bag)",Nhu Ý,Nhu Ý,Vietnam (local),"Traditional / Do Chay (mock-meat, tofu)",Instant noodles (bag),other,dry,A0,rice (rice noodle),,,Not found,,per 100 g,field log (label or collector OSINT),,,,,6300,,g,,,High,,,N,Not verified,Vietnam,Not verified,Not verified,NHUY-pho,Low,FORM-01,VN-direct,Low,Instant rice noodle; not a protein product.,Same signed vegetarian-food aisle as the Vifon cup above. New brand not yet logged at the other two Nha Trang stores.
SKU-050,P050,2026-09-06,Nha Trang,GO! Nha Trang,Modern Retail,"Phở Chay gói (instant vegetarian pho, bag)",Miliket,Miliket,Vietnam (local),"Traditional / Do Chay (mock-meat, tofu)",Instant noodles (bag),other,dry,A0,rice (rice noodle),,,Not found,,per 100 g,field log (label or collector OSINT),,,,,5500,,g,,,High,,,N,Miliket (Colusa-Miliket),Vietnam,Not verified,Not verified,MLK-pho,Low,FORM-01,VN-direct,Low,Instant rice noodle; not a protein product.,Same signed vegetarian-food aisle. Miliket is a long-running Vietnamese instant-noodle brand; new to this dataset.
SKU-051,P051,2026-09-06,Nha Trang,GO! Nha Trang,Modern Retail,"Bò Lát Chay (dried vegetarian ""beef"" slices, soy-protein cooking ingredient)",brand not legible,unbranded/illegible,Vietnam (local),"Traditional / Do Chay (mock-meat, tofu)",Dried mock-meat slices,dried TVP/soy chunks,dry,A5,soy protein/TVP (inferred),,,Not found,,per 100 g,field log (label or collector OSINT),,,,,,,g,,,High,,,Y,n/a,n/a,Not verified,Not verified,UNB-bolat,Low,FORM-01; FORM-02; FORM-03; FORM-05; FORM-07,VN-direct,Low,Brand and label illegible; category inferred from product name.,"Dry-goods format (not frozen/refrigerated) shelved near seasonings, in the same signed vegetarian-food aisle. Price tag not legible; left blank. Worth a return visit to confirm brand and price; new format/subtype not yet in this dataset."
SKU-052,P052,2026-09-06,Nha Trang,GO! Nha Trang,Modern Retail,"Gà Lát Chay (dried vegetarian ""chicken"" slices, soy-protein cooking ingredient)",brand not legible,unbranded/illegible,Vietnam (local),"Traditional / Do Chay (mock-meat, tofu)",Dried mock-meat slices,dried TVP/soy chunks,dry,A5,soy protein/TVP (inferred),,,Not found,,per 100 g,field log (label or collector OSINT),,,,,,,g,,,High,,,Y,n/a,n/a,Not verified,Not verified,UNB-galat,Low,FORM-01; FORM-02; FORM-03; FORM-05; FORM-07,VN-direct,Low,Brand and label illegible.,"Shelved next to the Bò Lát Chay SKU above, same caveats (price not legible, brand unconfirmed)."
SKU-053,P053,2026-09-06,Nha Trang,GO! Nha Trang,Modern Retail,137 Degrees Sữa Hạnh Nhân (premium almond milk),137 Degrees,137 Degrees,Vietnam (local),Plant-based (modern/branded),Plant milk,plant milk,beverage,A9,"nuts (almond 94% milk, California almonds)",sunflower seed 5%,,"Fresh almond milk 94% (from whole California almonds), sunflower seeds 5% and organic coconut-flower nectar 1%",,per 100 ml,field log (label or collector OSINT),,,,,133500,,ml,,,High,,,Y,"Simple Foods Co., Ltd (believed Thailand; site does not state)",Thailand (log records Vietnam for Nha Trang rows),Not verified,Not verified,137D-almond,Medium,FORM-01; FORM-38,VN-direct,Medium,Imported finished product (Thailand); log records local.,"Confirms 137 Degrees' actual presence and shelf price; the Co.opmart Nha Trang visit only flagged this brand as a likely explanation for an unread ""137"" tag, unconfirmed. GO!'s plant-milk aisle spans ~4 shelf bays, the largest seen across the three Nha Trang stores so far. Carton also showed a ""2+1"" promo tag nearby. Ingredients/nutrition supplemented from exact-product OSINT; accessed 2026-09-22: https://www.simplefoods.net/almondoriginal."
SKU-054,P054,2026-09-06,Nha Trang,GO! Nha Trang,Modern Retail,137 Degrees Sữa Yến Mạch (premium oat milk),137 Degrees,137 Degrees,Vietnam (local),Plant-based (modern/branded),Plant milk,plant milk,beverage,A9,oat,,,Not found,,per 100 ml,field log (label or collector OSINT),,,,,104500,,ml,,,High,,,Y,"Simple Foods Co., Ltd (believed Thailand; site does not state)",Thailand (log records Vietnam for Nha Trang rows),Not verified,Not verified,137D-oat,Low,FORM-01,VN-direct,Low,Imported (Thailand).,Same 137 Degrees shelf block as the almond-milk row above.
SKU-055,P055,2026-09-06,Nha Trang,GO! Nha Trang,Modern Retail,"Sữa Hạt, flavor unconfirmed (mixed-nut milk)",Vinamilk,Vinamilk,Vietnam (local),Plant-based (modern/branded),Plant milk,plant milk,beverage,A0,unknown (Vinamilk nut blend),,,Not found,,per 100 ml,field log (label or collector OSINT),,,,,41100,,ml,,,High,,,Y,Vietnam Dairy Products JSC (Vinamilk),Vietnam (state holding company SCIC is the largest shareholder; not verified this wave),Vinamilk,Multiple plants; not verified per SKU,VNM-hat-unk3,Low,FORM-01,VN-direct,Low,,"Vinamilk's nut-milk line was on a -24% storewide promo tag at the time of the photo; price above may be the discounted figure, not the shelf/list price. Vinamilk plant milk already logged (different flavors) at Co.opmart Nha Trang."
SKU-056,P056,2026-09-06,Nha Trang,GO! Nha Trang,Modern Retail,Almond Breeze Sữa Hạnh Nhân (almond milk),Almond Breeze (Blue Diamond),Almond Breeze,Imported,Plant-based (modern/branded),Plant milk,plant milk,beverage,A9,nuts (almond),,,Not found,,per 100 ml,field log (label or collector OSINT),,,,,77000,,ml,,,High,,,Y,Blue Diamond Growers,United States,Imported,Not verified,ALB-almond,Low,FORM-01,VN-direct,Low,Imported (US brand).,"US brand (Blue Diamond Growers); -24% promo tag visible, 77,000đ likely the discounted price. New brand not yet in this dataset; first clearly foreign/Western plant-milk brand logged for Nha Trang retail (vs. the Chinese-owned canned-meat-analog brands already flagged)."
SKU-057,P057,2026-09-06,Nha Trang,GO! Nha Trang,Modern Retail,"TH true NUT, flavor unconfirmed (walnut/macadamia/almond line)",TH,TH true NUT,Vietnam (local),Plant-based (modern/branded),Plant milk,plant milk,beverage,A9,nuts,possibly cow milk (walnut variant),DAIRY?,Not found,,per 100 ml,field log (label or collector OSINT),,,,,49500,,ml,,,High,,,Y,TH Group (TH true milk),Vietnam,TH,Not verified (TH dairy complex is in Nghệ An; not verified for nut milks),TH-nut,Low,FORM-01,VN-direct,Low,,TH true NUT already logged at Co.opmart Nha Trang; GO! carries a wider flavor range across two shelf rows.
SKU-058,P058,2026-09-06,Nha Trang,GO! Nha Trang,Modern Retail,Homesoy Sữa Đậu Nành (soy milk),Homesoy,Homesoy,Vietnam (local),Plant-based (modern/branded),Plant milk,plant milk,beverage,A7,soybean,,,Not found,,per 100 ml,field log (label or collector OSINT),,,,,25300,,ml,,,High,,,Y,Not verified,Not verified (log: Vietnam),Not verified,Not verified,HOMESOY,Low,FORM-01; FORM-09,VN-direct,Low,,New brand not yet logged at the other two Nha Trang stores.
SKU-059,P059,2026-09-06,Nha Trang,GO! Nha Trang,Modern Retail,Veyo Sữa Yến Mạch (oat milk),Veyo / Vinasoy,Veyo (Vinasoy),Vietnam (local),Plant-based (modern/branded),Plant milk,plant milk,beverage,A9,oat,,,"Oat beverage 97% (water, oats), brown-rice oil, barley-malt extract, natural and nature-identical flavours, tricalcium phosphate, stabilizers E471/E418/E407, acidity regulator E340(ii), salt, natural vitamin E, vitamins A/D3/B6/B9/B12, magnesium and zinc",,per 100 ml,field log (label or collector OSINT),,,,,24500,,ml,,,High,,,Y,Quang Ngai Sugar JSC (QNS),Vietnam,Vinasoy (QNS),Not verified,VEYO-oat,Medium,FORM-01; FORM-33,VN-direct,Medium,Veyo is a QNS/Vinasoy brand (FORM-33).,New brand not yet logged at the other two Nha Trang stores. Ingredients/nutrition supplemented from exact-product OSINT; accessed 2026-09-22: https://www.lottemart.vn/vi-cto/product/sua-yen-mach-veyo-180ml-3-8934614031360-p90446. Brand corrected from Nutifood to Veyo / Vinasoy using exact-product OSINT; accessed 2026-09-22: https://vinasoy.com/.
SKU-060,P060,2026-09-06,Nha Trang,GO! Nha Trang,Modern Retail,"Fami Canxi (small-format soy milk cup, ~110-125ml)",Fami (Vinasoy),Fami / Vinasoy,Vietnam (local),Plant-based (modern/branded),Plant milk,plant milk,beverage,A7,soybean,,,Not found,,per 100 ml,field log (label or collector OSINT),,,,,3700,,ml,,,High,,,Y,"Quang Ngai Sugar JSC (QNS), Vinasoy soy milk unit",Vietnam,Vinasoy (QNS),Quảng Ngãi (Vinasoy factory); other plants not verified this wave,FAMI-cup,Low,FORM-01; FORM-09,VN-direct,Low,,"Distinct small single-serve cup format vs. the boxed cartons already logged at Co.opmart Nha Trang (26,000đ for the large box); same brand, very different price point and pack size. Price read with reasonably high confidence (repeated clearly across several shelf tags)."
SKU-061,P061,2026-09-06,Nha Trang,GO! Nha Trang,Modern Retail,Sữa Đậu Nành 93 (soy milk box),Nuti,Nutifood,Vietnam (local),Plant-based (modern/branded),Plant milk,plant milk,beverage,A7,soybean,,,Not found,,per 100 ml,field log (label or collector OSINT),,,,,8900,,ml,,,Low,,,Y,Nutifood Nutrition Food JSC,Vietnam,Nutifood,Not verified,NUTI-soy93,Low,FORM-01; FORM-09,VN-direct,Low,,"VERIFY price and exact product name; small-box format, brand/line read from packaging as ""93""/""Soybean"", not fully confirmed."
SKU-062,P062,2026-09-06,Nha Trang,GO! Nha Trang,Modern Retail,"Sữa Chua Thực Vật 9 Loại Hạt (plant-based yogurt, 9-seed blend)",Vinamilk,Vinamilk,Vietnam (local),Plant-based (modern/branded),Plant-based yogurt,plant yogurt/creamer,ready-to-eat,A11,pea protein,oat flour; peanut; almond; walnut; red/black/mung/white bean extracts,,"Plant milk 89% (water, pea protein, oat flour, ground peanut, ground almond, walnut extract, red-bean extract, black-bean extract, mung-bean extract and white-bean extract), sugar, coconut oil, emulsifier E471, flavour, and cultures Streptococcus thermophilus and Lactobacillus bulgaricus",1.9,per 100 g,borrowed from same product label (P123),,,,,38800,400,g,9700,510526,High,,,Y,Vietnam Dairy Products JSC (Vinamilk),Vietnam (state holding company SCIC is the largest shareholder; not verified this wave),Vinamilk,Multiple plants; not verified per SKU,VNM-yog-9hat,Medium,FORM-01,VN-direct,Medium,Protein 1.9 from same product label (P123).,"First plant-based-yogurt SKU logged anywhere in this dataset; a new format/subtype, not yet covered by the current taxonomy (same gap as plant milk, see Read Me). Pack labeled ""400 g (4 hộp x 100g)"", ""100% Plant-based Yoghurt"", ""Vegan"" cert mark on-pack. Price and pack size read with high confidence (clean, well-lit label). Ingredients/nutrition supplemented from exact-product OSINT; accessed 2026-09-22: https://shop.annam-gourmet.com/hcm-est/vi/catalog/product/view/id/71637."
SKU-063,P063,2026-09-06,Nha Trang,GO! Nha Trang,Modern Retail,"Sữa Chua Thực Vật Yến Mạch Chanh Dây Xoài (plant-based yogurt, oat / passion-fruit / mango)",Vinamilk,Vinamilk,Vietnam (local),Plant-based (modern/branded),Plant-based yogurt,plant yogurt/creamer,ready-to-eat,A11,oat (oat milk 79%),pea protein,,"Oat milk 79% (water, oat flour), sugar, passion-fruit and mango preparation 7% (passion-fruit juice/concentrate, mango pieces, sugar, water, E1422/E440, flavour and colour E160a(ii)), pea protein, coconut oil, emulsifier E471, and cultures Streptococcus thermophilus and Lactobacillus bulgaricus",1.6,per 100 g,borrowed from same product label (P122),,,,,38800,400,g,9700,606250,High,,,Y,Vietnam Dairy Products JSC (Vinamilk),Vietnam (state holding company SCIC is the largest shareholder; not verified this wave),Vinamilk,Multiple plants; not verified per SKU,VNM-yog-oat,Medium,FORM-01,VN-direct,Medium,Protein 1.6 from same product label (P122).,"Same shelf block, brand and price as the 9-seed variant above; second flavor in Vinamilk's plant-based yogurt line. Ingredients/nutrition supplemented from exact-product OSINT; accessed 2026-09-22: https://new.vinamilk.com.vn/products/sua-chua-an-vinamilk-thuc-vat-yen-mach-chanh-day-xoai-100g."
SKU-064,P064,2026-09-06,Nha Trang,GO! Nha Trang,Modern Retail,"Đậu Hũ (fresh tofu, block)",Song Long,Song Long,Vietnam (local),"Traditional / Do Chay (mock-meat, tofu)",Tofu,tofu,ready-to-cook,A10,soybean (tofu),,,Not found,,per 100 g,field log (label or collector OSINT),,,,,14000,,g,,,High,,,Y,Not verified,Vietnam (per log),Not verified,Not verified,SONGLONG-tofu,Low,FORM-01; FORM-09,VN-direct,Low,Pack size not recorded.,"Refrigerated deli case had multiple Song Long-brand tofu pack sizes (roughly 14,000-31,000đ observed); logged the clearest/smallest price tag as representative rather than guessing at every size. Case also carried fermented tofu (chao), fresh spring-roll wrappers and other soy products not individually itemized here."
SKU-065,P065,2026-09-06,Nha Trang,Moonmilk Super Market Nha Trang,Specialty Retail,"Men Dinh Dưỡng (Nutritional Yeast, 4.5oz)",Bragg,Bragg,Imported,Plant-based (modern/branded),Nutritional yeast / vegan cooking staple,other,dry,A0,yeast (nutritional yeast),,,"Dried yeast, niacin, pyridoxine hydrochloride (vitamin B6), thiamin hydrochloride (vitamin B1), riboflavin (vitamin B2), folic acid (vitamin B9) and cyanocobalamin (vitamin B12)",,per 100 g,field log (label or collector OSINT),,,,,290000,,g,,,High,,,Y,Bragg Live Food Products,United States,Imported,Not verified,BRAGG,Medium,FORM-01,VN-direct,Medium,Imported finished product (US).,"TAXONOMY FLAG: doesn't fit cleanly into the mock-meat/tofu or plant-milk shape of the current category list; logged under Plant-based (modern/branded) as the closest fit. A vegan cooking/B12 staple, not a meat or dairy analog itself. Shelved among general imported baking goods (pancake mix, instant yeast, boba pearls), not a signed vegetarian section. High price for a small jar reflects import cost. Ingredients/nutrition supplemented from exact-product OSINT; accessed 2026-09-22: https://www.bragg.com/products/nutritional-yeast?country=US&currency=USD&variant=39565574537312."
SKU-066,P066,2026-09-06,Nha Trang,Moonmilk Super Market Nha Trang,Specialty Retail,"MilkLab Coconut (plant-based beverage for coffee, 1L)",MilkLab,MilkLab,Imported,Plant-based (modern/branded),Plant milk,plant milk,beverage,A9,coconut (15% cream),plant protein (unspecified),,"Water, coconut cream 15%, sugar, plant protein, calcium, gellan gum, xanthan gum, salt and natural flavour",,per 100 ml,field log (label or collector OSINT),,,,,90000,1000,ml,9000,,High,,,Y,Noumi Ltd (believed),Australia,Imported,Not verified,MLAB-coco,Medium,FORM-01,VN-direct,Medium,Imported (Australia).,"Australian barista-focused plant-milk brand; shelved alongside MilkLab's own dairy line and other imported UHT milks, not in a dedicated plant-based section. Ingredients/nutrition supplemented from exact-product OSINT; accessed 2026-09-22: https://www.milklab.com.au/barista-milk/coconut."
SKU-067,P067,2026-09-06,Nha Trang,Moonmilk Super Market Nha Trang,Specialty Retail,"MilkLab Oat (plant-based beverage for coffee, 1L)",MilkLab,MilkLab,Imported,Plant-based (modern/branded),Plant milk,plant milk,beverage,A9,oat,,,"Water, Australian oats 10%, canola oil, calcium, phosphorus and salt",,per 100 ml,field log (label or collector OSINT),,,,,90000,1000,ml,9000,,High,,,Y,Noumi Ltd (believed),Australia,Imported,Not verified,MLAB-oat,Medium,FORM-01,VN-direct,Medium,Imported (Australia).,Same shelf block as the MilkLab Coconut row above. Ingredients/nutrition supplemented from exact-product OSINT; accessed 2026-09-22: https://www.milklab.com.au/barista-milk/oat.
SKU-068,P068,2026-09-06,Nha Trang,Moonmilk Super Market Nha Trang,Specialty Retail,"Alternative Dairy Co. Barista Oat (""Aussie Made"", 1L)",Alternative Dairy Co,Alternative Dairy Co,Imported,Plant-based (modern/branded),Plant milk,plant milk,beverage,A9,oat,,,"Filtered water, ground Australian oats 9%, sunflower oil, canola oil, phosphorus, calcium and sea salt",0.8,per 100 ml,field log (label or collector OSINT),55,3,6.1,48,58000,1000,ml,5800,725000,High,,,Y,Not verified,Australia,Imported,Not verified,ADC-oat,Medium,FORM-01,VN-direct,Medium,Imported (Australia).,"Another Australian barista-oat import, new brand for this dataset. Ingredients/nutrition supplemented from exact-product OSINT; accessed 2026-09-22: https://altdairyco.com/hk/products/oat-milk."
SKU-069,P069,2026-09-06,Nha Trang,Moonmilk Super Market Nha Trang,Specialty Retail,"Oatly Original Oat Drink, Barista Edition (1L)",Oatly,Oatly,Imported,Plant-based (modern/branded),Plant milk,plant milk,beverage,A9,oat,,,"Water, oats 10%, rapeseed oil, acidity regulator dipotassium phosphate, calcium carbonate, potassium iodide, salt, and vitamins D2/B2/B12",1.1,per 100 ml,field log (label or collector OSINT),61,3,7.1,40,98000,1000,ml,9800,890909,High,,,Y,Oatly Group AB,Sweden,Imported,Not verified,OATLY-barista,Medium,FORM-01,VN-direct,Medium,Imported (Sweden brand).,First Oatly sighting in this dataset; the flagship global modern plant-milk brand (Sweden). Notably the most expensive plant milk logged so far. Ingredients/nutrition supplemented from exact-product OSINT; Sodium derived from the official 0.10 g salt/100 ml declaration. accessed 2026-09-22: https://www.oatly.com/en-gb/products/oat-drink/oat-drink-barista-edition-1l.
SKU-070,P070,2026-09-06,Nha Trang,Moonmilk Super Market Nha Trang,Specialty Retail,"Sữa Hạt 9 Loại Hạt, small single-serve (180ml)",Vinamilk,Vinamilk,Vietnam (local),Plant-based (modern/branded),Plant milk,plant milk,beverage,A7,soybean (inferred; 9-seed line),peanut; almond; beans,,Not found,,per 100 ml,field log (label or collector OSINT),,,,,14000,180,ml,7778,,High,,,Y,Vietnam Dairy Products JSC (Vinamilk),Vietnam (state holding company SCIC is the largest shareholder; not verified this wave),Vinamilk,Multiple plants; not verified per SKU,VNM-9hat-bev,Low,FORM-01; FORM-09,VN-direct,Low,Base inferred from Vinamilk 9-seed creamer label (whole-soybean extract).,"Small single-serve carton shelved near the yogurt/butter/cheese section, distinct from the larger cartons already logged elsewhere."
SKU-071,P071,2026-09-06,Nha Trang,Moonmilk Super Market Nha Trang,Specialty Retail,"137 Degrees nut milk, flavor unconfirmed (Pistachio/Macadamia/Walnut/Almond all on shelf)",137 Degrees,137 Degrees,Vietnam (local),Plant-based (modern/branded),Plant milk,plant milk,beverage,A9,nuts,,,Not found,,per 100 ml,field log (label or collector OSINT),,,,,,,ml,,,High,,,Y,"Simple Foods Co., Ltd (believed Thailand; site does not state)",Thailand (log records Vietnam for Nha Trang rows),Not verified,Not verified,137D-unk,Low,FORM-01,VN-direct,Low,,Confirms a second Nha Trang retail channel for this brand (previously logged at GO! Nha Trang). Price tag not legible in this photo; left blank rather than guessed.
SKU-072,P072,2026-09-06,Nha Trang,Moonmilk Super Market Nha Trang,Specialty Retail,"Oatside oat milk, flavor unconfirmed (Singapore brand, multiple variants on shelf)",Oatside,Oatside,Imported,Plant-based (modern/branded),Plant milk,plant milk,beverage,A9,oat,,,Not found,,per 100 ml,field log (label or collector OSINT),,,,,,,ml,,,High,,,Y,Oatside,Singapore (brand),Imported,Not verified,OATSIDE,Low,FORM-01,VN-direct,Low,Imported (Singapore brand).,"Regionally-relevant Southeast Asian oat-milk brand, new to this dataset. Price tag not legible; left blank."
SKU-073,P073,2026-09-06,Nha Trang,Moonmilk Super Market Nha Trang,Specialty Retail,"So Good Creamy Oat (Indonesia brand, oat milk)",So Good,So Good,Imported,Plant-based (modern/branded),Plant milk,plant milk,beverage,A9,oat,,,"Filtered water, milled oats 9%, vegetable oils (sunflower and canola), minerals (phosphorus and calcium), natural flavour, golden syrup, salt, antioxidant ascorbic acid, and vitamins B12/A/B2/D/B1",0.7,per 100 ml,field log (label or collector OSINT),54,2.6,6.5,45,,,ml,,,High,,,Y,Not verified,Australia/Indonesia (log: Indonesia),Imported,Not verified,SOGOOD-oat,Medium,FORM-01,VN-direct,Medium,Imported.,"Indonesian plant-milk brand, new to this dataset. Price tag not legible; left blank. Ingredients/nutrition supplemented from exact-product OSINT; accessed 2026-09-22: https://sogood.com.au/products/oat-milks/Extra-Creamy-1L."
SKU-074,P074,2026-09-06,Nha Trang,WinMart Nha Trang (Vincom Lê Thánh Tôn),Modern Retail,"Đậu Hũ Trắng (fresh tofu, small tube pack)",Pulmuone,Pulmuone,Vietnam (local),"Traditional / Do Chay (mock-meat, tofu)",Tofu,tofu,ready-to-cook,A10,soybean (tofu),,,Not found,,per 100 g,field log (label or collector OSINT),,,,,11500,,g,,,Low,,,Y,Pulmuone (South Korea),South Korea (VN manufacture not verified),Not verified,Not verified,PULM-tofu-s,Low,FORM-01; FORM-09,VN-direct,Low,Pack size not recorded.,"Pulmuone is South Korean-owned but this appears to be Pulmuone's Vietnam-made line (shelved alongside its other Vietnam-market products); Origin marked local with some uncertainty, flag if this should be Imported instead. Clear digital price tag, high confidence."
SKU-075,P075,2026-09-06,Nha Trang,WinMart Nha Trang (Vincom Lê Thánh Tôn),Modern Retail,"Đậu Hũ Trắng (fresh tofu, larger tube pack)",Pulmuone,Pulmuone,Vietnam (local),"Traditional / Do Chay (mock-meat, tofu)",Tofu,tofu,ready-to-cook,A10,soybean (tofu),,,Not found,,per 100 g,field log (label or collector OSINT),,,,,19500,,g,,,High,,,Y,Pulmuone (South Korea),South Korea (VN manufacture not verified),Not verified,Not verified,PULM-tofu-l,Low,FORM-01; FORM-09,VN-direct,Low,Pack size not recorded.,"Same shelf block as the smaller tofu pack above, larger size."
SKU-076,P076,2026-09-06,Nha Trang,WinMart Nha Trang (Vincom Lê Thánh Tôn),Modern Retail,"Bánh Xếp HQ Nhân Nấm / Healthy Mandu Chay (Korean-style vegetarian mushroom dumplings, 300g)",bibigo,bibigo (CJ Foods Vietnam),Vietnam (local),"Traditional / Do Chay (mock-meat, tofu)",Dumplings,dumpling/spring roll/bun with vegetable filling,ready-to-cook,A2,soy protein/TVP,wheat flour (wrapper 29.2%); lotus seed; mushroom,,"Wrapper 29.2% (wheat flour, water, salt, tapioca); yam bean, king oyster mushroom, carrot, shiitake, soy protein, lotus seed, enoki, onion, breadcrumbs, wood-ear mushroom, taro, sesame, mushroom-flavoured vegan oyster sauce, sugar, soy sauce, herbs, vegetable oils, yeast extract, garlic, pepper, salt, fermented rice vinegar, chili and corn starch",,per 100 g,field log (label or collector OSINT),,,,322,56700,300,g,18900,,High,,,Y,CJ CheilJedang (South Korea),South Korea,"CJ Foods Vietnam Co., Ltd","Made in Vietnam (collector OSINT names Kizuna IP, Tây Ninh (former Long An); not verified)",BIB-mandu,Medium,FORM-01; FORM-02; FORM-03; FORM-05; FORM-07,VN-direct,Medium,,"Same product line logged at GO! Nha Trang (Healthy Mandu Chay, 300g) at 43,000đ promo / 52,900đ at Lotte Mart; WinMart's 56,700đ is the highest of the three reads so far. Clear digital tag, high confidence. Ingredients/nutrition supplemented from exact-product OSINT; accessed 2026-09-22: https://aeoneshop.com/product/14817/cj-foods-banh-mandu-healthy-nhan-nam-300g-300g."
SKU-077,P077,2026-09-06,Nha Trang,WinMart Nha Trang (Vincom Lê Thánh Tôn),Modern Retail,"Thịt Nguội Chay Đậu Nành, Original (canned vegetarian soy luncheon meat)",brand tag not legible,unbranded/illegible,Vietnam (local),Plant-based (modern/branded),Canned meat analog,canned analog,ready-to-eat,A6,"soy protein (inferred from ""Soybean"" pack wording)",,,Not found,,per 100 g,field log (label or collector OSINT),,,,,69000,,g,,,Low,,,Y,n/a,n/a,Not verified,Not verified,UNB-luncheon-WM,Low,FORM-01; FORM-02; FORM-03; FORM-05; FORM-07,VN-direct,Low,Brand illegible; may be Ông Chà Và/NOSA (same format and price band).,"English on-pack wording (""Soybean"" luncheon meat) suggests a modern-branded line similar to Co.opmart's Ông Chà Và / NOSA canned finds, but brand and origin weren't legible in the photo; Vietnam (local) is a placeholder, verify. Shelved next to olives and tuna cans, not a signed vegetarian section."
SKU-078,P078,2026-09-06,Nha Trang,WinMart Nha Trang (Vincom Lê Thánh Tôn),Modern Retail,"Thịt Heo / Thịt Bò Chay Đậu Nành (canned vegetarian soy pork-like / beef-like, flavor uncertain)",brand tag not legible,unbranded/illegible,Vietnam (local),Plant-based (modern/branded),Canned meat analog,canned analog,ready-to-eat,A6,soy protein (inferred),,,Not found,,per 100 g,field log (label or collector OSINT),,,,,56000,,g,,,High,,,Y,n/a,n/a,Not verified,Not verified,UNB-luncheon-WM2,Low,FORM-01; FORM-02; FORM-03; FORM-05; FORM-07,VN-direct,Low,,"Same canned range as the row above; four adjacent SKUs/price tags were visible (69,000 x2, 56,000 x2) but the exact flavor-to-price pairing wasn't fully certain; logged the second price point as a second representative row rather than guessing all four individually."
SKU-079,P079,2026-09-06,Nha Trang,WinMart Nha Trang (Vincom Lê Thánh Tôn),Modern Retail,"Sữa Đậu Nành Óc Chó (walnut soy milk, 180ml)",Vinamilk,Vinamilk,Vietnam (local),Plant-based (modern/branded),Plant milk,plant milk,beverage,A7,soybean (extract 52.2%),peanut; walnut,,"Soybean extract 52.2%, water, sugar 5%, vegetable oil, ground peanut, walnut extract 5.1 g/L, emulsifiers E471/E460(i)/E466, salt, flavour, bean extracts, acidity regulator E500(ii), and vitamins E/B3/A/D3",2,per 100 ml,field log (label or collector OSINT),68,3.6,6.9,,31600,180,ml,17556,877778,High,,,Y,Vietnam Dairy Products JSC (Vinamilk),Vietnam (state holding company SCIC is the largest shareholder; not verified this wave),Vinamilk,Multiple plants; not verified per SKU,VNM-soy-walnut,Medium,FORM-01; FORM-09,VN-direct,Medium,,"On promotion: 34,400đ struck through -> 31,600đ (clear digital KHUYẾN MẠI tag). Ingredients/nutrition supplemented from exact-product OSINT; accessed 2026-09-22: https://cooponline.vn/products/sua-dau-nanh-vinamilk-oc-cho-loc-4x180ml/."
SKU-080,P080,2026-09-06,Nha Trang,WinMart Nha Trang (Vincom Lê Thánh Tôn),Modern Retail,"Sữa Yến Mạch (oat milk, 180ml x4 multipack)",Vinamilk,Vinamilk,Vietnam (local),Plant-based (modern/branded),Plant milk,plant milk,beverage,A9,oat (oat extract 93%),,,"Oat extract 93% (water and oat flour), vegetable oil, inulin, calcium carbonate, emulsifiers E471/E460(i)/E466, acidity regulator E340(ii), salt and vitamin D3",,per 100 ml,field log (label or collector OSINT),,,,,32000,720,ml,4444,,High,,,Y,Vietnam Dairy Products JSC (Vinamilk),Vietnam (state holding company SCIC is the largest shareholder; not verified this wave),Vinamilk,Multiple plants; not verified per SKU,VNM-oat,Medium,FORM-01,VN-direct,Medium,Pack 4 x 180 ml = 720 ml (from note).,"On promotion: 44,800đ struck through -> 32,000đ (clear digital KHUYẾN MẠI tag). Pack labeled 180ml x4. Ingredients/nutrition supplemented from exact-product OSINT; Exact-product secondary label transcription. accessed 2026-09-22: https://reviewsua.com/sua-yen-mach-vinamilk/."
SKU-081,P081,2026-09-06,Nha Trang,WinMart Nha Trang (Vincom Lê Thánh Tôn),Modern Retail,"Creamer 9 Loại Hạt (plant-based coffee creamer, 9-seed, 165g tube)",Vinamilk,Vinamilk,Vietnam (local),Plant-based (modern/branded),Plant-based creamer,plant yogurt/creamer,ready-to-eat,A0,soybean (whole-soybean extract) + soy protein,peanut; almond; beans; oat,,"Sugar, plant milk 40.4% (whole-soybean extract, vegetable oil, soy protein, water, ground peanut, ground almond, red-bean extract, walnut extract, oat flour, black-bean extract, mung-bean extract and white-bean extract), maltodextrin, emulsifiers E322(i)/E460(i)/E401/E466/E415, flavour and acidity regulator E500(ii)",,per 100 g,field log (label or collector OSINT),,,,,21900,165,g,13273,,High,,,Y,Vietnam Dairy Products JSC (Vinamilk),Vietnam (state holding company SCIC is the largest shareholder; not verified this wave),Vinamilk,Multiple plants; not verified per SKU,VNM-creamer,Medium,FORM-01; FORM-09; FORM-02; FORM-03; FORM-05; FORM-07,VN-direct,Medium,Sugar is first ingredient; plant milk 40.4%.,"New format/subtype for this dataset; a plant-based squeeze-tube coffee creamer, shelved directly next to Vinamilk's dairy ""Ông Thọ"" creamer line at a similar price point (19,500-24,600đ). On promotion from 23,800đ. Clear digital tag, high confidence. Ingredients/nutrition supplemented from exact-product OSINT; accessed 2026-09-22: https://new.vinamilk.com.vn/products/vinamilk-creamer-9-loai-hat-sca_clone_freegift."
SKU-082,P082,2026-09-06,Nha Trang,WinMart Nha Trang (Vincom Lê Thánh Tôn),Modern Retail,137 Degrees Almond Milk,137 Degrees,137 Degrees,Vietnam (local),Plant-based (modern/branded),Plant milk,plant milk,beverage,A9,nuts (almond),sunflower seed,,"Fresh almond milk 94% (from whole California almonds), sunflower seeds 5% and organic coconut-flower nectar 1%",,per 100 ml,field log (label or collector OSINT),,,,,93000,,ml,,,High,,,Y,"Simple Foods Co., Ltd (believed Thailand; site does not state)",Thailand (log records Vietnam for Nha Trang rows),Not verified,Not verified,137D-almond,Medium,FORM-01; FORM-38,VN-direct,Medium,Imported (Thailand).,"""Mua 1 Tặng 1"" (buy-one-get-one) promo tag. Third Nha Trang store confirming this brand's distribution (after GO! and Moonmilk); genuinely widespread, not a one-off. Ingredients/nutrition supplemented from exact-product OSINT; accessed 2026-09-22: https://www.simplefoods.net/almondoriginal."
SKU-083,P083,2026-09-06,Nha Trang,WinMart Nha Trang (Vincom Lê Thánh Tôn),Modern Retail,Oatly Original Oat Drink,Oatly,Oatly,Imported,Plant-based (modern/branded),Plant milk,plant milk,beverage,A9,oat,,,"Water, oats 10%, rapeseed oil, acidity regulator dipotassium phosphate, calcium carbonate, potassium iodide, salt, and vitamins D2/B2/B12",1.1,per 100 ml,field log (label or collector OSINT),47,1.4,7.1,40,98000,,ml,,,High,,,Y,Oatly Group AB,Sweden,Imported,Not verified,OATLY-orig,Medium,FORM-01,VN-direct,Medium,Imported.,"Same price as at Moonmilk (98,000đ); and notably, WinMart is a mainstream supermarket chain, not a specialty importer, so this is evidence Oatly has real distribution reach in Nha Trang beyond niche stores. Ingredients/nutrition supplemented from exact-product OSINT; Current official Oatly Original/Semi formulation; sodium derived from 0.10 g salt/100 ml. accessed 2026-09-22: https://www.oatly.com/en-gb/products/oat-drink/oat-drink-semi-1-5-1l."
SKU-084,P084,2026-09-06,Nha Trang,WinMart Nha Trang (Vincom Lê Thánh Tôn),Modern Retail,"Veyo Sữa Yến Mạch (oat milk, promo price)",Veyo / Vinasoy,Veyo (Vinasoy),Vietnam (local),Plant-based (modern/branded),Plant milk,plant milk,beverage,A9,oat,,,"Oat beverage 97% (water, oats), brown-rice oil, barley-malt extract, natural and nature-identical flavours, tricalcium phosphate, stabilizers E471/E418/E407, acidity regulator E340(ii), salt, natural vitamin E, vitamins A/D3/B6/B9/B12, magnesium and zinc",,per 100 ml,field log (label or collector OSINT),,,,,26000,,ml,,,High,,,Y,Quang Ngai Sugar JSC (QNS),Vietnam,Vinasoy (QNS),Not verified,VEYO-oat,Medium,FORM-01; FORM-33,VN-direct,Medium,,"Consistent with the 24,500đ read at GO! Nha Trang; same brand, similar price band. Ingredients/nutrition supplemented from exact-product OSINT; accessed 2026-09-22: https://www.lottemart.vn/vi-cto/product/sua-yen-mach-veyo-180ml-3-8934614031360-p90446. Brand corrected from Nutifood to Veyo / Vinasoy using exact-product OSINT; accessed 2026-09-22: https://vinasoy.com/."
SKU-085,P085,2026-09-20,Ho Chi Minh City,Co.opmart Nguyễn Kiệm,Modern Retail,Sườn Non Chay,Xuân Hồng,Xuân Hồng,Vietnam (local),"Traditional / Do Chay (mock-meat, tofu)",Dried soy/wheat meat analog,dried TVP/soy chunks,dry,A5,soy protein/TVP,soy flour; wheat gluten; wheat flour,,"Soy protein, soy flour, wheat gluten, wheat flour",65.2,per 100 g,field log (label or collector OSINT),334.5,3.1,11.5,818.2,,150,g,,,Low,,,Y,Not verified (brand site unreachable),Vietnam (assumed),Not verified,Not verified,XH-suonnon,High,FORM-01; FORM-02; FORM-03; FORM-05; FORM-07,VN-direct,High,No price paired.,Front/back label clear in IMG_0952 to 0953; shelf price was not unambiguously paired.
SKU-086,P086,2026-09-20,Ho Chi Minh City,Co.opmart Nguyễn Kiệm,Modern Retail,Sườn Non Chay (Vegan Soy Chops),An Nhiên,An Nhiên,Vietnam (local),"Traditional / Do Chay (mock-meat, tofu)",Dried soy meat analog,dried TVP/soy chunks,dry,A5,soy protein/TVP,defatted soy flour; wheat gluten; corn starch,,"Soy protein, soy flour, wheat gluten, corn starch",64,per 100 g,field log (label or collector OSINT),320,0,12,640,49000,150,g,32667,51042,"Medium (online reference, not shelf)",,,Y,"Phạm Gia Phát Trading & Import-Export Co., Ltd (Công ty TNHH TM XNK Phạm Gia Phát), tax code 0312857463",Vietnam,Not disclosed on brand site; company is registered as a trading/import-export firm,"Head office Hiệp Thành ward, Ho Chi Minh City (former District 12); plant not disclosed",AN-suonnon,High,FORM-01; FORM-17; FORM-19; FORM-15; FORM-02; FORM-03; FORM-05; FORM-07,VN-direct,High,"Price is an online reference (49,000). AEON eShop listed 65,000 on 2026-09-23 (FORM-19).",Nutrition converted from a 25g serving to 100g; IMG_0954 to 0956. online reference price (not store-observed); accessed 2026-09-21: https://aeoneshop.com/products/search/an%20nhi%C3%AAn.
SKU-087,P087,2026-09-20,Ho Chi Minh City,Co.opmart Nguyễn Kiệm,Modern Retail,Sườn Non Lúa Mạch Chay (Vegan Wheat Slices),An Nhiên,An Nhiên,Vietnam (local),"Traditional / Do Chay (mock-meat, tofu)",Dried wheat/soy meat analog,dried TVP/soy chunks,dry,A5,wheat gluten (wheat protein 50% + gluten 30%),soy protein,,"Wheat protein (50%), soy protein, wheat gluten (30%)",64,per 100 g,field log (label or collector OSINT),320,0,12,180,75000,150,g,50000,78125,"Medium (online reference, not shelf)",,,Y,"Phạm Gia Phát Trading & Import-Export Co., Ltd (Công ty TNHH TM XNK Phạm Gia Phát), tax code 0312857463",Vietnam,Not disclosed on brand site; company is registered as a trading/import-export firm,"Head office Hiệp Thành ward, Ho Chi Minh City (former District 12); plant not disclosed",AN-suonnon-luamach,High,FORM-01; FORM-19; FORM-15; FORM-02; FORM-03; FORM-05; FORM-07,VN-direct,High,,Nutrition converted from a 25g serving to 100g; IMG_0957 to 0958. online reference price (not store-observed); accessed 2026-09-21: https://aeoneshop.com/products/search/an%20nhi%C3%AAn.
SKU-088,P088,2026-09-20,Ho Chi Minh City,Co.opmart Nguyễn Kiệm,Modern Retail,Bò Lát Chay (Vegan Beef Slices),An Nhiên,An Nhiên,Vietnam (local),"Traditional / Do Chay (mock-meat, tofu)",Dried beef-slice analog,dried TVP/soy chunks,dry,A5,soy protein/TVP,defatted soy flour; wheat gluten; corn starch,,"Soy protein, defatted soy flour, wheat gluten, corn starch, caramel color",,per 100 g,field log (label or collector OSINT),,,,,49000,150,g,32667,,"Medium (online reference, not shelf)",,,Y,"Phạm Gia Phát Trading & Import-Export Co., Ltd (Công ty TNHH TM XNK Phạm Gia Phát), tax code 0312857463",Vietnam,Not disclosed on brand site; company is registered as a trading/import-export firm,"Head office Hiệp Thành ward, Ho Chi Minh City (former District 12); plant not disclosed",AN-bolat,High,FORM-01; FORM-19; FORM-15; FORM-02; FORM-03; FORM-05; FORM-07,VN-direct,High,"Price online reference 49,000; AEON eShop 65,000 (FORM-19).",Package and ingredients clear in IMG_0959 to 0960; nutrition values were not fully legible. online reference price (not store-observed); accessed 2026-09-21: https://aeoneshop.com/product/3929/an-nhien-bo-lat-chay-150g.
SKU-089,P089,2026-09-20,Ho Chi Minh City,Co.opmart Nguyễn Kiệm,Modern Retail,Gà Lát Chay (Vegan Chicken Slices),An Nhiên,An Nhiên,Vietnam (local),"Traditional / Do Chay (mock-meat, tofu)",Dried chicken-slice analog,dried TVP/soy chunks,dry,A5,soy protein/TVP,defatted soy flour; wheat gluten; corn starch,,"Soy protein, defatted soy flour, wheat gluten, corn starch",66.7,per 100 g,field log (label or collector OSINT),333.3,0,13.3,700,49000,150,g,32667,48976,"Medium (online reference, not shelf)",,,Y,"Phạm Gia Phát Trading & Import-Export Co., Ltd (Công ty TNHH TM XNK Phạm Gia Phát), tax code 0312857463",Vietnam,Not disclosed on brand site; company is registered as a trading/import-export firm,"Head office Hiệp Thành ward, Ho Chi Minh City (former District 12); plant not disclosed",AN-galat,High,FORM-01; FORM-19; FORM-15; FORM-02; FORM-03; FORM-05; FORM-07,VN-direct,High,"Price online reference 49,000; AEON eShop 60,000 (FORM-19).",Nutrition converted from a 30g serving to 100g; IMG_0961 to 0962. online reference price (not store-observed); accessed 2026-09-21: https://aeoneshop.com/product/5233/ga-lat-chay.
SKU-090,P090,2026-09-20,Ho Chi Minh City,Co.opmart Nguyễn Kiệm,Modern Retail,Gà Viên Chay (Vegan Chicken Balls),An Nhiên,An Nhiên,Imported ingredient / packed in Vietnam,"Traditional / Do Chay (mock-meat, tofu)",Dried chicken-ball analog,dried TVP/soy chunks,dry,A5,"soy protein concentrate (Serbia, per label)",,,Soy protein concentrate,53.3,per 100 g,field log (label or collector OSINT),300,0,20,0,68000,150,g,45333,85053,"Medium (online reference, not shelf)",,,Y,"Phạm Gia Phát Trading & Import-Export Co., Ltd (Công ty TNHH TM XNK Phạm Gia Phát), tax code 0312857463",Vietnam,Not disclosed on brand site; company is registered as a trading/import-export firm,"Head office Hiệp Thành ward, Ho Chi Minh City (former District 12); plant not disclosed",AN-gavien,High,FORM-01; FORM-18; FORM-15; FORM-02; FORM-03; FORM-05; FORM-07,VN-direct,High,"Label states soy protein from Serbia. chaysach.com listing (FORM-18) gives a different list: soy protein isolate, corn starch, wheat fiber, soybean oil.",Label states soy protein from Serbia; nutrition converted from a 30g serving; IMG_0963 to 0964. online reference price (not store-observed); accessed 2026-09-21: https://shopee.vn/G%C3%A0-vi%C3%AAn-chay-An-Nhi%C3%AAn-150g-i.702184681.22876135013.
SKU-091,P091,2026-09-20,Ho Chi Minh City,Co.opmart Nguyễn Kiệm,Modern Retail,Bò Nấu Đậu Chay,Vissan,Vissan,Vietnam (local),"Traditional / Do Chay (mock-meat, tofu)",Canned beef-stew analog,canned analog,ready-to-eat,A6,"soy protein/TVP (vegan beef slices 30%, inferred)",white beans 20%,,"Vegan beef slices (30%), white beans (20%), water, soy oil, tomato powder, seasonings",,per 100 g,field log (label or collector OSINT),,,,,17900,170,g,10529,,High,,,Y,"Vissan JSC (Công ty CP Việt Nam Kỹ Nghệ Súc Sản); state-linked (major shareholding by Saigon Trading Group, SATRA, not verified this wave)",Vietnam,Vissan,"Ho Chi Minh City, 420 Nơ Trang Long (former Bình Thạnh district); other plants not verified",VIS-bonaudau,High,FORM-01; FORM-02; FORM-03; FORM-05; FORM-07,VN-direct,High,,Price and net weight are legible in IMG_0965 to 0967.
SKU-092,P092,2026-09-20,Ho Chi Minh City,Co.opmart Nguyễn Kiệm,Modern Retail,Heo Hầm Chay,Vissan,Vissan,Vietnam (local),"Traditional / Do Chay (mock-meat, tofu)",Canned pork-stew analog,canned analog,ready-to-eat,A6,"soy protein/TVP (vegan pork slices 30%, inferred)",shiitake,,"Vegan pork slices (30%), shiitake mushrooms, soy sauce, soy oil, seasonings",4.5,per 100 g,field log (label or collector OSINT),59,2.14,5.47,515,15100,150,g,10067,223704,High,,,Y,"Vissan JSC (Công ty CP Việt Nam Kỹ Nghệ Súc Sản); state-linked (major shareholding by Saigon Trading Group, SATRA, not verified this wave)",Vietnam,Vissan,"Ho Chi Minh City, 420 Nơ Trang Long (former Bình Thạnh district); other plants not verified",VIS-heoham,High,FORM-01; FORM-02; FORM-03; FORM-05; FORM-07,VN-direct,High,,Price and nutrition panel are legible in IMG_0968 to 0970.
SKU-093,P093,2026-09-20,Ho Chi Minh City,Co.opmart Nguyễn Kiệm,Modern Retail,Thanh Cua Chay (Vegetarian Crab Stick),Thoại An,Thoại An,Vietnam (local),"Traditional / Do Chay (mock-meat, tofu)",Seafood analog,frozen meat/seafood analog,ready-to-eat,A4,wheat gluten,,,"Water, thickeners, vegetable oil, wheat gluten, seasonings, synthetic shrimp flavor",3,per 100 g,field log (label or collector OSINT),125,,13.7,,41800,500,g,8360,278667,High,,,Y,"Thoai An Trading Co., Ltd (Công ty TNHH Thương mại Thoại An), tax code 0303800622",Vietnam,Thoại An,"Ho Chi Minh City, Tân Tạo Industrial Park, Tân Tạo ward (former Bình Tân district)",TA-thanhcua,High,FORM-01; FORM-26; FORM-02; FORM-03; FORM-05; FORM-07,VN-direct,High,,Package is clear in IMG_0975; several nutrition numbers were obscured. Price verified from the high-resolution crop of IMG_0971 (promotional tag).
SKU-094,P094,2026-09-20,Ho Chi Minh City,Co.opmart Nguyễn Kiệm,Modern Retail,Đậu Hũ Hải Sản Chay (Vegetarian Seafood Tofu),Thoại An,Thoại An,Vietnam (local),"Traditional / Do Chay (mock-meat, tofu)",Seafood-tofu analog,frozen meat/seafood analog,ready-to-cook,A4,soybean (soy milk 30%),wheat gluten,,"Soy milk (30%), water, vegetable oil, wheat gluten, seasonings, synthetic crab flavor",3.03,per 100 g,field log (label or collector OSINT),137,4.32,,603,43700,500,g,8740,288449,High,,,Y,"Thoai An Trading Co., Ltd (Công ty TNHH Thương mại Thoại An), tax code 0303800622",Vietnam,Thoại An,"Ho Chi Minh City, Tân Tạo Industrial Park, Tân Tạo ward (former Bình Tân district)",TA-dauhu-haisan,High,FORM-01; FORM-26; FORM-09; FORM-02; FORM-03; FORM-05; FORM-07,VN-direct,High,,"Product and 43,700đ shelf tag are visible in IMG_0972 and IMG_0976."
SKU-095,P095,2026-09-20,Ho Chi Minh City,Co.opmart Nguyễn Kiệm,Modern Retail,Cá Kèo Chay (Vegan Spiny Goby),An Nhiên,An Nhiên,Vietnam (local),"Traditional / Do Chay (mock-meat, tofu)",Fish analog,frozen meat/seafood analog,ready-to-cook,A3,soy protein/TVP,seaweed; sesame,,"Soy protein, seaweed, sesame, vegetable oil, salt and pepper",12,per 100 g,field log (label or collector OSINT),180,10,10,740,105000,500,g,21000,175000,"Medium (online reference, not shelf)",,,Y,"Phạm Gia Phát Trading & Import-Export Co., Ltd (Công ty TNHH TM XNK Phạm Gia Phát), tax code 0312857463",Vietnam,Not disclosed on brand site; company is registered as a trading/import-export firm,"Head office Hiệp Thành ward, Ho Chi Minh City (former District 12); plant not disclosed",AN-cakeo,High,FORM-01; FORM-15; FORM-02; FORM-03; FORM-05; FORM-07,VN-direct,High,,Front and nutrition panel clear in IMG_0977. online reference price (not store-observed); accessed 2026-09-21: https://www.webtaphoa.vn/collections/all/An%20Nhi%C3%AAn.
SKU-096,P096,2026-09-20,Ho Chi Minh City,Co.opmart Nguyễn Kiệm,Modern Retail,Chả Cá Chay,An Nhiên,An Nhiên,Vietnam (local),"Traditional / Do Chay (mock-meat, tofu)",Fish-cake analog,frozen meat/seafood analog,ready-to-eat,A3,"wheat gluten (inferred; label translated as ""wheat starch"")",seaweed,,"Wheat starch, seaweed, vegetable oil, vegan fish sauce, seasoning, sugar, pepper",19.7,per 100 g,field log (label or collector OSINT),246,15.3,7.47,473,65000,500,g,13000,65990,"Medium (online reference, not shelf)",,,Y,"Phạm Gia Phát Trading & Import-Export Co., Ltd (Công ty TNHH TM XNK Phạm Gia Phát), tax code 0312857463",Vietnam,Not disclosed on brand site; company is registered as a trading/import-export firm,"Head office Hiệp Thành ward, Ho Chi Minh City (former District 12); plant not disclosed",AN-chaca,High,FORM-01; FORM-15; FORM-02; FORM-03; FORM-05; FORM-07,VN-direct,High,"19.7 g protein is not possible from wheat starch; the Vietnamese label word is probably gluten or ""bột mì căn"". Treat as gluten-based.",Front/back label clear in IMG_0978 to 0979. online reference price (not store-observed); accessed 2026-09-21: https://www.webtaphoa.vn/collections/all/An%20Nhi%C3%AAn.
SKU-097,P097,2026-09-20,Ho Chi Minh City,Co.opmart Nguyễn Kiệm,Modern Retail,Giò Thủ Chay,An Nhiên,An Nhiên,Vietnam (local),"Traditional / Do Chay (mock-meat, tofu)",Cured-meat roll analog,frozen meat/seafood analog,ready-to-eat,A3,"wheat gluten (inferred; label translated as ""wheat starch"")",wood-ear mushroom,,"Wheat starch, wood-ear mushroom, vegetable oil, vegan fish sauce, sugar, seasoning, pepper",18.8,per 100 g,field log (label or collector OSINT),219,13.4,5.92,645,95000,500,g,19000,101064,"Medium (online reference, not shelf)",,,Y,"Phạm Gia Phát Trading & Import-Export Co., Ltd (Công ty TNHH TM XNK Phạm Gia Phát), tax code 0312857463",Vietnam,Not disclosed on brand site; company is registered as a trading/import-export firm,"Head office Hiệp Thành ward, Ho Chi Minh City (former District 12); plant not disclosed",AN-giothu,High,FORM-01; FORM-15; FORM-02; FORM-03; FORM-05; FORM-07,VN-direct,High,"18.8 g protein implies gluten, not starch.",Nutrition panel clear in IMG_0980 to 0981; net weight was not visible. online reference price (not store-observed); accessed 2026-09-21: https://www.webtaphoa.vn/collections/all/An%20Nhi%C3%AAn.
SKU-098,P098,2026-09-20,Ho Chi Minh City,Co.opmart Nguyễn Kiệm,Modern Retail,Bánh Bột Lọc Chay,Sông Hương Foods,Sông Hương Foods,Vietnam (local),"Traditional / Do Chay (mock-meat, tofu)",Vegetarian dumpling,dumpling/spring roll/bun with vegetable filling,ready-to-cook,A1,tofu (21.8%),none (tapioca wrapper),,"Water (34.92%), tapioca starch (26.19%), tofu (21.82%), soybean oil, wood-ear mushroom, carrot, leek, soy sauce, iodized salt, sugar, flavour enhancer E621, pepper",2.97,per 100 g,field log (label or collector OSINT),237,,,,54600,350,g,15600,525253,"Medium (online reference, not shelf)",,,Y,Sông Hương Foods,Vietnam,Not verified,Not verified,SH-botloc,High,FORM-01; FORM-09,VN-direct,High,,Front/back label in IMG_0982 to 0984; some nutrition values were obscured. online reference price (not store-observed); accessed 2026-09-21: https://sala.emartmall.com.vn/index.php?description=true&page=8&route=product%2Fsearch&search=b%C3%A1nh&sub_category=true. Ingredients/nutrition supplemented from exact-product online source; accessed 2026-09-21: https://songhuongfoods.com/san-pham/banh-bot-loc-chay/.
SKU-099,P099,2026-09-20,Ho Chi Minh City,Co.opmart Nguyễn Kiệm,Modern Retail,Lẩu Thái Chay,Cầu Tre,Cầu Tre (CJ Foods Vietnam),Vietnam (local),"Traditional / Do Chay (mock-meat, tofu)",Vegetarian Thai hotpot kit,ready meal,ready-to-cook,A3,analog pieces 50% (composition not stated; likely soy/gluten),,,"Vegan seafood/meat analogs (50%), Thai-style concentrate (30%), corn, pineapple, lemongrass, carrot",,per 100 g,field log (label or collector OSINT),,,,,,400,g,,,High,,,Y,"CJ CheilJedang (South Korea) via CJ Foods Vietnam Co., Ltd",South Korea,"CJ Foods Vietnam Co., Ltd","HQ CJ Building, 2 Bis 4-6 Lê Thánh Tôn, Ho Chi Minh City; plant claimed at Kizuna IP, Tây Ninh (former Long An) by collector OSINT, not verified",CT-lauthai,High,FORM-01; FORM-02; FORM-03; FORM-05; FORM-07,VN-direct,High,Inferred.,Package and ingredients clear in IMG_0985 to 0986; weight read as 400g.
SKU-100,P100,2026-09-20,Ho Chi Minh City,Co.opmart Nguyễn Kiệm,Modern Retail,Mì Sủi Cảo Chay,Coop Select,Co.op Select,Vietnam (local),"Traditional / Do Chay (mock-meat, tofu)",Noodles with vegetarian gyoza,ready meal,ready-to-cook,A1,wheat flour (noodles + wrapper),"tofu; soy protein; soybean; edamame; peanut; egg (in noodles, per P018 label)",EGG,"Wheat noodles; gyoza with mushrooms, cabbage, vegetables, tofu and soy protein",4.2,per 100 g,field log (label or collector OSINT),146,5.1,20.8,1167,25000,200,g,12500,297619,High,,,Y,"Saigon Co.op (Liên hiệp HTX Thương mại TP.HCM), cooperative",Vietnam,GN Foods JSC (Công ty CP Thực phẩm GN) for Saigon Co.op (label),Tây Ninh province (label),CS-misuicao,High,FORM-01; FORM-02; FORM-03; FORM-05; FORM-07,VN-direct,High,Same formulation as P018 (200 g pack).,Nutrition and ingredients are clear in IMG_0987 to 0988. Price verified from the high-resolution crop of IMG_0972 (promotional tag).
SKU-101,P101,2026-09-20,Ho Chi Minh City,Co.opmart Nguyễn Kiệm,Modern Retail,Cơm Chiên Chay Gạo Lứt,SG Food,SG Food,Vietnam (local),"Traditional / Do Chay (mock-meat, tofu)",Ready-meal / fried brown rice,ready meal,ready-to-eat,A15,none (brown rice 60%),vegan fish ball; vegan sausage; mushroom,,"Brown rice 60% (brown rice, water), vegetable oil, mixed vegetables, king oyster mushroom, vegan fish ball 2.8%, vegan pork sausage 2%, vegetarian seasoning, leek, shiitake, sugar, flavour enhancer E621, iodized salt, sesame oil and pepper",,per 100 g,field log (label or collector OSINT),,,,,25000,200,g,12500,,Low,,,N,"Saigon Food JSC (Công ty CP Sài Gòn Food), tax code 0302994301",Vietnam (shareholders not verified),Saigon Food JSC,"Ho Chi Minh City, Vĩnh Lộc Industrial Park, Vĩnh Lộc commune (former Bình Chánh district)",SGF-comchien,High,FORM-01; FORM-31; FORM-32,VN-direct,High,,Front/back label clear in IMG_0989 to 0990; shelf tag pairing uncertain. online reference price (not store-observed); accessed 2026-09-21: https://aeoneshop.com/products/category/221/thuc-pham-chay/. Ingredients/nutrition supplemented from exact-product OSINT; accessed 2026-09-22: https://aeoneshop.com/product/24978/sai-gon-food-com-chien-chay-gao-lut-200g.
SKU-102,P102,2026-09-20,Ho Chi Minh City,Co.opmart Nguyễn Kiệm,Modern Retail,Chả Khoanh Chay,Anlac Vegan Food,Âu Lạc (Anlac Vegan Food),Vietnam (local),"Traditional / Do Chay (mock-meat, tofu)",Sausage / fish-cake analog,frozen meat/seafood analog,ready-to-eat,A3,unknown (25.1 g protein implies gluten or soy protein base),,,Ingredient panel not fully visible,25.1,per 100 g,field log (label or collector OSINT),179,3.38,12,590,,,g,,,High,,,Y,"Au Lac Pure Vegetarian Trade Manufacturing Co., Ltd (Công ty TNHH SX & KD Thực phẩm Chay Âu Lạc), reg. 0302824243",Vietnam,Âu Lạc (own production claimed),"Ho Chi Minh City, 735-737 Nguyễn Kiệm, Hạnh Thông ward (former Gò Vấp district)",AL-chakhoanh,Low,FORM-01; FORM-20; FORM-02; FORM-03; FORM-05; FORM-07,VN-direct,Low,Ingredient panel not visible; import flag inferred from protein level.,Nutrition panel legible in IMG_0991; package size not visible.
SKU-103,P103,2026-09-20,Ho Chi Minh City,Co.opmart Nguyễn Kiệm,Modern Retail,Chả Lụa Ớt Xiêm Chay,Thoại An,Thoại An,Vietnam (local),"Traditional / Do Chay (mock-meat, tofu)",Chili sausage analog,frozen meat/seafood analog,ready-to-eat,A3,wheat gluten (35%),soy protein; skim milk powder,DAIRY,"Wheat gluten (35%), water, vegetable oils, sugar, salt, soy protein, skim milk powder, thickeners E407/E1412, chili (0.5%), stabilizer, flavour enhancers, acidity regulators, antioxidants and colour",,per 100 g,field log (label or collector OSINT),308,,12.8,,65000,500,g,13000,,"Medium (online reference, not shelf)",,,Y,"Thoai An Trading Co., Ltd (Công ty TNHH Thương mại Thoại An), tax code 0303800622",Vietnam,Thoại An,"Ho Chi Minh City, Tân Tạo Industrial Park, Tân Tạo ward (former Bình Tân district)",TA-chalua-otxiem,High,FORM-01; FORM-26; FORM-02; FORM-03; FORM-05; FORM-07,VN-direct,High,Contains skim milk powder: not vegan. Protein not legible.,Front and partial nutrition panel visible in IMG_0992. online reference price (not store-observed); accessed 2026-09-21: https://thoaian.vn/san-pham/cha-lua-ot-xiem-chay-thoai-an-500g-dong-lanh/. Ingredients/nutrition supplemented from exact-product online source; accessed 2026-09-21: https://thoaian.vn/san-pham/cha-lua-ot-xiem-chay-thoai-an-500g-dong-lanh/.
SKU-104,P104,2026-09-20,Ho Chi Minh City,Co.opmart Nguyễn Kiệm,Modern Retail,Bánh Bao Nấm Chay,Coop Select,Co.op Select,Vietnam (local),"Traditional / Do Chay (mock-meat, tofu)",Vegetarian mushroom bun,dumpling/spring roll/bun with vegetable filling,ready-to-cook,A2,wheat flour (bun),king oyster mushroom 27.8%,,"Wheat-flour bun; king oyster mushroom (27.8%), soy sauce, breadcrumbs, soy and sesame oils",5,per 100 g,field log (label or collector OSINT),212,5.7,35.2,247,31500,240,g,13125,262500,High,,,Y,"Saigon Co.op (Liên hiệp HTX Thương mại TP.HCM), cooperative",Vietnam,GN Foods JSC (Công ty CP Thực phẩm GN) for the noodle-gyoza meal (label); other SKUs not disclosed,GN Foods: Tây Ninh province (label; whether former Long An or former Tây Ninh not stated),CS-banhbao-nam,High,FORM-01,VN-direct,High,,Price is visible in IMG_1001; product/nutrition in IMG_0993 to 0994.
SKU-105,P105,2026-09-20,Ho Chi Minh City,Co.opmart Nguyễn Kiệm,Modern Retail,Há Cảo Chay Cải Bó Xôi,Cholimex,Cholimex,Vietnam (local),"Traditional / Do Chay (mock-meat, tofu)",Vegetarian spinach dimsum,dumpling/spring roll/bun with vegetable filling,ready-to-cook,A1,mung bean,none (glutinous rice/tapioca/corn wrapper),,"Dumpling wrapper (glutinous-rice, tapioca and corn flours) 23%; water, yam bean, taro, mung bean, sweet potato, carrot, sugar, scallion oil, shiitake, spinach (1%), glass noodles, shallot, wood-ear mushroom, iodized salt, soy sauce, sesame oil, flavour enhancer E621 and black pepper",1.53,per 100 g,field log (label or collector OSINT),166,1.88,35.7,265,37700,300,g,12567,821351,"Medium (online reference, not shelf)",,,N,Cholimex Food JSC (Công ty CP Thực phẩm Cholimex),Vietnam (foreign minority shareholding not verified),Cholimex Food JSC,"Ho Chi Minh City, Vĩnh Lộc Industrial Park, Vĩnh Lộc commune (former Bình Chánh district)",CLM-hacao-caiboxoi,High,FORM-01; FORM-27,VN-direct,High,,Front/back package in IMG_0995 to 0997; some nutrition fields were obscured. online reference price (not store-observed); accessed 2026-09-21: https://cooponline.vn/ha-cao-chay-cai-bo-xoi-clm300g--s251008272. Ingredients/nutrition supplemented from exact-product online source; accessed 2026-09-21: https://cholimexfood.com.vn/wp-content/uploads/2025/20250809_CBTT/98-Ha%CC%81%20ca%CC%89o%20chay%20ca%CC%89i%20bo%CC%81%20xo%CC%82i.pdf.
SKU-106,P106,2026-09-20,Ho Chi Minh City,Co.opmart Nguyễn Kiệm,Modern Retail,Bánh Bao Chay,Cholimex,Cholimex,Vietnam (local),"Traditional / Do Chay (mock-meat, tofu)",Vegetarian dumpling,dumpling/spring roll/bun with vegetable filling,ready-to-cook,A2,"wheat flour (bun dough 40%, with soy flour)","soy flour; TVP (""sườn non chay""); tofu skin",,"Bun dough (wheat flour, water, soy flour, leavening agents) 40%; vegan ribs, yam bean, chayote, purple cabbage, straw mushroom, wood-ear mushroom, tofu skin, leek, onion, soy sauce, salt, sugar, black pepper, five-spice and soybean oil",5.74,per 100 g,field log (label or collector OSINT),204,4.82,34.4,436,29800,300,g,9933,173055,"Medium (online reference, not shelf)",,,Y,Cholimex Food JSC (Công ty CP Thực phẩm Cholimex),Vietnam (foreign minority shareholding not verified),Cholimex Food JSC,"Ho Chi Minh City, Vĩnh Lộc Industrial Park, Vĩnh Lộc commune (former Bình Chánh district)",CLM-banhbao,High,FORM-01; FORM-27; FORM-02; FORM-03; FORM-05; FORM-07,VN-direct,High,,Front and nutrition panel clear in IMG_0998 to 0999. online reference price (not store-observed); accessed 2026-09-21: https://cooponline.vn/banh-bao-chay-cholimex-300g--s250103537. Ingredients/nutrition supplemented from exact-product online source; accessed 2026-09-21: https://cholimexfood.com.vn/banh-bao-chay-300g/.
SKU-107,P107,2026-09-20,Ho Chi Minh City,Co.opmart Nguyễn Kiệm,Modern Retail,Há Cảo Chay,Cầu Tre,Cầu Tre (CJ Foods Vietnam),Vietnam (local),"Traditional / Do Chay (mock-meat, tofu)",Vegetarian dumpling,dumpling/spring roll/bun with vegetable filling,ready-to-cook,A1,mung bean,none (starch wrapper),,"Wrapper 52% (water, potato starch, wheat starch, thickeners E1414/E1420, palm oil, trehalose, salt); yam bean, mung bean, taro, wood-ear mushroom, glass noodles, carrot, sugar, shiitake, palm oil, leek, corn starch, flavour enhancer E621, sesame, salt and pepper",1.68,per 100 g,field log (label or collector OSINT),189,,,,65000,500,g,13000,773810,"Medium (online reference, not shelf)",,,N,"CJ CheilJedang (South Korea) via CJ Foods Vietnam Co., Ltd",South Korea,"CJ Foods Vietnam Co., Ltd","HQ CJ Building, 2 Bis 4-6 Lê Thánh Tôn, Ho Chi Minh City; plant claimed at Kizuna IP, Tây Ninh (former Long An) by collector OSINT, not verified",CT-hacao,High,FORM-01; FORM-23,VN-direct,High,,Package visible in IMG_1001 to 1003; nutrition panel partly obscured. online reference price (not store-observed); accessed 2026-09-21: https://aeoneshop.com/products/highlight/525/th%E1%BB%B1c-ph%E1%BA%A9m-chay-dong-l%E1%BA%A1nh. Ingredients/nutrition supplemented from exact-product online source; accessed 2026-09-21: https://cjfoods.com.vn/product/ha-cao-chay/.
SKU-108,P108,2026-09-20,Ho Chi Minh City,Co.opmart Nguyễn Kiệm,Modern Retail,Healthy Mandu Chay,bibigo,bibigo (CJ Foods Vietnam),Vietnam (local),"Traditional / Do Chay (mock-meat, tofu)",Vegetarian mandu,dumpling/spring roll/bun with vegetable filling,ready-to-cook,A2,soy protein/TVP,wheat flour (wrapper 29.2%); lotus seed; mushroom,,"Wrapper 29.2% (wheat flour, water, salt, tapioca); yam bean, king oyster mushroom, carrot, shiitake, soy protein, lotus seed, enoki, onion, breadcrumbs, wood-ear mushroom, taro, sesame, mushroom-flavoured vegan oyster sauce, sugar, soy sauce, herbs, vegetable oils, yeast extract, garlic, pepper, salt, fermented rice vinegar, chili and corn starch",,per 100 g,field log (label or collector OSINT),,,,322,52000,300,g,17333,,"Medium (online reference, not shelf)",,,Y,CJ CheilJedang (South Korea),South Korea,"CJ Foods Vietnam Co., Ltd","Made in Vietnam (collector OSINT names Kizuna IP, Tây Ninh (former Long An); not verified)",BIB-mandu,High,FORM-01; FORM-02; FORM-03; FORM-05; FORM-07,VN-direct,High,,Front/back package in IMG_1004 to 1005; net weight was not reliably read. online reference price (not store-observed); accessed 2026-09-21: https://aeoneshop.com/product/14817/cj-foods-banh-mandu-healthy-nhan-nam-300g-300g. Ingredients/nutrition supplemented from exact-product online source; accessed 2026-09-21: https://aeoneshop.com/product/14817/cj-foods-banh-mandu-healthy-nhan-nam-300g-300g.
SKU-109,P109,2026-09-20,Ho Chi Minh City,Co.opmart Nguyễn Kiệm,Modern Retail,Bánh Cuốn Chay,Coop Select,Co.op Select,Vietnam (local),"Traditional / Do Chay (mock-meat, tofu)",Vegetarian rice rolls,dumpling/spring roll/bun with vegetable filling,ready-to-cook,A1,edamame/green pea (minor),none (starch wrapper),,"Starch wrapper; cabbage, shiitake, yam bean, carrot, king oyster mushroom, corn, bamboo shoot, edamame, peas and coriander",2,per 100 g,field log (label or collector OSINT),115,,23.4,782,32000,290,g,11034,551724,"Medium (online reference, not shelf)",,,N,"Saigon Co.op (Liên hiệp HTX Thương mại TP.HCM), cooperative",Vietnam,GN Foods JSC (Công ty CP Thực phẩm GN) for the noodle-gyoza meal (label); other SKUs not disclosed,GN Foods: Tây Ninh province (label; whether former Long An or former Tây Ninh not stated),CS-banhcuon,High,FORM-01; FORM-29,VN-direct,High,,Package and full ingredient panel clear in IMG_1006 to 1008. online reference price (not store-observed); accessed 2026-09-21: https://cooponline.vn/banh-cuon-chay-co-op-select-290g--s251008279. Ingredients/nutrition supplemented from exact-product online source; accessed 2026-09-21: https://cooponline.vn/banh-cuon-chay-co-op-select-290g--s251008279.
SKU-110,P110,2026-09-20,Ho Chi Minh City,Co.opmart Nguyễn Kiệm,Modern Retail,Hoành Thánh Chay,Top.V / Agrex Saigon,Top.V (Agrex Saigon),Vietnam (local),"Traditional / Do Chay (mock-meat, tofu)",Vegetarian wonton,dumpling/spring roll/bun with vegetable filling,ready-to-cook,A2,"wheat flour (wonton wrapper, inferred)",unknown,,Ingredient panel not visible,5.37,per 100 g,field log (label or collector OSINT),133,1.5,24.5,485,,800,g,,,High,,,Y,Agrex Saigon,Vietnam,Not verified,Not verified,TOPV-hoanhthanh,Low,FORM-01,VN-direct,Low,Ingredient panel not visible; wonton wrappers are wheat-based and often contain egg (unverified).,Front label and nutrition statement visible in IMG_1009 to 1011.
SKU-111,P111,2026-09-20,Ho Chi Minh City,Co.opmart Nguyễn Kiệm,Modern Retail,Chả Giò Bắp,Coop Select,Co.op Select,Vietnam (local),"Traditional / Do Chay (mock-meat, tofu)",Corn-filled spring rolls,dumpling/spring roll/bun with vegetable filling,ready-to-cook,A1,none (corn and vegetables),wrapper,,Corn and vegetable filling in spring-roll pastry,4.6,per 100 g,field log (label or collector OSINT),153,13,30.6,295,43000,500,g,8600,186957,"Medium (online reference, not shelf)",,,N,"Saigon Co.op (Liên hiệp HTX Thương mại TP.HCM), cooperative",Vietnam,GN Foods JSC (Công ty CP Thực phẩm GN) for the noodle-gyoza meal (label); other SKUs not disclosed,GN Foods: Tây Ninh province (label; whether former Long An or former Tây Ninh not stated),CS-chagio-bap,High,FORM-01,VN-direct,High,,Front and nutrition panel visible in IMG_1012 to 1013. online reference price (not store-observed); accessed 2026-09-21: https://cooponline.vn/c/thuc-pham-tru-mat-hnr.
SKU-112,P112,2026-09-20,Ho Chi Minh City,Co.opmart Nguyễn Kiệm,Modern Retail,Chả Giò Khoai Mỡ,Coop Select,Co.op Select,Vietnam (local),"Traditional / Do Chay (mock-meat, tofu)",Purple-yam spring rolls,dumpling/spring roll/bun with vegetable filling,ready-to-cook,A1,mung bean,wheat-based crispy wrapper (bánh tráng xốp bò bía),,"Purple yam (36%), pastry (30%), sweet potato, carrot, green bean, wood-ear mushroom",5.7,per 100 g,field log (label or collector OSINT),160,0.5,33.2,369,39900,450,g,8867,155556,"Medium (online reference, not shelf)",,,partial,"Saigon Co.op (Liên hiệp HTX Thương mại TP.HCM), cooperative",Vietnam,GN Foods JSC (Công ty CP Thực phẩm GN) for the noodle-gyoza meal (label); other SKUs not disclosed,GN Foods: Tây Ninh province (label; whether former Long An or former Tây Ninh not stated),CS-chagio-khoaimo,High,FORM-01; FORM-30,VN-direct,High,,Front/back and nutrition panel in IMG_1015 to 1017. online reference price (not store-observed); accessed 2026-09-21: https://cooponline.vn/cha-gio-khoai-mo-coop-select-450g--s250102526.
SKU-113,P113,2026-09-20,Ho Chi Minh City,Co.opmart Nguyễn Kiệm,Modern Retail,Chả Giò Chay,Coop Select,Co.op Select,Vietnam (local),"Traditional / Do Chay (mock-meat, tofu)",Vegetarian spring rolls,dumpling/spring roll/bun with vegetable filling,ready-to-cook,A1,mung bean,corn,,"Rice paper; yam bean 16%, carrot 14%, corn, mung bean, sweet potato, taro, wood-ear mushroom, glass noodles, onion, corn starch, sugar, soybean oil, flavour enhancer E621, salt and pepper",3.1,per 100 g,field log (label or collector OSINT),129,1.3,26,591,45700,400,g,11425,368548,"Medium (online reference, not shelf)",,,N,"Saigon Co.op (Liên hiệp HTX Thương mại TP.HCM), cooperative",Vietnam,GN Foods JSC (Công ty CP Thực phẩm GN) for the noodle-gyoza meal (label); other SKUs not disclosed,GN Foods: Tây Ninh province (label; whether former Long An or former Tây Ninh not stated),CS-chagio,High,FORM-01,VN-direct,High,,Front/back and nutrition panel in IMG_1018 to 1019. online reference price (not store-observed); accessed 2026-09-21: https://cooponline.vn/c/thuc-pham-tru-mat-hnr. Ingredients/nutrition supplemented from exact-product online source; accessed 2026-09-21: https://cooponline.vn/products/cha-gio-chay-coop-select-400g/.
SKU-114,P114,2026-09-20,Ho Chi Minh City,Co.opmart Nguyễn Kiệm,Modern Retail,Samosa Rau Củ,Saky Foods,Saky Foods,Vietnam (local),"Traditional / Do Chay (mock-meat, tofu)",Vegetable samosa,dumpling/spring roll/bun with vegetable filling,ready-to-cook,A1,wheat flour (pastry),none,,"Wheat pastry, cabbage, carrot, potato, chili, coriander, sesame oil and seasonings",,per 100 g,field log (label or collector OSINT),156,,,,,300,g,,,High,,,Y,Not verified,Vietnam (per log),Not verified,Not verified,SAKY-samosa,High,FORM-01,VN-direct,High,Protein not legible.,Front and ingredient panel clear in IMG_1020.
SKU-115,P115,2026-09-20,Ho Chi Minh City,Co.opmart Nguyễn Kiệm,Modern Retail,Chả Giò Xốp Chay,Cholimex,Cholimex,Vietnam (local),"Traditional / Do Chay (mock-meat, tofu)",Crispy vegetarian spring rolls,dumpling/spring roll/bun with vegetable filling,ready-to-cook,A1,wheat flour (puffy wrapper 40%),"TVP (""sườn non chay""); mung bean",,"Puffy wheat wrapper 40%; yam bean, sweet potato, taro, purple cabbage, shiitake, wood-ear mushroom, vegan ribs, leek, glass noodles, mung bean, sugar, soybean oil, soy sauce, sesame oil, salt, pepper and flavour enhancer E621",,per 100 g,field log (label or collector OSINT),178,,,,41000,500,g,8200,,"Medium (online reference, not shelf)",,,Y,Cholimex Food JSC (Công ty CP Thực phẩm Cholimex),Vietnam (foreign minority shareholding not verified),Cholimex Food JSC,"Ho Chi Minh City, Vĩnh Lộc Industrial Park, Vĩnh Lộc commune (former Bình Chánh district)",CLM-chagio-xop,High,FORM-01; FORM-27; FORM-02; FORM-03; FORM-05; FORM-07,VN-direct,High,,Package and ingredient panel in IMG_1021 to 1022. promotional online flyer price; accessed 2026-09-21: https://coopxtra.net/asset/uploads/2026/02/CNMS-TRANG-LE_compressed.pdf. Ingredients/nutrition supplemented from exact-product online source; accessed 2026-09-21: https://cholimexfood.com.vn/wp-content/uploads/2020/20200424_TuCongBo/2020_04_24_51Cholimexfood2020.pdf.
SKU-116,P116,2026-09-20,Ho Chi Minh City,Co.opmart Nguyễn Kiệm,Modern Retail,Chả Giò Chay,Vissan,Vissan,Vietnam (local),"Traditional / Do Chay (mock-meat, tofu)",Vegetarian spring rolls,dumpling/spring roll/bun with vegetable filling,ready-to-cook,A1,mung bean,tofu skin; soy protein,,"Rice wrapper, taro, yam bean, carrot, beans, tofu skin, mushrooms and soy protein",4.26,per 100 g,field log (label or collector OSINT),154,1.5,30.8,363.4,45500,500,g,9100,213615,"Medium (online reference, not shelf)",,,partial,"Vissan JSC (Công ty CP Việt Nam Kỹ Nghệ Súc Sản); state-linked (major shareholding by Saigon Trading Group, SATRA, not verified this wave)",Vietnam,Vissan,"Ho Chi Minh City, 420 Nơ Trang Long (former Bình Thạnh district); other plants not verified",VIS-chagio,High,FORM-01; FORM-25; FORM-02; FORM-03; FORM-05; FORM-07,VN-direct,High,,Front/back and nutrition panel in IMG_1023 to 1024. online reference price (not store-observed); accessed 2026-09-21: https://vissanmart.com/cha-gio-chay-500g.html.
SKU-117,P117,2026-09-20,Ho Chi Minh City,Co.opmart Nguyễn Kiệm,Modern Retail,Chả Giò Bánh Rế Chay Đặc Biệt,Cầu Tre,Cầu Tre (CJ Foods Vietnam),Vietnam (local),"Traditional / Do Chay (mock-meat, tofu)",Net-wrapped vegetarian spring rolls,dumpling/spring roll/bun with vegetable filling,ready-to-cook,A1,mung bean,rice and some wheat flour (wrapper),,"Net rice wrapper 31% (refined rice flour, water, tapioca starch, palm oil, sugar, wheat flour, salt, emulsifier E322i); yam bean, sweet potato, mung bean, taro, wood-ear mushroom, sugar, flavour enhancer E621, palm oil, mushroom vegan oyster sauce, pepper and salt",3.36,per 100 g,field log (label or collector OSINT),172,2.07,33.6,,62000,500,g,12400,369048,"Medium (online reference, not shelf)",,,N,"CJ CheilJedang (South Korea) via CJ Foods Vietnam Co., Ltd",South Korea,"CJ Foods Vietnam Co., Ltd","HQ CJ Building, 2 Bis 4-6 Lê Thánh Tôn, Ho Chi Minh City; plant claimed at Kizuna IP, Tây Ninh (former Long An) by collector OSINT, not verified",CT-chagio-re-db,High,FORM-01; FORM-22,VN-direct,High,,Front/back package in IMG_1025 to 1028. online reference price (not store-observed); accessed 2026-09-21: https://aeoneshop.com/products/search/c%E1%BA%A7u%20tre. Ingredients/nutrition supplemented from exact-product online source; accessed 2026-09-21: https://cjfoods.com.vn/product/cha-gio-banh-re-chay-dac-biet/.
SKU-118,P118,2026-09-20,Ho Chi Minh City,Co.opmart Nguyễn Kiệm,Modern Retail,Chả Giò Da Xốp Chay,Cầu Tre,Cầu Tre (CJ Foods Vietnam),Vietnam (local),"Traditional / Do Chay (mock-meat, tofu)",Crispy vegetarian spring rolls,dumpling/spring roll/bun with vegetable filling,ready-to-cook,A1,soy protein/TVP,wheat flour (pastry 31%); mung bean,,"Crispy wrapper, yam bean, sweet potato, taro, mushrooms and seasonings",4.59,per 100 g,field log (label or collector OSINT),170,,,,44200,400,g,11050,240741,"Medium (online reference, not shelf)",,,Y,"CJ CheilJedang (South Korea) via CJ Foods Vietnam Co., Ltd",South Korea,"CJ Foods Vietnam Co., Ltd","HQ CJ Building, 2 Bis 4-6 Lê Thánh Tôn, Ho Chi Minh City; plant claimed at Kizuna IP, Tây Ninh (former Long An) by collector OSINT, not verified",CT-daxop,High,FORM-01; FORM-02; FORM-03; FORM-05; FORM-07,VN-direct,High,Full ingredients from P042 (same product).,Front/back package in IMG_1029 to 1031. online reference price (not store-observed); accessed 2026-09-21: https://cooponline.vn/cha-gio-da-xop-chay-cau-tre-400g--s250102099.
SKU-119,P119,2026-09-20,Ho Chi Minh City,Co.opmart Nguyễn Kiệm,Modern Retail,Chả Giò Bánh Tráng Chay,Cầu Tre,Cầu Tre (CJ Foods Vietnam),Vietnam (local),"Traditional / Do Chay (mock-meat, tofu)",Rice-paper vegetarian spring rolls,dumpling/spring roll/bun with vegetable filling,ready-to-cook,A1,mung bean,tofu skin,,"Rice paper, yam bean, taro, mung bean, wood-ear mushroom, tofu skin, shiitake, glass noodles, pepper and flavour enhancer E621",4.39,per 100 g,field log (label or collector OSINT),149,0.9,29.5,508,48900,500,g,9780,222779,"Medium (online reference, not shelf)",,,partial,"CJ CheilJedang (South Korea) via CJ Foods Vietnam Co., Ltd",South Korea,"CJ Foods Vietnam Co., Ltd","HQ CJ Building, 2 Bis 4-6 Lê Thánh Tôn, Ho Chi Minh City; plant claimed at Kizuna IP, Tây Ninh (former Long An) by collector OSINT, not verified",CT-chagio-std,High,FORM-01,VN-direct,High,,Front/back and nutrition panel in IMG_1032 to 1033. online reference price (not store-observed); accessed 2026-09-21: https://www.lottemart.vn/vi-tbh/product/c-gio-chay-cau-tre-500g-8934717262012-p5069. Ingredients/nutrition supplemented from exact-product online source; accessed 2026-09-21: https://www.lottemart.vn/vi-tbh/product/c-gio-chay-cau-tre-500g-8934717262012-p5069.
SKU-120,P120,2026-09-20,Ho Chi Minh City,Co.opmart Nguyễn Kiệm,Modern Retail,Cơm Nấm Hàn Quốc Rong Biển Gimjaban,bibigo,bibigo (CJ Foods Vietnam),Vietnam (local),Plant-based (modern/branded),Plant-based frozen rice meal,ready meal,ready-to-eat,A15,none (rice),mushroom; seaweed,,"Rice, mushrooms, seaweed and seasonings",4.2,per 100 g,field log (label or collector OSINT),214,4.8,38.3,493,64400,400,g,16100,383333,"Medium (online reference, not shelf)",,,N,CJ CheilJedang (South Korea),South Korea,"CJ Foods Vietnam Co., Ltd","Made in Vietnam (collector OSINT names Kizuna IP, Tây Ninh (former Long An); not verified)",BIB-comnam,High,FORM-01,VN-direct,High,,Front/back and nutrition panel in IMG_1034 to 1035. online reference price (not store-observed); accessed 2026-09-21: https://emartmall.com.vn/index.php?path=38&product_id=112722&route=product%2Fproduct.
SKU-121,P121,2026-09-20,Ho Chi Minh City,Co.opmart Nguyễn Kiệm,Modern Retail,Bánh Bao Chay Mè Đen,MANI,MANI,Vietnam (local),"Traditional / Do Chay (mock-meat, tofu)",Vegetarian black-sesame bun,dumpling/spring roll/bun with vegetable filling,ready-to-cook,A2,wheat flour (bun),tofu skin; peas; black sesame,,"Wheat flour, yam bean, carrot, taro, peas, tofu skin, mushrooms, black sesame (5%)",6.3,per 100 g,field log (label or collector OSINT),223,2.8,36.6,241,,500,g,,,High,,,Y,Not verified,Vietnam (per log),Not verified,Not verified,MANI-banhbao,High,FORM-01,VN-direct,High,,Front/back and nutrition panel in IMG_1036.
SKU-122,P122,2026-09-20,Ho Chi Minh City,Co.opmart Nguyễn Kiệm,Modern Retail,Sữa Chua Thực Vật Yến Mạch Chanh Dây Xoài,Vinamilk,Vinamilk,Vietnam (local),Plant-based (modern/branded),Plant-based yoghurt,plant yogurt/creamer,ready-to-eat,A11,oat,pea protein,,Oat-based fermented product with passion fruit and mango,1.6,per 100 g,field log (label or collector OSINT),70.6,1.6,10.9,38,10000,400,g,2500,156250,Low (outlier),,,Y,Vietnam Dairy Products JSC (Vinamilk),Vietnam (state holding company SCIC is the largest shareholder; not verified this wave),Vinamilk,Multiple plants; not verified per SKU,VNM-yog-oat,High,FORM-01,VN-direct,High,"Price 10,000 for 4 x 100 g is far below 38,800-41,000 elsewhere; treated as outlier (promotion or misread).",Four 100g cups; promotional shelf tag and label in IMG_1037 to 1040. Price corrected from the high-resolution crop of IMG_1037 (promotional tag for the 4 × 100g pack).
SKU-123,P123,2026-09-20,Ho Chi Minh City,Co.opmart Nguyễn Kiệm,Modern Retail,Sữa Chua Thực Vật 9 Loại Hạt,Vinamilk,Vinamilk,Vietnam (local),Plant-based (modern/branded),Plant-based yoghurt,plant yogurt/creamer,ready-to-eat,A11,pea protein,oat; peanut; almond; walnut; bean extracts,,Fermented nine-seed/nut plant base,1.9,per 100 g,field log (label or collector OSINT),80,2.5,10.5,31,41000,400,g,10250,539474,High,,,Y,Vietnam Dairy Products JSC (Vinamilk),Vietnam (state holding company SCIC is the largest shareholder; not verified this wave),Vinamilk,Multiple plants; not verified per SKU,VNM-yog-9hat,High,FORM-01,VN-direct,High,,Four 100g cups; shelf tag and label in IMG_1037 and IMG_1041 to 1043. Price corrected from the high-resolution crop of IMG_1037 (tag for the 4 × 100g pack).
SKU-124,P124,2026-09-20,Ho Chi Minh City,Co.opmart Nguyễn Kiệm,Modern Retail,Sữa Hạt Óc Chó,Vinasoy,Fami / Vinasoy,Vietnam (local),Plant-based (modern/branded),Plant milk,plant milk,beverage,A7,soybean,walnut,,Soy base with walnut,1.3,per 100 ml,field log (label or collector OSINT),67.9,2.47,,,,190,ml,,,High,,,Y,"Quang Ngai Sugar JSC (QNS), Vinasoy soy milk unit",Vietnam,Vinasoy (QNS),Quảng Ngãi (Vinasoy factory); other plants not verified this wave,VSOY-walnut,High,FORM-01; FORM-09,VN-direct,High,Price missing.,Carton and nutrition panel in IMG_1046 to 1047; price appeared to apply to a multipack.
SKU-125,P125,2026-09-20,Ho Chi Minh City,Co.opmart Nguyễn Kiệm,Modern Retail,Fami Green Soy,Fami / Vinasoy,Fami / Vinasoy,Vietnam (local),Plant-based (modern/branded),Plant milk,plant milk,beverage,A7,soybean (96.2% ground whole-soy beverage),,,"Ground whole-soybean beverage 96.2% (water, soybeans), sugar 3.5%, stabilizers E471/E407/E500(ii), nature-identical flavour and salt",2.5,per 100 ml,field log (label or collector OSINT),43,1.4,4.1,33,,200,ml,,,High,,,Y,"Quang Ngai Sugar JSC (QNS), Vinasoy soy milk unit",Vietnam,Vinasoy (QNS),Quảng Ngãi (Vinasoy factory); other plants not verified this wave,FAMI-greensoy,High,FORM-01; FORM-09,VN-direct,High,,Carton and nutrition panel in IMG_1049 to 1050; shelf price unit was unclear. Ingredients/nutrition supplemented from exact-product online source; accessed 2026-09-21: https://vinasoy.com/nhan-hieu/sua-dau-nanh-fami-green-soy/uploads/product/2025_02/tcb-29-sdn-fami-green-soy-rat-it-duong.pdf. Ingredients/nutrition supplemented from exact-product OSINT; accessed 2026-09-22: https://vinasoy.com/nhan-hieu/sua-dau-nanh-fami-green-soy/uploads/product/2025_02/tcb-29-sdn-fami-green-soy-rat-it-duong.pdf.
SKU-126,P126,2026-09-20,Ho Chi Minh City,Co.opmart Nguyễn Kiệm,Modern Retail,Fami Canxi Ít Đường,Fami / Vinasoy,Fami / Vinasoy,Vietnam (local),Plant-based (modern/branded),Plant milk,plant milk,beverage,A7,soybean (extract 50%),,,"Soy extract 50%, water, sugar 5.8%, calcium 0.18% (tricalcium phosphate and algae-derived calcium), stabilizers E471/E418/E407/E500(ii), soybean oil, natural-identical flavour, vitamins A/D3/B6/B9/B12, magnesium, zinc and salt",2.5,per 100 ml,field log (label or collector OSINT),50,1.4,6.7,25,4583,200,ml,2292,91660,"Medium (online reference, not shelf)",,,Y,"Quang Ngai Sugar JSC (QNS), Vinasoy soy milk unit",Vietnam,Vinasoy (QNS),Quảng Ngãi (Vinasoy factory); other plants not verified this wave,FAMI-canxi-id,High,FORM-01; FORM-09,VN-direct,High,Unit price derived from 36-pack online price.,"Carton and nutrition panel in IMG_1051 to 1052; shelf price unit was unclear. unit price derived from 165,000 VND / 36 × 200ml; accessed 2026-09-21: https://cooponline.vn/sua-dau-nanh-fami-canxi-it-duong-36-x-200ml--s250102640. Ingredients/nutrition supplemented from exact-product online source; accessed 2026-09-21: https://qns.com.vn/upload/product/1-tcb-13ns-sdn-fami-canxi-it-duong-1750930564.pdf."
SKU-127,P127,2026-09-20,Ho Chi Minh City,Co.opmart Nguyễn Kiệm,Modern Retail,Sữa Hạt Cao Đạm Không Đường,Vinamilk,Vinamilk,Vietnam (local),Plant-based (modern/branded),Plant milk,plant milk,beverage,A8,pea protein,peanut; almond; walnut; bean extracts,,"Plant beverage 98.6% (water, pea protein, vegetable oil, ground peanut, ground almond, walnut extract, black-bean extract, mung-bean extract and white-bean extract), inulin, emulsifiers E471/E460(i)/E466, flavours, calcium carbonate, sodium selenite, vitamins and salt",5,per 100 ml,field log (label or collector OSINT),46.7,,,,14500,180,ml,8056,161111,"Medium (online reference, not shelf)",,,Y,Vietnam Dairy Products JSC (Vinamilk),Vietnam (state holding company SCIC is the largest shareholder; not verified this wave),Vinamilk,Multiple plants; not verified per SKU,VNM-caodam-kd,High,FORM-01,VN-direct,High,Unit price derived from 4-pack online price.,"Carton and label in IMG_1053 to 1054; shelf price unit was unclear. unit price derived from 58,000 VND / 4 × 180ml; accessed 2026-09-21: https://aeoneshop.com/product/44345/vinamilk-loc-4-hop-sua-hat-cao-dam-khong-duong-180ml. Ingredients/nutrition supplemented from exact-product online source; accessed 2026-09-21: https://danavimart.vn/products/sua-hat-cao-dam-vnm-180ml. Ingredients/nutrition supplemented from exact-product OSINT; Exact no-sugar variant energy; secondary label transcription. accessed 2026-09-22: https://reviewsua.com/sua-cao-dam-vinamilk/."
SKU-128,P128,2026-09-20,Ho Chi Minh City,Co.opmart Nguyễn Kiệm,Modern Retail,Đậu Hũ Trắng,Coop Select,Co.op Select,Vietnam (local),"Traditional / Do Chay (mock-meat, tofu)",White tofu,tofu,ready-to-cook,A10,soybean (tofu),,,"Soybeans, water and coagulant",3.8,per 100 g,field log (label or collector OSINT),48,2.9,1.7,12.5,13800,300,g,4600,121053,High,,,Y,"Saigon Co.op (Liên hiệp HTX Thương mại TP.HCM), cooperative",Vietnam,GN Foods JSC (Công ty CP Thực phẩm GN) for the noodle-gyoza meal (label); other SKUs not disclosed,GN Foods: Tây Ninh province (label; whether former Long An or former Tây Ninh not stated),CS-tofu-300,High,FORM-01; FORM-09,VN-direct,High,3.8 g protein is low for tofu (possibly a soft/high-water tofu).,Front label and nutrition panel in IMG_1057. Price verified from the high-resolution shelf-label crop of IMG_1056.
SKU-129,P129,2026-09-20,Ho Chi Minh City,Co.opmart Nguyễn Kiệm,Modern Retail,Đậu Hũ Momen,Ichiban,Ichiban,Vietnam (local),"Traditional / Do Chay (mock-meat, tofu)",Firm tofu,tofu,ready-to-cook,A10,soybean (tofu),,,Soy extract and coagulants,8.92,per 100 g,field log (label or collector OSINT),102,6.33,2.3,12.3,15700,330,g,4758,53336,High,,,Y,Not verified,Vietnam (per log),Not verified,Not verified,ICHI-momen,High,FORM-01; FORM-09,VN-direct,High,,Price tag is visible behind the pack; nutrition in IMG_1059 to 1060.
SKU-130,P130,2026-09-20,Ho Chi Minh City,Co.opmart Nguyễn Kiệm,Modern Retail,Đậu Hũ Trắng,Coop Select,Co.op Select,Vietnam (local),"Traditional / Do Chay (mock-meat, tofu)",White tofu,tofu,ready-to-cook,A10,soybean (tofu),,,"Soybeans, water and coagulant",9.3,per 100 g,field log (label or collector OSINT),109,7.5,1.1,32,10200,280,g,3643,39171,High,,,Y,"Saigon Co.op (Liên hiệp HTX Thương mại TP.HCM), cooperative",Vietnam,GN Foods JSC (Công ty CP Thực phẩm GN) for the noodle-gyoza meal (label); other SKUs not disclosed,GN Foods: Tây Ninh province (label; whether former Long An or former Tây Ninh not stated),CS-tofu-280,High,FORM-01; FORM-09,VN-direct,High,,Front label and nutrition panel in IMG_1061. Price verified from the high-resolution shelf-label crop of IMG_1056.
SKU-131,P131,2026-09-20,Ho Chi Minh City,Co.opmart Nguyễn Kiệm,Modern Retail,Đậu Hũ Trắng,Tafu,Tafu,Vietnam (local),"Traditional / Do Chay (mock-meat, tofu)",White tofu,tofu,ready-to-cook,A10,soybean (tofu),,,Soy extract and coagulants,4.71,per 100 g,field log (label or collector OSINT),53,2.54,2.83,4.36,10900,300,g,3633,77141,"Medium (online reference, not shelf)",,,Y,Not verified,Vietnam (per log),Not verified,Not verified,TAFU-tofu,High,FORM-01; FORM-09,VN-direct,High,,Front/back label in IMG_1062 to 1063. online reference price (not store-observed); accessed 2026-09-21: https://cooponline.vn/c/do-chua-kim-chi-tau-hu.
SKU-132,P132,2026-09-20,Ho Chi Minh City,Co.opmart Nguyễn Kiệm,Modern Retail,Đậu Hũ Non,Coop Select,Co.op Select,Vietnam (local),"Traditional / Do Chay (mock-meat, tofu)",Silken tofu,tofu,ready-to-cook,A10,soybean (silken tofu),,,"Soybeans, water and coagulant",4.98,per 100 g,field log (label or collector OSINT),52,2.55,2.27,8.18,9900,300,g,3300,66265,High,,,Y,"Saigon Co.op (Liên hiệp HTX Thương mại TP.HCM), cooperative",Vietnam,GN Foods JSC (Công ty CP Thực phẩm GN) for the noodle-gyoza meal (label); other SKUs not disclosed,GN Foods: Tây Ninh province (label; whether former Long An or former Tây Ninh not stated),CS-tofu-non,High,FORM-01; FORM-09,VN-direct,High,,Front/back label in IMG_1064 to 1065. Price verified from the high-resolution shelf-label crop of IMG_1056.
SKU-133,P133,2026-09-20,Ho Chi Minh City,GO! Nguyễn Kiệm,Modern Retail,Sữa Hạt Ít Đường Postbiotics,Veyo (Nutifood),Veyo (Vinasoy),Vietnam (local),Plant-based (modern/branded),Plant milk,plant milk,beverage,A9,nuts/seeds (unspecified),,,Mixed-nut plant beverage with postbiotics,1.1,per 100 ml,field log (label or collector OSINT),58,1.5,9.5,83,28600,180,ml,15889,1444444,Low,,,Y,Quang Ngai Sugar JSC (QNS),Vietnam,Vinasoy (QNS),Not verified,VEYO-postbiotic,High,FORM-01; FORM-33,VN-direct,High,Log lists Veyo as Nutifood; Veyo is a QNS/Vinasoy brand (FORM-33). Price may be a multipack.,"Product close-up and adjacent 28,600đ tag in IMG_1075 to 1077; price may be for a multipack."
SKU-134,P134,2026-09-20,Ho Chi Minh City,GO! Nguyễn Kiệm,Modern Retail,Sữa Hạt Smart Yến Mạch - Óc Chó,Veyo / Vinasoy,Veyo (Vinasoy),Vietnam (local),Plant-based (modern/branded),Plant milk,plant milk,beverage,A9,oat,walnut,,Oat and walnut plant beverage,,per 100 ml,field log (label or collector OSINT),,,,,28600,180,ml,15889,,Low,,,Y,Quang Ngai Sugar JSC (QNS),Vietnam,Vinasoy (QNS),Not verified,VEYO-smart,High,FORM-01; FORM-33,VN-direct,High,Price may be a multipack.,"Product close-up and adjacent 28,600đ tag in IMG_1078 to 1080; price may be for a multipack. Brand corrected from Nutifood to Veyo / Vinasoy using exact-product OSINT; accessed 2026-09-22: https://vinasoy.com/."
SKU-135,P135,2026-09-20,Ho Chi Minh City,GO! Nguyễn Kiệm,Modern Retail,Sữa Đậu Nành Chilled,Ichiban,Ichiban,Vietnam (local),Plant-based (modern/branded),Chilled soy milk,plant milk,beverage,A7,soybean,,,Soy beverage,,per 100 ml,field log (label or collector OSINT),,,,,37400,500,ml,7480,,High,,,Y,Not verified,Vietnam (per log),Not verified,Not verified,ICHI-soymilk,High,FORM-01; FORM-09,VN-direct,High,,"500ml bottle and 37,400đ tag are visible in IMG_1084."
SKU-136,P136,2026-09-20,Ho Chi Minh City,GO! Nguyễn Kiệm,Modern Retail,Thịt Ủ Chân Nấm Chay,An Nhiên,An Nhiên,Vietnam (local),"Traditional / Do Chay (mock-meat, tofu)",Mushroom meat analog,frozen meat/seafood analog,ready-to-cook,A0,mushroom,plant protein (unspecified),,Mushrooms and plant-protein ingredients,,per 100 g,field log (label or collector OSINT),,,,,136000,500,g,27200,,High,,,partial,"Phạm Gia Phát Trading & Import-Export Co., Ltd (Công ty TNHH TM XNK Phạm Gia Phát), tax code 0312857463",Vietnam,Not disclosed on brand site; company is registered as a trading/import-export firm,"Head office Hiệp Thành ward, Ho Chi Minh City (former District 12); plant not disclosed",AN-thitu-nam,High,FORM-01; FORM-15,VN-direct,High,Only product in audit built on mushroom; protein not recorded.,Front package visible in IMG_1100. Price verified from the high-resolution freezer overview crop of IMG_1099.
SKU-137,P137,2026-09-20,Ho Chi Minh City,GO! Nguyễn Kiệm,Modern Retail,Viên Khoai Môn Nhân Nấm Chay,brand not legible,unbranded/illegible,Vietnam (local),"Traditional / Do Chay (mock-meat, tofu)",Taro balls with mushroom filling,dumpling/spring roll/bun with vegetable filling,ready-to-cook,A1,"none (taro, mushroom)",,,Taro and mushroom filling,,per 100 g,field log (label or collector OSINT),,,,,47500,300,g,15833,,High,,,N,n/a,n/a,Not verified,Not verified,UNB-khoaimon,High,FORM-01,VN-direct,High,,Front label and 300g net weight visible in IMG_1101. Price verified from the high-resolution freezer overview crop of IMG_1099.
SKU-138,P138,2026-09-20,Ho Chi Minh City,GO! Nguyễn Kiệm,Modern Retail,Chả Lụa Nướng Sả Chay,brand not legible,unbranded/illegible,Vietnam (local),"Traditional / Do Chay (mock-meat, tofu)",Grilled lemongrass sausage analog,frozen meat/seafood analog,ready-to-eat,A0,"unknown (""plant protein"")",,,Plant protein and lemongrass seasoning,,per 100 g,field log (label or collector OSINT),,,,,,400,g,,,High,,,unknown,n/a,n/a,Not verified,Not verified,UNB-chalua-sa,Medium,FORM-01,VN-direct,Medium,,Front label and 400g net weight visible in IMG_1102.
SKU-139,P139,2026-09-20,Ho Chi Minh City,Emart Phan Văn Trị,Modern Retail,Phi Lê Cá Hồi Chay (Vegan Fish Fillet),An Nhiên,An Nhiên,Vietnam (local),"Traditional / Do Chay (mock-meat, tofu)",Fish fillet analog,frozen meat/seafood analog,ready-to-cook,A3,"wheat gluten (label ""wheat"", 19 g protein)",soy fiber; seaweed,,"Wheat, seaweed, palm oil, soy fiber, sugar, salt and vegan fish sauce",19,per 100 g,field log (label or collector OSINT),220,15,,580,116000,500,g,23200,122105,High,,,Y,"Phạm Gia Phát Trading & Import-Export Co., Ltd (Công ty TNHH TM XNK Phạm Gia Phát), tax code 0312857463",Vietnam,Not disclosed on brand site; company is registered as a trading/import-export firm,"Head office Hiệp Thành ward, Ho Chi Minh City (former District 12); plant not disclosed",AN-cahoi,High,FORM-01; FORM-15; FORM-02; FORM-03; FORM-05; FORM-07,VN-direct,High,,Full label and nutrition panel clear in IMG_1106. Price verified from the high-resolution Emart shelf-strip crop of IMG_1104.
SKU-140,P140,2026-09-20,Ho Chi Minh City,Emart Phan Văn Trị,Modern Retail,Sườn Non Chay Sốt Cà (Vegan Pork Chops with Tomato Sauce),An Nhiên,An Nhiên,Vietnam (local),"Traditional / Do Chay (mock-meat, tofu)",Pork-chop analog with sauce,frozen meat/seafood analog,ready-to-eat,A3,soy protein/TVP (90%),,,"Soy protein (90%); tomato, leek, vegan fish sauce, tapioca starch, sesame oil and seasonings",,per 100 g,field log (label or collector OSINT),,,,,85500,400,g,21375,,High,,,Y,"Phạm Gia Phát Trading & Import-Export Co., Ltd (Công ty TNHH TM XNK Phạm Gia Phát), tax code 0312857463",Vietnam,Not disclosed on brand site; company is registered as a trading/import-export firm,"Head office Hiệp Thành ward, Ho Chi Minh City (former District 12); plant not disclosed",AN-suonnon-sotca,High,FORM-01; FORM-15; FORM-02; FORM-03; FORM-05; FORM-07,VN-direct,High,Protein not legible.,Front/back label clear in IMG_1107; nutrition numbers partly obscured. Price verified from the high-resolution Emart shelf-strip crop of IMG_1104.
SKU-141,P141,2026-09-20,Ho Chi Minh City,Emart Phan Văn Trị,Modern Retail,Đùi Gà Chay Sả (Vegan Chicken Drumsticks with Lemongrass),An Nhiên,An Nhiên,Vietnam (local),"Traditional / Do Chay (mock-meat, tofu)",Chicken-drumstick analog,frozen meat/seafood analog,ready-to-cook,A3,wheat gluten (wheat protein),soy protein,,"Wheat protein, soy protein, turmeric, lemongrass (10%), water and seasonings",,per 100 g,field log (label or collector OSINT),,,,,107800,500,g,21560,,High,,,Y,"Phạm Gia Phát Trading & Import-Export Co., Ltd (Công ty TNHH TM XNK Phạm Gia Phát), tax code 0312857463",Vietnam,Not disclosed on brand site; company is registered as a trading/import-export firm,"Head office Hiệp Thành ward, Ho Chi Minh City (former District 12); plant not disclosed",AN-duiga,High,FORM-01; FORM-15; FORM-02; FORM-03; FORM-05; FORM-07,VN-direct,High,Protein not recorded.,Front/back label clear in IMG_1108. Net weight and price verified from the high-resolution Emart shelf-strip crop of IMG_1104.
SKU-142,P142,2026-09-20,Ho Chi Minh City,Emart Phan Văn Trị,Modern Retail,Sữa Chua Thực Vật Yến Mạch Chanh Dây Xoài,Vinamilk,Vinamilk,Vietnam (local),Plant-based (modern/branded),Plant-based yoghurt,plant yogurt/creamer,ready-to-eat,A11,oat,pea protein,,"Oat milk 79% (water, oat flour), sugar, passion-fruit and mango preparation 7% (passion-fruit juice/concentrate, mango pieces, sugar, water, E1422/E440, flavour and colour E160a(ii)), pea protein, coconut oil, emulsifier E471, and cultures Streptococcus thermophilus and Lactobacillus bulgaricus",1.6,per 100 g,borrowed from same product label (P122),,,,,40200,400,g,10050,628125,High,,,Y,Vietnam Dairy Products JSC (Vinamilk),Vietnam (state holding company SCIC is the largest shareholder; not verified this wave),Vinamilk,Multiple plants; not verified per SKU,VNM-yog-oat,High,FORM-01,VN-direct,High,,"Four 100g cups and 40,200đ shelf tag visible in IMG_1111. Ingredients/nutrition supplemented from exact-product OSINT; accessed 2026-09-22: https://new.vinamilk.com.vn/products/sua-chua-an-vinamilk-thuc-vat-yen-mach-chanh-day-xoai-100g."
SKU-143,P143,2026-09-20,Ho Chi Minh City,Emart Phan Văn Trị,Modern Retail,Sữa Chua Thực Vật 9 Loại Hạt,Vinamilk,Vinamilk,Vietnam (local),Plant-based (modern/branded),Plant-based yoghurt,plant yogurt/creamer,ready-to-eat,A11,pea protein,oat; nuts; bean extracts,,"Plant milk 89% (water, pea protein, oat flour, ground peanut, ground almond, walnut extract, red-bean extract, black-bean extract, mung-bean extract and white-bean extract), sugar, coconut oil, emulsifier E471, flavour, and cultures Streptococcus thermophilus and Lactobacillus bulgaricus",1.9,per 100 g,borrowed from same product label (P123),,,,,40200,400,g,10050,528947,High,,,Y,Vietnam Dairy Products JSC (Vinamilk),Vietnam (state holding company SCIC is the largest shareholder; not verified this wave),Vinamilk,Multiple plants; not verified per SKU,VNM-yog-9hat,High,FORM-01,VN-direct,High,,"Four 100g cups and 40,200đ shelf tag visible in IMG_1111. Ingredients/nutrition supplemented from exact-product OSINT; accessed 2026-09-22: https://shop.annam-gourmet.com/hcm-est/vi/catalog/product/view/id/71637."
SKU-144,P144,2026-09-20,Ho Chi Minh City,Emart Phan Văn Trị,Modern Retail,Thịt Nguội Chay Đậu Nành - Original,Ông Chà Và / NOSAFOOD,Ông Chà Và / NOSAFOOD,Vietnam (local),Plant-based (modern/branded),Canned soy luncheon meat,canned analog,ready-to-eat,A6,soy protein (25%),soy protein isolate,,"Water, soy protein (25%), soy oil (11.5%), corn starch, protein isolate and yeast extract",9.08,per 100 g,field log (label or collector OSINT),183,,13,887.1,76000,200,g,38000,418502,High,,,Y,"NOSAFOOD (brand owner; Vietnamese spice brand owner per analyst recollection, unverified)",Vietnam brand owner (unverified); product origin disputed (China vs Vietnam),Not verified,Not verified,OCV-luncheon,High,FORM-01; FORM-02; FORM-03; FORM-05; FORM-07,VN-direct,High,,"Front/back label in IMG_1114 to 1116; 76,000đ tag visible in IMG_1118 to 1119."
SKU-145,P145,2026-09-20,Ho Chi Minh City,Emart Phan Văn Trị,Modern Retail,Thịt Nguội Chay Đậu Nành - Smoky,Ông Chà Và / NOSAFOOD,Ông Chà Và / NOSAFOOD,Vietnam (local),Plant-based (modern/branded),Canned soy luncheon meat,canned analog,ready-to-eat,A6,soy protein (25%),soy protein isolate,,"Water, soy protein (25%), soy oil (11.5%), corn starch, protein isolate and yeast extract",,per 100 g,field log (label or collector OSINT),188,13.75,1.35,850.9,76000,200,g,38000,,High,,,Y,"NOSAFOOD (brand owner; Vietnamese spice brand owner per analyst recollection, unverified)",Vietnam brand owner (unverified); product origin disputed (China vs Vietnam),Not verified,Not verified,OCV-luncheon-smoky,High,FORM-01; FORM-02; FORM-03; FORM-05; FORM-07,VN-direct,High,,"Front/back label and 76,000đ tag in IMG_1117 to 1120."
SKU-146,P146,2026-09-20,Ho Chi Minh City,Lotte Mart Gò Vấp,Modern Retail,Sữa Đậu Nành Fami Nguyên Chất Ít Đường,Fami / Vinasoy,Fami / Vinasoy,Vietnam (local),Plant-based (modern/branded),Plant milk multipack,plant milk,beverage,A7,soybean (extract 50%),,,"Soybean extract 50%, water, sugar 5.8%, stabilizers E471/E407/E500(ii), nature-identical flavour and salt",2.5,per 100 ml,field log (label or collector OSINT),50,1.4,6.5,28,27500,1200,ml,2292,91667,High,,,Y,"Quang Ngai Sugar JSC (QNS), Vinasoy soy milk unit",Vietnam,Vinasoy (QNS),Quảng Ngãi (Vinasoy factory); other plants not verified this wave,FAMI-nc-id,High,FORM-01; FORM-09,VN-direct,High,,"Six 200ml cartons; promotional tag reduced from 29,800đ to 27,500đ in IMG_1126. Ingredients/nutrition supplemented from exact-product OSINT; accessed 2026-09-22: https://qns.com.vn/upload/product/1-tcb-08ns-sdn-fami-nc-it-duong-1750930457.pdf."
SKU-147,P147,2026-09-20,Ho Chi Minh City,Lotte Mart Gò Vấp,Modern Retail,Sữa Hạt Cao Đạm Ít Đường,Vinamilk,Vinamilk,Vietnam (local),Plant-based (modern/branded),Plant milk,plant milk,beverage,A8,pea protein,peanut; almond; walnut; bean extracts,,"Plant milk 92.8% (water, pea protein, vegetable oil, ground peanut, ground almond, walnut extract, black-bean extract, mung-bean extract and white-bean extract), sugar 6.5%, emulsifiers E471/E460(i)/E466, flavour, calcium carbonate, sodium selenite, vitamins C/E/B3/A/D3 and salt",5,per 100 ml,field log (label or collector OSINT),73.1,2.7,7.2,,22500,240,ml,9375,187500,High,,,Y,Vietnam Dairy Products JSC (Vinamilk),Vietnam (state holding company SCIC is the largest shareholder; not verified this wave),Vinamilk,Multiple plants; not verified per SKU,VNM-caodam-id,High,FORM-01,VN-direct,High,,"Front/back carton and 22,500đ shelf tag in IMG_1143 to 1145. Ingredients/nutrition supplemented from exact-product OSINT; accessed 2026-09-22: https://new.vinamilk.com.vn/products/sua-hat-cao-dam-vinamilk."
SKU-148,P148,2026-09-20,Ho Chi Minh City,Lotte Mart Gò Vấp,Modern Retail,Chả Giò Chay Rau Nấm,LC Foods,LC Foods,Vietnam (local),"Traditional / Do Chay (mock-meat, tofu)",Vegetarian spring rolls,dumpling/spring roll/bun with vegetable filling,ready-to-cook,A1,mung bean,textured soy protein (TVP granule 4-7 mm); wheat flour (wrapper),,"Vegetables 58% (yam bean, mung bean, carrot, sweet potato, taro); net rice wrapper 30% (rice, tapioca and wheat flours, water, sugar, salt, vegetable oil, shortening, emulsifier E471 and preservative E202); wood-ear mushroom 3%, sesame, textured soy protein, sugar, salt, pepper, MSG E621, soybean oil, acidity regulators and antioxidant",3.8,per 100 g,field log (label or collector OSINT),200,7.6,33.6,270,61000,400,g,15250,401316,Low,,,partial,"LC Foods JSC, tax code 3702777811",Vietnam,LC Foods JSC,"Ho Chi Minh City, Rạch Bắp Industrial Park, Tây Nam ward (former Bình Dương province, Bến Cát)",LC-chagio,High,FORM-01; FORM-28; FORM-02; FORM-03; FORM-05; FORM-07,VN-direct,High,,Front/back package and nutrition panel in IMG_1148; shelf-price pairing uncertain. online reference price (not store-observed); accessed 2026-09-21: https://menaselect.com/cha-gio-chay-rau-nam-400g. Ingredients/nutrition supplemented from exact-product online source; accessed 2026-09-21: https://lcfoods.vn/san-pham/cha-gio-chay-rau-nam. Brand corrected from SG Foods to LC Foods using exact 400g manufacturer match; accessed 2026-09-21: https://lcfoods.vn/san-pham/cha-gio-chay-rau-nam.
SKU-149,P149,2026-09-20,Ho Chi Minh City,Lotte Mart Gò Vấp,Modern Retail,Há Cảo Chay Cải Bó Xôi,Cholimex,Cholimex,Vietnam (local),"Traditional / Do Chay (mock-meat, tofu)",Vegetarian spinach dimsum,dumpling/spring roll/bun with vegetable filling,ready-to-cook,A1,mung bean,none,,"Dumpling wrapper (glutinous-rice, tapioca and corn flours) 23%; water, yam bean, taro, mung bean, sweet potato, carrot, sugar, scallion oil, shiitake, spinach 1%, glass noodles, shallot, wood-ear mushroom, iodized salt, soy sauce, sesame oil, flavour enhancer E621 and black pepper",1.53,per 100 g,field log (label or collector OSINT),166,1.88,35.7,265,49900,300,g,16633,1087146,High,,,N,Cholimex Food JSC (Công ty CP Thực phẩm Cholimex),Vietnam (foreign minority shareholding not verified),Cholimex Food JSC,"Ho Chi Minh City, Vĩnh Lộc Industrial Park, Vĩnh Lộc commune (former Bình Chánh district)",CLM-hacao-caiboxoi,High,FORM-01; FORM-27,VN-direct,High,,"Front/back package and 49,900đ price visible in IMG_1149 to 1150. Ingredients/nutrition supplemented from exact-product OSINT; accessed 2026-09-22: https://cholimexfood.com.vn/wp-content/uploads/2025/20250809_CBTT/98-Ha%CC%81%20ca%CC%89o%20chay%20ca%CC%89i%20bo%CC%81%20xo%CC%82i.pdf."
SKU-150,P150,2026-09-16,Ho Chi Minh City,Annam Gourmet - An Phú,Specialty Retail,Plain Allium-less Vegetable Bun,brand not legible,unbranded/illegible,South Korea,"Traditional / Do Chay (mock-meat, tofu)",Frozen vegetable bun,dumpling/spring roll/bun with vegetable filling,ready-to-cook,A2,wheat flour (bun),tofu; soy protein,,"Wheat flour, water, tofu, onion, glass noodle, dried radish, shiitake, soy protein, leek, sesame and seasonings",6.3,per 100 g,field log (label or collector OSINT),198,2.4,37.8,534,92000,255,g,36078,572674,High,,,Y,n/a,n/a,Imported,Not verified,KOR-bun,High,FORM-01; FORM-02; FORM-03; FORM-05; FORM-07,VN-direct,High,Imported finished product (South Korea).,"Three 85g buns. Product/back label IMG_0850 to 0851; 92,000đ shelf tag paired in IMG_0849."
SKU-151,P151,2026-09-16,Ho Chi Minh City,Annam Gourmet - An Phú,Specialty Retail,Falafel Burgur,Maris,Maris,Vietnam (local),Plant-based (modern/branded),Falafel burger patties,other,ready-to-cook,A13,chickpea,,,"Chickpeas, garlic, onion, parsley, cilantro, salt and spices",9,per 100 g,field log (label or collector OSINT),212,7.1,27.9,322.3,104000,220,g,47273,525253,High,,,Y,Not verified,Vietnam (per log),Not verified,Not verified,MARIS-falafel-b,High,FORM-01,VN-direct,High,Falafel patty; chickpeas are imported (Vietnam does not grow them commercially; not verified).,"Two patties. Package and nutrition IMG_0852 to 0853; 104,000đ tag in IMG_0849."
SKU-152,P152,2026-09-16,Ho Chi Minh City,Annam Gourmet - An Phú,Specialty Retail,Falafel Nugget,Maris,Maris,Vietnam (local),Plant-based (modern/branded),Falafel nuggets,other,ready-to-cook,A13,chickpea,,,"Chickpeas, garlic, onion, parsley, cilantro, salt and spices",9,per 100 g,field log (label or collector OSINT),212,7.1,27.9,322.3,110000,330,g,33333,370370,High,,,Y,Not verified,Vietnam (per log),Not verified,Not verified,MARIS-falafel-n,High,FORM-01,VN-direct,High,,"Fifteen pieces. Package and nutrition IMG_0860 to 0861; 110,000đ tag in IMG_0849."
SKU-153,P153,2026-09-16,Ho Chi Minh City,Annam Gourmet - An Phú,Specialty Retail,Plant Based Burger,Unconventional,Unconventional,Italy,Plant-based (modern/branded),Frozen burger patties,frozen meat/seafood analog,ready-to-cook,A12,soy protein concentrate,soy protein isolate; citrus fibre,,"Water, concentrated soy protein, coconut/corn oils, potato/tapioca starch, isolated soy protein, citrus fibre, yeast and beetroot extract",15,per 100 g,field log (label or collector OSINT),210,13,8,470,179000,220,g,81364,542424,High,,,Y,Italian brand (believed Gruppo Veronesi; unverified),Italy,Imported,Italy,UNC-burger,High,FORM-01; FORM-02; FORM-03; FORM-05; FORM-07,VN-direct,High,Imported finished product (Italy).,"Two 110g patties. Package/nutrition IMG_0854 to 0855; 179,000đ tag in IMG_0849."
SKU-154,P154,2026-09-16,Ho Chi Minh City,Annam Gourmet - An Phú,Specialty Retail,Plant Based Sausages,Unconventional,Unconventional,Italy,Plant-based (modern/branded),Frozen sausages,frozen meat/seafood analog,ready-to-cook,A12,soy protein (rehydrated textured),soy protein isolate; citrus/bamboo fibre,,"Rehydrated soy protein, water, corn/coconut oils, potato/tapioca starch, isolated soy protein, citrus/bamboo fibre, yeast and beetroot extract",16,per 100 g,field log (label or collector OSINT),210,13,8,710,179000,180,g,99444,621528,High,,,Y,Italian brand (believed Gruppo Veronesi; unverified),Italy,Imported,Italy,UNC-sausage,High,FORM-01; FORM-02; FORM-03; FORM-05; FORM-07,VN-direct,High,Imported finished product (Italy).,"Two 90g sausages. Package/nutrition IMG_0856 to 0857; 179,000đ tag in IMG_0849."
SKU-155,P155,2026-09-16,Ho Chi Minh City,Annam Gourmet - An Phú,Specialty Retail,Vegetable Samosa,Spring Home,Spring Home,China,"Traditional / Do Chay (mock-meat, tofu)",Frozen vegetable samosa,dumpling/spring roll/bun with vegetable filling,ready-to-cook,A1,wheat flour (pastry),peas; potato,,"Potato (48%), wheat pastry, coconut oil, carrot (8%), peas, shallot, palm oil, curry, sugar and chilli",4.1,per 100 g,field log (label or collector OSINT),178,4,31,293,85000,120,g,70833,1727642,High,,,Y,Not verified,Imported (log: China),Imported,Not verified,SPH-samosa,High,FORM-01,VN-direct,High,Imported finished product.,"Ten pieces. Package/nutrition IMG_0858 to 0859; 85,000đ shelf tag in IMG_0849."
SKU-156,P156,2026-09-16,Ho Chi Minh City,Annam Gourmet - An Phú,Specialty Retail,Aged Cheese Classic,Kashew,Kashew,Vietnam (local),Plant-based (modern/branded),Cultured cashew cheese,vegan cheese/spread,ready-to-eat,A11,cashew,cultures,,"Cashews, filtered water, sea salt and cultures",,per 100 g,field log (label or collector OSINT),,,,,189000,160,g,118125,,High,,,partial,Not verified,Vietnam (per log),Not verified,Not verified (sold in HCMC premium stores),KAS-aged,High,FORM-01,VN-direct,High,Cashew: processed in Vietnam but most raw nuts are imported (see notes).,"Package/back label IMG_0869 to 0870; 189,000đ shelf tag in IMG_0866."
SKU-157,P157,2026-09-16,Ho Chi Minh City,Annam Gourmet - An Phú,Specialty Retail,Aged Cheese Smoked Hickory,Kashew,Kashew,Vietnam (local),Plant-based (modern/branded),Cultured cashew cheese,vegan cheese/spread,ready-to-eat,A11,cashew,cultures,,"Cashews, filtered water, paprika, hickory extract, sea salt and cultures",,per 100 g,field log (label or collector OSINT),,,,,227000,160,g,141875,,High,,,partial,Not verified,Vietnam (per log),Not verified,Not verified (sold in HCMC premium stores),KAS-smoked,High,FORM-01,VN-direct,High,,"Package/back label IMG_0867 to 0868; 227,000đ shelf tag in IMG_0865 to 0866."
SKU-158,P158,2026-09-16,Ho Chi Minh City,Annam Gourmet - An Phú,Specialty Retail,Kream Cheese Classic,Kashew,Kashew,Vietnam (local),Plant-based (modern/branded),Cashew cream cheese,vegan cheese/spread,ready-to-eat,A11,cashew,cultures,,Cashew-based cultured spread; full ingredient panel not photographed,,per 100 g,field log (label or collector OSINT),,,,,156600,200,g,78300,,High,,,partial,Not verified,Vietnam (per log),Not verified,Not verified (sold in HCMC premium stores),KAS-kream,Low,FORM-01,VN-direct,Low,,"200g carton and 156,600đ tag clearly paired in IMG_0865 to 0866."
SKU-159,P159,2026-09-16,Ho Chi Minh City,Annam Gourmet - An Phú,Specialty Retail,Cashew Cream Cheese Smoked Paprika,Deep Blue Island,Deep Blue Island,Vietnam (local),Plant-based (modern/branded),Cultured cashew cream cheese,vegan cheese/spread,ready-to-eat,A11,cashew (41%),coconut cream; cultures,,"Cashews (41%), filtered water, coconut cream, paprika, dried onion, sea salt, natural smoke and cultures",9.7,per 100 g,field log (label or collector OSINT),342,28.1,12.5,306,150000,180,g,83333,859107,High,,,partial,Not verified (brand domain redirects elsewhere),Vietnam (per log),Not verified,Not verified,DBI-cc-paprika,High,FORM-01,VN-direct,High,,"Package/nutrition IMG_0871 to 0873; 150,000đ shelf tag in IMG_0865."
SKU-160,P160,2026-09-16,Ho Chi Minh City,Annam Gourmet - An Phú,Specialty Retail,Cashew Cream Cheese Classic,Deep Blue Island,Deep Blue Island,Vietnam (local),Plant-based (modern/branded),Cultured cashew cream cheese,vegan cheese/spread,ready-to-eat,A11,cashew,coconut cream; cultures,,"Cashews, filtered water, coconut cream, sea salt and cultures",8.03,per 100 g,field log (label or collector OSINT),261,23.94,3.26,316,129000,180,g,71667,892487,High,,,partial,Not verified (brand domain redirects elsewhere),Vietnam (per log),Not verified,Not verified,DBI-cc-classic,High,FORM-01,VN-direct,High,,"Package/nutrition IMG_0874 to 0876; 129,000đ shelf tag in IMG_0866."
SKU-161,P161,2026-09-16,Ho Chi Minh City,Nam An Market - 21 Thảo Điền,Specialty Retail,Bánh Bột Lọc Nhân Rau Củ (Vegan Tapioca Dumplings),Hue One Food,Hue One Food,Vietnam (local),"Traditional / Do Chay (mock-meat, tofu)",Vegetable tapioca dumplings,dumpling/spring roll/bun with vegetable filling,ready-to-cook,A1,"none (tapioca, vegetables)",,,Ingredient panel not photographed,,per 100 g,field log (label or collector OSINT),,,,,38900,220,g,17682,,High,,,N,Not verified,Vietnam (per log),Not verified,Not verified,HUE1-botloc,Low,FORM-01,VN-direct,Low,,"220g package and 38,900đ shelf tag are paired in IMG_0880."
SKU-162,P162,2026-09-16,Ho Chi Minh City,Nam An Market - 21 Thảo Điền,Specialty Retail,Flora Original,Flora,Flora,Imported (country not captured),Plant-based (modern/branded),Plant-based spread,vegan cheese/spread,ready-to-eat,A0,none (plant oils),,,Plant-oil spread; ingredient panel not photographed,,per 100 g,field log (label or collector OSINT),,,,,106900,250,g,42760,,High,,,n/a,Upfield (believed),Imported,Imported,Not verified,FLORA,Low,FORM-01,VN-direct,Low,Imported finished product.,"250g tubs and 106,900đ shelf tag in IMG_0885."
SKU-163,P163,2026-09-16,Ho Chi Minh City,Nam An Market - 21 Thảo Điền,Specialty Retail,Aged Cashew Cheese - Mediterranean Sunshine,Deep Blue Island,Deep Blue Island,Vietnam (local),Plant-based (modern/branded),Aged cultured cashew cheese,vegan cheese/spread,ready-to-eat,A11,cashew (39%),coconut cream; cultures,,"Cashews (39%), filtered water, coconut cream, tomato, sweet pepper, onion, oregano, garlic, sea salt, natural smoke and cultures",,per 100 g,field log (label or collector OSINT),421,,15.4,497,249900,145,g,172345,,High,,,partial,Not verified (brand domain redirects elsewhere),Vietnam (per log),Not verified,Not verified,DBI-aged-med,High,FORM-01,VN-direct,High,,"Package/details IMG_0888 to 0892; 249,900đ shelf tag paired in IMG_0889."
SKU-164,P164,2026-09-16,Ho Chi Minh City,Nam An Market - 21 Thảo Điền,Specialty Retail,Aged Cashew Cheese - Smoked Gouda,Deep Blue Island,Deep Blue Island,Vietnam (local),Plant-based (modern/branded),Aged cultured cashew cheese,vegan cheese/spread,ready-to-eat,A11,cashew,cultures,,Cashew-based cultured cheese; full ingredient panel not photographed,,per 100 g,field log (label or collector OSINT),,,,,229900,145,g,158552,,High,,,partial,Not verified (brand domain redirects elsewhere),Vietnam (per log),Not verified,Not verified,DBI-aged-gouda,Low,FORM-01,VN-direct,Low,,"145g product name and 229,900đ tag visible in IMG_0893 to 0895."
SKU-165,P165,2026-09-16,Ho Chi Minh City,Nam An Market - 21 Thảo Điền,Specialty Retail,Nut-Free Vegan Pesto,Tartine,Tartine,Vietnam (local),Plant-based (modern/branded),Vegan pesto sauce,other,ready-to-eat,A0,"none (basil, olive oil)",,,"Basil leaves, olive oil, garlic and salt",,per 100 g,field log (label or collector OSINT),,,,,135900,150,g,90600,,High,,,n/a,Not verified,Vietnam (per log),Not verified,Not verified,TART-pesto,High,FORM-01,VN-direct,High,Not a protein product.,"Jar and 150ml/135,900đ shelf tag in IMG_0893 to 0895."
SKU-166,P166,2026-09-16,Ho Chi Minh City,Nam An Market - 21 Thảo Điền,Specialty Retail,Hummus Classic,Tartine,Tartine,Vietnam (local),Plant-based (modern/branded),Hummus,vegan cheese/spread,ready-to-eat,A13,chickpea,tahini (sesame),,"Chickpeas, tahini, olive oil, lemon, cumin, garlic, pepper and salt",,per 100 g,field log (label or collector OSINT),,,,,89900,150,g,59933,,High,,,Y,Not verified,Vietnam (per log),Not verified,Not verified,TART-hummus,High,FORM-01,VN-direct,High,,"Jar and 150ml/89,900đ shelf tag in IMG_0893 to 0897."
SKU-167,P167,2026-09-16,Ho Chi Minh City,Nam An Market - 21 Thảo Điền,Specialty Retail,Coconut Yogurt Plain,Deep Blue Island,Deep Blue Island,Vietnam (local),Plant-based (modern/branded),Plant-based yoghurt,plant yogurt/creamer,ready-to-eat,A11,coconut (97% cream),,,"Fresh coconut cream (97%), tapioca and live vegan cultures",2.93,per 100 g,field log (label or collector OSINT),257.7,24.83,5.63,11.8,68900,450,g,15311,522564,High,,,N,Not verified (brand domain redirects elsewhere),Vietnam (per log),Not verified,Not verified,DBI-coco-yog,High,FORM-01,VN-direct,High,,"Package/nutrition IMG_0898 to 0902; 68,900đ shelf tag visible in IMG_0900 to 0901."
SKU-168,P168,2026-09-16,Ho Chi Minh City,Nam An Market - 21 Thảo Điền,Specialty Retail,Sweetened Condensed Coconut Milk,Samui,Samui,Thailand,Plant-based (modern/branded),Condensed coconut milk,other,ready-to-eat,A0,coconut,,,Coconut-milk based sweetened condensed product; full ingredient panel photographed but partly obscured,,per 100 g,field log (label or collector OSINT),,,,,105900,320,g,33094,,High,,,Y,Not verified,Thailand,Imported,Not verified,SAMUI,High,FORM-01,VN-direct,High,Imported finished product (Thailand). Not a protein product.,"320g can and 105,900đ shelf tag in IMG_0906 to 0913."
SKU-169,P169,2026-09-16,Ho Chi Minh City,Nam An Market - 21 Thảo Điền,Specialty Retail,Organic Hemp Protein,Dragon Superfoods,Dragon Superfoods,Bulgaria,Plant-based (modern/branded),Hemp protein powder,protein powder,dry,A14,hemp,,,100% hemp protein powder,43,per 100 g,field log (label or collector OSINT),343,8.3,28,,309900,200,g,154950,360349,High,,,Y,Not verified,Imported (log: Bulgaria),Imported,Not verified,DRAGON-hemp,High,FORM-01,VN-direct,High,Imported (Bulgaria).,"Package/back label IMG_0915 to 0916; 200g and 309,900đ shelf tag paired in IMG_0914."
SKU-170,P170,2026-09-16,Ho Chi Minh City,Nam An Market - 21 Thảo Điền,Specialty Retail,Organic Hemp Protein,Diet Food,Diet Food,Lithuania,Plant-based (modern/branded),Hemp protein powder,protein powder,dry,A14,hemp,,,100% powdered hemp seeds,51,per 100 g,field log (label or collector OSINT),383,12,,,365900,200,g,182950,358725,High,,,Y,Not verified,Imported (log: Lithuania),Imported,Not verified,DIETFOOD-hemp,High,FORM-01,VN-direct,High,Imported.,"Package/back label IMG_0917 to 0918; 200g and 365,900đ shelf tag paired in IMG_0914."
SKU-171,P171,2026-09-16,Ho Chi Minh City,Nam An Market - 21 Thảo Điền,Specialty Retail,Organic Protein + 50 Superfoods - Vanilla Bean,Orgain,Orgain,United States,Plant-based (modern/branded),Plant protein powder,protein powder,dry,A14,pea protein,brown rice protein; mung bean protein; chia,,"Organic pea, brown-rice, mung-bean and chia proteins with organic grains, greens, sprouts, berries and fruit",41.2,per 100 g,field log (label or collector OSINT),313.7,8.8,39.2,764.7,1385900,920,g,150641,365634,High,,,Y,Orgain (US),United States,Imported,Not verified,ORG-50super,High,FORM-01,VN-direct,High,Imported (US).,"Nutrition converted from a 51g serving; package IMG_0919 to 0921 and 1,385,900đ tag in IMG_0922."
SKU-172,P172,2026-09-16,Ho Chi Minh City,Nam An Market - 21 Thảo Điền,Specialty Retail,Organic Protein - Natural Unsweetened,Orgain,Orgain,United States,Plant-based (modern/branded),Plant protein powder,protein powder,dry,A14,pea protein,brown rice protein; chia,,"Organic pea protein, brown-rice protein, chia seed, acacia, sunflower oil/lecithin, rice dextrin and rosemary extract",58.3,per 100 g,field log (label or collector OSINT),388.9,8.3,22.2,694.4,1439900,720,g,199986,343029,High,,,Y,Orgain (US),United States,Imported,Not verified,ORG-unsweet,High,FORM-01,VN-direct,High,Imported (US).,"Nutrition converted from a 36g serving; package/back label IMG_0922 to 0926 and 1,439,900đ shelf tag."
SKU-173,P173,2026-09-16,Ho Chi Minh City,Nam An Market - 21 Thảo Điền,Specialty Retail,Muskee Mushroom Jerky - Sweet & Spicy,iChoose,iChoose,Imported (country not captured),Plant-based (modern/branded),Mushroom jerky,snack/jerky,dry,A0,mushroom,,,Mushroom-based jerky; ingredient panel not photographed,,per 100 g,field log (label or collector OSINT),,,,,32900,25,g,131600,,High,,,Y,Not verified,Imported (country not captured),Imported,Not verified,ICH-jerky,Low,FORM-01,VN-direct,Low,Imported finished product; protein not recorded.,"25g package and 32,900đ tag in IMG_0914."
SKU-174,P174,2026-09-16,Ho Chi Minh City,Nam An Market - 21 Thảo Điền,Specialty Retail,Muskee Mushroom Jerky - 5-Spice,iChoose,iChoose,Imported (country not captured),Plant-based (modern/branded),Mushroom jerky,snack/jerky,dry,A0,mushroom,,,Mushroom-based jerky; ingredient panel not photographed,,per 100 g,field log (label or collector OSINT),,,,,32900,25,g,131600,,High,,,Y,Not verified,Imported (country not captured),Imported,Not verified,ICH-jerky,Low,FORM-01,VN-direct,Low,,"25g package and 32,900đ tag in IMG_0914."
SKU-175,P175,2026-09-16,Ho Chi Minh City,Nam An Market - 21 Thảo Điền,Specialty Retail,Muskee Mushroom Jerky - Sriracha Roasted Garlic,iChoose,iChoose,Imported (country not captured),Plant-based (modern/branded),Mushroom jerky,snack/jerky,dry,A0,mushroom,,,Mushroom-based jerky; ingredient panel not photographed,,per 100 g,field log (label or collector OSINT),,,,,32900,25,g,131600,,High,,,Y,Not verified,Imported (country not captured),Imported,Not verified,ICH-jerky,Low,FORM-01,VN-direct,Low,,"25g package and 32,900đ tag in IMG_0914."
SKU-176,P176,2026-09-16,Ho Chi Minh City,Nam An Market - 21 Thảo Điền,Specialty Retail,Muskee Mushroom Jerky - Smoked Barbecue,iChoose,iChoose,Imported (country not captured),Plant-based (modern/branded),Mushroom jerky,snack/jerky,dry,A0,mushroom,,,Mushroom-based jerky; ingredient panel not photographed,,per 100 g,field log (label or collector OSINT),,,,,32900,25,g,131600,,High,,,Y,Not verified,Imported (country not captured),Imported,Not verified,ICH-jerky,Low,FORM-01,VN-direct,Low,,"25g package and 32,900đ tag in IMG_0914."
SKU-177,P177,2026-09-16,Ho Chi Minh City,Nam An Market - 21 Thảo Điền,Specialty Retail,Muskee Mushroom Jerky - Cajun,iChoose,iChoose,Imported (country not captured),Plant-based (modern/branded),Mushroom jerky,snack/jerky,dry,A0,mushroom,,,Mushroom-based jerky; ingredient panel not photographed,,per 100 g,field log (label or collector OSINT),,,,,32900,25,g,131600,,High,,,Y,Not verified,Imported (country not captured),Imported,Not verified,ICH-jerky,Low,FORM-01,VN-direct,Low,,"25g package and 32,900đ tag in IMG_0914."
SKU-178,P178,2026-09-16,Ho Chi Minh City,Nam An Market - 21 Thảo Điền,Specialty Retail,Oat Drink Barista Edition,Oatly,Oatly,Imported (country not captured),Plant-based (modern/branded),Oat milk,plant milk,beverage,A9,oat,,,Oat-based beverage; ingredient panel not photographed,,per 100 ml,field log (label or collector OSINT),,,,,139900,1000,ml,13990,,High,,,Y,Oatly Group AB,Sweden,Imported,Not verified,OATLY-barista,Low,FORM-01,VN-direct,Low,,"1L cartons and 139,900đ shelf tag in IMG_0936."
SKU-179,P179,2026-09-16,Ho Chi Minh City,Nam An Market - 21 Thảo Điền,Specialty Retail,Oat Milk,MILKLAB,MilkLab,Australia,Plant-based (modern/branded),Oat milk,plant milk,beverage,A9,oat,,,Oat-based beverage; ingredient panel not photographed,,per 100 ml,field log (label or collector OSINT),,,,,94900,1000,ml,9490,,High,,,Y,Noumi Ltd (believed),Australia,Imported,Not verified,MLAB-oat,Low,FORM-01,VN-direct,Low,,"1L cartons and 94,900đ shelf tag in IMG_0936."
SKU-180,P180,2026-09-16,Ho Chi Minh City,Nam An Market - 21 Thảo Điền,Specialty Retail,Almond Milk,MILKLAB,MilkLab,Australia,Plant-based (modern/branded),Almond milk,plant milk,beverage,A9,nuts (almond),,,Almond-based beverage; ingredient panel not photographed,,per 100 ml,field log (label or collector OSINT),,,,,94900,1000,ml,9490,,High,,,Y,Noumi Ltd (believed),Australia,Imported,Not verified,MLAB-almond,Low,FORM-01,VN-direct,Low,,"1L cartons and 94,900đ shelf tag in IMG_0936."
SKU-181,P181,2026-09-16,Ho Chi Minh City,Nam An Market - 21 Thảo Điền,Specialty Retail,Macadamia Milk - Original,137 Degrees,137 Degrees,Imported (country not captured),Plant-based (modern/branded),Macadamia milk,plant milk,beverage,A9,nuts (macadamia),,,Macadamia-based beverage; ingredient panel not photographed,,per 100 ml,field log (label or collector OSINT),,,,,158900,1000,ml,15890,,High,,,Y,"Simple Foods Co., Ltd (believed Thailand; site does not state)",Thailand (log records Vietnam for Nha Trang rows),Imported,Not verified,137D-macadamia,Low,FORM-01,VN-direct,Low,Imported (Thailand).,"1L cartons and 158,900đ shelf tag in IMG_0936."
SKU-182,P182,2026-09-16,Ho Chi Minh City,Nam An Market - 21 Thảo Điền,Specialty Retail,Almond Milk - Original,137 Degrees,137 Degrees,Imported (country not captured),Plant-based (modern/branded),Almond milk,plant milk,beverage,A9,nuts (almond),,,Almond-based beverage; ingredient panel not photographed,,per 100 ml,field log (label or collector OSINT),,,,,139900,1000,ml,13990,,High,,,Y,"Simple Foods Co., Ltd (believed Thailand; site does not state)",Thailand (log records Vietnam for Nha Trang rows),Imported,Not verified,137D-almond,Low,FORM-01,VN-direct,Low,,"1L cartons and 139,900đ shelf tag in IMG_0936."
SKU-183,P183,2026-09-16,Ho Chi Minh City,Nam An Market - 21 Thảo Điền,Specialty Retail,Pistachio Milk - Original,137 Degrees,137 Degrees,Imported (country not captured),Plant-based (modern/branded),Pistachio milk,plant milk,beverage,A9,nuts (pistachio),,,Pistachio-based beverage; ingredient panel not photographed,,per 100 ml,field log (label or collector OSINT),,,,,158900,1000,ml,15890,,High,,,Y,"Simple Foods Co., Ltd (believed Thailand; site does not state)",Thailand (log records Vietnam for Nha Trang rows),Imported,Not verified,137D-pistachio,Low,FORM-01,VN-direct,Low,,"1L cartons and 158,900đ shelf tag in IMG_0936."
SKU-184,P184,2026-09-16,Ho Chi Minh City,Nam An Market - 21 Thảo Điền,Specialty Retail,Walnut Milk - Original,137 Degrees,137 Degrees,Imported (country not captured),Plant-based (modern/branded),Walnut milk,plant milk,beverage,A9,nuts (walnut),,,Walnut-based beverage; ingredient panel not photographed,,per 100 ml,field log (label or collector OSINT),,,,,158900,1000,ml,15890,,High,,,Y,"Simple Foods Co., Ltd (believed Thailand; site does not state)",Thailand (log records Vietnam for Nha Trang rows),Imported,Not verified,137D-walnut,Low,FORM-01,VN-direct,Low,,"1L cartons and 158,900đ shelf tag in IMG_0936."
SKU-185,P185,2026-09-16,Ho Chi Minh City,Nam An Market - 21 Thảo Điền,Specialty Retail,Chocolate Oat Milk,OATSIDE,Oatside,Imported (country not captured),Plant-based (modern/branded),Oat milk,plant milk,beverage,A9,oat,,,Oat-based chocolate beverage; ingredient panel not photographed,,per 100 ml,field log (label or collector OSINT),,,,,59900,1000,ml,5990,,High,,,Y,Oatside,Singapore (brand),Imported,Not verified,OATSIDE-choc,Low,FORM-01,VN-direct,Low,,"1L brown cartons and 59,900đ shelf tag in IMG_0933."
SKU-186,P186,2026-09-16,Ho Chi Minh City,Nam An Market - 21 Thảo Điền,Specialty Retail,Oat Milk Barista Blend,OATSIDE,Oatside,Imported (country not captured),Plant-based (modern/branded),Oat milk,plant milk,beverage,A9,oat,,,Oat-based beverage; ingredient panel not photographed,,per 100 ml,field log (label or collector OSINT),,,,,59900,1000,ml,5990,,High,,,Y,Oatside,Singapore (brand),Imported,Not verified,OATSIDE-barista,Low,FORM-01,VN-direct,Low,,"1L white cartons and 59,900đ shelf tag in IMG_0933."
