DATAFLOW,REF_AREA,FREQ,COMMODITY,MEASURE,UNIT_MEASURE,VERSION_ID,TIME_PERIOD,OBS_VALUE,OBS_STATUS,UNIT_MULT,DECIMALS,CONVENTION
OECD.TAD.ATM:DSD_AGR@DF_OUTLOOK_2026_2035(1.1),JPN,A,CPC_04,FO_PC,KG_PS,AO_2026_2035,2010,52.8532212221723,A,0,2,_Z
OECD.TAD.ATM:DSD_AGR@DF_OUTLOOK_2026_2035(1.1),JPN,A,CPC_04,FO_PC,KG_PS,AO_2026_2035,2011,51.224473855758895,A,0,2,_Z
OECD.TAD.ATM:DSD_AGR@DF_OUTLOOK_2026_2035(1.1),JPN,A,CPC_04,FO_PC,KG_PS,AO_2026_2035,2012,51.5867219747376,A,0,2,_Z
OECD.TAD.ATM:DSD_AGR@DF_OUTLOOK_2026_2035(1.1),JPN,A,CPC_04,FO_PC,KG_PS,AO_2026_2035,2013,48.656970516304895,A,0,2,_Z
OECD.TAD.ATM:DSD_AGR@DF_OUTLOOK_2026_2035(1.1),JPN,A,CPC_04,FO_PC,KG_PS,AO_2026_2035,2014,49.3328407796254,A,0,2,_Z
OECD.TAD.ATM:DSD_AGR@DF_OUTLOOK_2026_2035(1.1),JPN,A,CPC_04,FO_PC,KG_PS,AO_2026_2035,2015,47.8965680470843,A,0,2,_Z
OECD.TAD.ATM:DSD_AGR@DF_OUTLOOK_2026_2035(1.1),JPN,A,CPC_04,FO_PC,KG_PS,AO_2026_2035,2016,46.99571935978489,A,0,2,_Z
OECD.TAD.ATM:DSD_AGR@DF_OUTLOOK_2026_2035(1.1),JPN,A,CPC_04,FO_PC,KG_PS,AO_2026_2035,2017,46.0026180601392,A,0,2,_Z
OECD.TAD.ATM:DSD_AGR@DF_OUTLOOK_2026_2035(1.1),JPN,A,CPC_04,FO_PC,KG_PS,AO_2026_2035,2018,44.698321301404896,A,0,2,_Z
OECD.TAD.ATM:DSD_AGR@DF_OUTLOOK_2026_2035(1.1),JPN,A,CPC_04,FO_PC,KG_PS,AO_2026_2035,2019,44.581729329724496,A,0,2,_Z
OECD.TAD.ATM:DSD_AGR@DF_OUTLOOK_2026_2035(1.1),JPN,A,CPC_04,FO_PC,KG_PS,AO_2026_2035,2020,42.5807253821424,A,0,2,_Z
OECD.TAD.ATM:DSD_AGR@DF_OUTLOOK_2026_2035(1.1),JPN,A,CPC_04,FO_PC,KG_PS,AO_2026_2035,2021,41.742766388537106,A,0,2,_Z
OECD.TAD.ATM:DSD_AGR@DF_OUTLOOK_2026_2035(1.1),JPN,A,CPC_04,FO_PC,KG_PS,AO_2026_2035,2022,40.61984714615831,A,0,2,_Z
OECD.TAD.ATM:DSD_AGR@DF_OUTLOOK_2026_2035(1.1),JPN,A,CPC_04,FO_PC,KG_PS,AO_2026_2035,2023,41.018891429684096,A,0,2,_Z
OECD.TAD.ATM:DSD_AGR@DF_OUTLOOK_2026_2035(1.1),JPN,A,CPC_04,FO_PC,KG_PS,AO_2026_2035,2024,40.159748090554,A,0,2,_Z
OECD.TAD.ATM:DSD_AGR@DF_OUTLOOK_2026_2035(1.1),JPN,A,CPC_04,FO_PC,KG_PS,AO_2026_2035,2025,40.3592325932559,A,0,2,_Z
OECD.TAD.ATM:DSD_AGR@DF_OUTLOOK_2026_2035(1.1),JPN,A,CPC_04,FO_PC,KG_PS,AO_2026_2035,2026,41.8074205018142,A,0,2,_Z
OECD.TAD.ATM:DSD_AGR@DF_OUTLOOK_2026_2035(1.1),JPN,A,CPC_04,FO_PC,KG_PS,AO_2026_2035,2027,40.518876047902495,A,0,2,_Z
OECD.TAD.ATM:DSD_AGR@DF_OUTLOOK_2026_2035(1.1),JPN,A,CPC_04,FO_PC,KG_PS,AO_2026_2035,2028,41.177899888376096,A,0,2,_Z
OECD.TAD.ATM:DSD_AGR@DF_OUTLOOK_2026_2035(1.1),JPN,A,CPC_04,FO_PC,KG_PS,AO_2026_2035,2029,41.8293529373573,A,0,2,_Z
OECD.TAD.ATM:DSD_AGR@DF_OUTLOOK_2026_2035(1.1),JPN,A,CPC_04,FO_PC,KG_PS,AO_2026_2035,2030,42.0843711850338,A,0,2,_Z
OECD.TAD.ATM:DSD_AGR@DF_OUTLOOK_2026_2035(1.1),JPN,A,CPC_04,FO_PC,KG_PS,AO_2026_2035,2031,41.3333147331828,A,0,2,_Z
OECD.TAD.ATM:DSD_AGR@DF_OUTLOOK_2026_2035(1.1),JPN,A,CPC_04,FO_PC,KG_PS,AO_2026_2035,2032,42.0557984251504,A,0,2,_Z
OECD.TAD.ATM:DSD_AGR@DF_OUTLOOK_2026_2035(1.1),JPN,A,CPC_04,FO_PC,KG_PS,AO_2026_2035,2033,42.5836110091706,A,0,2,_Z
OECD.TAD.ATM:DSD_AGR@DF_OUTLOOK_2026_2035(1.1),JPN,A,CPC_04,FO_PC,KG_PS,AO_2026_2035,2034,42.6746255925452,A,0,2,_Z
OECD.TAD.ATM:DSD_AGR@DF_OUTLOOK_2026_2035(1.1),JPN,A,CPC_04,FO_PC,KG_PS,AO_2026_2035,2035,42.8199658758076,A,0,2,_Z
OECD.TAD.ATM:DSD_AGR@DF_OUTLOOK_2026_2035(1.1),KOR,A,CPC_04,FO_PC,KG_PS,AO_2026_2035,2010,57.5888220900789,A,0,2,_Z
OECD.TAD.ATM:DSD_AGR@DF_OUTLOOK_2026_2035(1.1),KOR,A,CPC_04,FO_PC,KG_PS,AO_2026_2035,2011,59.525431557951904,A,0,2,_Z
OECD.TAD.ATM:DSD_AGR@DF_OUTLOOK_2026_2035(1.1),KOR,A,CPC_04,FO_PC,KG_PS,AO_2026_2035,2012,56.350289969195,A,0,2,_Z
OECD.TAD.ATM:DSD_AGR@DF_OUTLOOK_2026_2035(1.1),KOR,A,CPC_04,FO_PC,KG_PS,AO_2026_2035,2013,52.4906306152578,A,0,2,_Z
OECD.TAD.ATM:DSD_AGR@DF_OUTLOOK_2026_2035(1.1),KOR,A,CPC_04,FO_PC,KG_PS,AO_2026_2035,2014,55.6437744899706,A,0,2,_Z
OECD.TAD.ATM:DSD_AGR@DF_OUTLOOK_2026_2035(1.1),KOR,A,CPC_04,FO_PC,KG_PS,AO_2026_2035,2015,57.0223990069651,A,0,2,_Z
OECD.TAD.ATM:DSD_AGR@DF_OUTLOOK_2026_2035(1.1),KOR,A,CPC_04,FO_PC,KG_PS,AO_2026_2035,2016,55.4472974582807,A,0,2,_Z
OECD.TAD.ATM:DSD_AGR@DF_OUTLOOK_2026_2035(1.1),KOR,A,CPC_04,FO_PC,KG_PS,AO_2026_2035,2017,56.9905315727862,A,0,2,_Z
OECD.TAD.ATM:DSD_AGR@DF_OUTLOOK_2026_2035(1.1),KOR,A,CPC_04,FO_PC,KG_PS,AO_2026_2035,2018,56.8803170022578,A,0,2,_Z
OECD.TAD.ATM:DSD_AGR@DF_OUTLOOK_2026_2035(1.1),KOR,A,CPC_04,FO_PC,KG_PS,AO_2026_2035,2019,54.559295976888706,A,0,2,_Z
OECD.TAD.ATM:DSD_AGR@DF_OUTLOOK_2026_2035(1.1),KOR,A,CPC_04,FO_PC,KG_PS,AO_2026_2035,2020,54.6367431079065,A,0,2,_Z
OECD.TAD.ATM:DSD_AGR@DF_OUTLOOK_2026_2035(1.1),KOR,A,CPC_04,FO_PC,KG_PS,AO_2026_2035,2021,53.509057724581,A,0,2,_Z
OECD.TAD.ATM:DSD_AGR@DF_OUTLOOK_2026_2035(1.1),KOR,A,CPC_04,FO_PC,KG_PS,AO_2026_2035,2022,53.4972311115381,A,0,2,_Z
OECD.TAD.ATM:DSD_AGR@DF_OUTLOOK_2026_2035(1.1),KOR,A,CPC_04,FO_PC,KG_PS,AO_2026_2035,2023,54.7715693709946,A,0,2,_Z
OECD.TAD.ATM:DSD_AGR@DF_OUTLOOK_2026_2035(1.1),KOR,A,CPC_04,FO_PC,KG_PS,AO_2026_2035,2024,52.3735937811486,A,0,2,_Z
OECD.TAD.ATM:DSD_AGR@DF_OUTLOOK_2026_2035(1.1),KOR,A,CPC_04,FO_PC,KG_PS,AO_2026_2035,2025,54.8528659157079,A,0,2,_Z
OECD.TAD.ATM:DSD_AGR@DF_OUTLOOK_2026_2035(1.1),KOR,A,CPC_04,FO_PC,KG_PS,AO_2026_2035,2026,57.43367189409489,A,0,2,_Z
OECD.TAD.ATM:DSD_AGR@DF_OUTLOOK_2026_2035(1.1),KOR,A,CPC_04,FO_PC,KG_PS,AO_2026_2035,2027,55.9988650366675,A,0,2,_Z
OECD.TAD.ATM:DSD_AGR@DF_OUTLOOK_2026_2035(1.1),KOR,A,CPC_04,FO_PC,KG_PS,AO_2026_2035,2028,56.5372170817854,A,0,2,_Z
OECD.TAD.ATM:DSD_AGR@DF_OUTLOOK_2026_2035(1.1),KOR,A,CPC_04,FO_PC,KG_PS,AO_2026_2035,2029,56.930714953201,A,0,2,_Z
OECD.TAD.ATM:DSD_AGR@DF_OUTLOOK_2026_2035(1.1),KOR,A,CPC_04,FO_PC,KG_PS,AO_2026_2035,2030,56.8046468329734,A,0,2,_Z
OECD.TAD.ATM:DSD_AGR@DF_OUTLOOK_2026_2035(1.1),KOR,A,CPC_04,FO_PC,KG_PS,AO_2026_2035,2031,55.4730825538816,A,0,2,_Z
OECD.TAD.ATM:DSD_AGR@DF_OUTLOOK_2026_2035(1.1),KOR,A,CPC_04,FO_PC,KG_PS,AO_2026_2035,2032,56.045532330690094,A,0,2,_Z
OECD.TAD.ATM:DSD_AGR@DF_OUTLOOK_2026_2035(1.1),KOR,A,CPC_04,FO_PC,KG_PS,AO_2026_2035,2033,56.3431652340136,A,0,2,_Z
OECD.TAD.ATM:DSD_AGR@DF_OUTLOOK_2026_2035(1.1),KOR,A,CPC_04,FO_PC,KG_PS,AO_2026_2035,2034,56.043554987806,A,0,2,_Z
OECD.TAD.ATM:DSD_AGR@DF_OUTLOOK_2026_2035(1.1),KOR,A,CPC_04,FO_PC,KG_PS,AO_2026_2035,2035,55.8067885809933,A,0,2,_Z
OECD.TAD.ATM:DSD_AGR@DF_OUTLOOK_2026_2035(1.1),CHN,A,CPC_04,FO_PC,KG_PS,AO_2026_2035,2010,32.3751269304047,A,0,2,_Z
OECD.TAD.ATM:DSD_AGR@DF_OUTLOOK_2026_2035(1.1),CHN,A,CPC_04,FO_PC,KG_PS,AO_2026_2035,2011,32.8459299983845,A,0,2,_Z
OECD.TAD.ATM:DSD_AGR@DF_OUTLOOK_2026_2035(1.1),CHN,A,CPC_04,FO_PC,KG_PS,AO_2026_2035,2012,33.8668396511555,A,0,2,_Z
OECD.TAD.ATM:DSD_AGR@DF_OUTLOOK_2026_2035(1.1),CHN,A,CPC_04,FO_PC,KG_PS,AO_2026_2035,2013,35.2834028654394,A,0,2,_Z
OECD.TAD.ATM:DSD_AGR@DF_OUTLOOK_2026_2035(1.1),CHN,A,CPC_04,FO_PC,KG_PS,AO_2026_2035,2014,36.7608064178751,A,0,2,_Z
OECD.TAD.ATM:DSD_AGR@DF_OUTLOOK_2026_2035(1.1),CHN,A,CPC_04,FO_PC,KG_PS,AO_2026_2035,2015,38.35205092544351,A,0,2,_Z
OECD.TAD.ATM:DSD_AGR@DF_OUTLOOK_2026_2035(1.1),CHN,A,CPC_04,FO_PC,KG_PS,AO_2026_2035,2016,38.8856763668671,A,0,2,_Z
OECD.TAD.ATM:DSD_AGR@DF_OUTLOOK_2026_2035(1.1),CHN,A,CPC_04,FO_PC,KG_PS,AO_2026_2035,2017,39.2124297042835,A,0,2,_Z
OECD.TAD.ATM:DSD_AGR@DF_OUTLOOK_2026_2035(1.1),CHN,A,CPC_04,FO_PC,KG_PS,AO_2026_2035,2018,39.429808841883,A,0,2,_Z
OECD.TAD.ATM:DSD_AGR@DF_OUTLOOK_2026_2035(1.1),CHN,A,CPC_04,FO_PC,KG_PS,AO_2026_2035,2019,40.8160023875233,A,0,2,_Z
OECD.TAD.ATM:DSD_AGR@DF_OUTLOOK_2026_2035(1.1),CHN,A,CPC_04,FO_PC,KG_PS,AO_2026_2035,2020,41.3195272422134,A,0,2,_Z
OECD.TAD.ATM:DSD_AGR@DF_OUTLOOK_2026_2035(1.1),CHN,A,CPC_04,FO_PC,KG_PS,AO_2026_2035,2021,41.783150054225295,A,0,2,_Z
OECD.TAD.ATM:DSD_AGR@DF_OUTLOOK_2026_2035(1.1),CHN,A,CPC_04,FO_PC,KG_PS,AO_2026_2035,2022,43.6856799481666,A,0,2,_Z
OECD.TAD.ATM:DSD_AGR@DF_OUTLOOK_2026_2035(1.1),CHN,A,CPC_04,FO_PC,KG_PS,AO_2026_2035,2023,45.2463836617901,A,0,2,_Z
OECD.TAD.ATM:DSD_AGR@DF_OUTLOOK_2026_2035(1.1),CHN,A,CPC_04,FO_PC,KG_PS,AO_2026_2035,2024,46.516873391085696,A,0,2,_Z
OECD.TAD.ATM:DSD_AGR@DF_OUTLOOK_2026_2035(1.1),CHN,A,CPC_04,FO_PC,KG_PS,AO_2026_2035,2025,47.5784634075828,A,0,2,_Z
OECD.TAD.ATM:DSD_AGR@DF_OUTLOOK_2026_2035(1.1),CHN,A,CPC_04,FO_PC,KG_PS,AO_2026_2035,2026,48.2393151859922,A,0,2,_Z
OECD.TAD.ATM:DSD_AGR@DF_OUTLOOK_2026_2035(1.1),CHN,A,CPC_04,FO_PC,KG_PS,AO_2026_2035,2027,49.079316350600095,A,0,2,_Z
OECD.TAD.ATM:DSD_AGR@DF_OUTLOOK_2026_2035(1.1),CHN,A,CPC_04,FO_PC,KG_PS,AO_2026_2035,2028,49.7064293911944,A,0,2,_Z
OECD.TAD.ATM:DSD_AGR@DF_OUTLOOK_2026_2035(1.1),CHN,A,CPC_04,FO_PC,KG_PS,AO_2026_2035,2029,50.4316364792598,A,0,2,_Z
OECD.TAD.ATM:DSD_AGR@DF_OUTLOOK_2026_2035(1.1),CHN,A,CPC_04,FO_PC,KG_PS,AO_2026_2035,2030,50.9986485664476,A,0,2,_Z
OECD.TAD.ATM:DSD_AGR@DF_OUTLOOK_2026_2035(1.1),CHN,A,CPC_04,FO_PC,KG_PS,AO_2026_2035,2031,51.737994454911295,A,0,2,_Z
OECD.TAD.ATM:DSD_AGR@DF_OUTLOOK_2026_2035(1.1),CHN,A,CPC_04,FO_PC,KG_PS,AO_2026_2035,2032,52.5341794083094,A,0,2,_Z
OECD.TAD.ATM:DSD_AGR@DF_OUTLOOK_2026_2035(1.1),CHN,A,CPC_04,FO_PC,KG_PS,AO_2026_2035,2033,53.294232050165,A,0,2,_Z
OECD.TAD.ATM:DSD_AGR@DF_OUTLOOK_2026_2035(1.1),CHN,A,CPC_04,FO_PC,KG_PS,AO_2026_2035,2034,54.10206590634,A,0,2,_Z
OECD.TAD.ATM:DSD_AGR@DF_OUTLOOK_2026_2035(1.1),CHN,A,CPC_04,FO_PC,KG_PS,AO_2026_2035,2035,55.0399322889356,A,0,2,_Z
OECD.TAD.ATM:DSD_AGR@DF_OUTLOOK_2026_2035(1.1),IDN,A,CPC_04,FO_PC,KG_PS,AO_2026_2035,2010,27.4401291499499,A,0,2,_Z
OECD.TAD.ATM:DSD_AGR@DF_OUTLOOK_2026_2035(1.1),IDN,A,CPC_04,FO_PC,KG_PS,AO_2026_2035,2011,30.2071943174321,A,0,2,_Z
OECD.TAD.ATM:DSD_AGR@DF_OUTLOOK_2026_2035(1.1),IDN,A,CPC_04,FO_PC,KG_PS,AO_2026_2035,2012,30.6414121847367,A,0,2,_Z
OECD.TAD.ATM:DSD_AGR@DF_OUTLOOK_2026_2035(1.1),IDN,A,CPC_04,FO_PC,KG_PS,AO_2026_2035,2013,34.7917114475195,A,0,2,_Z
OECD.TAD.ATM:DSD_AGR@DF_OUTLOOK_2026_2035(1.1),IDN,A,CPC_04,FO_PC,KG_PS,AO_2026_2035,2014,36.4627276520188,A,0,2,_Z
OECD.TAD.ATM:DSD_AGR@DF_OUTLOOK_2026_2035(1.1),IDN,A,CPC_04,FO_PC,KG_PS,AO_2026_2035,2015,37.979490594337,A,0,2,_Z
OECD.TAD.ATM:DSD_AGR@DF_OUTLOOK_2026_2035(1.1),IDN,A,CPC_04,FO_PC,KG_PS,AO_2026_2035,2016,39.062593808779106,A,0,2,_Z
OECD.TAD.ATM:DSD_AGR@DF_OUTLOOK_2026_2035(1.1),IDN,A,CPC_04,FO_PC,KG_PS,AO_2026_2035,2017,42.6774504134628,A,0,2,_Z
OECD.TAD.ATM:DSD_AGR@DF_OUTLOOK_2026_2035(1.1),IDN,A,CPC_04,FO_PC,KG_PS,AO_2026_2035,2018,42.441567041553,A,0,2,_Z
OECD.TAD.ATM:DSD_AGR@DF_OUTLOOK_2026_2035(1.1),IDN,A,CPC_04,FO_PC,KG_PS,AO_2026_2035,2019,42.3660134484286,A,0,2,_Z
OECD.TAD.ATM:DSD_AGR@DF_OUTLOOK_2026_2035(1.1),IDN,A,CPC_04,FO_PC,KG_PS,AO_2026_2035,2020,38.7836028855877,A,0,2,_Z
OECD.TAD.ATM:DSD_AGR@DF_OUTLOOK_2026_2035(1.1),IDN,A,CPC_04,FO_PC,KG_PS,AO_2026_2035,2021,40.9016700229496,A,0,2,_Z
OECD.TAD.ATM:DSD_AGR@DF_OUTLOOK_2026_2035(1.1),IDN,A,CPC_04,FO_PC,KG_PS,AO_2026_2035,2022,41.72465135623649,A,0,2,_Z
OECD.TAD.ATM:DSD_AGR@DF_OUTLOOK_2026_2035(1.1),IDN,A,CPC_04,FO_PC,KG_PS,AO_2026_2035,2023,43.1963791950019,A,0,2,_Z
OECD.TAD.ATM:DSD_AGR@DF_OUTLOOK_2026_2035(1.1),IDN,A,CPC_04,FO_PC,KG_PS,AO_2026_2035,2024,42.255183837085504,A,0,2,_Z
OECD.TAD.ATM:DSD_AGR@DF_OUTLOOK_2026_2035(1.1),IDN,A,CPC_04,FO_PC,KG_PS,AO_2026_2035,2025,42.895806631607904,A,0,2,_Z
OECD.TAD.ATM:DSD_AGR@DF_OUTLOOK_2026_2035(1.1),IDN,A,CPC_04,FO_PC,KG_PS,AO_2026_2035,2026,42.431728421626495,A,0,2,_Z
OECD.TAD.ATM:DSD_AGR@DF_OUTLOOK_2026_2035(1.1),IDN,A,CPC_04,FO_PC,KG_PS,AO_2026_2035,2027,42.5817390919982,A,0,2,_Z
OECD.TAD.ATM:DSD_AGR@DF_OUTLOOK_2026_2035(1.1),IDN,A,CPC_04,FO_PC,KG_PS,AO_2026_2035,2028,42.928834647546,A,0,2,_Z
OECD.TAD.ATM:DSD_AGR@DF_OUTLOOK_2026_2035(1.1),IDN,A,CPC_04,FO_PC,KG_PS,AO_2026_2035,2029,43.188137318074894,A,0,2,_Z
OECD.TAD.ATM:DSD_AGR@DF_OUTLOOK_2026_2035(1.1),IDN,A,CPC_04,FO_PC,KG_PS,AO_2026_2035,2030,43.4418110955482,A,0,2,_Z
OECD.TAD.ATM:DSD_AGR@DF_OUTLOOK_2026_2035(1.1),IDN,A,CPC_04,FO_PC,KG_PS,AO_2026_2035,2031,43.6846966899891,A,0,2,_Z
OECD.TAD.ATM:DSD_AGR@DF_OUTLOOK_2026_2035(1.1),IDN,A,CPC_04,FO_PC,KG_PS,AO_2026_2035,2032,43.8779237644566,A,0,2,_Z
OECD.TAD.ATM:DSD_AGR@DF_OUTLOOK_2026_2035(1.1),IDN,A,CPC_04,FO_PC,KG_PS,AO_2026_2035,2033,44.0069267823307,A,0,2,_Z
OECD.TAD.ATM:DSD_AGR@DF_OUTLOOK_2026_2035(1.1),IDN,A,CPC_04,FO_PC,KG_PS,AO_2026_2035,2034,44.18933504384071,A,0,2,_Z
OECD.TAD.ATM:DSD_AGR@DF_OUTLOOK_2026_2035(1.1),IDN,A,CPC_04,FO_PC,KG_PS,AO_2026_2035,2035,44.372119017034,A,0,2,_Z
OECD.TAD.ATM:DSD_AGR@DF_OUTLOOK_2026_2035(1.1),MYS,A,CPC_04,FO_PC,KG_PS,AO_2026_2035,2010,60.0094470657502,A,0,2,_Z
OECD.TAD.ATM:DSD_AGR@DF_OUTLOOK_2026_2035(1.1),MYS,A,CPC_04,FO_PC,KG_PS,AO_2026_2035,2011,55.266064523128705,A,0,2,_Z
OECD.TAD.ATM:DSD_AGR@DF_OUTLOOK_2026_2035(1.1),MYS,A,CPC_04,FO_PC,KG_PS,AO_2026_2035,2012,59.5988146916926,A,0,2,_Z
OECD.TAD.ATM:DSD_AGR@DF_OUTLOOK_2026_2035(1.1),MYS,A,CPC_04,FO_PC,KG_PS,AO_2026_2035,2013,58.258202511312,A,0,2,_Z
OECD.TAD.ATM:DSD_AGR@DF_OUTLOOK_2026_2035(1.1),MYS,A,CPC_04,FO_PC,KG_PS,AO_2026_2035,2014,56.1949037105221,A,0,2,_Z
OECD.TAD.ATM:DSD_AGR@DF_OUTLOOK_2026_2035(1.1),MYS,A,CPC_04,FO_PC,KG_PS,AO_2026_2035,2015,56.4622346675439,A,0,2,_Z
OECD.TAD.ATM:DSD_AGR@DF_OUTLOOK_2026_2035(1.1),MYS,A,CPC_04,FO_PC,KG_PS,AO_2026_2035,2016,56.2623256254346,A,0,2,_Z
OECD.TAD.ATM:DSD_AGR@DF_OUTLOOK_2026_2035(1.1),MYS,A,CPC_04,FO_PC,KG_PS,AO_2026_2035,2017,55.6921016623868,A,0,2,_Z
OECD.TAD.ATM:DSD_AGR@DF_OUTLOOK_2026_2035(1.1),MYS,A,CPC_04,FO_PC,KG_PS,AO_2026_2035,2018,53.927264033293106,A,0,2,_Z
OECD.TAD.ATM:DSD_AGR@DF_OUTLOOK_2026_2035(1.1),MYS,A,CPC_04,FO_PC,KG_PS,AO_2026_2035,2019,53.002348193794,A,0,2,_Z
OECD.TAD.ATM:DSD_AGR@DF_OUTLOOK_2026_2035(1.1),MYS,A,CPC_04,FO_PC,KG_PS,AO_2026_2035,2020,50.7189319789888,A,0,2,_Z
OECD.TAD.ATM:DSD_AGR@DF_OUTLOOK_2026_2035(1.1),MYS,A,CPC_04,FO_PC,KG_PS,AO_2026_2035,2021,53.1186170781104,A,0,2,_Z
OECD.TAD.ATM:DSD_AGR@DF_OUTLOOK_2026_2035(1.1),MYS,A,CPC_04,FO_PC,KG_PS,AO_2026_2035,2022,55.5686462792154,A,0,2,_Z
OECD.TAD.ATM:DSD_AGR@DF_OUTLOOK_2026_2035(1.1),MYS,A,CPC_04,FO_PC,KG_PS,AO_2026_2035,2023,54.8812131013634,A,0,2,_Z
OECD.TAD.ATM:DSD_AGR@DF_OUTLOOK_2026_2035(1.1),MYS,A,CPC_04,FO_PC,KG_PS,AO_2026_2035,2024,55.0065836704217,A,0,2,_Z
OECD.TAD.ATM:DSD_AGR@DF_OUTLOOK_2026_2035(1.1),MYS,A,CPC_04,FO_PC,KG_PS,AO_2026_2035,2025,55.3897074082104,A,0,2,_Z
OECD.TAD.ATM:DSD_AGR@DF_OUTLOOK_2026_2035(1.1),MYS,A,CPC_04,FO_PC,KG_PS,AO_2026_2035,2026,51.276543333723,A,0,2,_Z
OECD.TAD.ATM:DSD_AGR@DF_OUTLOOK_2026_2035(1.1),MYS,A,CPC_04,FO_PC,KG_PS,AO_2026_2035,2027,49.655120701495,A,0,2,_Z
OECD.TAD.ATM:DSD_AGR@DF_OUTLOOK_2026_2035(1.1),MYS,A,CPC_04,FO_PC,KG_PS,AO_2026_2035,2028,50.1218086226496,A,0,2,_Z
OECD.TAD.ATM:DSD_AGR@DF_OUTLOOK_2026_2035(1.1),MYS,A,CPC_04,FO_PC,KG_PS,AO_2026_2035,2029,50.3922267269574,A,0,2,_Z
OECD.TAD.ATM:DSD_AGR@DF_OUTLOOK_2026_2035(1.1),MYS,A,CPC_04,FO_PC,KG_PS,AO_2026_2035,2030,50.2650622855091,A,0,2,_Z
OECD.TAD.ATM:DSD_AGR@DF_OUTLOOK_2026_2035(1.1),MYS,A,CPC_04,FO_PC,KG_PS,AO_2026_2035,2031,49.1335658109065,A,0,2,_Z
OECD.TAD.ATM:DSD_AGR@DF_OUTLOOK_2026_2035(1.1),MYS,A,CPC_04,FO_PC,KG_PS,AO_2026_2035,2032,49.6322208796524,A,0,2,_Z
OECD.TAD.ATM:DSD_AGR@DF_OUTLOOK_2026_2035(1.1),MYS,A,CPC_04,FO_PC,KG_PS,AO_2026_2035,2033,49.86720584858391,A,0,2,_Z
OECD.TAD.ATM:DSD_AGR@DF_OUTLOOK_2026_2035(1.1),MYS,A,CPC_04,FO_PC,KG_PS,AO_2026_2035,2034,49.6412706015748,A,0,2,_Z
OECD.TAD.ATM:DSD_AGR@DF_OUTLOOK_2026_2035(1.1),MYS,A,CPC_04,FO_PC,KG_PS,AO_2026_2035,2035,49.4490737055857,A,0,2,_Z
OECD.TAD.ATM:DSD_AGR@DF_OUTLOOK_2026_2035(1.1),PHL,A,CPC_04,FO_PC,KG_PS,AO_2026_2035,2010,32.7093539588191,A,0,2,_Z
OECD.TAD.ATM:DSD_AGR@DF_OUTLOOK_2026_2035(1.1),PHL,A,CPC_04,FO_PC,KG_PS,AO_2026_2035,2011,29.5682233135624,A,0,2,_Z
OECD.TAD.ATM:DSD_AGR@DF_OUTLOOK_2026_2035(1.1),PHL,A,CPC_04,FO_PC,KG_PS,AO_2026_2035,2012,29.2888405901035,A,0,2,_Z
OECD.TAD.ATM:DSD_AGR@DF_OUTLOOK_2026_2035(1.1),PHL,A,CPC_04,FO_PC,KG_PS,AO_2026_2035,2013,27.8267471708624,A,0,2,_Z
OECD.TAD.ATM:DSD_AGR@DF_OUTLOOK_2026_2035(1.1),PHL,A,CPC_04,FO_PC,KG_PS,AO_2026_2035,2014,28.7481919467176,A,0,2,_Z
OECD.TAD.ATM:DSD_AGR@DF_OUTLOOK_2026_2035(1.1),PHL,A,CPC_04,FO_PC,KG_PS,AO_2026_2035,2015,28.9856505263852,A,0,2,_Z
OECD.TAD.ATM:DSD_AGR@DF_OUTLOOK_2026_2035(1.1),PHL,A,CPC_04,FO_PC,KG_PS,AO_2026_2035,2016,27.8020008372267,A,0,2,_Z
OECD.TAD.ATM:DSD_AGR@DF_OUTLOOK_2026_2035(1.1),PHL,A,CPC_04,FO_PC,KG_PS,AO_2026_2035,2017,25.470433337246,A,0,2,_Z
OECD.TAD.ATM:DSD_AGR@DF_OUTLOOK_2026_2035(1.1),PHL,A,CPC_04,FO_PC,KG_PS,AO_2026_2035,2018,25.5984153588342,A,0,2,_Z
OECD.TAD.ATM:DSD_AGR@DF_OUTLOOK_2026_2035(1.1),PHL,A,CPC_04,FO_PC,KG_PS,AO_2026_2035,2019,26.607766586905,A,0,2,_Z
OECD.TAD.ATM:DSD_AGR@DF_OUTLOOK_2026_2035(1.1),PHL,A,CPC_04,FO_PC,KG_PS,AO_2026_2035,2020,25.5215695551042,A,0,2,_Z
OECD.TAD.ATM:DSD_AGR@DF_OUTLOOK_2026_2035(1.1),PHL,A,CPC_04,FO_PC,KG_PS,AO_2026_2035,2021,26.5306160735166,A,0,2,_Z
OECD.TAD.ATM:DSD_AGR@DF_OUTLOOK_2026_2035(1.1),PHL,A,CPC_04,FO_PC,KG_PS,AO_2026_2035,2022,25.1572254120407,A,0,2,_Z
OECD.TAD.ATM:DSD_AGR@DF_OUTLOOK_2026_2035(1.1),PHL,A,CPC_04,FO_PC,KG_PS,AO_2026_2035,2023,23.9888089687357,A,0,2,_Z
OECD.TAD.ATM:DSD_AGR@DF_OUTLOOK_2026_2035(1.1),PHL,A,CPC_04,FO_PC,KG_PS,AO_2026_2035,2024,22.0022682724054,A,0,2,_Z
OECD.TAD.ATM:DSD_AGR@DF_OUTLOOK_2026_2035(1.1),PHL,A,CPC_04,FO_PC,KG_PS,AO_2026_2035,2025,22.6944121896072,A,0,2,_Z
OECD.TAD.ATM:DSD_AGR@DF_OUTLOOK_2026_2035(1.1),PHL,A,CPC_04,FO_PC,KG_PS,AO_2026_2035,2026,24.216111567832,A,0,2,_Z
OECD.TAD.ATM:DSD_AGR@DF_OUTLOOK_2026_2035(1.1),PHL,A,CPC_04,FO_PC,KG_PS,AO_2026_2035,2027,23.9459720394548,A,0,2,_Z
OECD.TAD.ATM:DSD_AGR@DF_OUTLOOK_2026_2035(1.1),PHL,A,CPC_04,FO_PC,KG_PS,AO_2026_2035,2028,24.2089633978651,A,0,2,_Z
OECD.TAD.ATM:DSD_AGR@DF_OUTLOOK_2026_2035(1.1),PHL,A,CPC_04,FO_PC,KG_PS,AO_2026_2035,2029,24.3970073756954,A,0,2,_Z
OECD.TAD.ATM:DSD_AGR@DF_OUTLOOK_2026_2035(1.1),PHL,A,CPC_04,FO_PC,KG_PS,AO_2026_2035,2030,24.5588531795796,A,0,2,_Z
OECD.TAD.ATM:DSD_AGR@DF_OUTLOOK_2026_2035(1.1),PHL,A,CPC_04,FO_PC,KG_PS,AO_2026_2035,2031,24.108438436826,A,0,2,_Z
OECD.TAD.ATM:DSD_AGR@DF_OUTLOOK_2026_2035(1.1),PHL,A,CPC_04,FO_PC,KG_PS,AO_2026_2035,2032,24.2810087373528,A,0,2,_Z
OECD.TAD.ATM:DSD_AGR@DF_OUTLOOK_2026_2035(1.1),PHL,A,CPC_04,FO_PC,KG_PS,AO_2026_2035,2033,24.4648964483228,A,0,2,_Z
OECD.TAD.ATM:DSD_AGR@DF_OUTLOOK_2026_2035(1.1),PHL,A,CPC_04,FO_PC,KG_PS,AO_2026_2035,2034,24.4776973559093,A,0,2,_Z
OECD.TAD.ATM:DSD_AGR@DF_OUTLOOK_2026_2035(1.1),PHL,A,CPC_04,FO_PC,KG_PS,AO_2026_2035,2035,24.396077591925,A,0,2,_Z
OECD.TAD.ATM:DSD_AGR@DF_OUTLOOK_2026_2035(1.1),THA,A,CPC_04,FO_PC,KG_PS,AO_2026_2035,2010,24.1875308501685,A,0,2,_Z
OECD.TAD.ATM:DSD_AGR@DF_OUTLOOK_2026_2035(1.1),THA,A,CPC_04,FO_PC,KG_PS,AO_2026_2035,2011,26.2215929385231,A,0,2,_Z
OECD.TAD.ATM:DSD_AGR@DF_OUTLOOK_2026_2035(1.1),THA,A,CPC_04,FO_PC,KG_PS,AO_2026_2035,2012,25.7449561321835,A,0,2,_Z
OECD.TAD.ATM:DSD_AGR@DF_OUTLOOK_2026_2035(1.1),THA,A,CPC_04,FO_PC,KG_PS,AO_2026_2035,2013,26.6019263423351,A,0,2,_Z
OECD.TAD.ATM:DSD_AGR@DF_OUTLOOK_2026_2035(1.1),THA,A,CPC_04,FO_PC,KG_PS,AO_2026_2035,2014,23.2794290539127,A,0,2,_Z
OECD.TAD.ATM:DSD_AGR@DF_OUTLOOK_2026_2035(1.1),THA,A,CPC_04,FO_PC,KG_PS,AO_2026_2035,2015,23.4206506320208,A,0,2,_Z
OECD.TAD.ATM:DSD_AGR@DF_OUTLOOK_2026_2035(1.1),THA,A,CPC_04,FO_PC,KG_PS,AO_2026_2035,2016,27.6514952242131,A,0,2,_Z
OECD.TAD.ATM:DSD_AGR@DF_OUTLOOK_2026_2035(1.1),THA,A,CPC_04,FO_PC,KG_PS,AO_2026_2035,2017,29.185400440277,A,0,2,_Z
OECD.TAD.ATM:DSD_AGR@DF_OUTLOOK_2026_2035(1.1),THA,A,CPC_04,FO_PC,KG_PS,AO_2026_2035,2018,30.9625255122237,A,0,2,_Z
OECD.TAD.ATM:DSD_AGR@DF_OUTLOOK_2026_2035(1.1),THA,A,CPC_04,FO_PC,KG_PS,AO_2026_2035,2019,30.2822283006086,A,0,2,_Z
OECD.TAD.ATM:DSD_AGR@DF_OUTLOOK_2026_2035(1.1),THA,A,CPC_04,FO_PC,KG_PS,AO_2026_2035,2020,31.2018157245319,A,0,2,_Z
OECD.TAD.ATM:DSD_AGR@DF_OUTLOOK_2026_2035(1.1),THA,A,CPC_04,FO_PC,KG_PS,AO_2026_2035,2021,32.2604011118105,A,0,2,_Z
OECD.TAD.ATM:DSD_AGR@DF_OUTLOOK_2026_2035(1.1),THA,A,CPC_04,FO_PC,KG_PS,AO_2026_2035,2022,33.4091068990566,A,0,2,_Z
OECD.TAD.ATM:DSD_AGR@DF_OUTLOOK_2026_2035(1.1),THA,A,CPC_04,FO_PC,KG_PS,AO_2026_2035,2023,32.9072436800786,A,0,2,_Z
OECD.TAD.ATM:DSD_AGR@DF_OUTLOOK_2026_2035(1.1),THA,A,CPC_04,FO_PC,KG_PS,AO_2026_2035,2024,31.0435593084898,A,0,2,_Z
OECD.TAD.ATM:DSD_AGR@DF_OUTLOOK_2026_2035(1.1),THA,A,CPC_04,FO_PC,KG_PS,AO_2026_2035,2025,32.6506092032038,A,0,2,_Z
OECD.TAD.ATM:DSD_AGR@DF_OUTLOOK_2026_2035(1.1),THA,A,CPC_04,FO_PC,KG_PS,AO_2026_2035,2026,34.2514912391785,A,0,2,_Z
OECD.TAD.ATM:DSD_AGR@DF_OUTLOOK_2026_2035(1.1),THA,A,CPC_04,FO_PC,KG_PS,AO_2026_2035,2027,33.4192041406131,A,0,2,_Z
OECD.TAD.ATM:DSD_AGR@DF_OUTLOOK_2026_2035(1.1),THA,A,CPC_04,FO_PC,KG_PS,AO_2026_2035,2028,33.9391177844568,A,0,2,_Z
OECD.TAD.ATM:DSD_AGR@DF_OUTLOOK_2026_2035(1.1),THA,A,CPC_04,FO_PC,KG_PS,AO_2026_2035,2029,34.4476504796042,A,0,2,_Z
OECD.TAD.ATM:DSD_AGR@DF_OUTLOOK_2026_2035(1.1),THA,A,CPC_04,FO_PC,KG_PS,AO_2026_2035,2030,34.6864034950378,A,0,2,_Z
OECD.TAD.ATM:DSD_AGR@DF_OUTLOOK_2026_2035(1.1),THA,A,CPC_04,FO_PC,KG_PS,AO_2026_2035,2031,34.0032795894904,A,0,2,_Z
OECD.TAD.ATM:DSD_AGR@DF_OUTLOOK_2026_2035(1.1),THA,A,CPC_04,FO_PC,KG_PS,AO_2026_2035,2032,34.5607495554278,A,0,2,_Z
OECD.TAD.ATM:DSD_AGR@DF_OUTLOOK_2026_2035(1.1),THA,A,CPC_04,FO_PC,KG_PS,AO_2026_2035,2033,34.9423677632577,A,0,2,_Z
OECD.TAD.ATM:DSD_AGR@DF_OUTLOOK_2026_2035(1.1),THA,A,CPC_04,FO_PC,KG_PS,AO_2026_2035,2034,34.9399645445352,A,0,2,_Z
OECD.TAD.ATM:DSD_AGR@DF_OUTLOOK_2026_2035(1.1),THA,A,CPC_04,FO_PC,KG_PS,AO_2026_2035,2035,34.9479495472731,A,0,2,_Z
OECD.TAD.ATM:DSD_AGR@DF_OUTLOOK_2026_2035(1.1),VNM,A,CPC_04,FO_PC,KG_PS,AO_2026_2035,2010,33.8263809203601,A,0,2,_Z
OECD.TAD.ATM:DSD_AGR@DF_OUTLOOK_2026_2035(1.1),VNM,A,CPC_04,FO_PC,KG_PS,AO_2026_2035,2011,33.4115392546081,A,0,2,_Z
OECD.TAD.ATM:DSD_AGR@DF_OUTLOOK_2026_2035(1.1),VNM,A,CPC_04,FO_PC,KG_PS,AO_2026_2035,2012,34.6457562966233,A,0,2,_Z
OECD.TAD.ATM:DSD_AGR@DF_OUTLOOK_2026_2035(1.1),VNM,A,CPC_04,FO_PC,KG_PS,AO_2026_2035,2013,33.5463333794986,A,0,2,_Z
OECD.TAD.ATM:DSD_AGR@DF_OUTLOOK_2026_2035(1.1),VNM,A,CPC_04,FO_PC,KG_PS,AO_2026_2035,2014,30.8448084043318,A,0,2,_Z
OECD.TAD.ATM:DSD_AGR@DF_OUTLOOK_2026_2035(1.1),VNM,A,CPC_04,FO_PC,KG_PS,AO_2026_2035,2015,35.7707534148716,A,0,2,_Z
OECD.TAD.ATM:DSD_AGR@DF_OUTLOOK_2026_2035(1.1),VNM,A,CPC_04,FO_PC,KG_PS,AO_2026_2035,2016,33.6969284942485,A,0,2,_Z
OECD.TAD.ATM:DSD_AGR@DF_OUTLOOK_2026_2035(1.1),VNM,A,CPC_04,FO_PC,KG_PS,AO_2026_2035,2017,36.3221307606775,A,0,2,_Z
OECD.TAD.ATM:DSD_AGR@DF_OUTLOOK_2026_2035(1.1),VNM,A,CPC_04,FO_PC,KG_PS,AO_2026_2035,2018,38.4035870222029,A,0,2,_Z
OECD.TAD.ATM:DSD_AGR@DF_OUTLOOK_2026_2035(1.1),VNM,A,CPC_04,FO_PC,KG_PS,AO_2026_2035,2019,40.6026079402327,A,0,2,_Z
OECD.TAD.ATM:DSD_AGR@DF_OUTLOOK_2026_2035(1.1),VNM,A,CPC_04,FO_PC,KG_PS,AO_2026_2035,2020,40.687406210355,A,0,2,_Z
OECD.TAD.ATM:DSD_AGR@DF_OUTLOOK_2026_2035(1.1),VNM,A,CPC_04,FO_PC,KG_PS,AO_2026_2035,2021,41.135732720454705,A,0,2,_Z
OECD.TAD.ATM:DSD_AGR@DF_OUTLOOK_2026_2035(1.1),VNM,A,CPC_04,FO_PC,KG_PS,AO_2026_2035,2022,40.5828619103676,A,0,2,_Z
OECD.TAD.ATM:DSD_AGR@DF_OUTLOOK_2026_2035(1.1),VNM,A,CPC_04,FO_PC,KG_PS,AO_2026_2035,2023,43.2318233566836,A,0,2,_Z
OECD.TAD.ATM:DSD_AGR@DF_OUTLOOK_2026_2035(1.1),VNM,A,CPC_04,FO_PC,KG_PS,AO_2026_2035,2024,42.9175313413954,A,0,2,_Z
OECD.TAD.ATM:DSD_AGR@DF_OUTLOOK_2026_2035(1.1),VNM,A,CPC_04,FO_PC,KG_PS,AO_2026_2035,2025,42.3964473028235,A,0,2,_Z
OECD.TAD.ATM:DSD_AGR@DF_OUTLOOK_2026_2035(1.1),VNM,A,CPC_04,FO_PC,KG_PS,AO_2026_2035,2026,46.21549120764249,A,0,2,_Z
OECD.TAD.ATM:DSD_AGR@DF_OUTLOOK_2026_2035(1.1),VNM,A,CPC_04,FO_PC,KG_PS,AO_2026_2035,2027,44.91210980284271,A,0,2,_Z
OECD.TAD.ATM:DSD_AGR@DF_OUTLOOK_2026_2035(1.1),VNM,A,CPC_04,FO_PC,KG_PS,AO_2026_2035,2028,45.3876504439307,A,0,2,_Z
OECD.TAD.ATM:DSD_AGR@DF_OUTLOOK_2026_2035(1.1),VNM,A,CPC_04,FO_PC,KG_PS,AO_2026_2035,2029,45.9964024302119,A,0,2,_Z
OECD.TAD.ATM:DSD_AGR@DF_OUTLOOK_2026_2035(1.1),VNM,A,CPC_04,FO_PC,KG_PS,AO_2026_2035,2030,46.408061397439106,A,0,2,_Z
OECD.TAD.ATM:DSD_AGR@DF_OUTLOOK_2026_2035(1.1),VNM,A,CPC_04,FO_PC,KG_PS,AO_2026_2035,2031,45.987889790927696,A,0,2,_Z
OECD.TAD.ATM:DSD_AGR@DF_OUTLOOK_2026_2035(1.1),VNM,A,CPC_04,FO_PC,KG_PS,AO_2026_2035,2032,46.4282400831144,A,0,2,_Z
OECD.TAD.ATM:DSD_AGR@DF_OUTLOOK_2026_2035(1.1),VNM,A,CPC_04,FO_PC,KG_PS,AO_2026_2035,2033,46.7975478984643,A,0,2,_Z
OECD.TAD.ATM:DSD_AGR@DF_OUTLOOK_2026_2035(1.1),VNM,A,CPC_04,FO_PC,KG_PS,AO_2026_2035,2034,46.827311825950304,A,0,2,_Z
OECD.TAD.ATM:DSD_AGR@DF_OUTLOOK_2026_2035(1.1),VNM,A,CPC_04,FO_PC,KG_PS,AO_2026_2035,2035,46.78699630142209,A,0,2,_Z
OECD.TAD.ATM:DSD_AGR@DF_OUTLOOK_2026_2035(1.1),JPN,A,CPC_EX_SH,FO_PC,KG_PS,AO_2026_2035,2010,0.161743118972804,A,0,2,RW
OECD.TAD.ATM:DSD_AGR@DF_OUTLOOK_2026_2035(1.1),JPN,A,CPC_EX_SH,FO_PC,KG_PS,AO_2026_2035,2011,0.16311627848643,A,0,2,RW
OECD.TAD.ATM:DSD_AGR@DF_OUTLOOK_2026_2035(1.1),JPN,A,CPC_EX_SH,FO_PC,KG_PS,AO_2026_2035,2012,0.140961664000834,A,0,2,RW
OECD.TAD.ATM:DSD_AGR@DF_OUTLOOK_2026_2035(1.1),JPN,A,CPC_EX_SH,FO_PC,KG_PS,AO_2026_2035,2013,0.09381716805123,A,0,2,RW
OECD.TAD.ATM:DSD_AGR@DF_OUTLOOK_2026_2035(1.1),JPN,A,CPC_EX_SH,FO_PC,KG_PS,AO_2026_2035,2014,0.105328192916651,A,0,2,RW
OECD.TAD.ATM:DSD_AGR@DF_OUTLOOK_2026_2035(1.1),JPN,A,CPC_EX_SH,FO_PC,KG_PS,AO_2026_2035,2015,0.0939391793084149,A,0,2,RW
OECD.TAD.ATM:DSD_AGR@DF_OUTLOOK_2026_2035(1.1),JPN,A,CPC_EX_SH,FO_PC,KG_PS,AO_2026_2035,2016,0.101794893748005,A,0,2,RW
OECD.TAD.ATM:DSD_AGR@DF_OUTLOOK_2026_2035(1.1),JPN,A,CPC_EX_SH,FO_PC,KG_PS,AO_2026_2035,2017,0.112608812873279,A,0,2,RW
OECD.TAD.ATM:DSD_AGR@DF_OUTLOOK_2026_2035(1.1),JPN,A,CPC_EX_SH,FO_PC,KG_PS,AO_2026_2035,2018,0.125277361191928,A,0,2,RW
OECD.TAD.ATM:DSD_AGR@DF_OUTLOOK_2026_2035(1.1),JPN,A,CPC_EX_SH,FO_PC,KG_PS,AO_2026_2035,2019,0.114189794816646,A,0,2,RW
OECD.TAD.ATM:DSD_AGR@DF_OUTLOOK_2026_2035(1.1),JPN,A,CPC_EX_SH,FO_PC,KG_PS,AO_2026_2035,2020,0.109513890949076,A,0,2,RW
OECD.TAD.ATM:DSD_AGR@DF_OUTLOOK_2026_2035(1.1),JPN,A,CPC_EX_SH,FO_PC,KG_PS,AO_2026_2035,2021,0.118638929920196,A,0,2,RW
OECD.TAD.ATM:DSD_AGR@DF_OUTLOOK_2026_2035(1.1),JPN,A,CPC_EX_SH,FO_PC,KG_PS,AO_2026_2035,2022,0.11070841549453,A,0,2,RW
OECD.TAD.ATM:DSD_AGR@DF_OUTLOOK_2026_2035(1.1),JPN,A,CPC_EX_SH,FO_PC,KG_PS,AO_2026_2035,2023,0.103957612711185,A,0,2,RW
OECD.TAD.ATM:DSD_AGR@DF_OUTLOOK_2026_2035(1.1),JPN,A,CPC_EX_SH,FO_PC,KG_PS,AO_2026_2035,2024,0.107836555677237,A,0,2,RW
OECD.TAD.ATM:DSD_AGR@DF_OUTLOOK_2026_2035(1.1),JPN,A,CPC_EX_SH,FO_PC,KG_PS,AO_2026_2035,2025,0.108683489660211,A,0,2,RW
OECD.TAD.ATM:DSD_AGR@DF_OUTLOOK_2026_2035(1.1),JPN,A,CPC_EX_SH,FO_PC,KG_PS,AO_2026_2035,2026,0.109233142726342,A,0,2,RW
OECD.TAD.ATM:DSD_AGR@DF_OUTLOOK_2026_2035(1.1),JPN,A,CPC_EX_SH,FO_PC,KG_PS,AO_2026_2035,2027,0.109181224711086,A,0,2,RW
OECD.TAD.ATM:DSD_AGR@DF_OUTLOOK_2026_2035(1.1),JPN,A,CPC_EX_SH,FO_PC,KG_PS,AO_2026_2035,2028,0.109971740610738,A,0,2,RW
OECD.TAD.ATM:DSD_AGR@DF_OUTLOOK_2026_2035(1.1),JPN,A,CPC_EX_SH,FO_PC,KG_PS,AO_2026_2035,2029,0.110499561712426,A,0,2,RW
OECD.TAD.ATM:DSD_AGR@DF_OUTLOOK_2026_2035(1.1),JPN,A,CPC_EX_SH,FO_PC,KG_PS,AO_2026_2035,2030,0.111027478122419,A,0,2,RW
OECD.TAD.ATM:DSD_AGR@DF_OUTLOOK_2026_2035(1.1),JPN,A,CPC_EX_SH,FO_PC,KG_PS,AO_2026_2035,2031,0.111332137865916,A,0,2,RW
OECD.TAD.ATM:DSD_AGR@DF_OUTLOOK_2026_2035(1.1),JPN,A,CPC_EX_SH,FO_PC,KG_PS,AO_2026_2035,2032,0.111707512435437,A,0,2,RW
OECD.TAD.ATM:DSD_AGR@DF_OUTLOOK_2026_2035(1.1),JPN,A,CPC_EX_SH,FO_PC,KG_PS,AO_2026_2035,2033,0.112035444870489,A,0,2,RW
OECD.TAD.ATM:DSD_AGR@DF_OUTLOOK_2026_2035(1.1),JPN,A,CPC_EX_SH,FO_PC,KG_PS,AO_2026_2035,2034,0.112388567911118,A,0,2,RW
OECD.TAD.ATM:DSD_AGR@DF_OUTLOOK_2026_2035(1.1),JPN,A,CPC_EX_SH,FO_PC,KG_PS,AO_2026_2035,2035,0.112712983244786,A,0,2,RW
OECD.TAD.ATM:DSD_AGR@DF_OUTLOOK_2026_2035(1.1),KOR,A,CPC_EX_SH,FO_PC,KG_PS,AO_2026_2035,2010,0.0751447204200465,A,0,2,RW
OECD.TAD.ATM:DSD_AGR@DF_OUTLOOK_2026_2035(1.1),KOR,A,CPC_EX_SH,FO_PC,KG_PS,AO_2026_2035,2011,0.0853453669053151,A,0,2,RW
OECD.TAD.ATM:DSD_AGR@DF_OUTLOOK_2026_2035(1.1),KOR,A,CPC_EX_SH,FO_PC,KG_PS,AO_2026_2035,2012,0.0873800581271361,A,0,2,RW
OECD.TAD.ATM:DSD_AGR@DF_OUTLOOK_2026_2035(1.1),KOR,A,CPC_EX_SH,FO_PC,KG_PS,AO_2026_2035,2013,0.0853279754794112,A,0,2,RW
OECD.TAD.ATM:DSD_AGR@DF_OUTLOOK_2026_2035(1.1),KOR,A,CPC_EX_SH,FO_PC,KG_PS,AO_2026_2035,2014,0.111300832850243,A,0,2,RW
OECD.TAD.ATM:DSD_AGR@DF_OUTLOOK_2026_2035(1.1),KOR,A,CPC_EX_SH,FO_PC,KG_PS,AO_2026_2035,2015,0.13925956718775,A,0,2,RW
OECD.TAD.ATM:DSD_AGR@DF_OUTLOOK_2026_2035(1.1),KOR,A,CPC_EX_SH,FO_PC,KG_PS,AO_2026_2035,2016,0.181997192422981,A,0,2,RW
OECD.TAD.ATM:DSD_AGR@DF_OUTLOOK_2026_2035(1.1),KOR,A,CPC_EX_SH,FO_PC,KG_PS,AO_2026_2035,2017,0.234440254341856,A,0,2,RW
OECD.TAD.ATM:DSD_AGR@DF_OUTLOOK_2026_2035(1.1),KOR,A,CPC_EX_SH,FO_PC,KG_PS,AO_2026_2035,2018,0.237306546521414,A,0,2,RW
OECD.TAD.ATM:DSD_AGR@DF_OUTLOOK_2026_2035(1.1),KOR,A,CPC_EX_SH,FO_PC,KG_PS,AO_2026_2035,2019,0.23428530936942,A,0,2,RW
OECD.TAD.ATM:DSD_AGR@DF_OUTLOOK_2026_2035(1.1),KOR,A,CPC_EX_SH,FO_PC,KG_PS,AO_2026_2035,2020,0.241500948805877,A,0,2,RW
OECD.TAD.ATM:DSD_AGR@DF_OUTLOOK_2026_2035(1.1),KOR,A,CPC_EX_SH,FO_PC,KG_PS,AO_2026_2035,2021,0.274133963140907,A,0,2,RW
OECD.TAD.ATM:DSD_AGR@DF_OUTLOOK_2026_2035(1.1),KOR,A,CPC_EX_SH,FO_PC,KG_PS,AO_2026_2035,2022,0.3627792543428,A,0,2,RW
OECD.TAD.ATM:DSD_AGR@DF_OUTLOOK_2026_2035(1.1),KOR,A,CPC_EX_SH,FO_PC,KG_PS,AO_2026_2035,2023,0.441990601873416,A,0,2,RW
OECD.TAD.ATM:DSD_AGR@DF_OUTLOOK_2026_2035(1.1),KOR,A,CPC_EX_SH,FO_PC,KG_PS,AO_2026_2035,2024,0.392976718339377,A,0,2,RW
OECD.TAD.ATM:DSD_AGR@DF_OUTLOOK_2026_2035(1.1),KOR,A,CPC_EX_SH,FO_PC,KG_PS,AO_2026_2035,2025,0.40003950382936704,A,0,2,RW
OECD.TAD.ATM:DSD_AGR@DF_OUTLOOK_2026_2035(1.1),KOR,A,CPC_EX_SH,FO_PC,KG_PS,AO_2026_2035,2026,0.400798725265773,A,0,2,RW
OECD.TAD.ATM:DSD_AGR@DF_OUTLOOK_2026_2035(1.1),KOR,A,CPC_EX_SH,FO_PC,KG_PS,AO_2026_2035,2027,0.40167371726144896,A,0,2,RW
OECD.TAD.ATM:DSD_AGR@DF_OUTLOOK_2026_2035(1.1),KOR,A,CPC_EX_SH,FO_PC,KG_PS,AO_2026_2035,2028,0.40262217732778,A,0,2,RW
OECD.TAD.ATM:DSD_AGR@DF_OUTLOOK_2026_2035(1.1),KOR,A,CPC_EX_SH,FO_PC,KG_PS,AO_2026_2035,2029,0.40370263559087294,A,0,2,RW
OECD.TAD.ATM:DSD_AGR@DF_OUTLOOK_2026_2035(1.1),KOR,A,CPC_EX_SH,FO_PC,KG_PS,AO_2026_2035,2030,0.404955984292682,A,0,2,RW
OECD.TAD.ATM:DSD_AGR@DF_OUTLOOK_2026_2035(1.1),KOR,A,CPC_EX_SH,FO_PC,KG_PS,AO_2026_2035,2031,0.406317333638198,A,0,2,RW
OECD.TAD.ATM:DSD_AGR@DF_OUTLOOK_2026_2035(1.1),KOR,A,CPC_EX_SH,FO_PC,KG_PS,AO_2026_2035,2032,0.40780343786262,A,0,2,RW
OECD.TAD.ATM:DSD_AGR@DF_OUTLOOK_2026_2035(1.1),KOR,A,CPC_EX_SH,FO_PC,KG_PS,AO_2026_2035,2033,0.409454632203511,A,0,2,RW
OECD.TAD.ATM:DSD_AGR@DF_OUTLOOK_2026_2035(1.1),KOR,A,CPC_EX_SH,FO_PC,KG_PS,AO_2026_2035,2034,0.411279564585686,A,0,2,RW
OECD.TAD.ATM:DSD_AGR@DF_OUTLOOK_2026_2035(1.1),KOR,A,CPC_EX_SH,FO_PC,KG_PS,AO_2026_2035,2035,0.413275926878874,A,0,2,RW
OECD.TAD.ATM:DSD_AGR@DF_OUTLOOK_2026_2035(1.1),CHN,A,CPC_EX_SH,FO_PC,KG_PS,AO_2026_2035,2010,1.93429173778688,A,0,2,RW
OECD.TAD.ATM:DSD_AGR@DF_OUTLOOK_2026_2035(1.1),CHN,A,CPC_EX_SH,FO_PC,KG_PS,AO_2026_2035,2011,1.89768996803357,A,0,2,RW
OECD.TAD.ATM:DSD_AGR@DF_OUTLOOK_2026_2035(1.1),CHN,A,CPC_EX_SH,FO_PC,KG_PS,AO_2026_2035,2012,1.93621657732629,A,0,2,RW
OECD.TAD.ATM:DSD_AGR@DF_OUTLOOK_2026_2035(1.1),CHN,A,CPC_EX_SH,FO_PC,KG_PS,AO_2026_2035,2013,2.01111257607431,A,0,2,RW
OECD.TAD.ATM:DSD_AGR@DF_OUTLOOK_2026_2035(1.1),CHN,A,CPC_EX_SH,FO_PC,KG_PS,AO_2026_2035,2014,2.08555249698942,A,0,2,RW
OECD.TAD.ATM:DSD_AGR@DF_OUTLOOK_2026_2035(1.1),CHN,A,CPC_EX_SH,FO_PC,KG_PS,AO_2026_2035,2015,2.10095808484027,A,0,2,RW
OECD.TAD.ATM:DSD_AGR@DF_OUTLOOK_2026_2035(1.1),CHN,A,CPC_EX_SH,FO_PC,KG_PS,AO_2026_2035,2016,2.17805507044937,A,0,2,RW
OECD.TAD.ATM:DSD_AGR@DF_OUTLOOK_2026_2035(1.1),CHN,A,CPC_EX_SH,FO_PC,KG_PS,AO_2026_2035,2017,2.22503383965762,A,0,2,RW
OECD.TAD.ATM:DSD_AGR@DF_OUTLOOK_2026_2035(1.1),CHN,A,CPC_EX_SH,FO_PC,KG_PS,AO_2026_2035,2018,2.26330584674269,A,0,2,RW
OECD.TAD.ATM:DSD_AGR@DF_OUTLOOK_2026_2035(1.1),CHN,A,CPC_EX_SH,FO_PC,KG_PS,AO_2026_2035,2019,2.33395211809283,A,0,2,RW
OECD.TAD.ATM:DSD_AGR@DF_OUTLOOK_2026_2035(1.1),CHN,A,CPC_EX_SH,FO_PC,KG_PS,AO_2026_2035,2020,2.34102226038435,A,0,2,RW
OECD.TAD.ATM:DSD_AGR@DF_OUTLOOK_2026_2035(1.1),CHN,A,CPC_EX_SH,FO_PC,KG_PS,AO_2026_2035,2021,2.46660028468627,A,0,2,RW
OECD.TAD.ATM:DSD_AGR@DF_OUTLOOK_2026_2035(1.1),CHN,A,CPC_EX_SH,FO_PC,KG_PS,AO_2026_2035,2022,2.49332110943775,A,0,2,RW
OECD.TAD.ATM:DSD_AGR@DF_OUTLOOK_2026_2035(1.1),CHN,A,CPC_EX_SH,FO_PC,KG_PS,AO_2026_2035,2023,2.56150050534671,A,0,2,RW
OECD.TAD.ATM:DSD_AGR@DF_OUTLOOK_2026_2035(1.1),CHN,A,CPC_EX_SH,FO_PC,KG_PS,AO_2026_2035,2024,2.47712738511551,A,0,2,RW
OECD.TAD.ATM:DSD_AGR@DF_OUTLOOK_2026_2035(1.1),CHN,A,CPC_EX_SH,FO_PC,KG_PS,AO_2026_2035,2025,2.43474832089404,A,0,2,RW
OECD.TAD.ATM:DSD_AGR@DF_OUTLOOK_2026_2035(1.1),CHN,A,CPC_EX_SH,FO_PC,KG_PS,AO_2026_2035,2026,2.49314803774513,A,0,2,RW
OECD.TAD.ATM:DSD_AGR@DF_OUTLOOK_2026_2035(1.1),CHN,A,CPC_EX_SH,FO_PC,KG_PS,AO_2026_2035,2027,2.59383958409198,A,0,2,RW
OECD.TAD.ATM:DSD_AGR@DF_OUTLOOK_2026_2035(1.1),CHN,A,CPC_EX_SH,FO_PC,KG_PS,AO_2026_2035,2028,2.61897309595142,A,0,2,RW
OECD.TAD.ATM:DSD_AGR@DF_OUTLOOK_2026_2035(1.1),CHN,A,CPC_EX_SH,FO_PC,KG_PS,AO_2026_2035,2029,2.64113770136261,A,0,2,RW
OECD.TAD.ATM:DSD_AGR@DF_OUTLOOK_2026_2035(1.1),CHN,A,CPC_EX_SH,FO_PC,KG_PS,AO_2026_2035,2030,2.66568105698126,A,0,2,RW
OECD.TAD.ATM:DSD_AGR@DF_OUTLOOK_2026_2035(1.1),CHN,A,CPC_EX_SH,FO_PC,KG_PS,AO_2026_2035,2031,2.68892977409139,A,0,2,RW
OECD.TAD.ATM:DSD_AGR@DF_OUTLOOK_2026_2035(1.1),CHN,A,CPC_EX_SH,FO_PC,KG_PS,AO_2026_2035,2032,2.71379119220672,A,0,2,RW
OECD.TAD.ATM:DSD_AGR@DF_OUTLOOK_2026_2035(1.1),CHN,A,CPC_EX_SH,FO_PC,KG_PS,AO_2026_2035,2033,2.73893497037221,A,0,2,RW
OECD.TAD.ATM:DSD_AGR@DF_OUTLOOK_2026_2035(1.1),CHN,A,CPC_EX_SH,FO_PC,KG_PS,AO_2026_2035,2034,2.76512805836929,A,0,2,RW
OECD.TAD.ATM:DSD_AGR@DF_OUTLOOK_2026_2035(1.1),CHN,A,CPC_EX_SH,FO_PC,KG_PS,AO_2026_2035,2035,2.79181866299034,A,0,2,RW
OECD.TAD.ATM:DSD_AGR@DF_OUTLOOK_2026_2035(1.1),IDN,A,CPC_EX_SH,FO_PC,KG_PS,AO_2026_2035,2010,0.25916799306881,A,0,2,RW
OECD.TAD.ATM:DSD_AGR@DF_OUTLOOK_2026_2035(1.1),IDN,A,CPC_EX_SH,FO_PC,KG_PS,AO_2026_2035,2011,0.255390490901446,A,0,2,RW
OECD.TAD.ATM:DSD_AGR@DF_OUTLOOK_2026_2035(1.1),IDN,A,CPC_EX_SH,FO_PC,KG_PS,AO_2026_2035,2012,0.243948199290903,A,0,2,RW
OECD.TAD.ATM:DSD_AGR@DF_OUTLOOK_2026_2035(1.1),IDN,A,CPC_EX_SH,FO_PC,KG_PS,AO_2026_2035,2013,0.234633768714308,A,0,2,RW
OECD.TAD.ATM:DSD_AGR@DF_OUTLOOK_2026_2035(1.1),IDN,A,CPC_EX_SH,FO_PC,KG_PS,AO_2026_2035,2014,0.239827324131333,A,0,2,RW
OECD.TAD.ATM:DSD_AGR@DF_OUTLOOK_2026_2035(1.1),IDN,A,CPC_EX_SH,FO_PC,KG_PS,AO_2026_2035,2015,0.239543387914746,A,0,2,RW
OECD.TAD.ATM:DSD_AGR@DF_OUTLOOK_2026_2035(1.1),IDN,A,CPC_EX_SH,FO_PC,KG_PS,AO_2026_2035,2016,0.248296967121232,A,0,2,RW
OECD.TAD.ATM:DSD_AGR@DF_OUTLOOK_2026_2035(1.1),IDN,A,CPC_EX_SH,FO_PC,KG_PS,AO_2026_2035,2017,0.277758945170803,A,0,2,RW
OECD.TAD.ATM:DSD_AGR@DF_OUTLOOK_2026_2035(1.1),IDN,A,CPC_EX_SH,FO_PC,KG_PS,AO_2026_2035,2018,0.334513126154873,A,0,2,RW
OECD.TAD.ATM:DSD_AGR@DF_OUTLOOK_2026_2035(1.1),IDN,A,CPC_EX_SH,FO_PC,KG_PS,AO_2026_2035,2019,0.312325526694942,A,0,2,RW
OECD.TAD.ATM:DSD_AGR@DF_OUTLOOK_2026_2035(1.1),IDN,A,CPC_EX_SH,FO_PC,KG_PS,AO_2026_2035,2020,0.247622139591214,A,0,2,RW
OECD.TAD.ATM:DSD_AGR@DF_OUTLOOK_2026_2035(1.1),IDN,A,CPC_EX_SH,FO_PC,KG_PS,AO_2026_2035,2021,0.233578763523396,A,0,2,RW
OECD.TAD.ATM:DSD_AGR@DF_OUTLOOK_2026_2035(1.1),IDN,A,CPC_EX_SH,FO_PC,KG_PS,AO_2026_2035,2022,0.253305709191425,A,0,2,RW
OECD.TAD.ATM:DSD_AGR@DF_OUTLOOK_2026_2035(1.1),IDN,A,CPC_EX_SH,FO_PC,KG_PS,AO_2026_2035,2023,0.244182812312312,A,0,2,RW
OECD.TAD.ATM:DSD_AGR@DF_OUTLOOK_2026_2035(1.1),IDN,A,CPC_EX_SH,FO_PC,KG_PS,AO_2026_2035,2024,0.197562976324113,A,0,2,RW
OECD.TAD.ATM:DSD_AGR@DF_OUTLOOK_2026_2035(1.1),IDN,A,CPC_EX_SH,FO_PC,KG_PS,AO_2026_2035,2025,0.188309178094787,A,0,2,RW
OECD.TAD.ATM:DSD_AGR@DF_OUTLOOK_2026_2035(1.1),IDN,A,CPC_EX_SH,FO_PC,KG_PS,AO_2026_2035,2026,0.19160879070011,A,0,2,RW
OECD.TAD.ATM:DSD_AGR@DF_OUTLOOK_2026_2035(1.1),IDN,A,CPC_EX_SH,FO_PC,KG_PS,AO_2026_2035,2027,0.19382495788933,A,0,2,RW
OECD.TAD.ATM:DSD_AGR@DF_OUTLOOK_2026_2035(1.1),IDN,A,CPC_EX_SH,FO_PC,KG_PS,AO_2026_2035,2028,0.19744014478488,A,0,2,RW
OECD.TAD.ATM:DSD_AGR@DF_OUTLOOK_2026_2035(1.1),IDN,A,CPC_EX_SH,FO_PC,KG_PS,AO_2026_2035,2029,0.200305710226749,A,0,2,RW
OECD.TAD.ATM:DSD_AGR@DF_OUTLOOK_2026_2035(1.1),IDN,A,CPC_EX_SH,FO_PC,KG_PS,AO_2026_2035,2030,0.203181757361053,A,0,2,RW
OECD.TAD.ATM:DSD_AGR@DF_OUTLOOK_2026_2035(1.1),IDN,A,CPC_EX_SH,FO_PC,KG_PS,AO_2026_2035,2031,0.205404803285229,A,0,2,RW
OECD.TAD.ATM:DSD_AGR@DF_OUTLOOK_2026_2035(1.1),IDN,A,CPC_EX_SH,FO_PC,KG_PS,AO_2026_2035,2032,0.207897874967198,A,0,2,RW
OECD.TAD.ATM:DSD_AGR@DF_OUTLOOK_2026_2035(1.1),IDN,A,CPC_EX_SH,FO_PC,KG_PS,AO_2026_2035,2033,0.210118936547292,A,0,2,RW
OECD.TAD.ATM:DSD_AGR@DF_OUTLOOK_2026_2035(1.1),IDN,A,CPC_EX_SH,FO_PC,KG_PS,AO_2026_2035,2034,0.212300097454238,A,0,2,RW
OECD.TAD.ATM:DSD_AGR@DF_OUTLOOK_2026_2035(1.1),IDN,A,CPC_EX_SH,FO_PC,KG_PS,AO_2026_2035,2035,0.214342537942164,A,0,2,RW
OECD.TAD.ATM:DSD_AGR@DF_OUTLOOK_2026_2035(1.1),MYS,A,CPC_EX_SH,FO_PC,KG_PS,AO_2026_2035,2010,0.56604416978362,A,0,2,RW
OECD.TAD.ATM:DSD_AGR@DF_OUTLOOK_2026_2035(1.1),MYS,A,CPC_EX_SH,FO_PC,KG_PS,AO_2026_2035,2011,0.468772682520485,A,0,2,RW
OECD.TAD.ATM:DSD_AGR@DF_OUTLOOK_2026_2035(1.1),MYS,A,CPC_EX_SH,FO_PC,KG_PS,AO_2026_2035,2012,0.551154381401752,A,0,2,RW
OECD.TAD.ATM:DSD_AGR@DF_OUTLOOK_2026_2035(1.1),MYS,A,CPC_EX_SH,FO_PC,KG_PS,AO_2026_2035,2013,0.644420979796317,A,0,2,RW
OECD.TAD.ATM:DSD_AGR@DF_OUTLOOK_2026_2035(1.1),MYS,A,CPC_EX_SH,FO_PC,KG_PS,AO_2026_2035,2014,0.7607342330475071,A,0,2,RW
OECD.TAD.ATM:DSD_AGR@DF_OUTLOOK_2026_2035(1.1),MYS,A,CPC_EX_SH,FO_PC,KG_PS,AO_2026_2035,2015,0.8142479766007901,A,0,2,RW
OECD.TAD.ATM:DSD_AGR@DF_OUTLOOK_2026_2035(1.1),MYS,A,CPC_EX_SH,FO_PC,KG_PS,AO_2026_2035,2016,0.782316828301369,A,0,2,RW
OECD.TAD.ATM:DSD_AGR@DF_OUTLOOK_2026_2035(1.1),MYS,A,CPC_EX_SH,FO_PC,KG_PS,AO_2026_2035,2017,0.8606138288141849,A,0,2,RW
OECD.TAD.ATM:DSD_AGR@DF_OUTLOOK_2026_2035(1.1),MYS,A,CPC_EX_SH,FO_PC,KG_PS,AO_2026_2035,2018,0.7962986246353779,A,0,2,RW
OECD.TAD.ATM:DSD_AGR@DF_OUTLOOK_2026_2035(1.1),MYS,A,CPC_EX_SH,FO_PC,KG_PS,AO_2026_2035,2019,0.687977228136116,A,0,2,RW
OECD.TAD.ATM:DSD_AGR@DF_OUTLOOK_2026_2035(1.1),MYS,A,CPC_EX_SH,FO_PC,KG_PS,AO_2026_2035,2020,0.7958982879302621,A,0,2,RW
OECD.TAD.ATM:DSD_AGR@DF_OUTLOOK_2026_2035(1.1),MYS,A,CPC_EX_SH,FO_PC,KG_PS,AO_2026_2035,2021,0.6195729403389271,A,0,2,RW
OECD.TAD.ATM:DSD_AGR@DF_OUTLOOK_2026_2035(1.1),MYS,A,CPC_EX_SH,FO_PC,KG_PS,AO_2026_2035,2022,0.8713784558230061,A,0,2,RW
OECD.TAD.ATM:DSD_AGR@DF_OUTLOOK_2026_2035(1.1),MYS,A,CPC_EX_SH,FO_PC,KG_PS,AO_2026_2035,2023,0.7574622148345459,A,0,2,RW
OECD.TAD.ATM:DSD_AGR@DF_OUTLOOK_2026_2035(1.1),MYS,A,CPC_EX_SH,FO_PC,KG_PS,AO_2026_2035,2024,0.920162189500905,A,0,2,RW
OECD.TAD.ATM:DSD_AGR@DF_OUTLOOK_2026_2035(1.1),MYS,A,CPC_EX_SH,FO_PC,KG_PS,AO_2026_2035,2025,0.9278995927153901,A,0,2,RW
OECD.TAD.ATM:DSD_AGR@DF_OUTLOOK_2026_2035(1.1),MYS,A,CPC_EX_SH,FO_PC,KG_PS,AO_2026_2035,2026,0.945387435524572,A,0,2,RW
OECD.TAD.ATM:DSD_AGR@DF_OUTLOOK_2026_2035(1.1),MYS,A,CPC_EX_SH,FO_PC,KG_PS,AO_2026_2035,2027,0.978924356159215,A,0,2,RW
OECD.TAD.ATM:DSD_AGR@DF_OUTLOOK_2026_2035(1.1),MYS,A,CPC_EX_SH,FO_PC,KG_PS,AO_2026_2035,2028,0.99977770109464,A,0,2,RW
OECD.TAD.ATM:DSD_AGR@DF_OUTLOOK_2026_2035(1.1),MYS,A,CPC_EX_SH,FO_PC,KG_PS,AO_2026_2035,2029,1.01713651650495,A,0,2,RW
OECD.TAD.ATM:DSD_AGR@DF_OUTLOOK_2026_2035(1.1),MYS,A,CPC_EX_SH,FO_PC,KG_PS,AO_2026_2035,2030,1.03544900711936,A,0,2,RW
OECD.TAD.ATM:DSD_AGR@DF_OUTLOOK_2026_2035(1.1),MYS,A,CPC_EX_SH,FO_PC,KG_PS,AO_2026_2035,2031,1.05126012245713,A,0,2,RW
OECD.TAD.ATM:DSD_AGR@DF_OUTLOOK_2026_2035(1.1),MYS,A,CPC_EX_SH,FO_PC,KG_PS,AO_2026_2035,2032,1.06927829380469,A,0,2,RW
OECD.TAD.ATM:DSD_AGR@DF_OUTLOOK_2026_2035(1.1),MYS,A,CPC_EX_SH,FO_PC,KG_PS,AO_2026_2035,2033,1.08657877015968,A,0,2,RW
OECD.TAD.ATM:DSD_AGR@DF_OUTLOOK_2026_2035(1.1),MYS,A,CPC_EX_SH,FO_PC,KG_PS,AO_2026_2035,2034,1.10264055063485,A,0,2,RW
OECD.TAD.ATM:DSD_AGR@DF_OUTLOOK_2026_2035(1.1),MYS,A,CPC_EX_SH,FO_PC,KG_PS,AO_2026_2035,2035,1.11779143406053,A,0,2,RW
OECD.TAD.ATM:DSD_AGR@DF_OUTLOOK_2026_2035(1.1),PHL,A,CPC_EX_SH,FO_PC,KG_PS,AO_2026_2035,2010,0.37347598935529297,A,0,2,RW
OECD.TAD.ATM:DSD_AGR@DF_OUTLOOK_2026_2035(1.1),PHL,A,CPC_EX_SH,FO_PC,KG_PS,AO_2026_2035,2011,0.366927533702018,A,0,2,RW
OECD.TAD.ATM:DSD_AGR@DF_OUTLOOK_2026_2035(1.1),PHL,A,CPC_EX_SH,FO_PC,KG_PS,AO_2026_2035,2012,0.351792618369988,A,0,2,RW
OECD.TAD.ATM:DSD_AGR@DF_OUTLOOK_2026_2035(1.1),PHL,A,CPC_EX_SH,FO_PC,KG_PS,AO_2026_2035,2013,0.347331131300176,A,0,2,RW
OECD.TAD.ATM:DSD_AGR@DF_OUTLOOK_2026_2035(1.1),PHL,A,CPC_EX_SH,FO_PC,KG_PS,AO_2026_2035,2014,0.34768948272468,A,0,2,RW
OECD.TAD.ATM:DSD_AGR@DF_OUTLOOK_2026_2035(1.1),PHL,A,CPC_EX_SH,FO_PC,KG_PS,AO_2026_2035,2015,0.350225097929295,A,0,2,RW
OECD.TAD.ATM:DSD_AGR@DF_OUTLOOK_2026_2035(1.1),PHL,A,CPC_EX_SH,FO_PC,KG_PS,AO_2026_2035,2016,0.299798479217289,A,0,2,RW
OECD.TAD.ATM:DSD_AGR@DF_OUTLOOK_2026_2035(1.1),PHL,A,CPC_EX_SH,FO_PC,KG_PS,AO_2026_2035,2017,0.250360374141893,A,0,2,RW
OECD.TAD.ATM:DSD_AGR@DF_OUTLOOK_2026_2035(1.1),PHL,A,CPC_EX_SH,FO_PC,KG_PS,AO_2026_2035,2018,0.203528869344033,A,0,2,RW
OECD.TAD.ATM:DSD_AGR@DF_OUTLOOK_2026_2035(1.1),PHL,A,CPC_EX_SH,FO_PC,KG_PS,AO_2026_2035,2019,0.199709221254916,A,0,2,RW
OECD.TAD.ATM:DSD_AGR@DF_OUTLOOK_2026_2035(1.1),PHL,A,CPC_EX_SH,FO_PC,KG_PS,AO_2026_2035,2020,0.182477755358433,A,0,2,RW
OECD.TAD.ATM:DSD_AGR@DF_OUTLOOK_2026_2035(1.1),PHL,A,CPC_EX_SH,FO_PC,KG_PS,AO_2026_2035,2021,0.184317299752026,A,0,2,RW
OECD.TAD.ATM:DSD_AGR@DF_OUTLOOK_2026_2035(1.1),PHL,A,CPC_EX_SH,FO_PC,KG_PS,AO_2026_2035,2022,0.178327564034423,A,0,2,RW
OECD.TAD.ATM:DSD_AGR@DF_OUTLOOK_2026_2035(1.1),PHL,A,CPC_EX_SH,FO_PC,KG_PS,AO_2026_2035,2023,0.169409278741325,A,0,2,RW
OECD.TAD.ATM:DSD_AGR@DF_OUTLOOK_2026_2035(1.1),PHL,A,CPC_EX_SH,FO_PC,KG_PS,AO_2026_2035,2024,0.160827082353176,A,0,2,RW
OECD.TAD.ATM:DSD_AGR@DF_OUTLOOK_2026_2035(1.1),PHL,A,CPC_EX_SH,FO_PC,KG_PS,AO_2026_2035,2025,0.153027225879249,A,0,2,RW
OECD.TAD.ATM:DSD_AGR@DF_OUTLOOK_2026_2035(1.1),PHL,A,CPC_EX_SH,FO_PC,KG_PS,AO_2026_2035,2026,0.153055922331709,A,0,2,RW
OECD.TAD.ATM:DSD_AGR@DF_OUTLOOK_2026_2035(1.1),PHL,A,CPC_EX_SH,FO_PC,KG_PS,AO_2026_2035,2027,0.152761822830282,A,0,2,RW
OECD.TAD.ATM:DSD_AGR@DF_OUTLOOK_2026_2035(1.1),PHL,A,CPC_EX_SH,FO_PC,KG_PS,AO_2026_2035,2028,0.152579624568132,A,0,2,RW
OECD.TAD.ATM:DSD_AGR@DF_OUTLOOK_2026_2035(1.1),PHL,A,CPC_EX_SH,FO_PC,KG_PS,AO_2026_2035,2029,0.152386195315402,A,0,2,RW
OECD.TAD.ATM:DSD_AGR@DF_OUTLOOK_2026_2035(1.1),PHL,A,CPC_EX_SH,FO_PC,KG_PS,AO_2026_2035,2030,0.1520795542544,A,0,2,RW
OECD.TAD.ATM:DSD_AGR@DF_OUTLOOK_2026_2035(1.1),PHL,A,CPC_EX_SH,FO_PC,KG_PS,AO_2026_2035,2031,0.151658634703774,A,0,2,RW
OECD.TAD.ATM:DSD_AGR@DF_OUTLOOK_2026_2035(1.1),PHL,A,CPC_EX_SH,FO_PC,KG_PS,AO_2026_2035,2032,0.151260255186055,A,0,2,RW
OECD.TAD.ATM:DSD_AGR@DF_OUTLOOK_2026_2035(1.1),PHL,A,CPC_EX_SH,FO_PC,KG_PS,AO_2026_2035,2033,0.150855812092779,A,0,2,RW
OECD.TAD.ATM:DSD_AGR@DF_OUTLOOK_2026_2035(1.1),PHL,A,CPC_EX_SH,FO_PC,KG_PS,AO_2026_2035,2034,0.150454703622342,A,0,2,RW
OECD.TAD.ATM:DSD_AGR@DF_OUTLOOK_2026_2035(1.1),PHL,A,CPC_EX_SH,FO_PC,KG_PS,AO_2026_2035,2035,0.15005465255166,A,0,2,RW
OECD.TAD.ATM:DSD_AGR@DF_OUTLOOK_2026_2035(1.1),THA,A,CPC_EX_SH,FO_PC,KG_PS,AO_2026_2035,2010,0.0214219868772786,A,0,2,RW
OECD.TAD.ATM:DSD_AGR@DF_OUTLOOK_2026_2035(1.1),THA,A,CPC_EX_SH,FO_PC,KG_PS,AO_2026_2035,2011,0.0248706999429891,A,0,2,RW
OECD.TAD.ATM:DSD_AGR@DF_OUTLOOK_2026_2035(1.1),THA,A,CPC_EX_SH,FO_PC,KG_PS,AO_2026_2035,2012,0.0274922079162408,A,0,2,RW
OECD.TAD.ATM:DSD_AGR@DF_OUTLOOK_2026_2035(1.1),THA,A,CPC_EX_SH,FO_PC,KG_PS,AO_2026_2035,2013,0.0303874827321884,A,0,2,RW
OECD.TAD.ATM:DSD_AGR@DF_OUTLOOK_2026_2035(1.1),THA,A,CPC_EX_SH,FO_PC,KG_PS,AO_2026_2035,2014,0.0300393198303467,A,0,2,RW
OECD.TAD.ATM:DSD_AGR@DF_OUTLOOK_2026_2035(1.1),THA,A,CPC_EX_SH,FO_PC,KG_PS,AO_2026_2035,2015,0.0303612183746497,A,0,2,RW
OECD.TAD.ATM:DSD_AGR@DF_OUTLOOK_2026_2035(1.1),THA,A,CPC_EX_SH,FO_PC,KG_PS,AO_2026_2035,2016,0.0325201847928219,A,0,2,RW
OECD.TAD.ATM:DSD_AGR@DF_OUTLOOK_2026_2035(1.1),THA,A,CPC_EX_SH,FO_PC,KG_PS,AO_2026_2035,2017,0.0306369935505739,A,0,2,RW
OECD.TAD.ATM:DSD_AGR@DF_OUTLOOK_2026_2035(1.1),THA,A,CPC_EX_SH,FO_PC,KG_PS,AO_2026_2035,2018,0.0325308310666114,A,0,2,RW
OECD.TAD.ATM:DSD_AGR@DF_OUTLOOK_2026_2035(1.1),THA,A,CPC_EX_SH,FO_PC,KG_PS,AO_2026_2035,2019,0.0305082278972641,A,0,2,RW
OECD.TAD.ATM:DSD_AGR@DF_OUTLOOK_2026_2035(1.1),THA,A,CPC_EX_SH,FO_PC,KG_PS,AO_2026_2035,2020,0.0258409739802516,A,0,2,RW
OECD.TAD.ATM:DSD_AGR@DF_OUTLOOK_2026_2035(1.1),THA,A,CPC_EX_SH,FO_PC,KG_PS,AO_2026_2035,2021,0.0242803355368765,A,0,2,RW
OECD.TAD.ATM:DSD_AGR@DF_OUTLOOK_2026_2035(1.1),THA,A,CPC_EX_SH,FO_PC,KG_PS,AO_2026_2035,2022,0.0299719059871619,A,0,2,RW
OECD.TAD.ATM:DSD_AGR@DF_OUTLOOK_2026_2035(1.1),THA,A,CPC_EX_SH,FO_PC,KG_PS,AO_2026_2035,2023,0.0299318878922578,A,0,2,RW
OECD.TAD.ATM:DSD_AGR@DF_OUTLOOK_2026_2035(1.1),THA,A,CPC_EX_SH,FO_PC,KG_PS,AO_2026_2035,2024,0.0333588378416163,A,0,2,RW
OECD.TAD.ATM:DSD_AGR@DF_OUTLOOK_2026_2035(1.1),THA,A,CPC_EX_SH,FO_PC,KG_PS,AO_2026_2035,2025,0.0345130552426404,A,0,2,RW
OECD.TAD.ATM:DSD_AGR@DF_OUTLOOK_2026_2035(1.1),THA,A,CPC_EX_SH,FO_PC,KG_PS,AO_2026_2035,2026,0.0350232037719645,A,0,2,RW
OECD.TAD.ATM:DSD_AGR@DF_OUTLOOK_2026_2035(1.1),THA,A,CPC_EX_SH,FO_PC,KG_PS,AO_2026_2035,2027,0.0364400537611029,A,0,2,RW
OECD.TAD.ATM:DSD_AGR@DF_OUTLOOK_2026_2035(1.1),THA,A,CPC_EX_SH,FO_PC,KG_PS,AO_2026_2035,2028,0.0374346196998074,A,0,2,RW
OECD.TAD.ATM:DSD_AGR@DF_OUTLOOK_2026_2035(1.1),THA,A,CPC_EX_SH,FO_PC,KG_PS,AO_2026_2035,2029,0.0383096022126615,A,0,2,RW
OECD.TAD.ATM:DSD_AGR@DF_OUTLOOK_2026_2035(1.1),THA,A,CPC_EX_SH,FO_PC,KG_PS,AO_2026_2035,2030,0.0392273724863186,A,0,2,RW
OECD.TAD.ATM:DSD_AGR@DF_OUTLOOK_2026_2035(1.1),THA,A,CPC_EX_SH,FO_PC,KG_PS,AO_2026_2035,2031,0.0401411351130023,A,0,2,RW
OECD.TAD.ATM:DSD_AGR@DF_OUTLOOK_2026_2035(1.1),THA,A,CPC_EX_SH,FO_PC,KG_PS,AO_2026_2035,2032,0.041149072172764,A,0,2,RW
OECD.TAD.ATM:DSD_AGR@DF_OUTLOOK_2026_2035(1.1),THA,A,CPC_EX_SH,FO_PC,KG_PS,AO_2026_2035,2033,0.0421127689094222,A,0,2,RW
OECD.TAD.ATM:DSD_AGR@DF_OUTLOOK_2026_2035(1.1),THA,A,CPC_EX_SH,FO_PC,KG_PS,AO_2026_2035,2034,0.0430340137244008,A,0,2,RW
OECD.TAD.ATM:DSD_AGR@DF_OUTLOOK_2026_2035(1.1),THA,A,CPC_EX_SH,FO_PC,KG_PS,AO_2026_2035,2035,0.0438901798504342,A,0,2,RW
OECD.TAD.ATM:DSD_AGR@DF_OUTLOOK_2026_2035(1.1),VNM,A,CPC_EX_SH,FO_PC,KG_PS,AO_2026_2035,2010,0.123471541653309,A,0,2,RW
OECD.TAD.ATM:DSD_AGR@DF_OUTLOOK_2026_2035(1.1),VNM,A,CPC_EX_SH,FO_PC,KG_PS,AO_2026_2035,2011,0.0948191773321691,A,0,2,RW
OECD.TAD.ATM:DSD_AGR@DF_OUTLOOK_2026_2035(1.1),VNM,A,CPC_EX_SH,FO_PC,KG_PS,AO_2026_2035,2012,0.0844272853213966,A,0,2,RW
OECD.TAD.ATM:DSD_AGR@DF_OUTLOOK_2026_2035(1.1),VNM,A,CPC_EX_SH,FO_PC,KG_PS,AO_2026_2035,2013,0.0907947411665251,A,0,2,RW
OECD.TAD.ATM:DSD_AGR@DF_OUTLOOK_2026_2035(1.1),VNM,A,CPC_EX_SH,FO_PC,KG_PS,AO_2026_2035,2014,0.0823165225105579,A,0,2,RW
OECD.TAD.ATM:DSD_AGR@DF_OUTLOOK_2026_2035(1.1),VNM,A,CPC_EX_SH,FO_PC,KG_PS,AO_2026_2035,2015,0.0997426767881474,A,0,2,RW
OECD.TAD.ATM:DSD_AGR@DF_OUTLOOK_2026_2035(1.1),VNM,A,CPC_EX_SH,FO_PC,KG_PS,AO_2026_2035,2016,0.10150123071986,A,0,2,RW
OECD.TAD.ATM:DSD_AGR@DF_OUTLOOK_2026_2035(1.1),VNM,A,CPC_EX_SH,FO_PC,KG_PS,AO_2026_2035,2017,0.119513574388841,A,0,2,RW
OECD.TAD.ATM:DSD_AGR@DF_OUTLOOK_2026_2035(1.1),VNM,A,CPC_EX_SH,FO_PC,KG_PS,AO_2026_2035,2018,0.133277996986889,A,0,2,RW
OECD.TAD.ATM:DSD_AGR@DF_OUTLOOK_2026_2035(1.1),VNM,A,CPC_EX_SH,FO_PC,KG_PS,AO_2026_2035,2019,0.150346303665134,A,0,2,RW
OECD.TAD.ATM:DSD_AGR@DF_OUTLOOK_2026_2035(1.1),VNM,A,CPC_EX_SH,FO_PC,KG_PS,AO_2026_2035,2020,0.146632139855703,A,0,2,RW
OECD.TAD.ATM:DSD_AGR@DF_OUTLOOK_2026_2035(1.1),VNM,A,CPC_EX_SH,FO_PC,KG_PS,AO_2026_2035,2021,0.147439020205161,A,0,2,RW
OECD.TAD.ATM:DSD_AGR@DF_OUTLOOK_2026_2035(1.1),VNM,A,CPC_EX_SH,FO_PC,KG_PS,AO_2026_2035,2022,0.155842090490521,A,0,2,RW
OECD.TAD.ATM:DSD_AGR@DF_OUTLOOK_2026_2035(1.1),VNM,A,CPC_EX_SH,FO_PC,KG_PS,AO_2026_2035,2023,0.159979715668955,A,0,2,RW
OECD.TAD.ATM:DSD_AGR@DF_OUTLOOK_2026_2035(1.1),VNM,A,CPC_EX_SH,FO_PC,KG_PS,AO_2026_2035,2024,0.16680488047029,A,0,2,RW
OECD.TAD.ATM:DSD_AGR@DF_OUTLOOK_2026_2035(1.1),VNM,A,CPC_EX_SH,FO_PC,KG_PS,AO_2026_2035,2025,0.174245103993333,A,0,2,RW
OECD.TAD.ATM:DSD_AGR@DF_OUTLOOK_2026_2035(1.1),VNM,A,CPC_EX_SH,FO_PC,KG_PS,AO_2026_2035,2026,0.182699110864306,A,0,2,RW
OECD.TAD.ATM:DSD_AGR@DF_OUTLOOK_2026_2035(1.1),VNM,A,CPC_EX_SH,FO_PC,KG_PS,AO_2026_2035,2027,0.190156475762397,A,0,2,RW
OECD.TAD.ATM:DSD_AGR@DF_OUTLOOK_2026_2035(1.1),VNM,A,CPC_EX_SH,FO_PC,KG_PS,AO_2026_2035,2028,0.199221157396454,A,0,2,RW
OECD.TAD.ATM:DSD_AGR@DF_OUTLOOK_2026_2035(1.1),VNM,A,CPC_EX_SH,FO_PC,KG_PS,AO_2026_2035,2029,0.207647139196134,A,0,2,RW
OECD.TAD.ATM:DSD_AGR@DF_OUTLOOK_2026_2035(1.1),VNM,A,CPC_EX_SH,FO_PC,KG_PS,AO_2026_2035,2030,0.215760546931118,A,0,2,RW
OECD.TAD.ATM:DSD_AGR@DF_OUTLOOK_2026_2035(1.1),VNM,A,CPC_EX_SH,FO_PC,KG_PS,AO_2026_2035,2031,0.222268057276665,A,0,2,RW
OECD.TAD.ATM:DSD_AGR@DF_OUTLOOK_2026_2035(1.1),VNM,A,CPC_EX_SH,FO_PC,KG_PS,AO_2026_2035,2032,0.229202693921431,A,0,2,RW
OECD.TAD.ATM:DSD_AGR@DF_OUTLOOK_2026_2035(1.1),VNM,A,CPC_EX_SH,FO_PC,KG_PS,AO_2026_2035,2033,0.23617074928496,A,0,2,RW
OECD.TAD.ATM:DSD_AGR@DF_OUTLOOK_2026_2035(1.1),VNM,A,CPC_EX_SH,FO_PC,KG_PS,AO_2026_2035,2034,0.243298816804217,A,0,2,RW
OECD.TAD.ATM:DSD_AGR@DF_OUTLOOK_2026_2035(1.1),VNM,A,CPC_EX_SH,FO_PC,KG_PS,AO_2026_2035,2035,0.250337659969341,A,0,2,RW
OECD.TAD.ATM:DSD_AGR@DF_OUTLOOK_2026_2035(1.1),JPN,A,CPC_EX_BV,FO_PC,KG_PS,AO_2026_2035,2010,6.35732883186088,A,0,2,RW
OECD.TAD.ATM:DSD_AGR@DF_OUTLOOK_2026_2035(1.1),JPN,A,CPC_EX_BV,FO_PC,KG_PS,AO_2026_2035,2011,6.37378924440924,A,0,2,RW
OECD.TAD.ATM:DSD_AGR@DF_OUTLOOK_2026_2035(1.1),JPN,A,CPC_EX_BV,FO_PC,KG_PS,AO_2026_2035,2012,6.38784129253792,A,0,2,RW
OECD.TAD.ATM:DSD_AGR@DF_OUTLOOK_2026_2035(1.1),JPN,A,CPC_EX_BV,FO_PC,KG_PS,AO_2026_2035,2013,6.39100588072054,A,0,2,RW
OECD.TAD.ATM:DSD_AGR@DF_OUTLOOK_2026_2035(1.1),JPN,A,CPC_EX_BV,FO_PC,KG_PS,AO_2026_2035,2014,6.3436958396656,A,0,2,RW
OECD.TAD.ATM:DSD_AGR@DF_OUTLOOK_2026_2035(1.1),JPN,A,CPC_EX_BV,FO_PC,KG_PS,AO_2026_2035,2015,6.074409610160631,A,0,2,RW
OECD.TAD.ATM:DSD_AGR@DF_OUTLOOK_2026_2035(1.1),JPN,A,CPC_EX_BV,FO_PC,KG_PS,AO_2026_2035,2016,6.48772083832828,A,0,2,RW
OECD.TAD.ATM:DSD_AGR@DF_OUTLOOK_2026_2035(1.1),JPN,A,CPC_EX_BV,FO_PC,KG_PS,AO_2026_2035,2017,6.66517684583676,A,0,2,RW
OECD.TAD.ATM:DSD_AGR@DF_OUTLOOK_2026_2035(1.1),JPN,A,CPC_EX_BV,FO_PC,KG_PS,AO_2026_2035,2018,7.330579541371209,A,0,2,RW
OECD.TAD.ATM:DSD_AGR@DF_OUTLOOK_2026_2035(1.1),JPN,A,CPC_EX_BV,FO_PC,KG_PS,AO_2026_2035,2019,7.402919524597101,A,0,2,RW
OECD.TAD.ATM:DSD_AGR@DF_OUTLOOK_2026_2035(1.1),JPN,A,CPC_EX_BV,FO_PC,KG_PS,AO_2026_2035,2020,7.01096480599824,A,0,2,RW
OECD.TAD.ATM:DSD_AGR@DF_OUTLOOK_2026_2035(1.1),JPN,A,CPC_EX_BV,FO_PC,KG_PS,AO_2026_2035,2021,7.00273968021764,A,0,2,RW
OECD.TAD.ATM:DSD_AGR@DF_OUTLOOK_2026_2035(1.1),JPN,A,CPC_EX_BV,FO_PC,KG_PS,AO_2026_2035,2022,6.721405349425511,A,0,2,RW
OECD.TAD.ATM:DSD_AGR@DF_OUTLOOK_2026_2035(1.1),JPN,A,CPC_EX_BV,FO_PC,KG_PS,AO_2026_2035,2023,6.88943686528578,A,0,2,RW
OECD.TAD.ATM:DSD_AGR@DF_OUTLOOK_2026_2035(1.1),JPN,A,CPC_EX_BV,FO_PC,KG_PS,AO_2026_2035,2024,6.763274262029889,A,0,2,RW
OECD.TAD.ATM:DSD_AGR@DF_OUTLOOK_2026_2035(1.1),JPN,A,CPC_EX_BV,FO_PC,KG_PS,AO_2026_2035,2025,6.83821126798133,A,0,2,RW
OECD.TAD.ATM:DSD_AGR@DF_OUTLOOK_2026_2035(1.1),JPN,A,CPC_EX_BV,FO_PC,KG_PS,AO_2026_2035,2026,6.84989712652544,A,0,2,RW
OECD.TAD.ATM:DSD_AGR@DF_OUTLOOK_2026_2035(1.1),JPN,A,CPC_EX_BV,FO_PC,KG_PS,AO_2026_2035,2027,6.87594754178324,A,0,2,RW
OECD.TAD.ATM:DSD_AGR@DF_OUTLOOK_2026_2035(1.1),JPN,A,CPC_EX_BV,FO_PC,KG_PS,AO_2026_2035,2028,6.90372320560944,A,0,2,RW
OECD.TAD.ATM:DSD_AGR@DF_OUTLOOK_2026_2035(1.1),JPN,A,CPC_EX_BV,FO_PC,KG_PS,AO_2026_2035,2029,6.91841116833473,A,0,2,RW
OECD.TAD.ATM:DSD_AGR@DF_OUTLOOK_2026_2035(1.1),JPN,A,CPC_EX_BV,FO_PC,KG_PS,AO_2026_2035,2030,6.93900805239496,A,0,2,RW
OECD.TAD.ATM:DSD_AGR@DF_OUTLOOK_2026_2035(1.1),JPN,A,CPC_EX_BV,FO_PC,KG_PS,AO_2026_2035,2031,6.960518715321,A,0,2,RW
OECD.TAD.ATM:DSD_AGR@DF_OUTLOOK_2026_2035(1.1),JPN,A,CPC_EX_BV,FO_PC,KG_PS,AO_2026_2035,2032,6.98622845936137,A,0,2,RW
OECD.TAD.ATM:DSD_AGR@DF_OUTLOOK_2026_2035(1.1),JPN,A,CPC_EX_BV,FO_PC,KG_PS,AO_2026_2035,2033,7.01059879312214,A,0,2,RW
OECD.TAD.ATM:DSD_AGR@DF_OUTLOOK_2026_2035(1.1),JPN,A,CPC_EX_BV,FO_PC,KG_PS,AO_2026_2035,2034,7.03475805651049,A,0,2,RW
OECD.TAD.ATM:DSD_AGR@DF_OUTLOOK_2026_2035(1.1),JPN,A,CPC_EX_BV,FO_PC,KG_PS,AO_2026_2035,2035,7.0594363597101,A,0,2,RW
OECD.TAD.ATM:DSD_AGR@DF_OUTLOOK_2026_2035(1.1),KOR,A,CPC_EX_BV,FO_PC,KG_PS,AO_2026_2035,2010,7.440283726640461,A,0,2,RW
OECD.TAD.ATM:DSD_AGR@DF_OUTLOOK_2026_2035(1.1),KOR,A,CPC_EX_BV,FO_PC,KG_PS,AO_2026_2035,2011,8.1721080136772,A,0,2,RW
OECD.TAD.ATM:DSD_AGR@DF_OUTLOOK_2026_2035(1.1),KOR,A,CPC_EX_BV,FO_PC,KG_PS,AO_2026_2035,2012,8.27746804798566,A,0,2,RW
OECD.TAD.ATM:DSD_AGR@DF_OUTLOOK_2026_2035(1.1),KOR,A,CPC_EX_BV,FO_PC,KG_PS,AO_2026_2035,2013,8.62620761359228,A,0,2,RW
OECD.TAD.ATM:DSD_AGR@DF_OUTLOOK_2026_2035(1.1),KOR,A,CPC_EX_BV,FO_PC,KG_PS,AO_2026_2035,2014,9.060316378792031,A,0,2,RW
OECD.TAD.ATM:DSD_AGR@DF_OUTLOOK_2026_2035(1.1),KOR,A,CPC_EX_BV,FO_PC,KG_PS,AO_2026_2035,2015,9.15385961715993,A,0,2,RW
OECD.TAD.ATM:DSD_AGR@DF_OUTLOOK_2026_2035(1.1),KOR,A,CPC_EX_BV,FO_PC,KG_PS,AO_2026_2035,2016,9.11046984149025,A,0,2,RW
OECD.TAD.ATM:DSD_AGR@DF_OUTLOOK_2026_2035(1.1),KOR,A,CPC_EX_BV,FO_PC,KG_PS,AO_2026_2035,2017,9.46676449332556,A,0,2,RW
OECD.TAD.ATM:DSD_AGR@DF_OUTLOOK_2026_2035(1.1),KOR,A,CPC_EX_BV,FO_PC,KG_PS,AO_2026_2035,2018,9.870321183978609,A,0,2,RW
OECD.TAD.ATM:DSD_AGR@DF_OUTLOOK_2026_2035(1.1),KOR,A,CPC_EX_BV,FO_PC,KG_PS,AO_2026_2035,2019,10.3667508596714,A,0,2,RW
OECD.TAD.ATM:DSD_AGR@DF_OUTLOOK_2026_2035(1.1),KOR,A,CPC_EX_BV,FO_PC,KG_PS,AO_2026_2035,2020,10.4026963409776,A,0,2,RW
OECD.TAD.ATM:DSD_AGR@DF_OUTLOOK_2026_2035(1.1),KOR,A,CPC_EX_BV,FO_PC,KG_PS,AO_2026_2035,2021,11.0894584949459,A,0,2,RW
OECD.TAD.ATM:DSD_AGR@DF_OUTLOOK_2026_2035(1.1),KOR,A,CPC_EX_BV,FO_PC,KG_PS,AO_2026_2035,2022,11.5235295759836,A,0,2,RW
OECD.TAD.ATM:DSD_AGR@DF_OUTLOOK_2026_2035(1.1),KOR,A,CPC_EX_BV,FO_PC,KG_PS,AO_2026_2035,2023,11.7204790807097,A,0,2,RW
OECD.TAD.ATM:DSD_AGR@DF_OUTLOOK_2026_2035(1.1),KOR,A,CPC_EX_BV,FO_PC,KG_PS,AO_2026_2035,2024,11.8225388884264,A,0,2,RW
OECD.TAD.ATM:DSD_AGR@DF_OUTLOOK_2026_2035(1.1),KOR,A,CPC_EX_BV,FO_PC,KG_PS,AO_2026_2035,2025,11.8357787798498,A,0,2,RW
OECD.TAD.ATM:DSD_AGR@DF_OUTLOOK_2026_2035(1.1),KOR,A,CPC_EX_BV,FO_PC,KG_PS,AO_2026_2035,2026,11.8756411205035,A,0,2,RW
OECD.TAD.ATM:DSD_AGR@DF_OUTLOOK_2026_2035(1.1),KOR,A,CPC_EX_BV,FO_PC,KG_PS,AO_2026_2035,2027,11.9279526021037,A,0,2,RW
OECD.TAD.ATM:DSD_AGR@DF_OUTLOOK_2026_2035(1.1),KOR,A,CPC_EX_BV,FO_PC,KG_PS,AO_2026_2035,2028,11.9737252317811,A,0,2,RW
OECD.TAD.ATM:DSD_AGR@DF_OUTLOOK_2026_2035(1.1),KOR,A,CPC_EX_BV,FO_PC,KG_PS,AO_2026_2035,2029,12.0341660201779,A,0,2,RW
OECD.TAD.ATM:DSD_AGR@DF_OUTLOOK_2026_2035(1.1),KOR,A,CPC_EX_BV,FO_PC,KG_PS,AO_2026_2035,2030,12.0967116202891,A,0,2,RW
OECD.TAD.ATM:DSD_AGR@DF_OUTLOOK_2026_2035(1.1),KOR,A,CPC_EX_BV,FO_PC,KG_PS,AO_2026_2035,2031,12.1598229443363,A,0,2,RW
OECD.TAD.ATM:DSD_AGR@DF_OUTLOOK_2026_2035(1.1),KOR,A,CPC_EX_BV,FO_PC,KG_PS,AO_2026_2035,2032,12.2260088157367,A,0,2,RW
OECD.TAD.ATM:DSD_AGR@DF_OUTLOOK_2026_2035(1.1),KOR,A,CPC_EX_BV,FO_PC,KG_PS,AO_2026_2035,2033,12.2974466452175,A,0,2,RW
OECD.TAD.ATM:DSD_AGR@DF_OUTLOOK_2026_2035(1.1),KOR,A,CPC_EX_BV,FO_PC,KG_PS,AO_2026_2035,2034,12.3753011605593,A,0,2,RW
OECD.TAD.ATM:DSD_AGR@DF_OUTLOOK_2026_2035(1.1),KOR,A,CPC_EX_BV,FO_PC,KG_PS,AO_2026_2035,2035,12.4588498826712,A,0,2,RW
OECD.TAD.ATM:DSD_AGR@DF_OUTLOOK_2026_2035(1.1),CHN,A,CPC_EX_BV,FO_PC,KG_PS,AO_2026_2035,2010,3.00203370532408,A,0,2,RW
OECD.TAD.ATM:DSD_AGR@DF_OUTLOOK_2026_2035(1.1),CHN,A,CPC_EX_BV,FO_PC,KG_PS,AO_2026_2035,2011,2.88990662987171,A,0,2,RW
OECD.TAD.ATM:DSD_AGR@DF_OUTLOOK_2026_2035(1.1),CHN,A,CPC_EX_BV,FO_PC,KG_PS,AO_2026_2035,2012,2.91967082239965,A,0,2,RW
OECD.TAD.ATM:DSD_AGR@DF_OUTLOOK_2026_2035(1.1),CHN,A,CPC_EX_BV,FO_PC,KG_PS,AO_2026_2035,2013,3.03198640843272,A,0,2,RW
OECD.TAD.ATM:DSD_AGR@DF_OUTLOOK_2026_2035(1.1),CHN,A,CPC_EX_BV,FO_PC,KG_PS,AO_2026_2035,2014,3.01548600062669,A,0,2,RW
OECD.TAD.ATM:DSD_AGR@DF_OUTLOOK_2026_2035(1.1),CHN,A,CPC_EX_BV,FO_PC,KG_PS,AO_2026_2035,2015,3.10962314706986,A,0,2,RW
OECD.TAD.ATM:DSD_AGR@DF_OUTLOOK_2026_2035(1.1),CHN,A,CPC_EX_BV,FO_PC,KG_PS,AO_2026_2035,2016,3.15341014350845,A,0,2,RW
OECD.TAD.ATM:DSD_AGR@DF_OUTLOOK_2026_2035(1.1),CHN,A,CPC_EX_BV,FO_PC,KG_PS,AO_2026_2035,2017,3.28129102672402,A,0,2,RW
OECD.TAD.ATM:DSD_AGR@DF_OUTLOOK_2026_2035(1.1),CHN,A,CPC_EX_BV,FO_PC,KG_PS,AO_2026_2035,2018,3.51789832843686,A,0,2,RW
OECD.TAD.ATM:DSD_AGR@DF_OUTLOOK_2026_2035(1.1),CHN,A,CPC_EX_BV,FO_PC,KG_PS,AO_2026_2035,2019,3.9475807998613903,A,0,2,RW
OECD.TAD.ATM:DSD_AGR@DF_OUTLOOK_2026_2035(1.1),CHN,A,CPC_EX_BV,FO_PC,KG_PS,AO_2026_2035,2020,4.23327722830593,A,0,2,RW
OECD.TAD.ATM:DSD_AGR@DF_OUTLOOK_2026_2035(1.1),CHN,A,CPC_EX_BV,FO_PC,KG_PS,AO_2026_2035,2021,4.474658678182849,A,0,2,RW
OECD.TAD.ATM:DSD_AGR@DF_OUTLOOK_2026_2035(1.1),CHN,A,CPC_EX_BV,FO_PC,KG_PS,AO_2026_2035,2022,4.77992129937338,A,0,2,RW
OECD.TAD.ATM:DSD_AGR@DF_OUTLOOK_2026_2035(1.1),CHN,A,CPC_EX_BV,FO_PC,KG_PS,AO_2026_2035,2023,4.96665316886971,A,0,2,RW
OECD.TAD.ATM:DSD_AGR@DF_OUTLOOK_2026_2035(1.1),CHN,A,CPC_EX_BV,FO_PC,KG_PS,AO_2026_2035,2024,5.23781789616394,A,0,2,RW
OECD.TAD.ATM:DSD_AGR@DF_OUTLOOK_2026_2035(1.1),CHN,A,CPC_EX_BV,FO_PC,KG_PS,AO_2026_2035,2025,5.26812847853629,A,0,2,RW
OECD.TAD.ATM:DSD_AGR@DF_OUTLOOK_2026_2035(1.1),CHN,A,CPC_EX_BV,FO_PC,KG_PS,AO_2026_2035,2026,5.3005173427675905,A,0,2,RW
OECD.TAD.ATM:DSD_AGR@DF_OUTLOOK_2026_2035(1.1),CHN,A,CPC_EX_BV,FO_PC,KG_PS,AO_2026_2035,2027,5.38555731221245,A,0,2,RW
OECD.TAD.ATM:DSD_AGR@DF_OUTLOOK_2026_2035(1.1),CHN,A,CPC_EX_BV,FO_PC,KG_PS,AO_2026_2035,2028,5.4669347468482705,A,0,2,RW
OECD.TAD.ATM:DSD_AGR@DF_OUTLOOK_2026_2035(1.1),CHN,A,CPC_EX_BV,FO_PC,KG_PS,AO_2026_2035,2029,5.54061672728574,A,0,2,RW
OECD.TAD.ATM:DSD_AGR@DF_OUTLOOK_2026_2035(1.1),CHN,A,CPC_EX_BV,FO_PC,KG_PS,AO_2026_2035,2030,5.61942616357182,A,0,2,RW
OECD.TAD.ATM:DSD_AGR@DF_OUTLOOK_2026_2035(1.1),CHN,A,CPC_EX_BV,FO_PC,KG_PS,AO_2026_2035,2031,5.69810299920312,A,0,2,RW
OECD.TAD.ATM:DSD_AGR@DF_OUTLOOK_2026_2035(1.1),CHN,A,CPC_EX_BV,FO_PC,KG_PS,AO_2026_2035,2032,5.77942535000266,A,0,2,RW
OECD.TAD.ATM:DSD_AGR@DF_OUTLOOK_2026_2035(1.1),CHN,A,CPC_EX_BV,FO_PC,KG_PS,AO_2026_2035,2033,5.85737573903752,A,0,2,RW
OECD.TAD.ATM:DSD_AGR@DF_OUTLOOK_2026_2035(1.1),CHN,A,CPC_EX_BV,FO_PC,KG_PS,AO_2026_2035,2034,5.9364764171497,A,0,2,RW
OECD.TAD.ATM:DSD_AGR@DF_OUTLOOK_2026_2035(1.1),CHN,A,CPC_EX_BV,FO_PC,KG_PS,AO_2026_2035,2035,6.01773836488882,A,0,2,RW
OECD.TAD.ATM:DSD_AGR@DF_OUTLOOK_2026_2035(1.1),IDN,A,CPC_EX_BV,FO_PC,KG_PS,AO_2026_2035,2010,1.35593251522825,A,0,2,RW
OECD.TAD.ATM:DSD_AGR@DF_OUTLOOK_2026_2035(1.1),IDN,A,CPC_EX_BV,FO_PC,KG_PS,AO_2026_2035,2011,1.37329850265261,A,0,2,RW
OECD.TAD.ATM:DSD_AGR@DF_OUTLOOK_2026_2035(1.1),IDN,A,CPC_EX_BV,FO_PC,KG_PS,AO_2026_2035,2012,1.32133955175477,A,0,2,RW
OECD.TAD.ATM:DSD_AGR@DF_OUTLOOK_2026_2035(1.1),IDN,A,CPC_EX_BV,FO_PC,KG_PS,AO_2026_2035,2013,1.33127728452534,A,0,2,RW
OECD.TAD.ATM:DSD_AGR@DF_OUTLOOK_2026_2035(1.1),IDN,A,CPC_EX_BV,FO_PC,KG_PS,AO_2026_2035,2014,1.38337493189525,A,0,2,RW
OECD.TAD.ATM:DSD_AGR@DF_OUTLOOK_2026_2035(1.1),IDN,A,CPC_EX_BV,FO_PC,KG_PS,AO_2026_2035,2015,1.31389402705251,A,0,2,RW
OECD.TAD.ATM:DSD_AGR@DF_OUTLOOK_2026_2035(1.1),IDN,A,CPC_EX_BV,FO_PC,KG_PS,AO_2026_2035,2016,1.52105795049867,A,0,2,RW
OECD.TAD.ATM:DSD_AGR@DF_OUTLOOK_2026_2035(1.1),IDN,A,CPC_EX_BV,FO_PC,KG_PS,AO_2026_2035,2017,1.46423019037089,A,0,2,RW
OECD.TAD.ATM:DSD_AGR@DF_OUTLOOK_2026_2035(1.1),IDN,A,CPC_EX_BV,FO_PC,KG_PS,AO_2026_2035,2018,1.60624581189639,A,0,2,RW
OECD.TAD.ATM:DSD_AGR@DF_OUTLOOK_2026_2035(1.1),IDN,A,CPC_EX_BV,FO_PC,KG_PS,AO_2026_2035,2019,1.70959850167802,A,0,2,RW
OECD.TAD.ATM:DSD_AGR@DF_OUTLOOK_2026_2035(1.1),IDN,A,CPC_EX_BV,FO_PC,KG_PS,AO_2026_2035,2020,1.46865556117832,A,0,2,RW
OECD.TAD.ATM:DSD_AGR@DF_OUTLOOK_2026_2035(1.1),IDN,A,CPC_EX_BV,FO_PC,KG_PS,AO_2026_2035,2021,1.64729126906515,A,0,2,RW
OECD.TAD.ATM:DSD_AGR@DF_OUTLOOK_2026_2035(1.1),IDN,A,CPC_EX_BV,FO_PC,KG_PS,AO_2026_2035,2022,1.70364728552627,A,0,2,RW
OECD.TAD.ATM:DSD_AGR@DF_OUTLOOK_2026_2035(1.1),IDN,A,CPC_EX_BV,FO_PC,KG_PS,AO_2026_2035,2023,1.7372676669867,A,0,2,RW
OECD.TAD.ATM:DSD_AGR@DF_OUTLOOK_2026_2035(1.1),IDN,A,CPC_EX_BV,FO_PC,KG_PS,AO_2026_2035,2024,1.58443989303769,A,0,2,RW
OECD.TAD.ATM:DSD_AGR@DF_OUTLOOK_2026_2035(1.1),IDN,A,CPC_EX_BV,FO_PC,KG_PS,AO_2026_2035,2025,1.70312401076363,A,0,2,RW
OECD.TAD.ATM:DSD_AGR@DF_OUTLOOK_2026_2035(1.1),IDN,A,CPC_EX_BV,FO_PC,KG_PS,AO_2026_2035,2026,1.73711098819435,A,0,2,RW
OECD.TAD.ATM:DSD_AGR@DF_OUTLOOK_2026_2035(1.1),IDN,A,CPC_EX_BV,FO_PC,KG_PS,AO_2026_2035,2027,1.77176852900449,A,0,2,RW
OECD.TAD.ATM:DSD_AGR@DF_OUTLOOK_2026_2035(1.1),IDN,A,CPC_EX_BV,FO_PC,KG_PS,AO_2026_2035,2028,1.80759134173749,A,0,2,RW
OECD.TAD.ATM:DSD_AGR@DF_OUTLOOK_2026_2035(1.1),IDN,A,CPC_EX_BV,FO_PC,KG_PS,AO_2026_2035,2029,1.83225209695474,A,0,2,RW
OECD.TAD.ATM:DSD_AGR@DF_OUTLOOK_2026_2035(1.1),IDN,A,CPC_EX_BV,FO_PC,KG_PS,AO_2026_2035,2030,1.86155141447637,A,0,2,RW
OECD.TAD.ATM:DSD_AGR@DF_OUTLOOK_2026_2035(1.1),IDN,A,CPC_EX_BV,FO_PC,KG_PS,AO_2026_2035,2031,1.88998296272346,A,0,2,RW
OECD.TAD.ATM:DSD_AGR@DF_OUTLOOK_2026_2035(1.1),IDN,A,CPC_EX_BV,FO_PC,KG_PS,AO_2026_2035,2032,1.92140095111408,A,0,2,RW
OECD.TAD.ATM:DSD_AGR@DF_OUTLOOK_2026_2035(1.1),IDN,A,CPC_EX_BV,FO_PC,KG_PS,AO_2026_2035,2033,1.95067881167675,A,0,2,RW
OECD.TAD.ATM:DSD_AGR@DF_OUTLOOK_2026_2035(1.1),IDN,A,CPC_EX_BV,FO_PC,KG_PS,AO_2026_2035,2034,1.97945933975388,A,0,2,RW
OECD.TAD.ATM:DSD_AGR@DF_OUTLOOK_2026_2035(1.1),IDN,A,CPC_EX_BV,FO_PC,KG_PS,AO_2026_2035,2035,2.0081252652403,A,0,2,RW
OECD.TAD.ATM:DSD_AGR@DF_OUTLOOK_2026_2035(1.1),MYS,A,CPC_EX_BV,FO_PC,KG_PS,AO_2026_2035,2010,4.45540605515464,A,0,2,RW
OECD.TAD.ATM:DSD_AGR@DF_OUTLOOK_2026_2035(1.1),MYS,A,CPC_EX_BV,FO_PC,KG_PS,AO_2026_2035,2011,4.43705071711745,A,0,2,RW
OECD.TAD.ATM:DSD_AGR@DF_OUTLOOK_2026_2035(1.1),MYS,A,CPC_EX_BV,FO_PC,KG_PS,AO_2026_2035,2012,4.53360846260392,A,0,2,RW
OECD.TAD.ATM:DSD_AGR@DF_OUTLOOK_2026_2035(1.1),MYS,A,CPC_EX_BV,FO_PC,KG_PS,AO_2026_2035,2013,4.87342757144418,A,0,2,RW
OECD.TAD.ATM:DSD_AGR@DF_OUTLOOK_2026_2035(1.1),MYS,A,CPC_EX_BV,FO_PC,KG_PS,AO_2026_2035,2014,4.88736177708101,A,0,2,RW
OECD.TAD.ATM:DSD_AGR@DF_OUTLOOK_2026_2035(1.1),MYS,A,CPC_EX_BV,FO_PC,KG_PS,AO_2026_2035,2015,5.31816032908931,A,0,2,RW
OECD.TAD.ATM:DSD_AGR@DF_OUTLOOK_2026_2035(1.1),MYS,A,CPC_EX_BV,FO_PC,KG_PS,AO_2026_2035,2016,4.931386697969449,A,0,2,RW
OECD.TAD.ATM:DSD_AGR@DF_OUTLOOK_2026_2035(1.1),MYS,A,CPC_EX_BV,FO_PC,KG_PS,AO_2026_2035,2017,4.68983807096508,A,0,2,RW
OECD.TAD.ATM:DSD_AGR@DF_OUTLOOK_2026_2035(1.1),MYS,A,CPC_EX_BV,FO_PC,KG_PS,AO_2026_2035,2018,4.749186961453311,A,0,2,RW
OECD.TAD.ATM:DSD_AGR@DF_OUTLOOK_2026_2035(1.1),MYS,A,CPC_EX_BV,FO_PC,KG_PS,AO_2026_2035,2019,4.47058489744238,A,0,2,RW
OECD.TAD.ATM:DSD_AGR@DF_OUTLOOK_2026_2035(1.1),MYS,A,CPC_EX_BV,FO_PC,KG_PS,AO_2026_2035,2020,4.53935072002323,A,0,2,RW
OECD.TAD.ATM:DSD_AGR@DF_OUTLOOK_2026_2035(1.1),MYS,A,CPC_EX_BV,FO_PC,KG_PS,AO_2026_2035,2021,4.43539936759747,A,0,2,RW
OECD.TAD.ATM:DSD_AGR@DF_OUTLOOK_2026_2035(1.1),MYS,A,CPC_EX_BV,FO_PC,KG_PS,AO_2026_2035,2022,5.50281262996378,A,0,2,RW
OECD.TAD.ATM:DSD_AGR@DF_OUTLOOK_2026_2035(1.1),MYS,A,CPC_EX_BV,FO_PC,KG_PS,AO_2026_2035,2023,5.2449712346344,A,0,2,RW
OECD.TAD.ATM:DSD_AGR@DF_OUTLOOK_2026_2035(1.1),MYS,A,CPC_EX_BV,FO_PC,KG_PS,AO_2026_2035,2024,5.499456909174089,A,0,2,RW
OECD.TAD.ATM:DSD_AGR@DF_OUTLOOK_2026_2035(1.1),MYS,A,CPC_EX_BV,FO_PC,KG_PS,AO_2026_2035,2025,5.445829908632111,A,0,2,RW
OECD.TAD.ATM:DSD_AGR@DF_OUTLOOK_2026_2035(1.1),MYS,A,CPC_EX_BV,FO_PC,KG_PS,AO_2026_2035,2026,5.48686555305832,A,0,2,RW
OECD.TAD.ATM:DSD_AGR@DF_OUTLOOK_2026_2035(1.1),MYS,A,CPC_EX_BV,FO_PC,KG_PS,AO_2026_2035,2027,5.53227527558647,A,0,2,RW
OECD.TAD.ATM:DSD_AGR@DF_OUTLOOK_2026_2035(1.1),MYS,A,CPC_EX_BV,FO_PC,KG_PS,AO_2026_2035,2028,5.57822784339421,A,0,2,RW
OECD.TAD.ATM:DSD_AGR@DF_OUTLOOK_2026_2035(1.1),MYS,A,CPC_EX_BV,FO_PC,KG_PS,AO_2026_2035,2029,5.598934029581191,A,0,2,RW
OECD.TAD.ATM:DSD_AGR@DF_OUTLOOK_2026_2035(1.1),MYS,A,CPC_EX_BV,FO_PC,KG_PS,AO_2026_2035,2030,5.63067657887365,A,0,2,RW
OECD.TAD.ATM:DSD_AGR@DF_OUTLOOK_2026_2035(1.1),MYS,A,CPC_EX_BV,FO_PC,KG_PS,AO_2026_2035,2031,5.66171212136274,A,0,2,RW
OECD.TAD.ATM:DSD_AGR@DF_OUTLOOK_2026_2035(1.1),MYS,A,CPC_EX_BV,FO_PC,KG_PS,AO_2026_2035,2032,5.69836658867783,A,0,2,RW
OECD.TAD.ATM:DSD_AGR@DF_OUTLOOK_2026_2035(1.1),MYS,A,CPC_EX_BV,FO_PC,KG_PS,AO_2026_2035,2033,5.73169298977973,A,0,2,RW
OECD.TAD.ATM:DSD_AGR@DF_OUTLOOK_2026_2035(1.1),MYS,A,CPC_EX_BV,FO_PC,KG_PS,AO_2026_2035,2034,5.76435531687391,A,0,2,RW
OECD.TAD.ATM:DSD_AGR@DF_OUTLOOK_2026_2035(1.1),MYS,A,CPC_EX_BV,FO_PC,KG_PS,AO_2026_2035,2035,5.79713894575242,A,0,2,RW
OECD.TAD.ATM:DSD_AGR@DF_OUTLOOK_2026_2035(1.1),PHL,A,CPC_EX_BV,FO_PC,KG_PS,AO_2026_2035,2010,2.87421446933997,A,0,2,RW
OECD.TAD.ATM:DSD_AGR@DF_OUTLOOK_2026_2035(1.1),PHL,A,CPC_EX_BV,FO_PC,KG_PS,AO_2026_2035,2011,2.72523547447863,A,0,2,RW
OECD.TAD.ATM:DSD_AGR@DF_OUTLOOK_2026_2035(1.1),PHL,A,CPC_EX_BV,FO_PC,KG_PS,AO_2026_2035,2012,2.62904281319546,A,0,2,RW
OECD.TAD.ATM:DSD_AGR@DF_OUTLOOK_2026_2035(1.1),PHL,A,CPC_EX_BV,FO_PC,KG_PS,AO_2026_2035,2013,2.53700308864695,A,0,2,RW
OECD.TAD.ATM:DSD_AGR@DF_OUTLOOK_2026_2035(1.1),PHL,A,CPC_EX_BV,FO_PC,KG_PS,AO_2026_2035,2014,2.72980172237199,A,0,2,RW
OECD.TAD.ATM:DSD_AGR@DF_OUTLOOK_2026_2035(1.1),PHL,A,CPC_EX_BV,FO_PC,KG_PS,AO_2026_2035,2015,2.68063227614182,A,0,2,RW
OECD.TAD.ATM:DSD_AGR@DF_OUTLOOK_2026_2035(1.1),PHL,A,CPC_EX_BV,FO_PC,KG_PS,AO_2026_2035,2016,2.58604225024412,A,0,2,RW
OECD.TAD.ATM:DSD_AGR@DF_OUTLOOK_2026_2035(1.1),PHL,A,CPC_EX_BV,FO_PC,KG_PS,AO_2026_2035,2017,2.40463412324543,A,0,2,RW
OECD.TAD.ATM:DSD_AGR@DF_OUTLOOK_2026_2035(1.1),PHL,A,CPC_EX_BV,FO_PC,KG_PS,AO_2026_2035,2018,2.25950534046009,A,0,2,RW
OECD.TAD.ATM:DSD_AGR@DF_OUTLOOK_2026_2035(1.1),PHL,A,CPC_EX_BV,FO_PC,KG_PS,AO_2026_2035,2019,2.17078363439772,A,0,2,RW
OECD.TAD.ATM:DSD_AGR@DF_OUTLOOK_2026_2035(1.1),PHL,A,CPC_EX_BV,FO_PC,KG_PS,AO_2026_2035,2020,1.87039134501857,A,0,2,RW
OECD.TAD.ATM:DSD_AGR@DF_OUTLOOK_2026_2035(1.1),PHL,A,CPC_EX_BV,FO_PC,KG_PS,AO_2026_2035,2021,2.21684832055548,A,0,2,RW
OECD.TAD.ATM:DSD_AGR@DF_OUTLOOK_2026_2035(1.1),PHL,A,CPC_EX_BV,FO_PC,KG_PS,AO_2026_2035,2022,2.40156608454249,A,0,2,RW
OECD.TAD.ATM:DSD_AGR@DF_OUTLOOK_2026_2035(1.1),PHL,A,CPC_EX_BV,FO_PC,KG_PS,AO_2026_2035,2023,2.09938336022434,A,0,2,RW
OECD.TAD.ATM:DSD_AGR@DF_OUTLOOK_2026_2035(1.1),PHL,A,CPC_EX_BV,FO_PC,KG_PS,AO_2026_2035,2024,2.53097665426361,A,0,2,RW
OECD.TAD.ATM:DSD_AGR@DF_OUTLOOK_2026_2035(1.1),PHL,A,CPC_EX_BV,FO_PC,KG_PS,AO_2026_2035,2025,2.55078671230927,A,0,2,RW
OECD.TAD.ATM:DSD_AGR@DF_OUTLOOK_2026_2035(1.1),PHL,A,CPC_EX_BV,FO_PC,KG_PS,AO_2026_2035,2026,2.57424378313089,A,0,2,RW
OECD.TAD.ATM:DSD_AGR@DF_OUTLOOK_2026_2035(1.1),PHL,A,CPC_EX_BV,FO_PC,KG_PS,AO_2026_2035,2027,2.60019364327232,A,0,2,RW
OECD.TAD.ATM:DSD_AGR@DF_OUTLOOK_2026_2035(1.1),PHL,A,CPC_EX_BV,FO_PC,KG_PS,AO_2026_2035,2028,2.62637418407839,A,0,2,RW
OECD.TAD.ATM:DSD_AGR@DF_OUTLOOK_2026_2035(1.1),PHL,A,CPC_EX_BV,FO_PC,KG_PS,AO_2026_2035,2029,2.63766162907795,A,0,2,RW
OECD.TAD.ATM:DSD_AGR@DF_OUTLOOK_2026_2035(1.1),PHL,A,CPC_EX_BV,FO_PC,KG_PS,AO_2026_2035,2030,2.65542739452042,A,0,2,RW
OECD.TAD.ATM:DSD_AGR@DF_OUTLOOK_2026_2035(1.1),PHL,A,CPC_EX_BV,FO_PC,KG_PS,AO_2026_2035,2031,2.67264332479615,A,0,2,RW
OECD.TAD.ATM:DSD_AGR@DF_OUTLOOK_2026_2035(1.1),PHL,A,CPC_EX_BV,FO_PC,KG_PS,AO_2026_2035,2032,2.69316134445736,A,0,2,RW
OECD.TAD.ATM:DSD_AGR@DF_OUTLOOK_2026_2035(1.1),PHL,A,CPC_EX_BV,FO_PC,KG_PS,AO_2026_2035,2033,2.71177911689609,A,0,2,RW
OECD.TAD.ATM:DSD_AGR@DF_OUTLOOK_2026_2035(1.1),PHL,A,CPC_EX_BV,FO_PC,KG_PS,AO_2026_2035,2034,2.7300157912913,A,0,2,RW
OECD.TAD.ATM:DSD_AGR@DF_OUTLOOK_2026_2035(1.1),PHL,A,CPC_EX_BV,FO_PC,KG_PS,AO_2026_2035,2035,2.74837914529923,A,0,2,RW
OECD.TAD.ATM:DSD_AGR@DF_OUTLOOK_2026_2035(1.1),THA,A,CPC_EX_BV,FO_PC,KG_PS,AO_2026_2035,2010,1.94019221454336,A,0,2,RW
OECD.TAD.ATM:DSD_AGR@DF_OUTLOOK_2026_2035(1.1),THA,A,CPC_EX_BV,FO_PC,KG_PS,AO_2026_2035,2011,1.80981445683623,A,0,2,RW
OECD.TAD.ATM:DSD_AGR@DF_OUTLOOK_2026_2035(1.1),THA,A,CPC_EX_BV,FO_PC,KG_PS,AO_2026_2035,2012,1.69891623729712,A,0,2,RW
OECD.TAD.ATM:DSD_AGR@DF_OUTLOOK_2026_2035(1.1),THA,A,CPC_EX_BV,FO_PC,KG_PS,AO_2026_2035,2013,1.61829948443509,A,0,2,RW
OECD.TAD.ATM:DSD_AGR@DF_OUTLOOK_2026_2035(1.1),THA,A,CPC_EX_BV,FO_PC,KG_PS,AO_2026_2035,2014,1.59761225155364,A,0,2,RW
OECD.TAD.ATM:DSD_AGR@DF_OUTLOOK_2026_2035(1.1),THA,A,CPC_EX_BV,FO_PC,KG_PS,AO_2026_2035,2015,1.71334701890139,A,0,2,RW
OECD.TAD.ATM:DSD_AGR@DF_OUTLOOK_2026_2035(1.1),THA,A,CPC_EX_BV,FO_PC,KG_PS,AO_2026_2035,2016,1.71868902891135,A,0,2,RW
OECD.TAD.ATM:DSD_AGR@DF_OUTLOOK_2026_2035(1.1),THA,A,CPC_EX_BV,FO_PC,KG_PS,AO_2026_2035,2017,1.74850710143915,A,0,2,RW
OECD.TAD.ATM:DSD_AGR@DF_OUTLOOK_2026_2035(1.1),THA,A,CPC_EX_BV,FO_PC,KG_PS,AO_2026_2035,2018,1.66071743308699,A,0,2,RW
OECD.TAD.ATM:DSD_AGR@DF_OUTLOOK_2026_2035(1.1),THA,A,CPC_EX_BV,FO_PC,KG_PS,AO_2026_2035,2019,1.68037459461852,A,0,2,RW
OECD.TAD.ATM:DSD_AGR@DF_OUTLOOK_2026_2035(1.1),THA,A,CPC_EX_BV,FO_PC,KG_PS,AO_2026_2035,2020,1.55110519121608,A,0,2,RW
OECD.TAD.ATM:DSD_AGR@DF_OUTLOOK_2026_2035(1.1),THA,A,CPC_EX_BV,FO_PC,KG_PS,AO_2026_2035,2021,1.71915014945746,A,0,2,RW
OECD.TAD.ATM:DSD_AGR@DF_OUTLOOK_2026_2035(1.1),THA,A,CPC_EX_BV,FO_PC,KG_PS,AO_2026_2035,2022,1.72391628276396,A,0,2,RW
OECD.TAD.ATM:DSD_AGR@DF_OUTLOOK_2026_2035(1.1),THA,A,CPC_EX_BV,FO_PC,KG_PS,AO_2026_2035,2023,1.6903703162677,A,0,2,RW
OECD.TAD.ATM:DSD_AGR@DF_OUTLOOK_2026_2035(1.1),THA,A,CPC_EX_BV,FO_PC,KG_PS,AO_2026_2035,2024,1.80868388715114,A,0,2,RW
OECD.TAD.ATM:DSD_AGR@DF_OUTLOOK_2026_2035(1.1),THA,A,CPC_EX_BV,FO_PC,KG_PS,AO_2026_2035,2025,1.80506561337505,A,0,2,RW
OECD.TAD.ATM:DSD_AGR@DF_OUTLOOK_2026_2035(1.1),THA,A,CPC_EX_BV,FO_PC,KG_PS,AO_2026_2035,2026,1.83741204831871,A,0,2,RW
OECD.TAD.ATM:DSD_AGR@DF_OUTLOOK_2026_2035(1.1),THA,A,CPC_EX_BV,FO_PC,KG_PS,AO_2026_2035,2027,1.87074866598875,A,0,2,RW
OECD.TAD.ATM:DSD_AGR@DF_OUTLOOK_2026_2035(1.1),THA,A,CPC_EX_BV,FO_PC,KG_PS,AO_2026_2035,2028,1.90464514474089,A,0,2,RW
OECD.TAD.ATM:DSD_AGR@DF_OUTLOOK_2026_2035(1.1),THA,A,CPC_EX_BV,FO_PC,KG_PS,AO_2026_2035,2029,1.9286739499836,A,0,2,RW
OECD.TAD.ATM:DSD_AGR@DF_OUTLOOK_2026_2035(1.1),THA,A,CPC_EX_BV,FO_PC,KG_PS,AO_2026_2035,2030,1.95698786080654,A,0,2,RW
OECD.TAD.ATM:DSD_AGR@DF_OUTLOOK_2026_2035(1.1),THA,A,CPC_EX_BV,FO_PC,KG_PS,AO_2026_2035,2031,1.98454215457551,A,0,2,RW
OECD.TAD.ATM:DSD_AGR@DF_OUTLOOK_2026_2035(1.1),THA,A,CPC_EX_BV,FO_PC,KG_PS,AO_2026_2035,2032,2.01471872554727,A,0,2,RW
OECD.TAD.ATM:DSD_AGR@DF_OUTLOOK_2026_2035(1.1),THA,A,CPC_EX_BV,FO_PC,KG_PS,AO_2026_2035,2033,2.04301263253953,A,0,2,RW
OECD.TAD.ATM:DSD_AGR@DF_OUTLOOK_2026_2035(1.1),THA,A,CPC_EX_BV,FO_PC,KG_PS,AO_2026_2035,2034,2.07091179848674,A,0,2,RW
OECD.TAD.ATM:DSD_AGR@DF_OUTLOOK_2026_2035(1.1),THA,A,CPC_EX_BV,FO_PC,KG_PS,AO_2026_2035,2035,2.09879193226279,A,0,2,RW
OECD.TAD.ATM:DSD_AGR@DF_OUTLOOK_2026_2035(1.1),VNM,A,CPC_EX_BV,FO_PC,KG_PS,AO_2026_2035,2010,2.99882258243249,A,0,2,RW
OECD.TAD.ATM:DSD_AGR@DF_OUTLOOK_2026_2035(1.1),VNM,A,CPC_EX_BV,FO_PC,KG_PS,AO_2026_2035,2011,4.909344953317049,A,0,2,RW
OECD.TAD.ATM:DSD_AGR@DF_OUTLOOK_2026_2035(1.1),VNM,A,CPC_EX_BV,FO_PC,KG_PS,AO_2026_2035,2012,4.93609140687514,A,0,2,RW
OECD.TAD.ATM:DSD_AGR@DF_OUTLOOK_2026_2035(1.1),VNM,A,CPC_EX_BV,FO_PC,KG_PS,AO_2026_2035,2013,6.72502956034143,A,0,2,RW
OECD.TAD.ATM:DSD_AGR@DF_OUTLOOK_2026_2035(1.1),VNM,A,CPC_EX_BV,FO_PC,KG_PS,AO_2026_2035,2014,8.39937655880005,A,0,2,RW
OECD.TAD.ATM:DSD_AGR@DF_OUTLOOK_2026_2035(1.1),VNM,A,CPC_EX_BV,FO_PC,KG_PS,AO_2026_2035,2015,8.342246015141969,A,0,2,RW
OECD.TAD.ATM:DSD_AGR@DF_OUTLOOK_2026_2035(1.1),VNM,A,CPC_EX_BV,FO_PC,KG_PS,AO_2026_2035,2016,8.17483443326334,A,0,2,RW
OECD.TAD.ATM:DSD_AGR@DF_OUTLOOK_2026_2035(1.1),VNM,A,CPC_EX_BV,FO_PC,KG_PS,AO_2026_2035,2017,9.104208512588489,A,0,2,RW
OECD.TAD.ATM:DSD_AGR@DF_OUTLOOK_2026_2035(1.1),VNM,A,CPC_EX_BV,FO_PC,KG_PS,AO_2026_2035,2018,7.53144354180648,A,0,2,RW
OECD.TAD.ATM:DSD_AGR@DF_OUTLOOK_2026_2035(1.1),VNM,A,CPC_EX_BV,FO_PC,KG_PS,AO_2026_2035,2019,7.14914634762388,A,0,2,RW
OECD.TAD.ATM:DSD_AGR@DF_OUTLOOK_2026_2035(1.1),VNM,A,CPC_EX_BV,FO_PC,KG_PS,AO_2026_2035,2020,3.58151804993873,A,0,2,RW
OECD.TAD.ATM:DSD_AGR@DF_OUTLOOK_2026_2035(1.1),VNM,A,CPC_EX_BV,FO_PC,KG_PS,AO_2026_2035,2021,3.6723537596322897,A,0,2,RW
OECD.TAD.ATM:DSD_AGR@DF_OUTLOOK_2026_2035(1.1),VNM,A,CPC_EX_BV,FO_PC,KG_PS,AO_2026_2035,2022,3.8888646976808703,A,0,2,RW
OECD.TAD.ATM:DSD_AGR@DF_OUTLOOK_2026_2035(1.1),VNM,A,CPC_EX_BV,FO_PC,KG_PS,AO_2026_2035,2023,4.07457002952288,A,0,2,RW
OECD.TAD.ATM:DSD_AGR@DF_OUTLOOK_2026_2035(1.1),VNM,A,CPC_EX_BV,FO_PC,KG_PS,AO_2026_2035,2024,4.09214004326846,A,0,2,RW
OECD.TAD.ATM:DSD_AGR@DF_OUTLOOK_2026_2035(1.1),VNM,A,CPC_EX_BV,FO_PC,KG_PS,AO_2026_2035,2025,3.99111902699151,A,0,2,RW
OECD.TAD.ATM:DSD_AGR@DF_OUTLOOK_2026_2035(1.1),VNM,A,CPC_EX_BV,FO_PC,KG_PS,AO_2026_2035,2026,4.06012628288519,A,0,2,RW
OECD.TAD.ATM:DSD_AGR@DF_OUTLOOK_2026_2035(1.1),VNM,A,CPC_EX_BV,FO_PC,KG_PS,AO_2026_2035,2027,4.12968469692444,A,0,2,RW
OECD.TAD.ATM:DSD_AGR@DF_OUTLOOK_2026_2035(1.1),VNM,A,CPC_EX_BV,FO_PC,KG_PS,AO_2026_2035,2028,4.20219149996848,A,0,2,RW
OECD.TAD.ATM:DSD_AGR@DF_OUTLOOK_2026_2035(1.1),VNM,A,CPC_EX_BV,FO_PC,KG_PS,AO_2026_2035,2029,4.2498027163414,A,0,2,RW
OECD.TAD.ATM:DSD_AGR@DF_OUTLOOK_2026_2035(1.1),VNM,A,CPC_EX_BV,FO_PC,KG_PS,AO_2026_2035,2030,4.30754589647636,A,0,2,RW
OECD.TAD.ATM:DSD_AGR@DF_OUTLOOK_2026_2035(1.1),VNM,A,CPC_EX_BV,FO_PC,KG_PS,AO_2026_2035,2031,4.363257301235049,A,0,2,RW
OECD.TAD.ATM:DSD_AGR@DF_OUTLOOK_2026_2035(1.1),VNM,A,CPC_EX_BV,FO_PC,KG_PS,AO_2026_2035,2032,4.42551294286822,A,0,2,RW
OECD.TAD.ATM:DSD_AGR@DF_OUTLOOK_2026_2035(1.1),VNM,A,CPC_EX_BV,FO_PC,KG_PS,AO_2026_2035,2033,4.48309416030456,A,0,2,RW
OECD.TAD.ATM:DSD_AGR@DF_OUTLOOK_2026_2035(1.1),VNM,A,CPC_EX_BV,FO_PC,KG_PS,AO_2026_2035,2034,4.5399840616645,A,0,2,RW
OECD.TAD.ATM:DSD_AGR@DF_OUTLOOK_2026_2035(1.1),VNM,A,CPC_EX_BV,FO_PC,KG_PS,AO_2026_2035,2035,4.59712236594315,A,0,2,RW
OECD.TAD.ATM:DSD_AGR@DF_OUTLOOK_2026_2035(1.1),JPN,A,CPC_EX_PT,FO_PC,KG_PS,AO_2026_2035,2010,9.64069844917487,A,0,2,RW
OECD.TAD.ATM:DSD_AGR@DF_OUTLOOK_2026_2035(1.1),JPN,A,CPC_EX_PT,FO_PC,KG_PS,AO_2026_2035,2011,9.598579277750819,A,0,2,RW
OECD.TAD.ATM:DSD_AGR@DF_OUTLOOK_2026_2035(1.1),JPN,A,CPC_EX_PT,FO_PC,KG_PS,AO_2026_2035,2012,10.220234881512,A,0,2,RW
OECD.TAD.ATM:DSD_AGR@DF_OUTLOOK_2026_2035(1.1),JPN,A,CPC_EX_PT,FO_PC,KG_PS,AO_2026_2035,2013,10.1786673485269,A,0,2,RW
OECD.TAD.ATM:DSD_AGR@DF_OUTLOOK_2026_2035(1.1),JPN,A,CPC_EX_PT,FO_PC,KG_PS,AO_2026_2035,2014,10.3428126547975,A,0,2,RW
OECD.TAD.ATM:DSD_AGR@DF_OUTLOOK_2026_2035(1.1),JPN,A,CPC_EX_PT,FO_PC,KG_PS,AO_2026_2035,2015,10.7130307177192,A,0,2,RW
OECD.TAD.ATM:DSD_AGR@DF_OUTLOOK_2026_2035(1.1),JPN,A,CPC_EX_PT,FO_PC,KG_PS,AO_2026_2035,2016,11.0416476869585,A,0,2,RW
OECD.TAD.ATM:DSD_AGR@DF_OUTLOOK_2026_2035(1.1),JPN,A,CPC_EX_PT,FO_PC,KG_PS,AO_2026_2035,2017,11.4192097076038,A,0,2,RW
OECD.TAD.ATM:DSD_AGR@DF_OUTLOOK_2026_2035(1.1),JPN,A,CPC_EX_PT,FO_PC,KG_PS,AO_2026_2035,2018,11.7369520418572,A,0,2,RW
OECD.TAD.ATM:DSD_AGR@DF_OUTLOOK_2026_2035(1.1),JPN,A,CPC_EX_PT,FO_PC,KG_PS,AO_2026_2035,2019,11.9404380123919,A,0,2,RW
OECD.TAD.ATM:DSD_AGR@DF_OUTLOOK_2026_2035(1.1),JPN,A,CPC_EX_PT,FO_PC,KG_PS,AO_2026_2035,2020,11.7846574794352,A,0,2,RW
OECD.TAD.ATM:DSD_AGR@DF_OUTLOOK_2026_2035(1.1),JPN,A,CPC_EX_PT,FO_PC,KG_PS,AO_2026_2035,2021,12.0354225198679,A,0,2,RW
OECD.TAD.ATM:DSD_AGR@DF_OUTLOOK_2026_2035(1.1),JPN,A,CPC_EX_PT,FO_PC,KG_PS,AO_2026_2035,2022,12.049586049691,A,0,2,RW
OECD.TAD.ATM:DSD_AGR@DF_OUTLOOK_2026_2035(1.1),JPN,A,CPC_EX_PT,FO_PC,KG_PS,AO_2026_2035,2023,12.3547297442832,A,0,2,RW
OECD.TAD.ATM:DSD_AGR@DF_OUTLOOK_2026_2035(1.1),JPN,A,CPC_EX_PT,FO_PC,KG_PS,AO_2026_2035,2024,12.5657491137031,A,0,2,RW
OECD.TAD.ATM:DSD_AGR@DF_OUTLOOK_2026_2035(1.1),JPN,A,CPC_EX_PT,FO_PC,KG_PS,AO_2026_2035,2025,12.9953587457183,A,0,2,RW
OECD.TAD.ATM:DSD_AGR@DF_OUTLOOK_2026_2035(1.1),JPN,A,CPC_EX_PT,FO_PC,KG_PS,AO_2026_2035,2026,13.1608612968106,A,0,2,RW
OECD.TAD.ATM:DSD_AGR@DF_OUTLOOK_2026_2035(1.1),JPN,A,CPC_EX_PT,FO_PC,KG_PS,AO_2026_2035,2027,13.2393700978406,A,0,2,RW
OECD.TAD.ATM:DSD_AGR@DF_OUTLOOK_2026_2035(1.1),JPN,A,CPC_EX_PT,FO_PC,KG_PS,AO_2026_2035,2028,13.3222961365819,A,0,2,RW
OECD.TAD.ATM:DSD_AGR@DF_OUTLOOK_2026_2035(1.1),JPN,A,CPC_EX_PT,FO_PC,KG_PS,AO_2026_2035,2029,13.4092586145103,A,0,2,RW
OECD.TAD.ATM:DSD_AGR@DF_OUTLOOK_2026_2035(1.1),JPN,A,CPC_EX_PT,FO_PC,KG_PS,AO_2026_2035,2030,13.4992082795851,A,0,2,RW
OECD.TAD.ATM:DSD_AGR@DF_OUTLOOK_2026_2035(1.1),JPN,A,CPC_EX_PT,FO_PC,KG_PS,AO_2026_2035,2031,13.5931854961107,A,0,2,RW
OECD.TAD.ATM:DSD_AGR@DF_OUTLOOK_2026_2035(1.1),JPN,A,CPC_EX_PT,FO_PC,KG_PS,AO_2026_2035,2032,13.6904381855076,A,0,2,RW
OECD.TAD.ATM:DSD_AGR@DF_OUTLOOK_2026_2035(1.1),JPN,A,CPC_EX_PT,FO_PC,KG_PS,AO_2026_2035,2033,13.787847666174,A,0,2,RW
OECD.TAD.ATM:DSD_AGR@DF_OUTLOOK_2026_2035(1.1),JPN,A,CPC_EX_PT,FO_PC,KG_PS,AO_2026_2035,2034,13.8882819982061,A,0,2,RW
OECD.TAD.ATM:DSD_AGR@DF_OUTLOOK_2026_2035(1.1),JPN,A,CPC_EX_PT,FO_PC,KG_PS,AO_2026_2035,2035,13.9911775664726,A,0,2,RW
OECD.TAD.ATM:DSD_AGR@DF_OUTLOOK_2026_2035(1.1),KOR,A,CPC_EX_PT,FO_PC,KG_PS,AO_2026_2035,2010,9.01159620889795,A,0,2,RW
OECD.TAD.ATM:DSD_AGR@DF_OUTLOOK_2026_2035(1.1),KOR,A,CPC_EX_PT,FO_PC,KG_PS,AO_2026_2035,2011,9.617565073547501,A,0,2,RW
OECD.TAD.ATM:DSD_AGR@DF_OUTLOOK_2026_2035(1.1),KOR,A,CPC_EX_PT,FO_PC,KG_PS,AO_2026_2035,2012,9.6146684326113,A,0,2,RW
OECD.TAD.ATM:DSD_AGR@DF_OUTLOOK_2026_2035(1.1),KOR,A,CPC_EX_PT,FO_PC,KG_PS,AO_2026_2035,2013,9.609183369776769,A,0,2,RW
OECD.TAD.ATM:DSD_AGR@DF_OUTLOOK_2026_2035(1.1),KOR,A,CPC_EX_PT,FO_PC,KG_PS,AO_2026_2035,2014,10.7844140422325,A,0,2,RW
OECD.TAD.ATM:DSD_AGR@DF_OUTLOOK_2026_2035(1.1),KOR,A,CPC_EX_PT,FO_PC,KG_PS,AO_2026_2035,2015,11.2630713117468,A,0,2,RW
OECD.TAD.ATM:DSD_AGR@DF_OUTLOOK_2026_2035(1.1),KOR,A,CPC_EX_PT,FO_PC,KG_PS,AO_2026_2035,2016,11.5191592116436,A,0,2,RW
OECD.TAD.ATM:DSD_AGR@DF_OUTLOOK_2026_2035(1.1),KOR,A,CPC_EX_PT,FO_PC,KG_PS,AO_2026_2035,2017,11.2392370747467,A,0,2,RW
OECD.TAD.ATM:DSD_AGR@DF_OUTLOOK_2026_2035(1.1),KOR,A,CPC_EX_PT,FO_PC,KG_PS,AO_2026_2035,2018,12.163598381141,A,0,2,RW
OECD.TAD.ATM:DSD_AGR@DF_OUTLOOK_2026_2035(1.1),KOR,A,CPC_EX_PT,FO_PC,KG_PS,AO_2026_2035,2019,12.5845858392486,A,0,2,RW
OECD.TAD.ATM:DSD_AGR@DF_OUTLOOK_2026_2035(1.1),KOR,A,CPC_EX_PT,FO_PC,KG_PS,AO_2026_2035,2020,13.4663818259774,A,0,2,RW
OECD.TAD.ATM:DSD_AGR@DF_OUTLOOK_2026_2035(1.1),KOR,A,CPC_EX_PT,FO_PC,KG_PS,AO_2026_2035,2021,13.2129355579974,A,0,2,RW
OECD.TAD.ATM:DSD_AGR@DF_OUTLOOK_2026_2035(1.1),KOR,A,CPC_EX_PT,FO_PC,KG_PS,AO_2026_2035,2022,13.3028648696353,A,0,2,RW
OECD.TAD.ATM:DSD_AGR@DF_OUTLOOK_2026_2035(1.1),KOR,A,CPC_EX_PT,FO_PC,KG_PS,AO_2026_2035,2023,13.9341113166497,A,0,2,RW
OECD.TAD.ATM:DSD_AGR@DF_OUTLOOK_2026_2035(1.1),KOR,A,CPC_EX_PT,FO_PC,KG_PS,AO_2026_2035,2024,13.8716232391114,A,0,2,RW
OECD.TAD.ATM:DSD_AGR@DF_OUTLOOK_2026_2035(1.1),KOR,A,CPC_EX_PT,FO_PC,KG_PS,AO_2026_2035,2025,13.6882142545603,A,0,2,RW
OECD.TAD.ATM:DSD_AGR@DF_OUTLOOK_2026_2035(1.1),KOR,A,CPC_EX_PT,FO_PC,KG_PS,AO_2026_2035,2026,14.0783867973533,A,0,2,RW
OECD.TAD.ATM:DSD_AGR@DF_OUTLOOK_2026_2035(1.1),KOR,A,CPC_EX_PT,FO_PC,KG_PS,AO_2026_2035,2027,14.1594799609695,A,0,2,RW
OECD.TAD.ATM:DSD_AGR@DF_OUTLOOK_2026_2035(1.1),KOR,A,CPC_EX_PT,FO_PC,KG_PS,AO_2026_2035,2028,14.2425773928922,A,0,2,RW
OECD.TAD.ATM:DSD_AGR@DF_OUTLOOK_2026_2035(1.1),KOR,A,CPC_EX_PT,FO_PC,KG_PS,AO_2026_2035,2029,14.3569734303044,A,0,2,RW
OECD.TAD.ATM:DSD_AGR@DF_OUTLOOK_2026_2035(1.1),KOR,A,CPC_EX_PT,FO_PC,KG_PS,AO_2026_2035,2030,14.4666739614192,A,0,2,RW
OECD.TAD.ATM:DSD_AGR@DF_OUTLOOK_2026_2035(1.1),KOR,A,CPC_EX_PT,FO_PC,KG_PS,AO_2026_2035,2031,14.5729110071644,A,0,2,RW
OECD.TAD.ATM:DSD_AGR@DF_OUTLOOK_2026_2035(1.1),KOR,A,CPC_EX_PT,FO_PC,KG_PS,AO_2026_2035,2032,14.6877148380172,A,0,2,RW
OECD.TAD.ATM:DSD_AGR@DF_OUTLOOK_2026_2035(1.1),KOR,A,CPC_EX_PT,FO_PC,KG_PS,AO_2026_2035,2033,14.8035938318164,A,0,2,RW
OECD.TAD.ATM:DSD_AGR@DF_OUTLOOK_2026_2035(1.1),KOR,A,CPC_EX_PT,FO_PC,KG_PS,AO_2026_2035,2034,14.9294601997206,A,0,2,RW
OECD.TAD.ATM:DSD_AGR@DF_OUTLOOK_2026_2035(1.1),KOR,A,CPC_EX_PT,FO_PC,KG_PS,AO_2026_2035,2035,15.062801180833,A,0,2,RW
OECD.TAD.ATM:DSD_AGR@DF_OUTLOOK_2026_2035(1.1),CHN,A,CPC_EX_PT,FO_PC,KG_PS,AO_2026_2035,2010,7.09852665940412,A,0,2,RW
OECD.TAD.ATM:DSD_AGR@DF_OUTLOOK_2026_2035(1.1),CHN,A,CPC_EX_PT,FO_PC,KG_PS,AO_2026_2035,2011,7.19219123664368,A,0,2,RW
OECD.TAD.ATM:DSD_AGR@DF_OUTLOOK_2026_2035(1.1),CHN,A,CPC_EX_PT,FO_PC,KG_PS,AO_2026_2035,2012,7.6687212520066,A,0,2,RW
OECD.TAD.ATM:DSD_AGR@DF_OUTLOOK_2026_2035(1.1),CHN,A,CPC_EX_PT,FO_PC,KG_PS,AO_2026_2035,2013,7.533039645880271,A,0,2,RW
OECD.TAD.ATM:DSD_AGR@DF_OUTLOOK_2026_2035(1.1),CHN,A,CPC_EX_PT,FO_PC,KG_PS,AO_2026_2035,2014,7.220853127910739,A,0,2,RW
OECD.TAD.ATM:DSD_AGR@DF_OUTLOOK_2026_2035(1.1),CHN,A,CPC_EX_PT,FO_PC,KG_PS,AO_2026_2035,2015,7.47726327082091,A,0,2,RW
OECD.TAD.ATM:DSD_AGR@DF_OUTLOOK_2026_2035(1.1),CHN,A,CPC_EX_PT,FO_PC,KG_PS,AO_2026_2035,2016,7.77063896171648,A,0,2,RW
OECD.TAD.ATM:DSD_AGR@DF_OUTLOOK_2026_2035(1.1),CHN,A,CPC_EX_PT,FO_PC,KG_PS,AO_2026_2035,2017,7.6724888803979505,A,0,2,RW
OECD.TAD.ATM:DSD_AGR@DF_OUTLOOK_2026_2035(1.1),CHN,A,CPC_EX_PT,FO_PC,KG_PS,AO_2026_2035,2018,8.03748544286172,A,0,2,RW
OECD.TAD.ATM:DSD_AGR@DF_OUTLOOK_2026_2035(1.1),CHN,A,CPC_EX_PT,FO_PC,KG_PS,AO_2026_2035,2019,9.082497116503431,A,0,2,RW
OECD.TAD.ATM:DSD_AGR@DF_OUTLOOK_2026_2035(1.1),CHN,A,CPC_EX_PT,FO_PC,KG_PS,AO_2026_2035,2020,9.90038884305613,A,0,2,RW
OECD.TAD.ATM:DSD_AGR@DF_OUTLOOK_2026_2035(1.1),CHN,A,CPC_EX_PT,FO_PC,KG_PS,AO_2026_2035,2021,9.943261708487139,A,0,2,RW
OECD.TAD.ATM:DSD_AGR@DF_OUTLOOK_2026_2035(1.1),CHN,A,CPC_EX_PT,FO_PC,KG_PS,AO_2026_2035,2022,10.1000652764949,A,0,2,RW
OECD.TAD.ATM:DSD_AGR@DF_OUTLOOK_2026_2035(1.1),CHN,A,CPC_EX_PT,FO_PC,KG_PS,AO_2026_2035,2023,10.593824996136,A,0,2,RW
OECD.TAD.ATM:DSD_AGR@DF_OUTLOOK_2026_2035(1.1),CHN,A,CPC_EX_PT,FO_PC,KG_PS,AO_2026_2035,2024,10.770405829975,A,0,2,RW
OECD.TAD.ATM:DSD_AGR@DF_OUTLOOK_2026_2035(1.1),CHN,A,CPC_EX_PT,FO_PC,KG_PS,AO_2026_2035,2025,11.2843925578928,A,0,2,RW
OECD.TAD.ATM:DSD_AGR@DF_OUTLOOK_2026_2035(1.1),CHN,A,CPC_EX_PT,FO_PC,KG_PS,AO_2026_2035,2026,11.1712007578645,A,0,2,RW
OECD.TAD.ATM:DSD_AGR@DF_OUTLOOK_2026_2035(1.1),CHN,A,CPC_EX_PT,FO_PC,KG_PS,AO_2026_2035,2027,11.3301150611788,A,0,2,RW
OECD.TAD.ATM:DSD_AGR@DF_OUTLOOK_2026_2035(1.1),CHN,A,CPC_EX_PT,FO_PC,KG_PS,AO_2026_2035,2028,11.4023179826168,A,0,2,RW
OECD.TAD.ATM:DSD_AGR@DF_OUTLOOK_2026_2035(1.1),CHN,A,CPC_EX_PT,FO_PC,KG_PS,AO_2026_2035,2029,11.4822876772485,A,0,2,RW
OECD.TAD.ATM:DSD_AGR@DF_OUTLOOK_2026_2035(1.1),CHN,A,CPC_EX_PT,FO_PC,KG_PS,AO_2026_2035,2030,11.5639171080202,A,0,2,RW
OECD.TAD.ATM:DSD_AGR@DF_OUTLOOK_2026_2035(1.1),CHN,A,CPC_EX_PT,FO_PC,KG_PS,AO_2026_2035,2031,11.6475924192203,A,0,2,RW
OECD.TAD.ATM:DSD_AGR@DF_OUTLOOK_2026_2035(1.1),CHN,A,CPC_EX_PT,FO_PC,KG_PS,AO_2026_2035,2032,11.7386921513941,A,0,2,RW
OECD.TAD.ATM:DSD_AGR@DF_OUTLOOK_2026_2035(1.1),CHN,A,CPC_EX_PT,FO_PC,KG_PS,AO_2026_2035,2033,11.8419082790687,A,0,2,RW
OECD.TAD.ATM:DSD_AGR@DF_OUTLOOK_2026_2035(1.1),CHN,A,CPC_EX_PT,FO_PC,KG_PS,AO_2026_2035,2034,11.9504269048181,A,0,2,RW
OECD.TAD.ATM:DSD_AGR@DF_OUTLOOK_2026_2035(1.1),CHN,A,CPC_EX_PT,FO_PC,KG_PS,AO_2026_2035,2035,12.063226526754,A,0,2,RW
OECD.TAD.ATM:DSD_AGR@DF_OUTLOOK_2026_2035(1.1),IDN,A,CPC_EX_PT,FO_PC,KG_PS,AO_2026_2035,2010,3.22460550701783,A,0,2,RW
OECD.TAD.ATM:DSD_AGR@DF_OUTLOOK_2026_2035(1.1),IDN,A,CPC_EX_PT,FO_PC,KG_PS,AO_2026_2035,2011,3.44597530336242,A,0,2,RW
OECD.TAD.ATM:DSD_AGR@DF_OUTLOOK_2026_2035(1.1),IDN,A,CPC_EX_PT,FO_PC,KG_PS,AO_2026_2035,2012,3.54078553181134,A,0,2,RW
OECD.TAD.ATM:DSD_AGR@DF_OUTLOOK_2026_2035(1.1),IDN,A,CPC_EX_PT,FO_PC,KG_PS,AO_2026_2035,2013,3.7003888629721504,A,0,2,RW
OECD.TAD.ATM:DSD_AGR@DF_OUTLOOK_2026_2035(1.1),IDN,A,CPC_EX_PT,FO_PC,KG_PS,AO_2026_2035,2014,3.8904669225461,A,0,2,RW
OECD.TAD.ATM:DSD_AGR@DF_OUTLOOK_2026_2035(1.1),IDN,A,CPC_EX_PT,FO_PC,KG_PS,AO_2026_2035,2015,4.015389224497009,A,0,2,RW
OECD.TAD.ATM:DSD_AGR@DF_OUTLOOK_2026_2035(1.1),IDN,A,CPC_EX_PT,FO_PC,KG_PS,AO_2026_2035,2016,4.573275335341711,A,0,2,RW
OECD.TAD.ATM:DSD_AGR@DF_OUTLOOK_2026_2035(1.1),IDN,A,CPC_EX_PT,FO_PC,KG_PS,AO_2026_2035,2017,6.35060220718244,A,0,2,RW
OECD.TAD.ATM:DSD_AGR@DF_OUTLOOK_2026_2035(1.1),IDN,A,CPC_EX_PT,FO_PC,KG_PS,AO_2026_2035,2018,7.64539550227714,A,0,2,RW
OECD.TAD.ATM:DSD_AGR@DF_OUTLOOK_2026_2035(1.1),IDN,A,CPC_EX_PT,FO_PC,KG_PS,AO_2026_2035,2019,7.756570060450031,A,0,2,RW
OECD.TAD.ATM:DSD_AGR@DF_OUTLOOK_2026_2035(1.1),IDN,A,CPC_EX_PT,FO_PC,KG_PS,AO_2026_2035,2020,7.063869783700129,A,0,2,RW
OECD.TAD.ATM:DSD_AGR@DF_OUTLOOK_2026_2035(1.1),IDN,A,CPC_EX_PT,FO_PC,KG_PS,AO_2026_2035,2021,6.96677760270058,A,0,2,RW
OECD.TAD.ATM:DSD_AGR@DF_OUTLOOK_2026_2035(1.1),IDN,A,CPC_EX_PT,FO_PC,KG_PS,AO_2026_2035,2022,7.85753057524121,A,0,2,RW
OECD.TAD.ATM:DSD_AGR@DF_OUTLOOK_2026_2035(1.1),IDN,A,CPC_EX_PT,FO_PC,KG_PS,AO_2026_2035,2023,8.42476063963792,A,0,2,RW
OECD.TAD.ATM:DSD_AGR@DF_OUTLOOK_2026_2035(1.1),IDN,A,CPC_EX_PT,FO_PC,KG_PS,AO_2026_2035,2024,7.844912534492019,A,0,2,RW
OECD.TAD.ATM:DSD_AGR@DF_OUTLOOK_2026_2035(1.1),IDN,A,CPC_EX_PT,FO_PC,KG_PS,AO_2026_2035,2025,8.052295784379849,A,0,2,RW
OECD.TAD.ATM:DSD_AGR@DF_OUTLOOK_2026_2035(1.1),IDN,A,CPC_EX_PT,FO_PC,KG_PS,AO_2026_2035,2026,8.33982653530686,A,0,2,RW
OECD.TAD.ATM:DSD_AGR@DF_OUTLOOK_2026_2035(1.1),IDN,A,CPC_EX_PT,FO_PC,KG_PS,AO_2026_2035,2027,8.63303654240935,A,0,2,RW
OECD.TAD.ATM:DSD_AGR@DF_OUTLOOK_2026_2035(1.1),IDN,A,CPC_EX_PT,FO_PC,KG_PS,AO_2026_2035,2028,8.96377150993884,A,0,2,RW
OECD.TAD.ATM:DSD_AGR@DF_OUTLOOK_2026_2035(1.1),IDN,A,CPC_EX_PT,FO_PC,KG_PS,AO_2026_2035,2029,9.3236122409772,A,0,2,RW
OECD.TAD.ATM:DSD_AGR@DF_OUTLOOK_2026_2035(1.1),IDN,A,CPC_EX_PT,FO_PC,KG_PS,AO_2026_2035,2030,9.697901952231609,A,0,2,RW
OECD.TAD.ATM:DSD_AGR@DF_OUTLOOK_2026_2035(1.1),IDN,A,CPC_EX_PT,FO_PC,KG_PS,AO_2026_2035,2031,10.0388918244545,A,0,2,RW
OECD.TAD.ATM:DSD_AGR@DF_OUTLOOK_2026_2035(1.1),IDN,A,CPC_EX_PT,FO_PC,KG_PS,AO_2026_2035,2032,10.3862113640807,A,0,2,RW
OECD.TAD.ATM:DSD_AGR@DF_OUTLOOK_2026_2035(1.1),IDN,A,CPC_EX_PT,FO_PC,KG_PS,AO_2026_2035,2033,10.7236056796652,A,0,2,RW
OECD.TAD.ATM:DSD_AGR@DF_OUTLOOK_2026_2035(1.1),IDN,A,CPC_EX_PT,FO_PC,KG_PS,AO_2026_2035,2034,11.0602927442881,A,0,2,RW
OECD.TAD.ATM:DSD_AGR@DF_OUTLOOK_2026_2035(1.1),IDN,A,CPC_EX_PT,FO_PC,KG_PS,AO_2026_2035,2035,11.4007464712576,A,0,2,RW
OECD.TAD.ATM:DSD_AGR@DF_OUTLOOK_2026_2035(1.1),MYS,A,CPC_EX_PT,FO_PC,KG_PS,AO_2026_2035,2010,26.2857846852006,A,0,2,RW
OECD.TAD.ATM:DSD_AGR@DF_OUTLOOK_2026_2035(1.1),MYS,A,CPC_EX_PT,FO_PC,KG_PS,AO_2026_2035,2011,26.7042522351905,A,0,2,RW
OECD.TAD.ATM:DSD_AGR@DF_OUTLOOK_2026_2035(1.1),MYS,A,CPC_EX_PT,FO_PC,KG_PS,AO_2026_2035,2012,27.6536858005255,A,0,2,RW
OECD.TAD.ATM:DSD_AGR@DF_OUTLOOK_2026_2035(1.1),MYS,A,CPC_EX_PT,FO_PC,KG_PS,AO_2026_2035,2013,28.7270665090384,A,0,2,RW
OECD.TAD.ATM:DSD_AGR@DF_OUTLOOK_2026_2035(1.1),MYS,A,CPC_EX_PT,FO_PC,KG_PS,AO_2026_2035,2014,30.496675871252,A,0,2,RW
OECD.TAD.ATM:DSD_AGR@DF_OUTLOOK_2026_2035(1.1),MYS,A,CPC_EX_PT,FO_PC,KG_PS,AO_2026_2035,2015,31.1177967080514,A,0,2,RW
OECD.TAD.ATM:DSD_AGR@DF_OUTLOOK_2026_2035(1.1),MYS,A,CPC_EX_PT,FO_PC,KG_PS,AO_2026_2035,2016,32.9563332970295,A,0,2,RW
OECD.TAD.ATM:DSD_AGR@DF_OUTLOOK_2026_2035(1.1),MYS,A,CPC_EX_PT,FO_PC,KG_PS,AO_2026_2035,2017,30.6308987396917,A,0,2,RW
OECD.TAD.ATM:DSD_AGR@DF_OUTLOOK_2026_2035(1.1),MYS,A,CPC_EX_PT,FO_PC,KG_PS,AO_2026_2035,2018,29.9165192822609,A,0,2,RW
OECD.TAD.ATM:DSD_AGR@DF_OUTLOOK_2026_2035(1.1),MYS,A,CPC_EX_PT,FO_PC,KG_PS,AO_2026_2035,2019,29.4369853254031,A,0,2,RW
OECD.TAD.ATM:DSD_AGR@DF_OUTLOOK_2026_2035(1.1),MYS,A,CPC_EX_PT,FO_PC,KG_PS,AO_2026_2035,2020,29.9091955114918,A,0,2,RW
OECD.TAD.ATM:DSD_AGR@DF_OUTLOOK_2026_2035(1.1),MYS,A,CPC_EX_PT,FO_PC,KG_PS,AO_2026_2035,2021,28.9453552586847,A,0,2,RW
OECD.TAD.ATM:DSD_AGR@DF_OUTLOOK_2026_2035(1.1),MYS,A,CPC_EX_PT,FO_PC,KG_PS,AO_2026_2035,2022,29.2731633721296,A,0,2,RW
OECD.TAD.ATM:DSD_AGR@DF_OUTLOOK_2026_2035(1.1),MYS,A,CPC_EX_PT,FO_PC,KG_PS,AO_2026_2035,2023,30.427744926173,A,0,2,RW
OECD.TAD.ATM:DSD_AGR@DF_OUTLOOK_2026_2035(1.1),MYS,A,CPC_EX_PT,FO_PC,KG_PS,AO_2026_2035,2024,30.1730088291801,A,0,2,RW
OECD.TAD.ATM:DSD_AGR@DF_OUTLOOK_2026_2035(1.1),MYS,A,CPC_EX_PT,FO_PC,KG_PS,AO_2026_2035,2025,30.7903280862555,A,0,2,RW
OECD.TAD.ATM:DSD_AGR@DF_OUTLOOK_2026_2035(1.1),MYS,A,CPC_EX_PT,FO_PC,KG_PS,AO_2026_2035,2026,31.3216738810753,A,0,2,RW
OECD.TAD.ATM:DSD_AGR@DF_OUTLOOK_2026_2035(1.1),MYS,A,CPC_EX_PT,FO_PC,KG_PS,AO_2026_2035,2027,31.7659663463794,A,0,2,RW
OECD.TAD.ATM:DSD_AGR@DF_OUTLOOK_2026_2035(1.1),MYS,A,CPC_EX_PT,FO_PC,KG_PS,AO_2026_2035,2028,32.2205818826361,A,0,2,RW
OECD.TAD.ATM:DSD_AGR@DF_OUTLOOK_2026_2035(1.1),MYS,A,CPC_EX_PT,FO_PC,KG_PS,AO_2026_2035,2029,32.6828784145707,A,0,2,RW
OECD.TAD.ATM:DSD_AGR@DF_OUTLOOK_2026_2035(1.1),MYS,A,CPC_EX_PT,FO_PC,KG_PS,AO_2026_2035,2030,33.1384320061696,A,0,2,RW
OECD.TAD.ATM:DSD_AGR@DF_OUTLOOK_2026_2035(1.1),MYS,A,CPC_EX_PT,FO_PC,KG_PS,AO_2026_2035,2031,33.5725427468069,A,0,2,RW
OECD.TAD.ATM:DSD_AGR@DF_OUTLOOK_2026_2035(1.1),MYS,A,CPC_EX_PT,FO_PC,KG_PS,AO_2026_2035,2032,34.034242123005,A,0,2,RW
OECD.TAD.ATM:DSD_AGR@DF_OUTLOOK_2026_2035(1.1),MYS,A,CPC_EX_PT,FO_PC,KG_PS,AO_2026_2035,2033,34.4727092136422,A,0,2,RW
OECD.TAD.ATM:DSD_AGR@DF_OUTLOOK_2026_2035(1.1),MYS,A,CPC_EX_PT,FO_PC,KG_PS,AO_2026_2035,2034,34.9140335628307,A,0,2,RW
OECD.TAD.ATM:DSD_AGR@DF_OUTLOOK_2026_2035(1.1),MYS,A,CPC_EX_PT,FO_PC,KG_PS,AO_2026_2035,2035,35.3558534787178,A,0,2,RW
OECD.TAD.ATM:DSD_AGR@DF_OUTLOOK_2026_2035(1.1),PHL,A,CPC_EX_PT,FO_PC,KG_PS,AO_2026_2035,2010,6.04147348071198,A,0,2,RW
OECD.TAD.ATM:DSD_AGR@DF_OUTLOOK_2026_2035(1.1),PHL,A,CPC_EX_PT,FO_PC,KG_PS,AO_2026_2035,2011,6.28659368164754,A,0,2,RW
OECD.TAD.ATM:DSD_AGR@DF_OUTLOOK_2026_2035(1.1),PHL,A,CPC_EX_PT,FO_PC,KG_PS,AO_2026_2035,2012,6.77402965008852,A,0,2,RW
OECD.TAD.ATM:DSD_AGR@DF_OUTLOOK_2026_2035(1.1),PHL,A,CPC_EX_PT,FO_PC,KG_PS,AO_2026_2035,2013,6.89742509630106,A,0,2,RW
OECD.TAD.ATM:DSD_AGR@DF_OUTLOOK_2026_2035(1.1),PHL,A,CPC_EX_PT,FO_PC,KG_PS,AO_2026_2035,2014,7.384508118830739,A,0,2,RW
OECD.TAD.ATM:DSD_AGR@DF_OUTLOOK_2026_2035(1.1),PHL,A,CPC_EX_PT,FO_PC,KG_PS,AO_2026_2035,2015,7.706748379599699,A,0,2,RW
OECD.TAD.ATM:DSD_AGR@DF_OUTLOOK_2026_2035(1.1),PHL,A,CPC_EX_PT,FO_PC,KG_PS,AO_2026_2035,2016,8.250010812620289,A,0,2,RW
OECD.TAD.ATM:DSD_AGR@DF_OUTLOOK_2026_2035(1.1),PHL,A,CPC_EX_PT,FO_PC,KG_PS,AO_2026_2035,2017,8.49150092510672,A,0,2,RW
OECD.TAD.ATM:DSD_AGR@DF_OUTLOOK_2026_2035(1.1),PHL,A,CPC_EX_PT,FO_PC,KG_PS,AO_2026_2035,2018,9.3151585755276,A,0,2,RW
OECD.TAD.ATM:DSD_AGR@DF_OUTLOOK_2026_2035(1.1),PHL,A,CPC_EX_PT,FO_PC,KG_PS,AO_2026_2035,2019,9.86765654137028,A,0,2,RW
OECD.TAD.ATM:DSD_AGR@DF_OUTLOOK_2026_2035(1.1),PHL,A,CPC_EX_PT,FO_PC,KG_PS,AO_2026_2035,2020,8.93226225049684,A,0,2,RW
OECD.TAD.ATM:DSD_AGR@DF_OUTLOOK_2026_2035(1.1),PHL,A,CPC_EX_PT,FO_PC,KG_PS,AO_2026_2035,2021,9.22841563656592,A,0,2,RW
OECD.TAD.ATM:DSD_AGR@DF_OUTLOOK_2026_2035(1.1),PHL,A,CPC_EX_PT,FO_PC,KG_PS,AO_2026_2035,2022,9.7901352092115,A,0,2,RW
OECD.TAD.ATM:DSD_AGR@DF_OUTLOOK_2026_2035(1.1),PHL,A,CPC_EX_PT,FO_PC,KG_PS,AO_2026_2035,2023,10.0751845569746,A,0,2,RW
OECD.TAD.ATM:DSD_AGR@DF_OUTLOOK_2026_2035(1.1),PHL,A,CPC_EX_PT,FO_PC,KG_PS,AO_2026_2035,2024,10.8735553007905,A,0,2,RW
OECD.TAD.ATM:DSD_AGR@DF_OUTLOOK_2026_2035(1.1),PHL,A,CPC_EX_PT,FO_PC,KG_PS,AO_2026_2035,2025,11.5663026333728,A,0,2,RW
OECD.TAD.ATM:DSD_AGR@DF_OUTLOOK_2026_2035(1.1),PHL,A,CPC_EX_PT,FO_PC,KG_PS,AO_2026_2035,2026,11.9713789272018,A,0,2,RW
OECD.TAD.ATM:DSD_AGR@DF_OUTLOOK_2026_2035(1.1),PHL,A,CPC_EX_PT,FO_PC,KG_PS,AO_2026_2035,2027,12.3393428093567,A,0,2,RW
OECD.TAD.ATM:DSD_AGR@DF_OUTLOOK_2026_2035(1.1),PHL,A,CPC_EX_PT,FO_PC,KG_PS,AO_2026_2035,2028,12.7121396905903,A,0,2,RW
OECD.TAD.ATM:DSD_AGR@DF_OUTLOOK_2026_2035(1.1),PHL,A,CPC_EX_PT,FO_PC,KG_PS,AO_2026_2035,2029,13.0878240681514,A,0,2,RW
OECD.TAD.ATM:DSD_AGR@DF_OUTLOOK_2026_2035(1.1),PHL,A,CPC_EX_PT,FO_PC,KG_PS,AO_2026_2035,2030,13.4611510961694,A,0,2,RW
OECD.TAD.ATM:DSD_AGR@DF_OUTLOOK_2026_2035(1.1),PHL,A,CPC_EX_PT,FO_PC,KG_PS,AO_2026_2035,2031,13.8256528579189,A,0,2,RW
OECD.TAD.ATM:DSD_AGR@DF_OUTLOOK_2026_2035(1.1),PHL,A,CPC_EX_PT,FO_PC,KG_PS,AO_2026_2035,2032,14.2013526457716,A,0,2,RW
OECD.TAD.ATM:DSD_AGR@DF_OUTLOOK_2026_2035(1.1),PHL,A,CPC_EX_PT,FO_PC,KG_PS,AO_2026_2035,2033,14.5675301711937,A,0,2,RW
OECD.TAD.ATM:DSD_AGR@DF_OUTLOOK_2026_2035(1.1),PHL,A,CPC_EX_PT,FO_PC,KG_PS,AO_2026_2035,2034,14.9343009895412,A,0,2,RW
OECD.TAD.ATM:DSD_AGR@DF_OUTLOOK_2026_2035(1.1),PHL,A,CPC_EX_PT,FO_PC,KG_PS,AO_2026_2035,2035,15.3012726204465,A,0,2,RW
OECD.TAD.ATM:DSD_AGR@DF_OUTLOOK_2026_2035(1.1),THA,A,CPC_EX_PT,FO_PC,KG_PS,AO_2026_2035,2010,5.363065424488649,A,0,2,RW
OECD.TAD.ATM:DSD_AGR@DF_OUTLOOK_2026_2035(1.1),THA,A,CPC_EX_PT,FO_PC,KG_PS,AO_2026_2035,2011,5.284855008577569,A,0,2,RW
OECD.TAD.ATM:DSD_AGR@DF_OUTLOOK_2026_2035(1.1),THA,A,CPC_EX_PT,FO_PC,KG_PS,AO_2026_2035,2012,6.281580963523769,A,0,2,RW
OECD.TAD.ATM:DSD_AGR@DF_OUTLOOK_2026_2035(1.1),THA,A,CPC_EX_PT,FO_PC,KG_PS,AO_2026_2035,2013,8.19608170617933,A,0,2,RW
OECD.TAD.ATM:DSD_AGR@DF_OUTLOOK_2026_2035(1.1),THA,A,CPC_EX_PT,FO_PC,KG_PS,AO_2026_2035,2014,8.88790873206532,A,0,2,RW
OECD.TAD.ATM:DSD_AGR@DF_OUTLOOK_2026_2035(1.1),THA,A,CPC_EX_PT,FO_PC,KG_PS,AO_2026_2035,2015,6.81540762932088,A,0,2,RW
OECD.TAD.ATM:DSD_AGR@DF_OUTLOOK_2026_2035(1.1),THA,A,CPC_EX_PT,FO_PC,KG_PS,AO_2026_2035,2016,6.168980509183809,A,0,2,RW
OECD.TAD.ATM:DSD_AGR@DF_OUTLOOK_2026_2035(1.1),THA,A,CPC_EX_PT,FO_PC,KG_PS,AO_2026_2035,2017,5.45233938807933,A,0,2,RW
OECD.TAD.ATM:DSD_AGR@DF_OUTLOOK_2026_2035(1.1),THA,A,CPC_EX_PT,FO_PC,KG_PS,AO_2026_2035,2018,4.59567695417014,A,0,2,RW
OECD.TAD.ATM:DSD_AGR@DF_OUTLOOK_2026_2035(1.1),THA,A,CPC_EX_PT,FO_PC,KG_PS,AO_2026_2035,2019,4.634947520574769,A,0,2,RW
OECD.TAD.ATM:DSD_AGR@DF_OUTLOOK_2026_2035(1.1),THA,A,CPC_EX_PT,FO_PC,KG_PS,AO_2026_2035,2020,5.02504369551358,A,0,2,RW
OECD.TAD.ATM:DSD_AGR@DF_OUTLOOK_2026_2035(1.1),THA,A,CPC_EX_PT,FO_PC,KG_PS,AO_2026_2035,2021,5.10508355273072,A,0,2,RW
OECD.TAD.ATM:DSD_AGR@DF_OUTLOOK_2026_2035(1.1),THA,A,CPC_EX_PT,FO_PC,KG_PS,AO_2026_2035,2022,4.6153492659756,A,0,2,RW
OECD.TAD.ATM:DSD_AGR@DF_OUTLOOK_2026_2035(1.1),THA,A,CPC_EX_PT,FO_PC,KG_PS,AO_2026_2035,2023,4.14236553372748,A,0,2,RW
OECD.TAD.ATM:DSD_AGR@DF_OUTLOOK_2026_2035(1.1),THA,A,CPC_EX_PT,FO_PC,KG_PS,AO_2026_2035,2024,3.8534791828653,A,0,2,RW
OECD.TAD.ATM:DSD_AGR@DF_OUTLOOK_2026_2035(1.1),THA,A,CPC_EX_PT,FO_PC,KG_PS,AO_2026_2035,2025,3.40251354465878,A,0,2,RW
OECD.TAD.ATM:DSD_AGR@DF_OUTLOOK_2026_2035(1.1),THA,A,CPC_EX_PT,FO_PC,KG_PS,AO_2026_2035,2026,3.47268732345029,A,0,2,RW
OECD.TAD.ATM:DSD_AGR@DF_OUTLOOK_2026_2035(1.1),THA,A,CPC_EX_PT,FO_PC,KG_PS,AO_2026_2035,2027,3.53012053680015,A,0,2,RW
OECD.TAD.ATM:DSD_AGR@DF_OUTLOOK_2026_2035(1.1),THA,A,CPC_EX_PT,FO_PC,KG_PS,AO_2026_2035,2028,3.58993718353029,A,0,2,RW
OECD.TAD.ATM:DSD_AGR@DF_OUTLOOK_2026_2035(1.1),THA,A,CPC_EX_PT,FO_PC,KG_PS,AO_2026_2035,2029,3.65006560794898,A,0,2,RW
OECD.TAD.ATM:DSD_AGR@DF_OUTLOOK_2026_2035(1.1),THA,A,CPC_EX_PT,FO_PC,KG_PS,AO_2026_2035,2030,3.7096548115727503,A,0,2,RW
OECD.TAD.ATM:DSD_AGR@DF_OUTLOOK_2026_2035(1.1),THA,A,CPC_EX_PT,FO_PC,KG_PS,AO_2026_2035,2031,3.7666985424754302,A,0,2,RW
OECD.TAD.ATM:DSD_AGR@DF_OUTLOOK_2026_2035(1.1),THA,A,CPC_EX_PT,FO_PC,KG_PS,AO_2026_2035,2032,3.82709769995174,A,0,2,RW
OECD.TAD.ATM:DSD_AGR@DF_OUTLOOK_2026_2035(1.1),THA,A,CPC_EX_PT,FO_PC,KG_PS,AO_2026_2035,2033,3.8846021318402495,A,0,2,RW
OECD.TAD.ATM:DSD_AGR@DF_OUTLOOK_2026_2035(1.1),THA,A,CPC_EX_PT,FO_PC,KG_PS,AO_2026_2035,2034,3.9423934305004895,A,0,2,RW
OECD.TAD.ATM:DSD_AGR@DF_OUTLOOK_2026_2035(1.1),THA,A,CPC_EX_PT,FO_PC,KG_PS,AO_2026_2035,2035,4.0003181293507,A,0,2,RW
OECD.TAD.ATM:DSD_AGR@DF_OUTLOOK_2026_2035(1.1),VNM,A,CPC_EX_PT,FO_PC,KG_PS,AO_2026_2035,2010,7.549610483432259,A,0,2,RW
OECD.TAD.ATM:DSD_AGR@DF_OUTLOOK_2026_2035(1.1),VNM,A,CPC_EX_PT,FO_PC,KG_PS,AO_2026_2035,2011,9.979728406396129,A,0,2,RW
OECD.TAD.ATM:DSD_AGR@DF_OUTLOOK_2026_2035(1.1),VNM,A,CPC_EX_PT,FO_PC,KG_PS,AO_2026_2035,2012,8.185704436918009,A,0,2,RW
OECD.TAD.ATM:DSD_AGR@DF_OUTLOOK_2026_2035(1.1),VNM,A,CPC_EX_PT,FO_PC,KG_PS,AO_2026_2035,2013,5.770113039015929,A,0,2,RW
OECD.TAD.ATM:DSD_AGR@DF_OUTLOOK_2026_2035(1.1),VNM,A,CPC_EX_PT,FO_PC,KG_PS,AO_2026_2035,2014,6.1448731162774495,A,0,2,RW
OECD.TAD.ATM:DSD_AGR@DF_OUTLOOK_2026_2035(1.1),VNM,A,CPC_EX_PT,FO_PC,KG_PS,AO_2026_2035,2015,6.93544333258964,A,0,2,RW
OECD.TAD.ATM:DSD_AGR@DF_OUTLOOK_2026_2035(1.1),VNM,A,CPC_EX_PT,FO_PC,KG_PS,AO_2026_2035,2016,7.8999836200657905,A,0,2,RW
OECD.TAD.ATM:DSD_AGR@DF_OUTLOOK_2026_2035(1.1),VNM,A,CPC_EX_PT,FO_PC,KG_PS,AO_2026_2035,2017,8.285354674217569,A,0,2,RW
OECD.TAD.ATM:DSD_AGR@DF_OUTLOOK_2026_2035(1.1),VNM,A,CPC_EX_PT,FO_PC,KG_PS,AO_2026_2035,2018,9.154264364991981,A,0,2,RW
OECD.TAD.ATM:DSD_AGR@DF_OUTLOOK_2026_2035(1.1),VNM,A,CPC_EX_PT,FO_PC,KG_PS,AO_2026_2035,2019,11.3948802461079,A,0,2,RW
OECD.TAD.ATM:DSD_AGR@DF_OUTLOOK_2026_2035(1.1),VNM,A,CPC_EX_PT,FO_PC,KG_PS,AO_2026_2035,2020,13.0090219968951,A,0,2,RW
OECD.TAD.ATM:DSD_AGR@DF_OUTLOOK_2026_2035(1.1),VNM,A,CPC_EX_PT,FO_PC,KG_PS,AO_2026_2035,2021,13.3279575535082,A,0,2,RW
OECD.TAD.ATM:DSD_AGR@DF_OUTLOOK_2026_2035(1.1),VNM,A,CPC_EX_PT,FO_PC,KG_PS,AO_2026_2035,2022,14.4976641686585,A,0,2,RW
OECD.TAD.ATM:DSD_AGR@DF_OUTLOOK_2026_2035(1.1),VNM,A,CPC_EX_PT,FO_PC,KG_PS,AO_2026_2035,2023,14.9066541585466,A,0,2,RW
OECD.TAD.ATM:DSD_AGR@DF_OUTLOOK_2026_2035(1.1),VNM,A,CPC_EX_PT,FO_PC,KG_PS,AO_2026_2035,2024,16.5723083797415,A,0,2,RW
OECD.TAD.ATM:DSD_AGR@DF_OUTLOOK_2026_2035(1.1),VNM,A,CPC_EX_PT,FO_PC,KG_PS,AO_2026_2035,2025,17.0308942942341,A,0,2,RW
OECD.TAD.ATM:DSD_AGR@DF_OUTLOOK_2026_2035(1.1),VNM,A,CPC_EX_PT,FO_PC,KG_PS,AO_2026_2035,2026,17.8441549002962,A,0,2,RW
OECD.TAD.ATM:DSD_AGR@DF_OUTLOOK_2026_2035(1.1),VNM,A,CPC_EX_PT,FO_PC,KG_PS,AO_2026_2035,2027,18.6801828561838,A,0,2,RW
OECD.TAD.ATM:DSD_AGR@DF_OUTLOOK_2026_2035(1.1),VNM,A,CPC_EX_PT,FO_PC,KG_PS,AO_2026_2035,2028,19.4855555178723,A,0,2,RW
OECD.TAD.ATM:DSD_AGR@DF_OUTLOOK_2026_2035(1.1),VNM,A,CPC_EX_PT,FO_PC,KG_PS,AO_2026_2035,2029,20.3418298162858,A,0,2,RW
OECD.TAD.ATM:DSD_AGR@DF_OUTLOOK_2026_2035(1.1),VNM,A,CPC_EX_PT,FO_PC,KG_PS,AO_2026_2035,2030,21.225572909932,A,0,2,RW
OECD.TAD.ATM:DSD_AGR@DF_OUTLOOK_2026_2035(1.1),VNM,A,CPC_EX_PT,FO_PC,KG_PS,AO_2026_2035,2031,22.0981209823722,A,0,2,RW
OECD.TAD.ATM:DSD_AGR@DF_OUTLOOK_2026_2035(1.1),VNM,A,CPC_EX_PT,FO_PC,KG_PS,AO_2026_2035,2032,22.9629686742494,A,0,2,RW
OECD.TAD.ATM:DSD_AGR@DF_OUTLOOK_2026_2035(1.1),VNM,A,CPC_EX_PT,FO_PC,KG_PS,AO_2026_2035,2033,23.8885242455092,A,0,2,RW
OECD.TAD.ATM:DSD_AGR@DF_OUTLOOK_2026_2035(1.1),VNM,A,CPC_EX_PT,FO_PC,KG_PS,AO_2026_2035,2034,24.8374702642252,A,0,2,RW
OECD.TAD.ATM:DSD_AGR@DF_OUTLOOK_2026_2035(1.1),VNM,A,CPC_EX_PT,FO_PC,KG_PS,AO_2026_2035,2035,25.8043412996165,A,0,2,RW
OECD.TAD.ATM:DSD_AGR@DF_OUTLOOK_2026_2035(1.1),JPN,A,CPC_EX_PK,FO_PC,KG_PS,AO_2026_2035,2010,13.2983060392709,A,0,2,RW
OECD.TAD.ATM:DSD_AGR@DF_OUTLOOK_2026_2035(1.1),JPN,A,CPC_EX_PK,FO_PC,KG_PS,AO_2026_2035,2011,13.5331900630693,A,0,2,RW
OECD.TAD.ATM:DSD_AGR@DF_OUTLOOK_2026_2035(1.1),JPN,A,CPC_EX_PK,FO_PC,KG_PS,AO_2026_2035,2012,13.468573832724,A,0,2,RW
OECD.TAD.ATM:DSD_AGR@DF_OUTLOOK_2026_2035(1.1),JPN,A,CPC_EX_PK,FO_PC,KG_PS,AO_2026_2035,2013,13.4591012053663,A,0,2,RW
OECD.TAD.ATM:DSD_AGR@DF_OUTLOOK_2026_2035(1.1),JPN,A,CPC_EX_PK,FO_PC,KG_PS,AO_2026_2035,2014,13.6334627577414,A,0,2,RW
OECD.TAD.ATM:DSD_AGR@DF_OUTLOOK_2026_2035(1.1),JPN,A,CPC_EX_PK,FO_PC,KG_PS,AO_2026_2035,2015,13.9075382196437,A,0,2,RW
OECD.TAD.ATM:DSD_AGR@DF_OUTLOOK_2026_2035(1.1),JPN,A,CPC_EX_PK,FO_PC,KG_PS,AO_2026_2035,2016,14.3001164514402,A,0,2,RW
OECD.TAD.ATM:DSD_AGR@DF_OUTLOOK_2026_2035(1.1),JPN,A,CPC_EX_PK,FO_PC,KG_PS,AO_2026_2035,2017,14.6990964646331,A,0,2,RW
OECD.TAD.ATM:DSD_AGR@DF_OUTLOOK_2026_2035(1.1),JPN,A,CPC_EX_PK,FO_PC,KG_PS,AO_2026_2035,2018,14.8192105573189,A,0,2,RW
OECD.TAD.ATM:DSD_AGR@DF_OUTLOOK_2026_2035(1.1),JPN,A,CPC_EX_PK,FO_PC,KG_PS,AO_2026_2035,2019,14.7805484460608,A,0,2,RW
OECD.TAD.ATM:DSD_AGR@DF_OUTLOOK_2026_2035(1.1),JPN,A,CPC_EX_PK,FO_PC,KG_PS,AO_2026_2035,2020,14.4930986207796,A,0,2,RW
OECD.TAD.ATM:DSD_AGR@DF_OUTLOOK_2026_2035(1.1),JPN,A,CPC_EX_PK,FO_PC,KG_PS,AO_2026_2035,2021,14.77889366403,A,0,2,RW
OECD.TAD.ATM:DSD_AGR@DF_OUTLOOK_2026_2035(1.1),JPN,A,CPC_EX_PK,FO_PC,KG_PS,AO_2026_2035,2022,14.9384863821411,A,0,2,RW
OECD.TAD.ATM:DSD_AGR@DF_OUTLOOK_2026_2035(1.1),JPN,A,CPC_EX_PK,FO_PC,KG_PS,AO_2026_2035,2023,14.7978609737676,A,0,2,RW
OECD.TAD.ATM:DSD_AGR@DF_OUTLOOK_2026_2035(1.1),JPN,A,CPC_EX_PK,FO_PC,KG_PS,AO_2026_2035,2024,14.0042677010101,A,0,2,RW
OECD.TAD.ATM:DSD_AGR@DF_OUTLOOK_2026_2035(1.1),JPN,A,CPC_EX_PK,FO_PC,KG_PS,AO_2026_2035,2025,15.4017744259533,A,0,2,RW
OECD.TAD.ATM:DSD_AGR@DF_OUTLOOK_2026_2035(1.1),JPN,A,CPC_EX_PK,FO_PC,KG_PS,AO_2026_2035,2026,15.2965541384348,A,0,2,RW
OECD.TAD.ATM:DSD_AGR@DF_OUTLOOK_2026_2035(1.1),JPN,A,CPC_EX_PK,FO_PC,KG_PS,AO_2026_2035,2027,15.3011929095103,A,0,2,RW
OECD.TAD.ATM:DSD_AGR@DF_OUTLOOK_2026_2035(1.1),JPN,A,CPC_EX_PK,FO_PC,KG_PS,AO_2026_2035,2028,15.3708164738311,A,0,2,RW
OECD.TAD.ATM:DSD_AGR@DF_OUTLOOK_2026_2035(1.1),JPN,A,CPC_EX_PK,FO_PC,KG_PS,AO_2026_2035,2029,15.4200198817541,A,0,2,RW
OECD.TAD.ATM:DSD_AGR@DF_OUTLOOK_2026_2035(1.1),JPN,A,CPC_EX_PK,FO_PC,KG_PS,AO_2026_2035,2030,15.4932165029297,A,0,2,RW
OECD.TAD.ATM:DSD_AGR@DF_OUTLOOK_2026_2035(1.1),JPN,A,CPC_EX_PK,FO_PC,KG_PS,AO_2026_2035,2031,15.5135394217287,A,0,2,RW
OECD.TAD.ATM:DSD_AGR@DF_OUTLOOK_2026_2035(1.1),JPN,A,CPC_EX_PK,FO_PC,KG_PS,AO_2026_2035,2032,15.5407332390086,A,0,2,RW
OECD.TAD.ATM:DSD_AGR@DF_OUTLOOK_2026_2035(1.1),JPN,A,CPC_EX_PK,FO_PC,KG_PS,AO_2026_2035,2033,15.5650533882479,A,0,2,RW
OECD.TAD.ATM:DSD_AGR@DF_OUTLOOK_2026_2035(1.1),JPN,A,CPC_EX_PK,FO_PC,KG_PS,AO_2026_2035,2034,15.5932521762406,A,0,2,RW
OECD.TAD.ATM:DSD_AGR@DF_OUTLOOK_2026_2035(1.1),JPN,A,CPC_EX_PK,FO_PC,KG_PS,AO_2026_2035,2035,15.6239743850411,A,0,2,RW
OECD.TAD.ATM:DSD_AGR@DF_OUTLOOK_2026_2035(1.1),KOR,A,CPC_EX_PK,FO_PC,KG_PS,AO_2026_2035,2010,22.5854676663733,A,0,2,RW
OECD.TAD.ATM:DSD_AGR@DF_OUTLOOK_2026_2035(1.1),KOR,A,CPC_EX_PK,FO_PC,KG_PS,AO_2026_2035,2011,21.6438850295244,A,0,2,RW
OECD.TAD.ATM:DSD_AGR@DF_OUTLOOK_2026_2035(1.1),KOR,A,CPC_EX_PK,FO_PC,KG_PS,AO_2026_2035,2012,22.329230185519,A,0,2,RW
OECD.TAD.ATM:DSD_AGR@DF_OUTLOOK_2026_2035(1.1),KOR,A,CPC_EX_PK,FO_PC,KG_PS,AO_2026_2035,2013,23.306573297994,A,0,2,RW
OECD.TAD.ATM:DSD_AGR@DF_OUTLOOK_2026_2035(1.1),KOR,A,CPC_EX_PK,FO_PC,KG_PS,AO_2026_2035,2014,23.5260647407862,A,0,2,RW
OECD.TAD.ATM:DSD_AGR@DF_OUTLOOK_2026_2035(1.1),KOR,A,CPC_EX_PK,FO_PC,KG_PS,AO_2026_2035,2015,25.5206867161056,A,0,2,RW
OECD.TAD.ATM:DSD_AGR@DF_OUTLOOK_2026_2035(1.1),KOR,A,CPC_EX_PK,FO_PC,KG_PS,AO_2026_2035,2016,26.505818818672,A,0,2,RW
OECD.TAD.ATM:DSD_AGR@DF_OUTLOOK_2026_2035(1.1),KOR,A,CPC_EX_PK,FO_PC,KG_PS,AO_2026_2035,2017,26.8666046383084,A,0,2,RW
OECD.TAD.ATM:DSD_AGR@DF_OUTLOOK_2026_2035(1.1),KOR,A,CPC_EX_PK,FO_PC,KG_PS,AO_2026_2035,2018,27.8349190769415,A,0,2,RW
OECD.TAD.ATM:DSD_AGR@DF_OUTLOOK_2026_2035(1.1),KOR,A,CPC_EX_PK,FO_PC,KG_PS,AO_2026_2035,2019,27.9179909945615,A,0,2,RW
OECD.TAD.ATM:DSD_AGR@DF_OUTLOOK_2026_2035(1.1),KOR,A,CPC_EX_PK,FO_PC,KG_PS,AO_2026_2035,2020,27.3750665449368,A,0,2,RW
OECD.TAD.ATM:DSD_AGR@DF_OUTLOOK_2026_2035(1.1),KOR,A,CPC_EX_PK,FO_PC,KG_PS,AO_2026_2035,2021,27.6950795574551,A,0,2,RW
OECD.TAD.ATM:DSD_AGR@DF_OUTLOOK_2026_2035(1.1),KOR,A,CPC_EX_PK,FO_PC,KG_PS,AO_2026_2035,2022,28.7633559044986,A,0,2,RW
OECD.TAD.ATM:DSD_AGR@DF_OUTLOOK_2026_2035(1.1),KOR,A,CPC_EX_PK,FO_PC,KG_PS,AO_2026_2035,2023,29.3054711436123,A,0,2,RW
OECD.TAD.ATM:DSD_AGR@DF_OUTLOOK_2026_2035(1.1),KOR,A,CPC_EX_PK,FO_PC,KG_PS,AO_2026_2035,2024,30.2420496023964,A,0,2,RW
OECD.TAD.ATM:DSD_AGR@DF_OUTLOOK_2026_2035(1.1),KOR,A,CPC_EX_PK,FO_PC,KG_PS,AO_2026_2035,2025,29.7888214295901,A,0,2,RW
OECD.TAD.ATM:DSD_AGR@DF_OUTLOOK_2026_2035(1.1),KOR,A,CPC_EX_PK,FO_PC,KG_PS,AO_2026_2035,2026,30.0157571542847,A,0,2,RW
OECD.TAD.ATM:DSD_AGR@DF_OUTLOOK_2026_2035(1.1),KOR,A,CPC_EX_PK,FO_PC,KG_PS,AO_2026_2035,2027,30.1433987325432,A,0,2,RW
OECD.TAD.ATM:DSD_AGR@DF_OUTLOOK_2026_2035(1.1),KOR,A,CPC_EX_PK,FO_PC,KG_PS,AO_2026_2035,2028,30.2275078894842,A,0,2,RW
OECD.TAD.ATM:DSD_AGR@DF_OUTLOOK_2026_2035(1.1),KOR,A,CPC_EX_PK,FO_PC,KG_PS,AO_2026_2035,2029,30.4459650637152,A,0,2,RW
OECD.TAD.ATM:DSD_AGR@DF_OUTLOOK_2026_2035(1.1),KOR,A,CPC_EX_PK,FO_PC,KG_PS,AO_2026_2035,2030,30.6239271569886,A,0,2,RW
OECD.TAD.ATM:DSD_AGR@DF_OUTLOOK_2026_2035(1.1),KOR,A,CPC_EX_PK,FO_PC,KG_PS,AO_2026_2035,2031,30.8195170398073,A,0,2,RW
OECD.TAD.ATM:DSD_AGR@DF_OUTLOOK_2026_2035(1.1),KOR,A,CPC_EX_PK,FO_PC,KG_PS,AO_2026_2035,2032,31.0044159506827,A,0,2,RW
OECD.TAD.ATM:DSD_AGR@DF_OUTLOOK_2026_2035(1.1),KOR,A,CPC_EX_PK,FO_PC,KG_PS,AO_2026_2035,2033,31.1992859566734,A,0,2,RW
OECD.TAD.ATM:DSD_AGR@DF_OUTLOOK_2026_2035(1.1),KOR,A,CPC_EX_PK,FO_PC,KG_PS,AO_2026_2035,2034,31.4116863757268,A,0,2,RW
OECD.TAD.ATM:DSD_AGR@DF_OUTLOOK_2026_2035(1.1),KOR,A,CPC_EX_PK,FO_PC,KG_PS,AO_2026_2035,2035,31.6438733874471,A,0,2,RW
OECD.TAD.ATM:DSD_AGR@DF_OUTLOOK_2026_2035(1.1),CHN,A,CPC_EX_PK,FO_PC,KG_PS,AO_2026_2035,2010,26.4327112500158,A,0,2,RW
OECD.TAD.ATM:DSD_AGR@DF_OUTLOOK_2026_2035(1.1),CHN,A,CPC_EX_PK,FO_PC,KG_PS,AO_2026_2035,2011,26.3710309193443,A,0,2,RW
OECD.TAD.ATM:DSD_AGR@DF_OUTLOOK_2026_2035(1.1),CHN,A,CPC_EX_PK,FO_PC,KG_PS,AO_2026_2035,2012,27.690479696493,A,0,2,RW
OECD.TAD.ATM:DSD_AGR@DF_OUTLOOK_2026_2035(1.1),CHN,A,CPC_EX_PK,FO_PC,KG_PS,AO_2026_2035,2013,28.3088705645134,A,0,2,RW
OECD.TAD.ATM:DSD_AGR@DF_OUTLOOK_2026_2035(1.1),CHN,A,CPC_EX_PK,FO_PC,KG_PS,AO_2026_2035,2014,28.9408811319387,A,0,2,RW
OECD.TAD.ATM:DSD_AGR@DF_OUTLOOK_2026_2035(1.1),CHN,A,CPC_EX_PK,FO_PC,KG_PS,AO_2026_2035,2015,28.7685893076857,A,0,2,RW
OECD.TAD.ATM:DSD_AGR@DF_OUTLOOK_2026_2035(1.1),CHN,A,CPC_EX_PK,FO_PC,KG_PS,AO_2026_2035,2016,28.0095867363345,A,0,2,RW
OECD.TAD.ATM:DSD_AGR@DF_OUTLOOK_2026_2035(1.1),CHN,A,CPC_EX_PK,FO_PC,KG_PS,AO_2026_2035,2017,27.7103531388315,A,0,2,RW
OECD.TAD.ATM:DSD_AGR@DF_OUTLOOK_2026_2035(1.1),CHN,A,CPC_EX_PK,FO_PC,KG_PS,AO_2026_2035,2018,27.3213954740785,A,0,2,RW
OECD.TAD.ATM:DSD_AGR@DF_OUTLOOK_2026_2035(1.1),CHN,A,CPC_EX_PK,FO_PC,KG_PS,AO_2026_2035,2019,22.0017945896733,A,0,2,RW
OECD.TAD.ATM:DSD_AGR@DF_OUTLOOK_2026_2035(1.1),CHN,A,CPC_EX_PK,FO_PC,KG_PS,AO_2026_2035,2020,22.6918320555061,A,0,2,RW
OECD.TAD.ATM:DSD_AGR@DF_OUTLOOK_2026_2035(1.1),CHN,A,CPC_EX_PK,FO_PC,KG_PS,AO_2026_2035,2021,28.116342362018,A,0,2,RW
OECD.TAD.ATM:DSD_AGR@DF_OUTLOOK_2026_2035(1.1),CHN,A,CPC_EX_PK,FO_PC,KG_PS,AO_2026_2035,2022,28.2828533892612,A,0,2,RW
OECD.TAD.ATM:DSD_AGR@DF_OUTLOOK_2026_2035(1.1),CHN,A,CPC_EX_PK,FO_PC,KG_PS,AO_2026_2035,2023,29.4854202031452,A,0,2,RW
OECD.TAD.ATM:DSD_AGR@DF_OUTLOOK_2026_2035(1.1),CHN,A,CPC_EX_PK,FO_PC,KG_PS,AO_2026_2035,2024,29.0113237070312,A,0,2,RW
OECD.TAD.ATM:DSD_AGR@DF_OUTLOOK_2026_2035(1.1),CHN,A,CPC_EX_PK,FO_PC,KG_PS,AO_2026_2035,2025,29.319422941279,A,0,2,RW
OECD.TAD.ATM:DSD_AGR@DF_OUTLOOK_2026_2035(1.1),CHN,A,CPC_EX_PK,FO_PC,KG_PS,AO_2026_2035,2026,29.3895921345704,A,0,2,RW
OECD.TAD.ATM:DSD_AGR@DF_OUTLOOK_2026_2035(1.1),CHN,A,CPC_EX_PK,FO_PC,KG_PS,AO_2026_2035,2027,29.4286678342355,A,0,2,RW
OECD.TAD.ATM:DSD_AGR@DF_OUTLOOK_2026_2035(1.1),CHN,A,CPC_EX_PK,FO_PC,KG_PS,AO_2026_2035,2028,29.5488308157963,A,0,2,RW
OECD.TAD.ATM:DSD_AGR@DF_OUTLOOK_2026_2035(1.1),CHN,A,CPC_EX_PK,FO_PC,KG_PS,AO_2026_2035,2029,29.6354837800484,A,0,2,RW
OECD.TAD.ATM:DSD_AGR@DF_OUTLOOK_2026_2035(1.1),CHN,A,CPC_EX_PK,FO_PC,KG_PS,AO_2026_2035,2030,29.7546834685389,A,0,2,RW
OECD.TAD.ATM:DSD_AGR@DF_OUTLOOK_2026_2035(1.1),CHN,A,CPC_EX_PK,FO_PC,KG_PS,AO_2026_2035,2031,29.8833506012927,A,0,2,RW
OECD.TAD.ATM:DSD_AGR@DF_OUTLOOK_2026_2035(1.1),CHN,A,CPC_EX_PK,FO_PC,KG_PS,AO_2026_2035,2032,30.0182679082785,A,0,2,RW
OECD.TAD.ATM:DSD_AGR@DF_OUTLOOK_2026_2035(1.1),CHN,A,CPC_EX_PK,FO_PC,KG_PS,AO_2026_2035,2033,30.1492831303596,A,0,2,RW
OECD.TAD.ATM:DSD_AGR@DF_OUTLOOK_2026_2035(1.1),CHN,A,CPC_EX_PK,FO_PC,KG_PS,AO_2026_2035,2034,30.2929006358729,A,0,2,RW
OECD.TAD.ATM:DSD_AGR@DF_OUTLOOK_2026_2035(1.1),CHN,A,CPC_EX_PK,FO_PC,KG_PS,AO_2026_2035,2035,30.4466963068051,A,0,2,RW
OECD.TAD.ATM:DSD_AGR@DF_OUTLOOK_2026_2035(1.1),IDN,A,CPC_EX_PK,FO_PC,KG_PS,AO_2026_2035,2010,0.531776904037035,A,0,2,RW
OECD.TAD.ATM:DSD_AGR@DF_OUTLOOK_2026_2035(1.1),IDN,A,CPC_EX_PK,FO_PC,KG_PS,AO_2026_2035,2011,0.557830532054175,A,0,2,RW
OECD.TAD.ATM:DSD_AGR@DF_OUTLOOK_2026_2035(1.1),IDN,A,CPC_EX_PK,FO_PC,KG_PS,AO_2026_2035,2012,0.567541271452186,A,0,2,RW
OECD.TAD.ATM:DSD_AGR@DF_OUTLOOK_2026_2035(1.1),IDN,A,CPC_EX_PK,FO_PC,KG_PS,AO_2026_2035,2013,0.7188255681708671,A,0,2,RW
OECD.TAD.ATM:DSD_AGR@DF_OUTLOOK_2026_2035(1.1),IDN,A,CPC_EX_PK,FO_PC,KG_PS,AO_2026_2035,2014,0.726478938712251,A,0,2,RW
OECD.TAD.ATM:DSD_AGR@DF_OUTLOOK_2026_2035(1.1),IDN,A,CPC_EX_PK,FO_PC,KG_PS,AO_2026_2035,2015,0.782068597153317,A,0,2,RW
OECD.TAD.ATM:DSD_AGR@DF_OUTLOOK_2026_2035(1.1),IDN,A,CPC_EX_PK,FO_PC,KG_PS,AO_2026_2035,2016,0.8087214710966,A,0,2,RW
OECD.TAD.ATM:DSD_AGR@DF_OUTLOOK_2026_2035(1.1),IDN,A,CPC_EX_PK,FO_PC,KG_PS,AO_2026_2035,2017,0.7639746085313619,A,0,2,RW
OECD.TAD.ATM:DSD_AGR@DF_OUTLOOK_2026_2035(1.1),IDN,A,CPC_EX_PK,FO_PC,KG_PS,AO_2026_2035,2018,0.525462605159188,A,0,2,RW
OECD.TAD.ATM:DSD_AGR@DF_OUTLOOK_2026_2035(1.1),IDN,A,CPC_EX_PK,FO_PC,KG_PS,AO_2026_2035,2019,0.564461593873062,A,0,2,RW
OECD.TAD.ATM:DSD_AGR@DF_OUTLOOK_2026_2035(1.1),IDN,A,CPC_EX_PK,FO_PC,KG_PS,AO_2026_2035,2020,0.6623025097884631,A,0,2,RW
OECD.TAD.ATM:DSD_AGR@DF_OUTLOOK_2026_2035(1.1),IDN,A,CPC_EX_PK,FO_PC,KG_PS,AO_2026_2035,2021,0.61329687976992,A,0,2,RW
OECD.TAD.ATM:DSD_AGR@DF_OUTLOOK_2026_2035(1.1),IDN,A,CPC_EX_PK,FO_PC,KG_PS,AO_2026_2035,2022,0.364864734304245,A,0,2,RW
OECD.TAD.ATM:DSD_AGR@DF_OUTLOOK_2026_2035(1.1),IDN,A,CPC_EX_PK,FO_PC,KG_PS,AO_2026_2035,2023,0.36589314322893907,A,0,2,RW
OECD.TAD.ATM:DSD_AGR@DF_OUTLOOK_2026_2035(1.1),IDN,A,CPC_EX_PK,FO_PC,KG_PS,AO_2026_2035,2024,0.317770303153835,A,0,2,RW
OECD.TAD.ATM:DSD_AGR@DF_OUTLOOK_2026_2035(1.1),IDN,A,CPC_EX_PK,FO_PC,KG_PS,AO_2026_2035,2025,0.313996186638855,A,0,2,RW
OECD.TAD.ATM:DSD_AGR@DF_OUTLOOK_2026_2035(1.1),IDN,A,CPC_EX_PK,FO_PC,KG_PS,AO_2026_2035,2026,0.323967074774474,A,0,2,RW
OECD.TAD.ATM:DSD_AGR@DF_OUTLOOK_2026_2035(1.1),IDN,A,CPC_EX_PK,FO_PC,KG_PS,AO_2026_2035,2027,0.335377679736803,A,0,2,RW
OECD.TAD.ATM:DSD_AGR@DF_OUTLOOK_2026_2035(1.1),IDN,A,CPC_EX_PK,FO_PC,KG_PS,AO_2026_2035,2028,0.345776396497729,A,0,2,RW
OECD.TAD.ATM:DSD_AGR@DF_OUTLOOK_2026_2035(1.1),IDN,A,CPC_EX_PK,FO_PC,KG_PS,AO_2026_2035,2029,0.356923795312299,A,0,2,RW
OECD.TAD.ATM:DSD_AGR@DF_OUTLOOK_2026_2035(1.1),IDN,A,CPC_EX_PK,FO_PC,KG_PS,AO_2026_2035,2030,0.368200325435852,A,0,2,RW
OECD.TAD.ATM:DSD_AGR@DF_OUTLOOK_2026_2035(1.1),IDN,A,CPC_EX_PK,FO_PC,KG_PS,AO_2026_2035,2031,0.378892082236074,A,0,2,RW
OECD.TAD.ATM:DSD_AGR@DF_OUTLOOK_2026_2035(1.1),IDN,A,CPC_EX_PK,FO_PC,KG_PS,AO_2026_2035,2032,0.389779422944001,A,0,2,RW
OECD.TAD.ATM:DSD_AGR@DF_OUTLOOK_2026_2035(1.1),IDN,A,CPC_EX_PK,FO_PC,KG_PS,AO_2026_2035,2033,0.400124961719884,A,0,2,RW
OECD.TAD.ATM:DSD_AGR@DF_OUTLOOK_2026_2035(1.1),IDN,A,CPC_EX_PK,FO_PC,KG_PS,AO_2026_2035,2034,0.41038760766521,A,0,2,RW
OECD.TAD.ATM:DSD_AGR@DF_OUTLOOK_2026_2035(1.1),IDN,A,CPC_EX_PK,FO_PC,KG_PS,AO_2026_2035,2035,0.4207405809698,A,0,2,RW
OECD.TAD.ATM:DSD_AGR@DF_OUTLOOK_2026_2035(1.1),MYS,A,CPC_EX_PK,FO_PC,KG_PS,AO_2026_2035,2010,6.1177315629404,A,0,2,RW
OECD.TAD.ATM:DSD_AGR@DF_OUTLOOK_2026_2035(1.1),MYS,A,CPC_EX_PK,FO_PC,KG_PS,AO_2026_2035,2011,5.56736236822614,A,0,2,RW
OECD.TAD.ATM:DSD_AGR@DF_OUTLOOK_2026_2035(1.1),MYS,A,CPC_EX_PK,FO_PC,KG_PS,AO_2026_2035,2012,5.46502109944776,A,0,2,RW
OECD.TAD.ATM:DSD_AGR@DF_OUTLOOK_2026_2035(1.1),MYS,A,CPC_EX_PK,FO_PC,KG_PS,AO_2026_2035,2013,5.34896493835651,A,0,2,RW
OECD.TAD.ATM:DSD_AGR@DF_OUTLOOK_2026_2035(1.1),MYS,A,CPC_EX_PK,FO_PC,KG_PS,AO_2026_2035,2014,5.34649377820939,A,0,2,RW
OECD.TAD.ATM:DSD_AGR@DF_OUTLOOK_2026_2035(1.1),MYS,A,CPC_EX_PK,FO_PC,KG_PS,AO_2026_2035,2015,5.54935612899478,A,0,2,RW
OECD.TAD.ATM:DSD_AGR@DF_OUTLOOK_2026_2035(1.1),MYS,A,CPC_EX_PK,FO_PC,KG_PS,AO_2026_2035,2016,4.93765306478227,A,0,2,RW
OECD.TAD.ATM:DSD_AGR@DF_OUTLOOK_2026_2035(1.1),MYS,A,CPC_EX_PK,FO_PC,KG_PS,AO_2026_2035,2017,5.3523266716399505,A,0,2,RW
OECD.TAD.ATM:DSD_AGR@DF_OUTLOOK_2026_2035(1.1),MYS,A,CPC_EX_PK,FO_PC,KG_PS,AO_2026_2035,2018,5.48546975334681,A,0,2,RW
OECD.TAD.ATM:DSD_AGR@DF_OUTLOOK_2026_2035(1.1),MYS,A,CPC_EX_PK,FO_PC,KG_PS,AO_2026_2035,2019,5.28341478129902,A,0,2,RW
OECD.TAD.ATM:DSD_AGR@DF_OUTLOOK_2026_2035(1.1),MYS,A,CPC_EX_PK,FO_PC,KG_PS,AO_2026_2035,2020,5.02964060869375,A,0,2,RW
OECD.TAD.ATM:DSD_AGR@DF_OUTLOOK_2026_2035(1.1),MYS,A,CPC_EX_PK,FO_PC,KG_PS,AO_2026_2035,2021,4.5444988719853,A,0,2,RW
OECD.TAD.ATM:DSD_AGR@DF_OUTLOOK_2026_2035(1.1),MYS,A,CPC_EX_PK,FO_PC,KG_PS,AO_2026_2035,2022,4.677982150455071,A,0,2,RW
OECD.TAD.ATM:DSD_AGR@DF_OUTLOOK_2026_2035(1.1),MYS,A,CPC_EX_PK,FO_PC,KG_PS,AO_2026_2035,2023,4.724908979997751,A,0,2,RW
OECD.TAD.ATM:DSD_AGR@DF_OUTLOOK_2026_2035(1.1),MYS,A,CPC_EX_PK,FO_PC,KG_PS,AO_2026_2035,2024,4.65047184465564,A,0,2,RW
OECD.TAD.ATM:DSD_AGR@DF_OUTLOOK_2026_2035(1.1),MYS,A,CPC_EX_PK,FO_PC,KG_PS,AO_2026_2035,2025,4.56548340727269,A,0,2,RW
OECD.TAD.ATM:DSD_AGR@DF_OUTLOOK_2026_2035(1.1),MYS,A,CPC_EX_PK,FO_PC,KG_PS,AO_2026_2035,2026,4.611104578899391,A,0,2,RW
OECD.TAD.ATM:DSD_AGR@DF_OUTLOOK_2026_2035(1.1),MYS,A,CPC_EX_PK,FO_PC,KG_PS,AO_2026_2035,2027,4.63839998024547,A,0,2,RW
OECD.TAD.ATM:DSD_AGR@DF_OUTLOOK_2026_2035(1.1),MYS,A,CPC_EX_PK,FO_PC,KG_PS,AO_2026_2035,2028,4.67479537187374,A,0,2,RW
OECD.TAD.ATM:DSD_AGR@DF_OUTLOOK_2026_2035(1.1),MYS,A,CPC_EX_PK,FO_PC,KG_PS,AO_2026_2035,2029,4.70617829517887,A,0,2,RW
OECD.TAD.ATM:DSD_AGR@DF_OUTLOOK_2026_2035(1.1),MYS,A,CPC_EX_PK,FO_PC,KG_PS,AO_2026_2035,2030,4.73876374469967,A,0,2,RW
OECD.TAD.ATM:DSD_AGR@DF_OUTLOOK_2026_2035(1.1),MYS,A,CPC_EX_PK,FO_PC,KG_PS,AO_2026_2035,2031,4.77173825630102,A,0,2,RW
OECD.TAD.ATM:DSD_AGR@DF_OUTLOOK_2026_2035(1.1),MYS,A,CPC_EX_PK,FO_PC,KG_PS,AO_2026_2035,2032,4.80585283469692,A,0,2,RW
OECD.TAD.ATM:DSD_AGR@DF_OUTLOOK_2026_2035(1.1),MYS,A,CPC_EX_PK,FO_PC,KG_PS,AO_2026_2035,2033,4.83718054458198,A,0,2,RW
OECD.TAD.ATM:DSD_AGR@DF_OUTLOOK_2026_2035(1.1),MYS,A,CPC_EX_PK,FO_PC,KG_PS,AO_2026_2035,2034,4.869219719435391,A,0,2,RW
OECD.TAD.ATM:DSD_AGR@DF_OUTLOOK_2026_2035(1.1),MYS,A,CPC_EX_PK,FO_PC,KG_PS,AO_2026_2035,2035,4.9017240098526,A,0,2,RW
OECD.TAD.ATM:DSD_AGR@DF_OUTLOOK_2026_2035(1.1),PHL,A,CPC_EX_PK,FO_PC,KG_PS,AO_2026_2035,2010,12.7726878564345,A,0,2,RW
OECD.TAD.ATM:DSD_AGR@DF_OUTLOOK_2026_2035(1.1),PHL,A,CPC_EX_PK,FO_PC,KG_PS,AO_2026_2035,2011,12.520694298145,A,0,2,RW
OECD.TAD.ATM:DSD_AGR@DF_OUTLOOK_2026_2035(1.1),PHL,A,CPC_EX_PK,FO_PC,KG_PS,AO_2026_2035,2012,12.3807027935401,A,0,2,RW
OECD.TAD.ATM:DSD_AGR@DF_OUTLOOK_2026_2035(1.1),PHL,A,CPC_EX_PK,FO_PC,KG_PS,AO_2026_2035,2013,12.4957906588413,A,0,2,RW
OECD.TAD.ATM:DSD_AGR@DF_OUTLOOK_2026_2035(1.1),PHL,A,CPC_EX_PK,FO_PC,KG_PS,AO_2026_2035,2014,12.2955663086105,A,0,2,RW
OECD.TAD.ATM:DSD_AGR@DF_OUTLOOK_2026_2035(1.1),PHL,A,CPC_EX_PK,FO_PC,KG_PS,AO_2026_2035,2015,12.6572179020618,A,0,2,RW
OECD.TAD.ATM:DSD_AGR@DF_OUTLOOK_2026_2035(1.1),PHL,A,CPC_EX_PK,FO_PC,KG_PS,AO_2026_2035,2016,12.4570538810733,A,0,2,RW
OECD.TAD.ATM:DSD_AGR@DF_OUTLOOK_2026_2035(1.1),PHL,A,CPC_EX_PK,FO_PC,KG_PS,AO_2026_2035,2017,11.8977672915679,A,0,2,RW
OECD.TAD.ATM:DSD_AGR@DF_OUTLOOK_2026_2035(1.1),PHL,A,CPC_EX_PK,FO_PC,KG_PS,AO_2026_2035,2018,11.6139601948714,A,0,2,RW
OECD.TAD.ATM:DSD_AGR@DF_OUTLOOK_2026_2035(1.1),PHL,A,CPC_EX_PK,FO_PC,KG_PS,AO_2026_2035,2019,11.2488135741764,A,0,2,RW
OECD.TAD.ATM:DSD_AGR@DF_OUTLOOK_2026_2035(1.1),PHL,A,CPC_EX_PK,FO_PC,KG_PS,AO_2026_2035,2020,9.96626449632608,A,0,2,RW
OECD.TAD.ATM:DSD_AGR@DF_OUTLOOK_2026_2035(1.1),PHL,A,CPC_EX_PK,FO_PC,KG_PS,AO_2026_2035,2021,9.454959388407609,A,0,2,RW
OECD.TAD.ATM:DSD_AGR@DF_OUTLOOK_2026_2035(1.1),PHL,A,CPC_EX_PK,FO_PC,KG_PS,AO_2026_2035,2022,10.5548874496037,A,0,2,RW
OECD.TAD.ATM:DSD_AGR@DF_OUTLOOK_2026_2035(1.1),PHL,A,CPC_EX_PK,FO_PC,KG_PS,AO_2026_2035,2023,10.3970517428741,A,0,2,RW
OECD.TAD.ATM:DSD_AGR@DF_OUTLOOK_2026_2035(1.1),PHL,A,CPC_EX_PK,FO_PC,KG_PS,AO_2026_2035,2024,10.4091695148419,A,0,2,RW
OECD.TAD.ATM:DSD_AGR@DF_OUTLOOK_2026_2035(1.1),PHL,A,CPC_EX_PK,FO_PC,KG_PS,AO_2026_2035,2025,10.7730129152236,A,0,2,RW
OECD.TAD.ATM:DSD_AGR@DF_OUTLOOK_2026_2035(1.1),PHL,A,CPC_EX_PK,FO_PC,KG_PS,AO_2026_2035,2026,11.2547744372641,A,0,2,RW
OECD.TAD.ATM:DSD_AGR@DF_OUTLOOK_2026_2035(1.1),PHL,A,CPC_EX_PK,FO_PC,KG_PS,AO_2026_2035,2027,11.3620284060634,A,0,2,RW
OECD.TAD.ATM:DSD_AGR@DF_OUTLOOK_2026_2035(1.1),PHL,A,CPC_EX_PK,FO_PC,KG_PS,AO_2026_2035,2028,11.4944989143268,A,0,2,RW
OECD.TAD.ATM:DSD_AGR@DF_OUTLOOK_2026_2035(1.1),PHL,A,CPC_EX_PK,FO_PC,KG_PS,AO_2026_2035,2029,11.6145071054347,A,0,2,RW
OECD.TAD.ATM:DSD_AGR@DF_OUTLOOK_2026_2035(1.1),PHL,A,CPC_EX_PK,FO_PC,KG_PS,AO_2026_2035,2030,11.7392301737296,A,0,2,RW
OECD.TAD.ATM:DSD_AGR@DF_OUTLOOK_2026_2035(1.1),PHL,A,CPC_EX_PK,FO_PC,KG_PS,AO_2026_2035,2031,11.8660637445663,A,0,2,RW
OECD.TAD.ATM:DSD_AGR@DF_OUTLOOK_2026_2035(1.1),PHL,A,CPC_EX_PK,FO_PC,KG_PS,AO_2026_2035,2032,11.9979025220937,A,0,2,RW
OECD.TAD.ATM:DSD_AGR@DF_OUTLOOK_2026_2035(1.1),PHL,A,CPC_EX_PK,FO_PC,KG_PS,AO_2026_2035,2033,12.1238699068148,A,0,2,RW
OECD.TAD.ATM:DSD_AGR@DF_OUTLOOK_2026_2035(1.1),PHL,A,CPC_EX_PK,FO_PC,KG_PS,AO_2026_2035,2034,12.2527951790908,A,0,2,RW
OECD.TAD.ATM:DSD_AGR@DF_OUTLOOK_2026_2035(1.1),PHL,A,CPC_EX_PK,FO_PC,KG_PS,AO_2026_2035,2035,12.3842644693426,A,0,2,RW
OECD.TAD.ATM:DSD_AGR@DF_OUTLOOK_2026_2035(1.1),THA,A,CPC_EX_PK,FO_PC,KG_PS,AO_2026_2035,2010,9.153443208566259,A,0,2,RW
OECD.TAD.ATM:DSD_AGR@DF_OUTLOOK_2026_2035(1.1),THA,A,CPC_EX_PK,FO_PC,KG_PS,AO_2026_2035,2011,8.891917807065129,A,0,2,RW
OECD.TAD.ATM:DSD_AGR@DF_OUTLOOK_2026_2035(1.1),THA,A,CPC_EX_PK,FO_PC,KG_PS,AO_2026_2035,2012,9.54291431077713,A,0,2,RW
OECD.TAD.ATM:DSD_AGR@DF_OUTLOOK_2026_2035(1.1),THA,A,CPC_EX_PK,FO_PC,KG_PS,AO_2026_2035,2013,9.67083172673245,A,0,2,RW
OECD.TAD.ATM:DSD_AGR@DF_OUTLOOK_2026_2035(1.1),THA,A,CPC_EX_PK,FO_PC,KG_PS,AO_2026_2035,2014,9.43001105277863,A,0,2,RW
OECD.TAD.ATM:DSD_AGR@DF_OUTLOOK_2026_2035(1.1),THA,A,CPC_EX_PK,FO_PC,KG_PS,AO_2026_2035,2015,9.241204795239101,A,0,2,RW
OECD.TAD.ATM:DSD_AGR@DF_OUTLOOK_2026_2035(1.1),THA,A,CPC_EX_PK,FO_PC,KG_PS,AO_2026_2035,2016,8.98552962506434,A,0,2,RW
OECD.TAD.ATM:DSD_AGR@DF_OUTLOOK_2026_2035(1.1),THA,A,CPC_EX_PK,FO_PC,KG_PS,AO_2026_2035,2017,9.104304140361391,A,0,2,RW
OECD.TAD.ATM:DSD_AGR@DF_OUTLOOK_2026_2035(1.1),THA,A,CPC_EX_PK,FO_PC,KG_PS,AO_2026_2035,2018,8.833857270568009,A,0,2,RW
OECD.TAD.ATM:DSD_AGR@DF_OUTLOOK_2026_2035(1.1),THA,A,CPC_EX_PK,FO_PC,KG_PS,AO_2026_2035,2019,8.95467714278111,A,0,2,RW
OECD.TAD.ATM:DSD_AGR@DF_OUTLOOK_2026_2035(1.1),THA,A,CPC_EX_PK,FO_PC,KG_PS,AO_2026_2035,2020,8.660633897484301,A,0,2,RW
OECD.TAD.ATM:DSD_AGR@DF_OUTLOOK_2026_2035(1.1),THA,A,CPC_EX_PK,FO_PC,KG_PS,AO_2026_2035,2021,7.687078795929379,A,0,2,RW
OECD.TAD.ATM:DSD_AGR@DF_OUTLOOK_2026_2035(1.1),THA,A,CPC_EX_PK,FO_PC,KG_PS,AO_2026_2035,2022,6.41870249965231,A,0,2,RW
OECD.TAD.ATM:DSD_AGR@DF_OUTLOOK_2026_2035(1.1),THA,A,CPC_EX_PK,FO_PC,KG_PS,AO_2026_2035,2023,8.31264123162307,A,0,2,RW
OECD.TAD.ATM:DSD_AGR@DF_OUTLOOK_2026_2035(1.1),THA,A,CPC_EX_PK,FO_PC,KG_PS,AO_2026_2035,2024,8.82276662358104,A,0,2,RW
OECD.TAD.ATM:DSD_AGR@DF_OUTLOOK_2026_2035(1.1),THA,A,CPC_EX_PK,FO_PC,KG_PS,AO_2026_2035,2025,8.681578876785341,A,0,2,RW
OECD.TAD.ATM:DSD_AGR@DF_OUTLOOK_2026_2035(1.1),THA,A,CPC_EX_PK,FO_PC,KG_PS,AO_2026_2035,2026,8.85184773957778,A,0,2,RW
OECD.TAD.ATM:DSD_AGR@DF_OUTLOOK_2026_2035(1.1),THA,A,CPC_EX_PK,FO_PC,KG_PS,AO_2026_2035,2027,9.01720118934003,A,0,2,RW
OECD.TAD.ATM:DSD_AGR@DF_OUTLOOK_2026_2035(1.1),THA,A,CPC_EX_PK,FO_PC,KG_PS,AO_2026_2035,2028,9.17893061305293,A,0,2,RW
OECD.TAD.ATM:DSD_AGR@DF_OUTLOOK_2026_2035(1.1),THA,A,CPC_EX_PK,FO_PC,KG_PS,AO_2026_2035,2029,9.344938488897169,A,0,2,RW
OECD.TAD.ATM:DSD_AGR@DF_OUTLOOK_2026_2035(1.1),THA,A,CPC_EX_PK,FO_PC,KG_PS,AO_2026_2035,2030,9.50796847125032,A,0,2,RW
OECD.TAD.ATM:DSD_AGR@DF_OUTLOOK_2026_2035(1.1),THA,A,CPC_EX_PK,FO_PC,KG_PS,AO_2026_2035,2031,9.67208574432804,A,0,2,RW
OECD.TAD.ATM:DSD_AGR@DF_OUTLOOK_2026_2035(1.1),THA,A,CPC_EX_PK,FO_PC,KG_PS,AO_2026_2035,2032,9.84400330121638,A,0,2,RW
OECD.TAD.ATM:DSD_AGR@DF_OUTLOOK_2026_2035(1.1),THA,A,CPC_EX_PK,FO_PC,KG_PS,AO_2026_2035,2033,10.0154374221357,A,0,2,RW
OECD.TAD.ATM:DSD_AGR@DF_OUTLOOK_2026_2035(1.1),THA,A,CPC_EX_PK,FO_PC,KG_PS,AO_2026_2035,2034,10.1884858353508,A,0,2,RW
OECD.TAD.ATM:DSD_AGR@DF_OUTLOOK_2026_2035(1.1),THA,A,CPC_EX_PK,FO_PC,KG_PS,AO_2026_2035,2035,10.3617209935453,A,0,2,RW
OECD.TAD.ATM:DSD_AGR@DF_OUTLOOK_2026_2035(1.1),VNM,A,CPC_EX_PK,FO_PC,KG_PS,AO_2026_2035,2010,18.2216250049381,A,0,2,RW
OECD.TAD.ATM:DSD_AGR@DF_OUTLOOK_2026_2035(1.1),VNM,A,CPC_EX_PK,FO_PC,KG_PS,AO_2026_2035,2011,18.4643738621894,A,0,2,RW
OECD.TAD.ATM:DSD_AGR@DF_OUTLOOK_2026_2035(1.1),VNM,A,CPC_EX_PK,FO_PC,KG_PS,AO_2026_2035,2012,18.5960802284941,A,0,2,RW
OECD.TAD.ATM:DSD_AGR@DF_OUTLOOK_2026_2035(1.1),VNM,A,CPC_EX_PK,FO_PC,KG_PS,AO_2026_2035,2013,19.3770232705362,A,0,2,RW
OECD.TAD.ATM:DSD_AGR@DF_OUTLOOK_2026_2035(1.1),VNM,A,CPC_EX_PK,FO_PC,KG_PS,AO_2026_2035,2014,19.9064547151649,A,0,2,RW
OECD.TAD.ATM:DSD_AGR@DF_OUTLOOK_2026_2035(1.1),VNM,A,CPC_EX_PK,FO_PC,KG_PS,AO_2026_2035,2015,22.6610137892908,A,0,2,RW
OECD.TAD.ATM:DSD_AGR@DF_OUTLOOK_2026_2035(1.1),VNM,A,CPC_EX_PK,FO_PC,KG_PS,AO_2026_2035,2016,24.8271554512578,A,0,2,RW
OECD.TAD.ATM:DSD_AGR@DF_OUTLOOK_2026_2035(1.1),VNM,A,CPC_EX_PK,FO_PC,KG_PS,AO_2026_2035,2017,25.1445397922266,A,0,2,RW
OECD.TAD.ATM:DSD_AGR@DF_OUTLOOK_2026_2035(1.1),VNM,A,CPC_EX_PK,FO_PC,KG_PS,AO_2026_2035,2018,26.0080032668693,A,0,2,RW
OECD.TAD.ATM:DSD_AGR@DF_OUTLOOK_2026_2035(1.1),VNM,A,CPC_EX_PK,FO_PC,KG_PS,AO_2026_2035,2019,22.4896127891018,A,0,2,RW
OECD.TAD.ATM:DSD_AGR@DF_OUTLOOK_2026_2035(1.1),VNM,A,CPC_EX_PK,FO_PC,KG_PS,AO_2026_2035,2020,22.5706137609312,A,0,2,RW
OECD.TAD.ATM:DSD_AGR@DF_OUTLOOK_2026_2035(1.1),VNM,A,CPC_EX_PK,FO_PC,KG_PS,AO_2026_2035,2021,23.8918479753067,A,0,2,RW
OECD.TAD.ATM:DSD_AGR@DF_OUTLOOK_2026_2035(1.1),VNM,A,CPC_EX_PK,FO_PC,KG_PS,AO_2026_2035,2022,24.9882156742376,A,0,2,RW
OECD.TAD.ATM:DSD_AGR@DF_OUTLOOK_2026_2035(1.1),VNM,A,CPC_EX_PK,FO_PC,KG_PS,AO_2026_2035,2023,26.3800091033711,A,0,2,RW
OECD.TAD.ATM:DSD_AGR@DF_OUTLOOK_2026_2035(1.1),VNM,A,CPC_EX_PK,FO_PC,KG_PS,AO_2026_2035,2024,27.8458295655058,A,0,2,RW
OECD.TAD.ATM:DSD_AGR@DF_OUTLOOK_2026_2035(1.1),VNM,A,CPC_EX_PK,FO_PC,KG_PS,AO_2026_2035,2025,28.6413469663594,A,0,2,RW
OECD.TAD.ATM:DSD_AGR@DF_OUTLOOK_2026_2035(1.1),VNM,A,CPC_EX_PK,FO_PC,KG_PS,AO_2026_2035,2026,29.7690584732773,A,0,2,RW
OECD.TAD.ATM:DSD_AGR@DF_OUTLOOK_2026_2035(1.1),VNM,A,CPC_EX_PK,FO_PC,KG_PS,AO_2026_2035,2027,30.0774984999696,A,0,2,RW
OECD.TAD.ATM:DSD_AGR@DF_OUTLOOK_2026_2035(1.1),VNM,A,CPC_EX_PK,FO_PC,KG_PS,AO_2026_2035,2028,30.4277629096363,A,0,2,RW
OECD.TAD.ATM:DSD_AGR@DF_OUTLOOK_2026_2035(1.1),VNM,A,CPC_EX_PK,FO_PC,KG_PS,AO_2026_2035,2029,30.7488231935303,A,0,2,RW
OECD.TAD.ATM:DSD_AGR@DF_OUTLOOK_2026_2035(1.1),VNM,A,CPC_EX_PK,FO_PC,KG_PS,AO_2026_2035,2030,31.0813946912814,A,0,2,RW
OECD.TAD.ATM:DSD_AGR@DF_OUTLOOK_2026_2035(1.1),VNM,A,CPC_EX_PK,FO_PC,KG_PS,AO_2026_2035,2031,31.0800391507338,A,0,2,RW
OECD.TAD.ATM:DSD_AGR@DF_OUTLOOK_2026_2035(1.1),VNM,A,CPC_EX_PK,FO_PC,KG_PS,AO_2026_2035,2032,30.6897558575795,A,0,2,RW
OECD.TAD.ATM:DSD_AGR@DF_OUTLOOK_2026_2035(1.1),VNM,A,CPC_EX_PK,FO_PC,KG_PS,AO_2026_2035,2033,30.9627115920757,A,0,2,RW
OECD.TAD.ATM:DSD_AGR@DF_OUTLOOK_2026_2035(1.1),VNM,A,CPC_EX_PK,FO_PC,KG_PS,AO_2026_2035,2034,31.2361644648079,A,0,2,RW
OECD.TAD.ATM:DSD_AGR@DF_OUTLOOK_2026_2035(1.1),VNM,A,CPC_EX_PK,FO_PC,KG_PS,AO_2026_2035,2035,31.5135764056031,A,0,2,RW
