source_id,prefix,agent,citation,title,author_or_publisher,date,url,doi,source_type,accessed,notes,wave,from_note
MAC-01,MAC,MACRO,"USDA FAS GAIN. Vietnam: Grain and Feed Annual, report VM2026-0012. 15 Apr 2026. https://apps.fas.usda.gov/newgainapi/api/Report/DownloadReportByFileName?fileName=Grain+and+Feed+Annual_Ho+Chi+Minh+City_Vietnam_VM2026-0012.pdf Supports: feed output 2025, feed demand forecasts, corn/wheat/DDGS trade and PSD, ASF 2025, feed exports, tariffs. Type: gov/statistics (Post estimates).","Vietnam: Grain and Feed Annual, report VM2026-0012",USDA FAS GAIN,15 Apr 2026,https://apps.fas.usda.gov/newgainapi/api/Report/DownloadReportByFileName?fileName=Grain+and+Feed+Annual_Ho+Chi+Minh+City_Vietnam_VM2026-0012.pdf,,gov/statistics,2026-09-23,Type as given: gov/statistics (Post estimates) | Same URL as FS-23,wave1,wave1/macro/m1-protein-economy.md
MAC-02,MAC,MACRO,"USDA FAS GAIN. Vietnam: Grain and Feed Annual, report VM2025-0015. 15 Apr 2025. https://apps.fas.usda.gov/newgainapi/api/Report/DownloadReportByFileName?fileName=Grain+and+Feed+Annual_Ho+Chi+Minh+City_Vietnam_VM2025-0015.pdf Supports: 21.5 Mt feed 2024, 2024 trade, feed ingredient demand 2024. Type: gov/statistics.","Vietnam: Grain and Feed Annual, report VM2025-0015",USDA FAS GAIN,15 Apr 2025,https://apps.fas.usda.gov/newgainapi/api/Report/DownloadReportByFileName?fileName=Grain+and+Feed+Annual_Ho+Chi+Minh+City_Vietnam_VM2025-0015.pdf,,gov/statistics,2026-09-23,Type as given: gov/statistics,wave1,wave1/macro/m1-protein-economy.md
MAC-03,MAC,MACRO,"USDA FAS GAIN. Vietnam: Grain and Feed Quarterly, report VM2026-0030. 4 Aug 2026. https://apps.fas.usda.gov/newgainapi/api/Report/DownloadReportByFileName?fileName=Grain+and+Feed+Quarterly_Ho+Chi+Minh+City_Vietnam_VM2026-0030.pdf Supports: H1 2026 feed output and imports, herd changes, ASF status, ethanol mandate. Type: gov/statistics.","Vietnam: Grain and Feed Quarterly, report VM2026-0030",USDA FAS GAIN,4 Aug 2026,https://apps.fas.usda.gov/newgainapi/api/Report/DownloadReportByFileName?fileName=Grain+and+Feed+Quarterly_Ho+Chi+Minh+City_Vietnam_VM2026-0030.pdf,,gov/statistics,2026-09-23,Type as given: gov/statistics,wave1,wave1/macro/m1-protein-economy.md
MAC-04,MAC,MACRO,"USDA FAS GAIN. Vietnam: Oilseeds and Products Annual, report VM2026-0006 (Nguyen Linh). 15 Apr 2026. https://apps.fas.usda.gov/newgainapi/api/Report/DownloadReportByFileName?fileName=Oilseeds+and+Products+Annual_Hanoi_Vietnam_VM2026-0006.pdf Supports: soybean and soybean meal PSD 2025 to 2027, origins, crush, rapeseed and copra meal. Type: gov/statistics.","Vietnam: Oilseeds and Products Annual, report VM2026-0006 (Nguyen Linh)",USDA FAS GAIN,15 Apr 2026,https://apps.fas.usda.gov/newgainapi/api/Report/DownloadReportByFileName?fileName=Oilseeds+and+Products+Annual_Hanoi_Vietnam_VM2026-0006.pdf,,gov/statistics,2026-09-23,Type as given: gov/statistics | Same URL as FS-24,wave1,wave1/macro/m1-protein-economy.md
MAC-05,MAC,MACRO,"USDA FAS GAIN. Vietnam: Oilseeds and Products Annual, report VM2025-0011. 2 Apr 2025. https://apps.fas.usda.gov/newgainapi/api/Report/DownloadReportByFileName?fileName=Oilseeds+and+Products+Annual_Hanoi_Vietnam_VM2025-0011.pdf Supports: soybean and soybean meal 2024, crush capacity (four plants), HS reclassification. Type: gov/statistics.","Vietnam: Oilseeds and Products Annual, report VM2025-0011",USDA FAS GAIN,2 Apr 2025,https://apps.fas.usda.gov/newgainapi/api/Report/DownloadReportByFileName?fileName=Oilseeds+and+Products+Annual_Hanoi_Vietnam_VM2025-0011.pdf,,gov/statistics,2026-09-23,Type as given: gov/statistics,wave1,wave1/macro/m1-protein-economy.md
MAC-06,MAC,MACRO,"Mardiana. ""Aquafeeds in 2025: Disrupted by tariffs."" Aqua Culture Asia Pacific, 30 Jun 2026. https://aquaasiapac.com/2026/06/30/aquafeeds-in-2025-disrupted-by-tariffs/ Supports: Vietnam shrimp and fish feed estimates by species, top shrimp feed producers, aquafeed capacity, international fishmeal prices, substitutes. Type: trade press (industry estimates).",Aquafeeds in 2025: Disrupted by tariffs,Mardiana,30 Jun 2026,https://aquaasiapac.com/2026/06/30/aquafeeds-in-2025-disrupted-by-tariffs/,,press,2026-09-23,"Type as given: trade press (industry estimates) | Same URL as IND-41, FM-04",wave1,wave1/macro/m1-protein-economy.md
MAC-07,MAC,MACRO,"Vinanet (MOIT). ""Nhap khau thuc an gia suc nam 2025 dat tren 4,58 ty USD."" Early 2026 (customs data of 10 Jan 2026). https://vinanet.vn/thuong-mai-cha/nhap-khau-thuc-an-gia-suc-nam-2025-dat-tren-458-ty-usd-804998.html Supports: 2025 value of the feed and ingredients customs group, origins. Type: gov-affiliated press (customs data).","Nhap khau thuc an gia suc nam 2025 dat tren 4,58 ty USD",Vinanet (MOIT),2025,https://vinanet.vn/thuong-mai-cha/nhap-khau-thuc-an-gia-suc-nam-2025-dat-tren-458-ty-usd-804998.html,,press,2026-09-23,Type as given: gov-affiliated press (customs data),wave1,wave1/macro/m1-protein-economy.md
MAC-08,MAC,MACRO,"Bao Ha Tinh. ""Nhap khau ngo nam 2025 dat 11,91 trieu tan, kim ngach giam gan 3%."" 8 Mar 2026. https://baohatinh.vn/tv/nhap-khau-ngo-nam-2025-dat-1191-trieu-tan-kim-ngach-giam-gan-3-33608.html Supports: 2025 corn imports by origin (customs). Type: press (customs data).","Nhap khau ngo nam 2025 dat 11,91 trieu tan, kim ngach giam gan 3%",Bao Ha Tinh,8 Mar 2026,https://baohatinh.vn/tv/nhap-khau-ngo-nam-2025-dat-1191-trieu-tan-kim-ngach-giam-gan-3-33608.html,,press,2026-09-23,Type as given: press (customs data),wave1,wave1/macro/m1-protein-economy.md
MAC-09,MAC,MACRO,"Bao Ha Tinh. ""Viet Nam nhap khau 2,61 trieu tan dau tuong nam 2025, kim ngach dat 1,21 ty USD."" 8 Mar 2026. https://baohatinh.vn/tv/viet-nam-nhap-khau-261-trieu-tan-dau-tuong-nam-2025-kim-ngach-dat-121-ty-usd-33613.html Supports: 2025 soybean imports by origin (customs). Type: press (customs data).","Viet Nam nhap khau 2,61 trieu tan dau tuong nam 2025, kim ngach dat 1,21 ty USD",Bao Ha Tinh,8 Mar 2026,https://baohatinh.vn/tv/viet-nam-nhap-khau-261-trieu-tan-dau-tuong-nam-2025-kim-ngach-dat-121-ty-usd-33613.html,,press,2026-09-23,Type as given: press (customs data),wave1,wave1/macro/m1-protein-economy.md
MAC-10,MAC,MACRO,"Bao Ha Tinh. ""Viet Nam chi gan 1,46 ty USD nhap khau hon 5,45 trieu tan lua mi nam 2025."" 8 Mar 2026. https://baohatinh.vn/tv/viet-nam-chi-gan-146-ty-usd-nhap-khau-hon-545-trieu-tan-lua-mi-nam-2025-33611.html Supports: 2025 wheat imports by origin (customs). Type: press (customs data).","Viet Nam chi gan 1,46 ty USD nhap khau hon 5,45 trieu tan lua mi nam 2025",Bao Ha Tinh,8 Mar 2026,https://baohatinh.vn/tv/viet-nam-chi-gan-146-ty-usd-nhap-khau-hon-545-trieu-tan-lua-mi-nam-2025-33611.html,,press,2026-09-23,Type as given: press (customs data),wave1,wave1/macro/m1-protein-economy.md
MAC-11,MAC,MACRO,"3tres3. ""Viet Nam: Nhap khau ngo nam 2024 tang ca ve luong va kim ngach."" Early 2025 (customs data of 10 Jan 2025). https://www.3tres3.com/vn/Tin-t%E1%BB%A9c-ng%C3%A0nh-heo/vi%E1%BB%87t-nam-nh%E1%BA%ADp-kh%E1%BA%A9u-ngo-n%C4%83m-2024-t%C4%83ng-c%E1%BA%A3-v%E1%BB%81-l%C6%B0%E1%BB%A3ng-va-kim-ng%E1%BA%A1ch_1611/ Supports: 2024 corn imports and origins, 2023 values derived. Type: trade press (customs data).",Viet Nam: Nhap khau ngo nam 2024 tang ca ve luong va kim ngach,3tres3,2024,https://www.3tres3.com/vn/Tin-t%E1%BB%A9c-ng%C3%A0nh-heo/vi%E1%BB%87t-nam-nh%E1%BA%ADp-kh%E1%BA%A9u-ngo-n%C4%83m-2024-t%C4%83ng-c%E1%BA%A3-v%E1%BB%81-l%C6%B0%E1%BB%A3ng-va-kim-ng%E1%BA%A1ch_1611/,,press,2026-09-23,Type as given: trade press (customs data),wave1,wave1/macro/m1-protein-economy.md
MAC-12,MAC,MACRO,"VnEconomy. ""Chan nuoi Viet Nam 2025: Tang truong 4,5%, nguon cung Tet 2026 doi dao"" (Livestock Department data). Early 2026 (exact date not captured). https://vneconomy.vn/nganh-chan-nuoi-vuot-kho-dam-bao-nguon-cung-thuc-pham-cho-tet-2026.htm Supports: 2025 herds, beef and buffalo output, ASF and poultry losses, livestock exports. Type: press (official data).","Chan nuoi Viet Nam 2025: Tang truong 4,5%, nguon cung Tet 2026 doi dao",VnEconomy,2025,https://vneconomy.vn/nganh-chan-nuoi-vuot-kho-dam-bao-nguon-cung-thuc-pham-cho-tet-2026.htm,,press,2026-09-23,Type as given: press (official data),wave1,wave1/macro/m1-protein-economy.md
MAC-13,MAC,MACRO,"NSO. ""Bao cao tinh hinh kinh te - xa hoi quy IV va nam 2025."" Jan 2026. https://www.nso.gov.vn/bai-top/2026/01/bao-cao-tinh-hinh-kinh-te-xa-hoi-quy-iv-va-nam-2025/ (also https://xaydungchinhsach.chinhphu.vn/bao-cao-tinh-hinh-kinh-te-xa-hoi-quy-iv-va-nam-2025-119260105155650719.htm) Supports: fisheries totals, ASF effect on pig herd, GDP. Type: gov/statistics.",Bao cao tinh hinh kinh te - xa hoi quy IV va nam 2025,NSO,Jan 2026,https://www.nso.gov.vn/bai-top/2026/01/bao-cao-tinh-hinh-kinh-te-xa-hoi-quy-iv-va-nam-2025/,,gov/statistics,2026-09-23,Type as given: gov/statistics | Other URLs: https://xaydungchinhsach.chinhphu.vn/bao-cao-tinh-hinh-kinh-te-xa-hoi-quy-iv-va-nam-2025-119260105155650719.htm,wave1,wave1/macro/m1-protein-economy.md
MAC-14,MAC,MACRO,"NSO. ""Mot so net chinh tinh hinh kinh te - xa hoi quy IV va nam 2025."" Jan 2026. https://www.nso.gov.vn/bai-top/2026/01/mot-so-net-chinh-tinh-hinh-kinh-te-xa-hoi-quy-iv-va-nam-2025/ Supports: 2025 pork, poultry, eggs, milk. Type: gov/statistics.",Mot so net chinh tinh hinh kinh te - xa hoi quy IV va nam 2025,NSO,Jan 2026,https://www.nso.gov.vn/bai-top/2026/01/mot-so-net-chinh-tinh-hinh-kinh-te-xa-hoi-quy-iv-va-nam-2025/,,gov/statistics,2026-09-23,Type as given: gov/statistics,wave1,wave1/macro/m1-protein-economy.md
MAC-15,MAC,MACRO,"NSO. ""Thuy san Viet Nam quy IV va ca nam 2025: Giu da tang truong, vuot thach thuc, huong toi phat trien ben vung."" 8 Jan 2026. https://www.nso.gov.vn/du-lieu-va-so-lieu-thong-ke/2026/01/thuy-san-viet-nam-quy-iv-va-ca-nam-2025-giu-da-tang-truong-vuot-thach-thuc-huong-toi-phat-trien-ben-vung/ Supports: fisheries by type and species 2025, seafood exports USD 11.3 bn. Type: gov/statistics.","Thuy san Viet Nam quy IV va ca nam 2025: Giu da tang truong, vuot thach thuc, huong toi phat trien ben vung",NSO,8 Jan 2026,https://www.nso.gov.vn/du-lieu-va-so-lieu-thong-ke/2026/01/thuy-san-viet-nam-quy-iv-va-ca-nam-2025-giu-da-tang-truong-vuot-thach-thuc-huong-toi-phat-trien-ben-vung/,,gov/statistics,2026-09-23,Type as given: gov/statistics,wave1,wave1/macro/m1-protein-economy.md
MAC-16,MAC,MACRO,"NSO. ""Thuy san Viet Nam quy III va 9 thang nam 2025."" Oct 2025. https://www.nso.gov.vn/du-lieu-va-so-lieu-thong-ke/2025/10/thuy-san-viet-nam-quy-iii-va-9-thang-nam-2025-thuc-trang-han-che-va-ky-vong-nhung-thang-cuoi-nam/ Supports: 9-month species output, used to resolve the whiteleg figure. Type: gov/statistics.",Thuy san Viet Nam quy III va 9 thang nam 2025,NSO,Oct 2025,https://www.nso.gov.vn/du-lieu-va-so-lieu-thong-ke/2025/10/thuy-san-viet-nam-quy-iii-va-9-thang-nam-2025-thuc-trang-han-che-va-ky-vong-nhung-thang-cuoi-nam/,,gov/statistics,2026-09-23,Type as given: gov/statistics,wave1,wave1/macro/m1-protein-economy.md
MAC-17,MAC,MACRO,"NSO. ""Bao cao tinh hinh kinh te - xa hoi Quy II va sau thang dau nam 2026."" Jul 2026. https://nso.gov.vn/bai-top/2026/07/bao-cao-tinh-hinh-kinh-te-xa-hoi-quy-ii-va-sau-thang-dau-nam-2026 Supports: H1 2026 herds, fisheries, GDP, manufacturing. Type: gov/statistics.",Bao cao tinh hinh kinh te - xa hoi Quy II va sau thang dau nam 2026,NSO,Jul 2026,https://nso.gov.vn/bai-top/2026/07/bao-cao-tinh-hinh-kinh-te-xa-hoi-quy-ii-va-sau-thang-dau-nam-2026,,gov/statistics,2026-09-23,Type as given: gov/statistics,wave1,wave1/macro/m1-protein-economy.md
MAC-18,MAC,MACRO,"NSO. ""Mot so net chinh tinh hinh kinh te - xa hoi quy II va 6 thang dau nam 2026."" Jul 2026. https://www.nso.gov.vn/tin-tuc-thong-ke/2026/07/mot-so-net-chinh-tinh-hinh-kinh-te-xa-hoi-quy-ii-va-6-thang-dau-nam-2026/ Supports: H1 2026 pork, poultry, eggs, pangasius, black tiger. Type: gov/statistics.",Mot so net chinh tinh hinh kinh te - xa hoi quy II va 6 thang dau nam 2026,NSO,Jul 2026,https://www.nso.gov.vn/tin-tuc-thong-ke/2026/07/mot-so-net-chinh-tinh-hinh-kinh-te-xa-hoi-quy-ii-va-6-thang-dau-nam-2026/,,gov/statistics,2026-09-23,Type as given: gov/statistics,wave1,wave1/macro/m1-protein-economy.md
MAC-19,MAC,MACRO,"NSO. ""Press release: socio-economic situation in the fourth quarter and 2025"" (English). Jan 2026. https://www.nso.gov.vn/en/data-and-statistics/2026/01/press-release-social-economic-situation-in-the-fourth-quarter-and-2025/ Supports: GDP, per-person income, population, urbanisation, FDI, sector shares, rice. Type: gov/statistics.",Press release: socio-economic situation in the fourth quarter and 2025,NSO,Jan 2026,https://www.nso.gov.vn/en/data-and-statistics/2026/01/press-release-social-economic-situation-in-the-fourth-quarter-and-2025/,,gov/statistics,2026-09-23,Type as given: gov/statistics,wave1,wave1/macro/m1-protein-economy.md
MAC-20,MAC,MACRO,"NSO. ""Socio-economic situation in the fourth quarter and 2024"" (English). Feb 2025. https://www.nso.gov.vn/en/highlight/2025/02/socio-economic-situation-in-the-fourth-quarter-and-2024/ Supports: 2024 preliminary fisheries, GDP 2024, disaster losses. Type: gov/statistics.",Socio-economic situation in the fourth quarter and 2024,NSO,Feb 2025,https://www.nso.gov.vn/en/highlight/2025/02/socio-economic-situation-in-the-fourth-quarter-and-2024/,,gov/statistics,2026-09-23,Type as given: gov/statistics,wave1,wave1/macro/m1-protein-economy.md
MAC-21,MAC,MACRO,"VTV. ""Viet Nam xep thu 4 the gioi ve tieu thu thit lon."" 12 Feb 2026. https://vtv.vn/viet-nam-xep-thu-4-the-gioi-ve-tieu-thu-thit-lon-100260212193418108.htm Supports: pork per person about 39 kg (2025), citing MOIT and MAE. Type: press (state broadcaster).",Viet Nam xep thu 4 the gioi ve tieu thu thit lon,VTV,12 Feb 2026,https://vtv.vn/viet-nam-xep-thu-4-the-gioi-ve-tieu-thu-thit-lon-100260212193418108.htm,,press,2026-09-23,Type as given: press (state broadcaster),wave1,wave1/macro/m1-protein-economy.md
MAC-22,MAC,MACRO,"VietnamNet. ""Viet Nam nam top dau the gioi tieu thu thit lon, DN chi 460 trieu USD nhap ve."" 2025 (about March). https://vietnamnet.vn/viet-nam-nam-top-dau-the-gioi-tieu-thu-thit-lon-dn-chi-dam-nhap-ve-2387817.html Supports: pork per person 2021 to 2024, pigs slaughtered 2024, pork imports 2024. Type: press.","Viet Nam nam top dau the gioi tieu thu thit lon, DN chi 460 trieu USD nhap ve",VietnamNet,2025,https://vietnamnet.vn/viet-nam-nam-top-dau-the-gioi-tieu-thu-thit-lon-dn-chi-dam-nhap-ve-2387817.html,,press,2026-09-23,Type as given: press,wave1,wave1/macro/m1-protein-economy.md
MAC-23,MAC,MACRO,"Prime Minister of Vietnam. Decision 1520/QD-TTg approving the Livestock Development Strategy 2021-2030, vision 2045. 6 Oct 2020. Text via LuatVietnam: https://luatvietnam.vn/nong-nghiep/quyet-dinh-1520-chien-luoc-phat-trien-chan-nuoi-giai-doan-2021-2030-192041-d1.html Supports: 2025 and 2030 targets for meat, eggs, milk, feed and processing. Type: law/policy.","Decision 1520/QD-TTg approving the Livestock Development Strategy 2021-2030, vision 2045",Prime Minister of Vietnam,6 Oct 2020,https://luatvietnam.vn/nong-nghiep/quyet-dinh-1520-chien-luoc-phat-trien-chan-nuoi-giai-doan-2021-2030-192041-d1.html,,law,2026-09-23,Type as given: law/policy,wave1,wave1/macro/m1-protein-economy.md
MAC-24,MAC,MACRO,"Tuoi Tre. ""Gia thuc an chan nuoi tang 14%, khuyen cao khong tang dan vi cung vuot cau."" 24 Apr 2026. https://tuoitre.vn/gia-thuc-an-chan-nuoi-tang-14-khuyen-cao-khong-tang-dan-vi-cung-vuot-cau-20260424162541751.htm Supports: 2026 feed price rise, feed share of cost, livestock department statement. Type: press.","Gia thuc an chan nuoi tang 14%, khuyen cao khong tang dan vi cung vuot cau",Tuoi Tre,24 Apr 2026,https://tuoitre.vn/gia-thuc-an-chan-nuoi-tang-14-khuyen-cao-khong-tang-dan-vi-cung-vuot-cau-20260424162541751.htm,,press,2026-09-23,Type as given: press,wave1,wave1/macro/m1-protein-economy.md
MAC-25,MAC,MACRO,"Tuoi Tre. ""Gia nguyen lieu ha nhiet, vi sao thuc an chan nuoi van 'dung gia'?"" 12 Dec 2025. https://tuoitre.vn/gia-nguyen-lieu-ha-nhiet-vi-sao-thuc-an-chan-nuoi-van-dung-gia-20251212193346566.htm Supports: FDI share more than 60%, more than 260 firms, more than 65% of raw materials imported, VAT issue, top 10 list. Type: press (Vietnam Report survey).","Gia nguyen lieu ha nhiet, vi sao thuc an chan nuoi van 'dung gia'?",Tuoi Tre,12 Dec 2025,https://tuoitre.vn/gia-nguyen-lieu-ha-nhiet-vi-sao-thuc-an-chan-nuoi-van-dung-gia-20251212193346566.htm,,press,2026-09-23,Type as given: press (Vietnam Report survey),wave1,wave1/macro/m1-protein-economy.md
MAC-26,MAC,MACRO,"VietnamNet. ""Cong bo Top 10 Cong ty uy tin nganh Thuc an chan nuoi nam 2025."" Dec 2025. https://vietnamnet.vn/cong-bo-top-10-cong-ty-uy-tin-nganh-thuc-an-chan-nuoi-nam-2025-2472069.html Supports: 11-month 2025 feed trade, U-shaped recovery. Type: press (market research).",Cong bo Top 10 Cong ty uy tin nganh Thuc an chan nuoi nam 2025,VietnamNet,Dec 2025,https://vietnamnet.vn/cong-bo-top-10-cong-ty-uy-tin-nganh-thuc-an-chan-nuoi-nam-2025-2472069.html,,press,2026-09-23,Type as given: press (market research),wave1,wave1/macro/m1-protein-economy.md
MAC-27,MAC,MACRO,"VnEconomy. ""Nganh thuc an chan nuoi nhap sieu 2,65 ty USD."" 5 Sep 2024. https://vneconomy.vn/nganh-thuc-an-chan-nuoi-nhap-sieu-2-65-ty-usd.htm Supports: livestock department figure of 85% (about 17 Mt/yr) imported, 8-month 2024 trade. Type: press (official data).","Nganh thuc an chan nuoi nhap sieu 2,65 ty USD",VnEconomy,5 Sep 2024,https://vneconomy.vn/nganh-thuc-an-chan-nuoi-nhap-sieu-2-65-ty-usd.htm,,press,2026-09-23,Type as given: press (official data),wave1,wave1/macro/m1-protein-economy.md
MAC-28,MAC,MACRO,"VietDVM. ""San luong thuc an chan nuoi nam 2024 dat 21,5 trieu tan, tang 3,4% so voi nam 2023."" 2025 (date not captured). https://vietdvm.com/thi-truong/tin-tuc-trong-nuoc/thong-tin-chan-nuoi/san-luong-tacn-nam-2024.html Supports: 2024 feed split by species, 22.4 Mt and USD 7.7 bn of ingredient imports. Type: trade press (livestock department data).","San luong thuc an chan nuoi nam 2024 dat 21,5 trieu tan, tang 3,4% so voi nam 2023",VietDVM,2024,https://vietdvm.com/thi-truong/tin-tuc-trong-nuoc/thong-tin-chan-nuoi/san-luong-tacn-nam-2024.html,,press,2026-09-23,Type as given: trade press (livestock department data),wave1,wave1/macro/m1-protein-economy.md
MAC-29,MAC,MACRO,"Kinh te Chung khoan. ""Thi truong thuc an chan nuoi: Canh tranh gay gat."" Date not captured (MARD data of Dec 2017). https://kinhtechungkhoan.vn/thi-truong-thuc-an-chan-nuoi-canh-tranh-gay-gat-1142764.html Supports: 2017 mill count and FDI share 60% to 65% (dated). Type: press.",Thi truong thuc an chan nuoi: Canh tranh gay gat,Kinh te Chung khoan,,https://kinhtechungkhoan.vn/thi-truong-thuc-an-chan-nuoi-canh-tranh-gay-gat-1142764.html,,press,2026-09-23,Type as given: press,wave1,wave1/macro/m1-protein-economy.md
MAC-30,MAC,MACRO,"TTWTO VCCI. ""Viet Nam ngay cang thu hut cac nha san xuat thuc an chan nuoi."" Date not captured (about 2023). https://trungtamwto.vn/thi-truong-duc/24758-viet-nam-ngay-cang-thu-hut-cac-nha-san-xuat-thuc-an-chan-nuoi Supports: FDI mill counts (De Heus 23, Cargill 11, CP 9). Type: business association press.",Viet Nam ngay cang thu hut cac nha san xuat thuc an chan nuoi,TTWTO VCCI,2023,https://trungtamwto.vn/thi-truong-duc/24758-viet-nam-ngay-cang-thu-hut-cac-nha-san-xuat-thuc-an-chan-nuoi,,press,2026-09-23,Type as given: business association press,wave1,wave1/macro/m1-protein-economy.md
MAC-31,MAC,MACRO,"USDA FAS GAIN. Vietnam: Food Processing Ingredients Annual, report VM2026-0004. 6 Apr 2026. https://apps.fas.usda.gov/newgainapi/api/Report/DownloadReportByFileName?fileName=Food+Processing+Ingredients+Annual_Hanoi_Vietnam_VM2026-0004.pdf Supports: food-processing revenue USD 88 bn (2025), consumer food imports. Type: gov.","Vietnam: Food Processing Ingredients Annual, report VM2026-0004",USDA FAS GAIN,6 Apr 2026,https://apps.fas.usda.gov/newgainapi/api/Report/DownloadReportByFileName?fileName=Food+Processing+Ingredients+Annual_Hanoi_Vietnam_VM2026-0004.pdf,,gov/statistics,2026-09-23,Type as given: gov,wave1,wave1/macro/m1-protein-economy.md
MAC-32,MAC,MACRO,"Socialist Republic of Viet Nam. Nationally Determined Contribution (NDC), updated in 2022. Oct 2022. https://unfccc.int/sites/default/files/NDC/2022-11/Viet%20Nam_NDC_2022_Eng.pdf Supports: agriculture emissions 2014, 2020 and 2030 BAU; reduction targets; Global Methane Pledge. Type: gov/policy.","Nationally Determined Contribution (NDC), updated in 2022",Socialist Republic of Viet Nam,Oct 2022,https://unfccc.int/sites/default/files/NDC/2022-11/Viet%20Nam_NDC_2022_Eng.pdf,,gov/statistics,2026-09-23,Type as given: gov/policy,wave1,wave1/macro/m1-protein-economy.md
MAC-33,MAC,MACRO,"Socialist Republic of Viet Nam. Third Biennial Updated Report to the UNFCCC (inventory year 2016). Submitted about 2021 (date not verified). https://unfccc.int/sites/default/files/resource/Viet%20Nam_BUR3.pdf Supports: 2016 enteric, manure, rice and soil emissions. Type: gov/statistics.",Third Biennial Updated Report to the UNFCCC (inventory year 2016),Socialist Republic of Viet Nam,2016,https://unfccc.int/sites/default/files/resource/Viet%20Nam_BUR3.pdf,,gov/statistics,2026-09-23,Type as given: gov/statistics,wave1,wave1/macro/m1-protein-economy.md
MAC-34,MAC,MACRO,"VASEP. ""August 2026 seafood exports: growth slows, momentum continues to pivot to Asia."" 15 Sep 2026. https://seafood.vasep.com.vn/total-seafood-trade/news/august-2026-seafood-exports-growth-slows-momentum-continues-to-pivot-to-asia-38177.html Supports: 8-month 2026 seafood exports by product and market. Type: industry association.","August 2026 seafood exports: growth slows, momentum continues to pivot to Asia",VASEP,15 Sep 2026,https://seafood.vasep.com.vn/total-seafood-trade/news/august-2026-seafood-exports-growth-slows-momentum-continues-to-pivot-to-asia-38177.html,,other,2026-09-23,Type as given: industry association,wave1,wave1/macro/m1-protein-economy.md
MAC-35,MAC,MACRO,"VASEP. ""Vietnam's shrimp exports in the first eight months of 2026: positive growth continues as competition shifts toward efficiency and value."" Sep 2026. https://seafood.vasep.com.vn/key-seafood-sectors/shrimp/news/vietnam-s-shrimp-exports-in-the-first-eight-months-of-2026-positive-growth-continues-as-competition-shifts-toward-efficiency-and-value-38207.html Supports: shrimp exports by species and market; Section 301 tariff claim. Type: industry association.",Vietnam's shrimp exports in the first eight months of 2026: positive growth continues as competition shifts toward efficiency and value,VASEP,Sep 2026,https://seafood.vasep.com.vn/key-seafood-sectors/shrimp/news/vietnam-s-shrimp-exports-in-the-first-eight-months-of-2026-positive-growth-continues-as-competition-shifts-toward-efficiency-and-value-38207.html,,other,2026-09-23,Type as given: industry association,wave1,wave1/macro/m1-protein-economy.md
MAC-36,MAC,MACRO,"Carrique-Mas, J., Choisy, M., Nguyen Van Cuong, et al. (2020). ""An estimation of total antimicrobial usage in humans and animals in Vietnam."" Antimicrobial Resistance and Infection Control 9: 16. https://doi.org/10.1186/s13756-019-0671-7 Supports: antimicrobial use shares by species (2015). Type: peer-reviewed.",An estimation of total antimicrobial usage in humans and animals in Vietnam,"Carrique-Mas, J., Choisy, M., Nguyen Van Cuong, et al",2020,https://doi.org/10.1186/s13756-019-0671-7,10.1186/s13756-019-0671-7,peer-reviewed,2026-09-23,Type as given: peer-reviewed,wave1,wave1/macro/m1-protein-economy.md
MAC-37,MAC,MACRO,"Nguyen-Thi, T., Pham-Thi-Ngoc, L., Nguyen-Ngoc, Q., et al. (2021). ""An assessment of the economic impacts of the 2019 African swine fever outbreaks in Vietnam."" Frontiers in Veterinary Science 8: 686038. https://doi.org/10.3389/fvets.2021.686038 Supports: about 6 M pigs, more than 20% of herd, in 2019; modern sector resilience. Type: peer-reviewed.",An assessment of the economic impacts of the 2019 African swine fever outbreaks in Vietnam,"Nguyen-Thi, T., Pham-Thi-Ngoc, L., Nguyen-Ngoc, Q., et al",2021,https://doi.org/10.3389/fvets.2021.686038,10.3389/fvets.2021.686038,peer-reviewed,2026-09-23,Type as given: peer-reviewed,wave1,wave1/macro/m1-protein-economy.md
MAC-38,MAC,MACRO,"Shao, Q., Li, R., Han, Y., et al. (2022). ""Temporal and spatial evolution of the African swine fever epidemic in Vietnam."" International Journal of Environmental Research and Public Health 19(13): 8001. https://doi.org/10.3390/ijerph19138001 Supports: ASF phases 2019 to 2022; about 6 M pigs culled 2019 to 2021. Type: peer-reviewed.",Temporal and spatial evolution of the African swine fever epidemic in Vietnam,"Shao, Q., Li, R., Han, Y., et al",2022,https://doi.org/10.3390/ijerph19138001,10.3390/ijerph19138001,peer-reviewed,2026-09-23,Type as given: peer-reviewed,wave1,wave1/macro/m1-protein-economy.md
MAC-39,MAC,MACRO,"Naylor, R. L., et al. (2021). ""A 20-year retrospective review of global aquaculture."" Nature 591: 551-563. https://doi.org/10.1038/s41586-021-03308-6 Supports: fishmeal inclusion 1% to 2% in freshwater fish feeds; pangasius trimmings used in fishmeal. Type: peer-reviewed ([general]).",A 20-year retrospective review of global aquaculture,"Naylor, R. L., et al",2021,https://doi.org/10.1038/s41586-021-03308-6,10.1038/s41586-021-03308-6,peer-reviewed,2026-09-23,Type as given: peer-reviewed ([general]) | Same URL as FM-05 | Same DOI as FM-05,wave1,wave1/macro/m1-protein-economy.md
MAC-40,MAC,MACRO,"Malcorps, W., Kok, B., van 't Land, M., et al. (2019). ""The sustainability conundrum of fishmeal substitution by plant ingredients in shrimp feeds."" Sustainability 11(4): 1212. https://doi.org/10.3390/su11041212 Supports: traditional shrimp feeds 20% to 30% fishmeal. Type: peer-reviewed ([general]).",The sustainability conundrum of fishmeal substitution by plant ingredients in shrimp feeds,"Malcorps, W., Kok, B., van 't Land, M., et al",2019,https://doi.org/10.3390/su11041212,10.3390/su11041212,peer-reviewed,2026-09-23,Type as given: peer-reviewed ([general]),wave1,wave1/macro/m1-protein-economy.md
MAC-41,MAC,MACRO,"""Chemoattractants: their essentiality and efficacy in shrimp aquaculture."" Indian Journal of Fisheries 68(1) (2021). https://doi.org/10.21077/ijf.2021.68.1.95994-20 Supports: shrimp feed fishmeal 19% to 40% (2000), 11% to 23% (2014), about 6% projected for 2025 (citing Salin et al. 2018). Type: peer-reviewed review ([general]).",Chemoattractants: their essentiality and efficacy in shrimp aquaculture,Indian Journal of Fisheries 68,2021,https://doi.org/10.21077/ijf.2021.68.1.95994-20,10.21077/ijf.2021.68.1.95994-20,peer-reviewed,2026-09-23,Type as given: peer-reviewed review ([general]) | Same URL as FM-07 | Same DOI as FM-07,wave1,wave1/macro/m1-protein-economy.md
MAC-42,MAC,MACRO,"Da, C. T., Lundh, T., Lindberg, J. E. (2016). ""Growth performance, feed utilisation and biological indices of Tra catfish (Pangasianodon hypophthalmus) cultured in net cages in pond fed diets based on locally available feed resources."" International Aquatic Research 8(4): 309-321. https://doi.org/10.1007/s40071-016-0144-z Supports: feed 70% to 90% of pangasius operating cost (older studies cited); commercial feed averages 26% crude protein. Type: peer-reviewed.","Growth performance, feed utilisation and biological indices of Tra catfish (Pangasianodon hypophthalmus) cultured in net cages in pond fed diets based on locally available feed resources","Da, C. T., Lundh, T., Lindberg, J. E",2016,https://doi.org/10.1007/s40071-016-0144-z,10.1007/s40071-016-0144-z,peer-reviewed,2026-09-23,Type as given: peer-reviewed,wave1,wave1/macro/m1-protein-economy.md
MAC-43,MAC,MACRO,"Sharifuzzaman, M., Mun, H.-S., Ampode, K. M. B., et al. (2024). ""Smart pig farming: a journey ahead of Vietnam."" Agriculture 14(4): 555. https://doi.org/10.3390/agriculture14040555 Supports: feed more than 70% of pig cost; 70% to 80% of ingredients imported; 2022 disruption. Type: peer-reviewed review.",Smart pig farming: a journey ahead of Vietnam,"Sharifuzzaman, M., Mun, H.-S., Ampode, K. M. B., et al",2024,https://doi.org/10.3390/agriculture14040555,10.3390/agriculture14040555,peer-reviewed,2026-09-23,Type as given: peer-reviewed review,wave1,wave1/macro/m1-protein-economy.md
MAC-44,MAC,MACRO,"Ha Vu Khai (2023). ""Investigating the impact of global policy and political shifts on Vietnamese businesses."" Journal of Finance and Accounting 7(3): 1-8. https://doi.org/10.53819/81018102t2138 Supports: wheat import price USD 424/t in Sep 2022 (+37.2% y/y). Type: peer-reviewed (minor journal; Low to Medium).",Investigating the impact of global policy and political shifts on Vietnamese businesses,Ha Vu Khai,2023,https://doi.org/10.53819/81018102t2138,10.53819/81018102t2138,peer-reviewed,2026-09-23,Type as given: peer-reviewed (minor journal; Low to Medium),wave1,wave1/macro/m1-protein-economy.md
MAC-45,MAC,MACRO,"""Effects of replacing marine fishmeal with graded levels of Tra Catfish by-product protein hydrolysate on the performance and meat quality of pigs."" South African Journal of Animal Science 46(3) (2016). https://doi.org/10.4314/sajas.v46i3.1 Supports: pangasius by-products are 62% to 67% of whole fish (citing Minh 2014). Type: peer-reviewed.",Effects of replacing marine fishmeal with graded levels of Tra Catfish by-product protein hydrolysate on the performance and meat quality of pigs,South African Journal of Animal Science 46,2016,https://doi.org/10.4314/sajas.v46i3.1,10.4314/sajas.v46i3.1,peer-reviewed,2026-09-23,Type as given: peer-reviewed,wave1,wave1/macro/m1-protein-economy.md
FS-01,FS,FEEDSTOCK,"""Việt Nam đang là nhà cung cấp lớn nhất một thứ tinh bột cho Trung Quốc, năm 2025 bán được gần 3,7 triệu tấn."" Dân Việt, January 2026 (citing Export-Import Department, Customs, Statistics Office). https://danviet.vn/viet-nam-dang-la-nha-cung-cap-lon-nhat-mot-thu-tinh-bot-trang-cho-trung-quoc-nam-2025-ban-duoc-gan-37-trieu-tan-d1396424.html. Accessed 2026-09-23. Supports 2025 cassava area, output, yield, exports by product and Jan 2026 FOB prices. Type: press (citing gov/statistics).","Việt Nam đang là nhà cung cấp lớn nhất một thứ tinh bột cho Trung Quốc, năm 2025 bán được gần 3,7 triệu tấn",Dân Việt,January 2026,https://danviet.vn/viet-nam-dang-la-nha-cung-cap-lon-nhat-mot-thu-tinh-bot-trang-cho-trung-quoc-nam-2025-ban-duoc-gan-37-trieu-tan-d1396424.html,,press,2026-09-23,Type as given: press (citing gov/statistics),wave1,wave1/feedstock/feedstock.md
FS-02,FS,FEEDSTOCK,"""Vietnam: Starch Production Information."" ASEAN Cassava Centre, 27 January 2023. https://sustainablecassava.org/national-centre/article/Vietnam-starch-situation/. Accessed 2026-09-23. ~120 factories, 27 provinces, 11.3 Mt design and 8.62 Mt actual capacity. Type: intergovernmental/industry centre.",Vietnam: Starch Production Information,ASEAN Cassava Centre,27 January 2023,https://sustainablecassava.org/national-centre/article/Vietnam-starch-situation/,,gov/statistics,2026-09-23,Type as given: intergovernmental/industry centre,wave1,wave1/feedstock/feedstock.md
FS-03,FS,FEEDSTOCK,"""Bã sắn cứu cánh ngành chế biến tinh bột sắn."" Nông nghiệp và Môi trường, 17 December 2024. https://nongnghiepmoitruong.vn/tri-thuc-nong-dan/ba-san-cuu-canh-nganh-che-bien-tinh-bot-d413206.html. Accessed 2026-09-23. Tay Ninh 61,000 ha, 68 factories, 6.4 Mt capacity; Dinh Khue pulp volume and revenue; pulp composition. Type: press (ministry newspaper).",Bã sắn cứu cánh ngành chế biến tinh bột sắn,Nông nghiệp và Môi trường,17 December 2024,https://nongnghiepmoitruong.vn/tri-thuc-nong-dan/ba-san-cuu-canh-nganh-che-bien-tinh-bot-d413206.html,,press,2026-09-23,Type as given: press (ministry newspaper),wave1,wave1/feedstock/feedstock.md
FS-04,FS,FEEDSTOCK,"""Tận dụng phế thải công nghiệp chế biến tinh bột sắn tạo sản phẩm giá trị gia tăng cao."" Ministry of Industry and Trade (moit.gov.vn), 24 March 2021. https://moit.gov.vn/khoa-hoc-va-cong-nghe/tan-dung-phe-thai-cong-nghiep-che-bien-tinh-bot-san-tao-san-.html. Accessed 2026-09-23. Long Giang Thinh pulp, peel and wastewater; ~100 industrial mills. Type: gov.",Tận dụng phế thải công nghiệp chế biến tinh bột sắn tạo sản phẩm giá trị gia tăng cao,Ministry of Industry and Trade,24 March 2021,https://moit.gov.vn/khoa-hoc-va-cong-nghe/tan-dung-phe-thai-cong-nghiep-che-bien-tinh-bot-san-tao-san-.html,,gov/statistics,2026-09-23,Type as given: gov,wave1,wave1/feedstock/feedstock.md
FS-05,FS,FEEDSTOCK,"Phommakod, S., Lueangwattanapong, K., Chaiprasert, P., & Songkasiri, W. (2026). ""Valorization of biomaterial side streams: Kinetics of cassava pulp and its components degradation by Clostridium manihotivorum CT4T."" Carbon Resources Conversion. https://www.sciencedirect.com/science/article/pii/S2588913326000281. Accessed 2026-09-23. 2.5 t pulp per t starch; 4.4 t roots per t starch; 79.4% moisture; DM composition. Type: peer-reviewed.",Valorization of biomaterial side streams: Kinetics of cassava pulp and its components degradation by Clostridium manihotivorum CT4T,"Phommakod, S., Lueangwattanapong, K., Chaiprasert, P., & Songkasiri, W",2026,https://www.sciencedirect.com/science/article/pii/S2588913326000281,,peer-reviewed,2026-09-23,Type as given: peer-reviewed,wave1,wave1/feedstock/feedstock.md
FS-06,FS,FEEDSTOCK,"Lerdlattaporn, R., Phalakornkule, C., Trakulvichean, S., & Songkasiri, W. (2021). ""Implementing circular economy concept by converting cassava pulp and wastewater to biogas for sustainable production in starch industry."" Sustainable Environment Research. https://doi.org/10.1186/s42834-021-00093-9. Accessed 2026-09-23. Thai material balance; national 9.5 Mt pulp and 21 million m3 wastewater; composition. Type: peer-reviewed.",Implementing circular economy concept by converting cassava pulp and wastewater to biogas for sustainable production in starch industry,"Lerdlattaporn, R., Phalakornkule, C., Trakulvichean, S., & Songkasiri, W",2021,https://doi.org/10.1186/s42834-021-00093-9,10.1186/s42834-021-00093-9,peer-reviewed,2026-09-23,Type as given: peer-reviewed,wave1,wave1/feedstock/feedstock.md
FS-07,FS,FEEDSTOCK,"""Ngành sắn vượt thách thức: [Bài 4] Ngã rẽ phát triển bền vững hay tụt hậu?"" Nông nghiệp và Môi trường, 12 October 2025. https://nongnghiepmoitruong.vn/nganh-san-vuot-thach-thuc-bai-4-nga-re-phat-trien-ben-vung-hay-tut-hau-d777071.html. Accessed 2026-09-23. 150+ factories; ~20 Mt root demand; Tay Ninh 65 factories. Type: press quoting the Vietnam Cassava Association.",Ngành sắn vượt thách thức: [Bài 4] Ngã rẽ phát triển bền vững hay tụt hậu?,Nông nghiệp và Môi trường,12 October 2025,https://nongnghiepmoitruong.vn/nganh-san-vuot-thach-thuc-bai-4-nga-re-phat-trien-ben-vung-hay-tut-hau-d777071.html,,press,2026-09-23,Type as given: press quoting the Vietnam Cassava Association,wave1,wave1/feedstock/feedstock.md
FS-08,FS,FEEDSTOCK,"""Sắn vào chu kỳ giá: [Bài cuối] Ethanol tạo động lực mới."" Stockbiz (republishing), about 7 August 2026. https://stockbiz.vn/tin-tuc/san-vao-chu-ky-gia-bai-cuoi-ethanol-tao-dong-luc-moi/41327676. Accessed 2026-09-23. 6 ethanol plants; 2.5 t roots per t chips; ~85% industrial use; E10 pilot resolution (not verified). Type: press.",Sắn vào chu kỳ giá: [Bài cuối] Ethanol tạo động lực mới,Stockbiz,7 August 2026,https://stockbiz.vn/tin-tuc/san-vao-chu-ky-gia-bai-cuoi-ethanol-tao-dong-luc-moi/41327676,,press,2026-09-23,Type as given: press,wave1,wave1/feedstock/feedstock.md
FS-09,FS,FEEDSTOCK,"""Sản xuất ethanol cho xăng E10: Nhà máy chuyển đổi nguyên liệu, hướng tới 125% công suất."" Báo Chính phủ, 4 August 2026. https://baochinhphu.vn/san-xuat-ethanol-cho-xang-e10-nha-may-chuyen-doi-nguyen-lieu-huong-toi-125-cong-suat-102260804100703479.htm. Accessed 2026-09-23. Three operating plants and capacities; June 2026 output; corn switch; An Khe plan; CO2-to-methanol research. Type: gov press.","Sản xuất ethanol cho xăng E10: Nhà máy chuyển đổi nguyên liệu, hướng tới 125% công suất",Báo Chính phủ,4 August 2026,https://baochinhphu.vn/san-xuat-ethanol-cho-xang-e10-nha-may-chuyen-doi-nguyen-lieu-huong-toi-125-cong-suat-102260804100703479.htm,,press,2026-09-23,Type as given: gov press,wave1,wave1/feedstock/feedstock.md
FS-10,FS,FEEDSTOCK,"""Từ ethanol đến xăng E10: Khi chuỗi nhiên liệu sinh học đi vào vận hành."" Báo Chính phủ, 15 June 2026. https://baochinhphu.vn/tu-ethanol-den-xang-e10-khi-chuoi-nhien-lieu-sinh-hoc-di-vao-van-hanh-102260615105045144.htm. Accessed 2026-09-23. E10 sold nationwide from 1 June 2026; Dung Quat ramp-up; chip sourcing. Type: gov press.",Từ ethanol đến xăng E10: Khi chuỗi nhiên liệu sinh học đi vào vận hành,Báo Chính phủ,15 June 2026,https://baochinhphu.vn/tu-ethanol-den-xang-e10-khi-chuoi-nhien-lieu-sinh-hoc-di-vao-van-hanh-102260615105045144.htm,,press,2026-09-23,Type as given: gov press,wave1,wave1/feedstock/feedstock.md
FS-11,FS,FEEDSTOCK,"""Nguồn cung giảm mạnh, giá sắn gần gấp đôi cùng kỳ 2025."" Nông nghiệp và Môi trường, 9 April 2026. https://nongnghiepmoitruong.vn/nguon-cung-giam-manh-gia-san-gan-gap-doi-cung-ky-2025-d804852.html. Accessed 2026-09-23. Root prices by province, starch and chip FOB, causes of the supply fall. Type: press (ministry newspaper).","Nguồn cung giảm mạnh, giá sắn gần gấp đôi cùng kỳ 2025",Nông nghiệp và Môi trường,9 April 2026,https://nongnghiepmoitruong.vn/nguon-cung-giam-manh-gia-san-gan-gap-doi-cung-ky-2025-d804852.html,,press,2026-09-23,Type as given: press (ministry newspaper),wave1,wave1/feedstock/feedstock.md
FS-12,FS,FEEDSTOCK,"""Thị trường sắn quý I/2026: giá tăng, xuất khẩu bứt phá nhưng tiềm ẩn rủi ro."" Doanh nghiệp và Đầu tư, 2 April 2026. https://doanhnghiepvadautu.info.vn/thi-truong-san-quy-i-2026-gia-tang-xuat-khau-but-pha-nhung-tiem-an-rui-ro-d53966.html. Accessed 2026-09-23. Q1 2026 exports; domestic root, starch and chip prices; Thai benchmarks; harvest progress. Type: press.","Thị trường sắn quý I/2026: giá tăng, xuất khẩu bứt phá nhưng tiềm ẩn rủi ro",Doanh nghiệp và Đầu tư,2 April 2026,https://doanhnghiepvadautu.info.vn/thi-truong-san-quy-i-2026-gia-tang-xuat-khau-but-pha-nhung-tiem-an-rui-ro-d53966.html,,press,2026-09-23,Type as given: press,wave1,wave1/feedstock/feedstock.md
FS-13,FS,FEEDSTOCK,"""Xuất khẩu sắn vượt 1 tỷ USD, nhưng thiếu tính bền vững."" VnEconomy, 18 November 2025. https://vneconomy.vn/xuat-khau-san-vuot-1-ty-usd-nhung-thieu-tinh-ben-vung.htm. Accessed 2026-09-23. 10-month exports; VN share of China's starch imports. Type: press.","Xuất khẩu sắn vượt 1 tỷ USD, nhưng thiếu tính bền vững",VnEconomy,18 November 2025,https://vneconomy.vn/xuat-khau-san-vuot-1-ty-usd-nhung-thieu-tinh-ben-vung.htm,,press,2026-09-23,Type as given: press,wave1,wave1/feedstock/feedstock.md
FS-14,FS,FEEDSTOCK,"""Vietnam third-largest cassava exporter, supply chain still faces hurdles."" VietnamPlus, 29 January 2026. https://en.vietnamplus.vn/vietnam-ranks-third-globally-in-cassava-exports-supply-chain-faces-challenges-post336827.vnp. Accessed 2026-09-23. >18 Mt supply, 42% imported; 1.2 M households. Type: state press.","Vietnam third-largest cassava exporter, supply chain still faces hurdles",VietnamPlus,29 January 2026,https://en.vietnamplus.vn/vietnam-ranks-third-globally-in-cassava-exports-supply-chain-faces-challenges-post336827.vnp,,press,2026-09-23,Type as given: state press,wave1,wave1/feedstock/feedstock.md
FS-15,FS,FEEDSTOCK,"""'Vàng trắng' của Campuchia trong 8 tháng thu gần 500 triệu USD, Việt Nam là bạn hàng lớn."" Thương hiệu và Sản phẩm, 21 September 2026. https://thuonghieusanpham.vn/vang-trang-cua-campuchia-trong-8-thang-thu-gan-500-trieu-usd-viet-nam-la-ban-hang-lon. Accessed 2026-09-23. Cambodian cassava exports 2025-2026. Type: press.","'Vàng trắng' của Campuchia trong 8 tháng thu gần 500 triệu USD, Việt Nam là bạn hàng lớn",Thương hiệu và Sản phẩm,21 September 2026,https://thuonghieusanpham.vn/vang-trang-cua-campuchia-trong-8-thang-thu-gan-500-trieu-usd-viet-nam-la-ban-hang-lon,,press,2026-09-23,Type as given: press,wave1,wave1/feedstock/feedstock.md
FS-16,FS,FEEDSTOCK,"""Biến bã khoai mì thành thức ăn chăn nuôi giá trị cao."" Tuổi Trẻ, 16 June 2005. https://tuoitre.vn/bien-ba-khoai-mi-thanh-thuc-an-chan-nuoi-gia-tri-cao-83852.htm. Accessed 2026-09-23. Old pulp prices and ratio; regional concentration. Type: press (stale).",Biến bã khoai mì thành thức ăn chăn nuôi giá trị cao,Tuổi Trẻ,16 June 2005,https://tuoitre.vn/bien-ba-khoai-mi-thanh-thuc-an-chan-nuoi-gia-tri-cao-83852.htm,,press,2026-09-23,Type as given: press (stale),wave1,wave1/feedstock/feedstock.md
FS-17,FS,FEEDSTOCK,"Bui, T.-A., Pham, V.-H., & Nguyen, T. P. (2018). ""Study of using cassava pulp to produce livestock feed pellet."" International Journal on Advanced Science, Engineering and Information Technology, 8(1), 242. https://doi.org/10.18517/ijaseit.8.1.3759. Accessed 2026-09-23. VN pulp ~4 Mt claim; 80-85% moisture; FOCOCEV trial. Type: peer-reviewed.",Study of using cassava pulp to produce livestock feed pellet,"Bui, T.-A., Pham, V.-H., & Nguyen, T. P",2018,https://doi.org/10.18517/ijaseit.8.1.3759,10.18517/ijaseit.8.1.3759,peer-reviewed,2026-09-23,Type as given: peer-reviewed,wave1,wave1/feedstock/feedstock.md
FS-18,FS,FEEDSTOCK,"Vongsamphanh, P., Napasirth, V., Inthapanya, S., & Preston, T. R. (2014). ""Cassava pulp as livestock feed; effects of storage in an open pit."" Livestock Research for Rural Development, 26(9). https://www.lrrd.org/lrrd26/9/phan26169.htm. Accessed 2026-09-23. Pit storage over 4 years; CP 1.55-2.6% DM; 10-15% of root weight. Type: peer-reviewed (Laos).",Cassava pulp as livestock feed; effects of storage in an open pit,"Vongsamphanh, P., Napasirth, V., Inthapanya, S., & Preston, T. R",2014,https://www.lrrd.org/lrrd26/9/phan26169.htm,,peer-reviewed,2026-09-23,Type as given: peer-reviewed (Laos),wave1,wave1/feedstock/feedstock.md
FS-19,FS,FEEDSTOCK,"Phanthavong, V. et al. (2018). ""Fattening Yellow cattle on cassava root pulp, urea and rice straw..."" Livestock Research for Rural Development, 30(10). http://www.lrrd.org/lrrd30/10/phan30169.html. Accessed 2026-09-23. Pulp DM 23.6%, CP 2.6% DM; brewers' grains DM 24.3%, CP 24.8% DM. Type: peer-reviewed (Laos).","Fattening Yellow cattle on cassava root pulp, urea and rice straw","Phanthavong, V. et al",2018,http://www.lrrd.org/lrrd30/10/phan30169.html,,peer-reviewed,2026-09-23,Type as given: peer-reviewed (Laos),wave1,wave1/feedstock/feedstock.md
FS-20,FS,FEEDSTOCK,"""Factors affecting the utilisation of cassava products for poultry feeding [Review]."" Egyptian Journal of Veterinary Sciences (2021). https://doi.org/10.21608/ejvs.2021.50090.1204. Accessed 2026-09-23 (via scite). Pulp 20-30% of root weight; 16-20 g/kg CP; 540-700 g/kg starch. Type: peer-reviewed review.",Factors affecting the utilisation of cassava products for poultry feeding [Review],Egyptian Journal of Veterinary Sciences,2021,https://doi.org/10.21608/ejvs.2021.50090.1204,10.21608/ejvs.2021.50090.1204,peer-reviewed,2026-09-23,Type as given: peer-reviewed review,wave1,wave1/feedstock/feedstock.md
FS-21,FS,FEEDSTOCK,"""Bã sắn sấy khô."" Vina Thanh Hoa Cassava Starch JSC (vinagri-jsc.vn), undated. https://vinagri-jsc.vn/pddetail/ba-san-say-kho-481-2998.html. Accessed 2026-09-23. Dried pulp specification. Type: company.",Bã sắn sấy khô,Vina Thanh Hoa Cassava Starch JSC,undated,https://vinagri-jsc.vn/pddetail/ba-san-say-kho-481-2998.html,,company,2026-09-23,Type as given: company,wave1,wave1/feedstock/feedstock.md
FS-22,FS,FEEDSTOCK,"""Nhà máy Tinh bột sắn Sơn La: Đổi mới dây chuyền công nghệ, nâng cao hiệu quả sản xuất."" Báo Sơn La, 21 November 2019. https://baosonla.vn/kinh-te/nha-may-tinh-bot-san-son-la-doi-moi-day-chuyen-cong-nghe-nang-cao-hieu-qua-san-xuat-27180.html. Accessed 2026-09-23. Root and starch volumes; dried pulp to northern feed mills. Type: provincial press.","Nhà máy Tinh bột sắn Sơn La: Đổi mới dây chuyền công nghệ, nâng cao hiệu quả sản xuất",Báo Sơn La,21 November 2019,https://baosonla.vn/kinh-te/nha-may-tinh-bot-san-son-la-doi-moi-day-chuyen-cong-nghe-nang-cao-hieu-qua-san-xuat-27180.html,,press,2026-09-23,Type as given: provincial press,wave1,wave1/feedstock/feedstock.md
FS-23,FS,FEEDSTOCK,"USDA FAS. ""Vietnam: Grain and Feed Annual"" (VM2026-0012), April 2026. https://apps.fas.usda.gov/newgainapi/api/Report/DownloadReportByFileName?fileName=Grain+and+Feed+Annual_Ho+Chi+Minh+City_Vietnam_VM2026-0012.pdf. Accessed 2026-09-23. Rice, corn, feed-ingredient table, rice bran and broken-rice exports, DDGS, cassava in feed. Type: gov (foreign).",Vietnam: Grain and Feed Annual,USDA FAS,April 2026,https://apps.fas.usda.gov/newgainapi/api/Report/DownloadReportByFileName?fileName=Grain+and+Feed+Annual_Ho+Chi+Minh+City_Vietnam_VM2026-0012.pdf,,gov/statistics,2026-09-23,Type as given: gov (foreign) | Same URL as MAC-01,wave1,wave1/feedstock/feedstock.md
FS-24,FS,FEEDSTOCK,"USDA FAS. ""Vietnam: Oilseeds and Products Annual"" (VM2026-0006), 15 April 2026. https://apps.fas.usda.gov/newgainapi/api/Report/DownloadReportByFileName?fileName=Oilseeds+and+Products+Annual_Hanoi_Vietnam_VM2026-0006.pdf. Accessed 2026-09-23. Soy, SBM, peanut, coconut, other meals. Type: gov (foreign).",Vietnam: Oilseeds and Products Annual,USDA FAS,15 April 2026,https://apps.fas.usda.gov/newgainapi/api/Report/DownloadReportByFileName?fileName=Oilseeds+and+Products+Annual_Hanoi_Vietnam_VM2026-0006.pdf,,gov/statistics,2026-09-23,Type as given: gov (foreign) | Same URL as MAC-04,wave1,wave1/feedstock/feedstock.md
FS-25,FS,FEEDSTOCK,"National Statistics Office (NSO). ""Báo cáo tình hình kinh tế - xã hội quý IV và năm 2025."" January 2026. https://www.nso.gov.vn/du-lieu-va-so-lieu-thong-ke/2026/01/bao-cao-tinh-hinh-kinh-te-xa-hoi-quy-iv-va-nam-2025/. Accessed 2026-09-23. Paddy, corn, fisheries output 2025. Type: gov/statistics.",Báo cáo tình hình kinh tế - xã hội quý IV và năm 2025,National Statistics Office (NSO),January 2026,https://www.nso.gov.vn/du-lieu-va-so-lieu-thong-ke/2026/01/bao-cao-tinh-hinh-kinh-te-xa-hoi-quy-iv-va-nam-2025/,,gov/statistics,2026-09-23,Type as given: gov/statistics,wave1,wave1/feedstock/feedstock.md
FS-26,FS,FEEDSTOCK,"""Giá lúa gạo hôm nay ngày 19/9/2026: Giá gạo Đài thơm giảm 500 đồng/kg."" Tạp chí Công Thương, 19 September 2026. https://congthuong.vn/gia-lua-gao-hom-nay-ngay-19-9-2026-gia-gao-dai-thom-giam-500-dong-kg-473698.html. Accessed 2026-09-23. Bran, broken rice, paddy and FOB prices. Type: press (MOIT magazine).",Giá lúa gạo hôm nay ngày 19/9/2026: Giá gạo Đài thơm giảm 500 đồng/kg,Tạp chí Công Thương,19 September 2026,https://congthuong.vn/gia-lua-gao-hom-nay-ngay-19-9-2026-gia-gao-dai-thom-giam-500-dong-kg-473698.html,,press,2026-09-23,Type as given: press (MOIT magazine),wave1,wave1/feedstock/feedstock.md
FS-27,FS,FEEDSTOCK,"""Khai thác giá trị tăng thêm trong xay xát lúa gạo."" Nông thôn mới Hà Tĩnh (from bannhanong.vn, Dong Thap DARD), 1 July 2013. https://nongthonmoi.hatinh.gov.vn/Thi-truong/Khai-thac-gia-tri-tang-them-trong-xay-xat-lua-gao-17885.html. Accessed 2026-09-23. 44 Mt paddy gives 8.8 Mt husk and 4.4 Mt bran (ratio source). Type: gov (provincial), stale for volumes.",Khai thác giá trị tăng thêm trong xay xát lúa gạo,Nông thôn mới Hà Tĩnh,1 July 2013,https://nongthonmoi.hatinh.gov.vn/Thi-truong/Khai-thac-gia-tri-tang-them-trong-xay-xat-lua-gao-17885.html,,gov/statistics,2026-09-23,"Type as given: gov (provincial), stale for volumes",wave1,wave1/feedstock/feedstock.md
FS-28,FS,FEEDSTOCK,"""Vietnamese rice bran transforms into a multi-million-dollar export."" nutriNews, 17 June 2025. https://nutrinews.com/en/vietnamese-rice-bran-transforms-into-a-multi-million-dollar-export/. Accessed 2026-09-23. Bran exports 2020-2022; ~5 Mt output claim; 2022 price. Type: trade press.",Vietnamese rice bran transforms into a multi-million-dollar export,nutriNews,17 June 2025,https://nutrinews.com/en/vietnamese-rice-bran-transforms-into-a-multi-million-dollar-export/,,press,2026-09-23,Type as given: trade press,wave1,wave1/feedstock/feedstock.md
FS-29,FS,FEEDSTOCK,"""Chuỗi giá trị hạt gạo: Ép gạo ra dầu."" Nhịp cầu Đầu tư, 10 August 2018. https://m.nhipcaudautu.vn/kinh-doanh/chuoi-gia-tri-hat-gao-ep-gao-ra-dau-3325256/. Accessed 2026-09-23. Calofic and Uni-Bran; ~10% of Mekong bran; bran-oil consumption. Type: press (stale).",Chuỗi giá trị hạt gạo: Ép gạo ra dầu,Nhịp cầu Đầu tư,10 August 2018,https://m.nhipcaudautu.vn/kinh-doanh/chuoi-gia-tri-hat-gao-ep-gao-ra-dau-3325256/,,press,2026-09-23,Type as given: press (stale),wave1,wave1/feedstock/feedstock.md
FS-30,FS,FEEDSTOCK,"""Bảng giá thức ăn cho bò thịt cập nhật mới nhất."" channuoithuy.com.vn, July 2026. https://channuoithuy.com.vn/bang-gia-thuc-an-cho-bo-thit/. Accessed 2026-09-23. Reference feed prices. Type: industry blog (Low).",Bảng giá thức ăn cho bò thịt cập nhật mới nhất,channuoithuy,July 2026,https://channuoithuy.com.vn/bang-gia-thuc-an-cho-bo-thit/,,other,2026-09-23,Type as given: industry blog (Low),wave1,wave1/feedstock/feedstock.md
FS-31,FS,FEEDSTOCK,"""Ngành mía đường sản xuất gần 1,3 triệu tấn, áp lực tiêu thụ vẫn đè nặng."" Doanh nghiệp Hội nhập, 16 July 2026 (citing VSSA). https://doanhnghiephoinhap.vn/nganh-mia-duong-san-xuat-gan-13-trieu-tan-ap-luc-tieu-thu-van-de-nang-143475.html. Accessed 2026-09-23. 2025/26 cane and sugar; prices; HFCS imports. Type: press citing industry association.","Ngành mía đường sản xuất gần 1,3 triệu tấn, áp lực tiêu thụ vẫn đè nặng",Doanh nghiệp Hội nhập,16 July 2026,https://doanhnghiephoinhap.vn/nganh-mia-duong-san-xuat-gan-13-trieu-tan-ap-luc-tieu-thu-van-de-nang-143475.html,,press,2026-09-23,Type as given: press citing industry association,wave1,wave1/feedstock/feedstock.md
FS-32,FS,FEEDSTOCK,"""Niên vụ 2025-2026 ngành mía đường đối diện nguy cơ đứt gãy."" 24hmoney, 8 September 2025. https://24hmoney.vn/news/nien-vu-2025-2026-nganh-mia-duong-doi-dien-nguy-co-dut-gay-c25a2637728.html. Accessed 2026-09-23. 2024/25 cane and sugar. Type: press.",Niên vụ 2025-2026 ngành mía đường đối diện nguy cơ đứt gãy,24hmoney,8 September 2025,https://24hmoney.vn/news/nien-vu-2025-2026-nganh-mia-duong-doi-dien-nguy-co-dut-gay-c25a2637728.html,,press,2026-09-23,Type as given: press,wave1,wave1/feedstock/feedstock.md
FS-33,FS,FEEDSTOCK,"""Sugar industry shifts focus to quality."" Viet Nam News, 2026 (date not shown). https://vietnamnews.vn/economy/1797358/sugar-industry-shifts-focus-to-quality.html. Accessed 2026-09-23. 13.3 Mt cane, 1.3 Mt sugar, 220,000 households. Type: state press.",Sugar industry shifts focus to quality,Viet Nam News,2026,https://vietnamnews.vn/economy/1797358/sugar-industry-shifts-focus-to-quality.html,,press,2026-09-23,Type as given: state press,wave1,wave1/feedstock/feedstock.md
FS-34,FS,FEEDSTOCK,"""Ngành mía đường Việt Nam bứt phá, dẫn đầu ASEAN về năng suất."" TTWTO VCCI, 15 November 2024. https://aecvcci.vn/tin-tuc-n13935/nganh-mia-duong-viet-nam-but-pha-dan-dau-asean-ve-nang-suat.htm. Accessed 2026-09-23. 25 mills, 124,000 TCD; Gia Lai and Phu Yen areas. Type: business association press.","Ngành mía đường Việt Nam bứt phá, dẫn đầu ASEAN về năng suất",TTWTO VCCI,15 November 2024,https://aecvcci.vn/tin-tuc-n13935/nganh-mia-duong-viet-nam-but-pha-dan-dau-asean-ve-nang-suat.htm,,press,2026-09-23,Type as given: business association press,wave1,wave1/feedstock/feedstock.md
FS-35,FS,FEEDSTOCK,"""Đường Quảng Ngãi (QNS) với tham vọng khép kín chuỗi giá trị Mía - Đường - Điện sinh khối - Ethanol."" Tạp chí Công Thương, 15 July 2024. https://tapchicongthuong.vn/duong-quang-ngai--qns--voi-tham-vong-khep-kin-chuoi-gia-tri-mia-duong-dien-sinh-khoi-ethanol-123624.htm. Accessed 2026-09-23. QNS An Khe expansion, 135 MW biomass, molasses ethanol plan. Type: press (company plans).",Đường Quảng Ngãi (QNS) với tham vọng khép kín chuỗi giá trị Mía - Đường - Điện sinh khối - Ethanol,Tạp chí Công Thương,15 July 2024,https://tapchicongthuong.vn/duong-quang-ngai--qns--voi-tham-vong-khep-kin-chuoi-gia-tri-mia-duong-dien-sinh-khoi-ethanol-123624.htm,,press,2026-09-23,Type as given: press (company plans),wave1,wave1/feedstock/feedstock.md
FS-36,FS,FEEDSTOCK,"""Giá bán mật rỉ đường sỉ lẻ."" Gia Hoàng (ghgroup.com.vn), 5 December 2023. https://ghgroup.com.vn/gia-ban-mat-ri-duong/. Accessed 2026-09-23. Retail molasses prices. Type: company (Low).",Giá bán mật rỉ đường sỉ lẻ,Gia Hoàng,5 December 2023,https://ghgroup.com.vn/gia-ban-mat-ri-duong/,,company,2026-09-23,Type as given: company (Low),wave1,wave1/feedstock/feedstock.md
FS-37,FS,FEEDSTOCK,"Sharma, A., Prakash, B., & Sachan, A. (2015). ""Inter- and intra-sectoral linkages and priorities for transforming sugar sector of India."" Agricultural Economics Research Review, 28 (conf.), 55. https://doi.org/10.5958/0974-0279.2015.00022.1. Accessed 2026-09-23 (via scite). 10-13 L alcohol per t cane via molasses; 240 L per t molasses. Type: peer-reviewed.",Inter- and intra-sectoral linkages and priorities for transforming sugar sector of India,"Sharma, A., Prakash, B., & Sachan, A",2015,https://doi.org/10.5958/0974-0279.2015.00022.1,10.5958/0974-0279.2015.00022.1,peer-reviewed,2026-09-23,Type as given: peer-reviewed,wave1,wave1/feedstock/feedstock.md
FS-38,FS,FEEDSTOCK,"Pejin, J., Radosavljević, M., Grujić, O., et al. (2013). ""Possible application of brewer's spent grain in biotechnology."" Hemijska industrija, 67(2), 277-291. https://doi.org/10.2298/hemind120410065p. Accessed 2026-09-23 (via scite). 20 kg BSG per 100 L; ~20% protein, ~70% fibre. Type: peer-reviewed review.",Possible application of brewer's spent grain in biotechnology,"Pejin, J., Radosavljević, M., Grujić, O., et al",2013,https://doi.org/10.2298/hemind120410065p,10.2298/hemind120410065p,peer-reviewed,2026-09-23,Type as given: peer-reviewed review,wave1,wave1/feedstock/feedstock.md
FS-39,FS,FEEDSTOCK,"Domingues et al. (2019). ""Study of tray and pulsed fluidized bed drying of brewer's spent grain."" Chemical Industry and Chemical Engineering Quarterly, 25(3), 229-237. https://doi.org/10.2298/ciceq180330001d. Accessed 2026-09-23 (via scite). 20 kg per 100 L (citing Mussatto 2006); 80% moisture. Type: peer-reviewed.",Study of tray and pulsed fluidized bed drying of brewer's spent grain,Domingues et al,2019,https://doi.org/10.2298/ciceq180330001d,10.2298/ciceq180330001d,peer-reviewed,2026-09-23,Type as given: peer-reviewed,wave1,wave1/feedstock/feedstock.md
FS-40,FS,FEEDSTOCK,"Nguyen, T. M., Nguyen, T. N. Q., & Nguyen, T. M. N. (2023). ""Removing tannins and debittering brewer's spent yeasts by Tween 80."" Science and Technology Development Journal (VNU-HCM), 26(3). https://doi.org/10.32508/stdj.v26i3.4134. Accessed 2026-09-23 (via scite). >4 bn L beer/yr (VIRAC, 2022); VN spent-yeast research. Type: peer-reviewed (VN).",Removing tannins and debittering brewer's spent yeasts by Tween 80,"Nguyen, T. M., Nguyen, T. N. Q., & Nguyen, T. M. N",2023,https://doi.org/10.32508/stdj.v26i3.4134,10.32508/stdj.v26i3.4134,peer-reviewed,2026-09-23,Type as given: peer-reviewed (VN),wave1,wave1/feedstock/feedstock.md
FS-41,FS,FEEDSTOCK,"""Beer in Vietnam."" Wikipedia, accessed 2026-09-23. https://en.wikipedia.org/wiki/Beer_in_Vietnam. 4.4 bn L (2019); 2023 market shares; 98 breweries. Type: encyclopedia (secondary; underlying Statista/VnExpress).",Beer in Vietnam,Wikipedia,,https://en.wikipedia.org/wiki/Beer_in_Vietnam,,other,2026-09-23,Type as given: encyclopedia (secondary; underlying Statista/VnExpress),wave1,wave1/feedstock/feedstock.md
FS-42,FS,FEEDSTOCK,"""Cập nhật giá bán bã bia tươi tốt nhất cho hộ chăn nuôi bò, lợn."" biahoihanoi83.com, 19 March 2026. https://biahoihanoi83.com/tin-tuc/gia-ban-ba-bia-tuoi/. Accessed 2026-09-23. BSG retail price, buyers, shelf life. Type: company/retailer (Low).","Cập nhật giá bán bã bia tươi tốt nhất cho hộ chăn nuôi bò, lợn",biahoihanoi83,19 March 2026,https://biahoihanoi83.com/tin-tuc/gia-ban-ba-bia-tuoi/,,company,2026-09-23,Type as given: company/retailer (Low),wave1,wave1/feedstock/feedstock.md
FS-43,FS,FEEDSTOCK,"Entobel. Company website, accessed 2026-09-23. https://entobel.com/. Plant address (Dat Do IZ, Ho Chi Minh City), products, dates; no feedstock disclosure. Type: company.","Company website, accessed 2026-09-23",Entobel,,https://entobel.com/,,company,2026-09-23,Type as given: company,wave1,wave1/feedstock/feedstock.md
FS-44,FS,FEEDSTOCK,"Szulc, J., Błaszak, B., Wenda-Piesik, A., et al. (2023). ""Zero waste technology of soybeans processing."" Sustainability, 15(20), 14873. https://doi.org/10.3390/su152014873. Accessed 2026-09-23 (via scite). ~1.2 kg okara per kg soybean; 70-84% moisture; protein up to 40% DM. Type: peer-reviewed.",Zero waste technology of soybeans processing,"Szulc, J., Błaszak, B., Wenda-Piesik, A., et al",2023,https://doi.org/10.3390/su152014873,10.3390/su152014873,peer-reviewed,2026-09-23,Type as given: peer-reviewed,wave1,wave1/feedstock/feedstock.md
FS-45,FS,FEEDSTOCK,"Atuna, R. A., Amagloh, F. C., Denwar, N. N., et al. (2022). ""Filling the protein gap in Ghana: The role of soy."" Frontiers in Sustainable Food Systems, 5. https://doi.org/10.3389/fsufs.2021.781571. Accessed 2026-09-23 (via scite). 1.1-1.2 kg wet okara per kg soybean. Type: peer-reviewed.",Filling the protein gap in Ghana: The role of soy,"Atuna, R. A., Amagloh, F. C., Denwar, N. N., et al",2022,https://doi.org/10.3389/fsufs.2021.781571,10.3389/fsufs.2021.781571,peer-reviewed,2026-09-23,Type as given: peer-reviewed,wave1,wave1/feedstock/feedstock.md
FS-46,FS,FEEDSTOCK,"Do, V. P., & Le, P. T. Q. (2020). ""The optimization of the conditions of decaffeination from coffee pulp (Coffea robusta) using the response surface methodology."" Bulletin of the Transilvania University of Brasov, Series II, 13(62)(1), 107-116. https://doi.org/10.31926/but.fwiafe.2020.13.62.1.10. Accessed 2026-09-23 (via scite). ~450,000 t dried coffee pulp/yr in VN; 28% of dry berry. Type: peer-reviewed (VN authors).",The optimization of the conditions of decaffeination from coffee pulp (Coffea robusta) using the response surface methodology,"Do, V. P., & Le, P. T. Q",2020,https://doi.org/10.31926/but.fwiafe.2020.13.62.1.10,10.31926/but.fwiafe.2020.13.62.1.10,peer-reviewed,2026-09-23,Type as given: peer-reviewed (VN authors),wave1,wave1/feedstock/feedstock.md
FS-47,FS,FEEDSTOCK,"Dheeraj, Srivastava, A., & Mishra, A. (2023). ""Mitigation of cashew apple fruits astringency."" Environmental Sustainability. https://doi.org/10.1007/s42398-023-00276-7. Accessed 2026-09-23 (via scite). Cashew apple 6-7 times nut weight. Type: peer-reviewed review.",Mitigation of cashew apple fruits astringency,"Dheeraj, Srivastava, A., & Mishra, A",2023,https://doi.org/10.1007/s42398-023-00276-7,10.1007/s42398-023-00276-7,peer-reviewed,2026-09-23,Type as given: peer-reviewed review,wave1,wave1/feedstock/feedstock.md
FS-48,FS,FEEDSTOCK,"Alam, M. M., Haque, M. M., Santi, M., et al. (2024). ""Barriers to the export of farmed pangasius and tilapia from Bangladesh to the international market."" Aquaculture Journal, 4(4), 293-315. https://doi.org/10.3390/aquacj4040022. Accessed 2026-09-23 (via scite). 3.1 kg fish per kg fillet in VN. Type: peer-reviewed.",Barriers to the export of farmed pangasius and tilapia from Bangladesh to the international market,"Alam, M. M., Haque, M. M., Santi, M., et al",2024,https://doi.org/10.3390/aquacj4040022,10.3390/aquacj4040022,peer-reviewed,2026-09-23,Type as given: peer-reviewed,wave1,wave1/feedstock/feedstock.md
FS-49,FS,FEEDSTOCK,"Sabu, S., Sasidharan, A., & Sunooj, K. V. (2024). ""Natural feed supplements from crustacean processing side streams..."" Journal of Animal Physiology and Animal Nutrition, 109(2), 376-401. https://doi.org/10.1111/jpn.14058. Accessed 2026-09-23 (via scite). Shrimp side streams 45-50% of weight. Type: peer-reviewed review.",Natural feed supplements from crustacean processing side streams,"Sabu, S., Sasidharan, A., & Sunooj, K. V",2024,https://doi.org/10.1111/jpn.14058,10.1111/jpn.14058,peer-reviewed,2026-09-23,Type as given: peer-reviewed review,wave1,wave1/feedstock/feedstock.md
FS-50,FS,FEEDSTOCK,"Venugopal, V. (2021). ""Valorization of seafood processing discards: Bioconversion and bio-refinery approaches."" Frontiers in Sustainable Food Systems, 5. https://doi.org/10.3389/fsufs.2021.611835. Accessed 2026-09-23 (via scite). Shrimp head composition; discard composition. Type: peer-reviewed review.",Valorization of seafood processing discards: Bioconversion and bio-refinery approaches,"Venugopal, V",2021,https://doi.org/10.3389/fsufs.2021.611835,10.3389/fsufs.2021.611835,peer-reviewed,2026-09-23,Type as given: peer-reviewed review,wave1,wave1/feedstock/feedstock.md
FS-51,FS,FEEDSTOCK,"Luu, T. T., Hoang, T. M. H., Le, T. T., et al. (2022). ""Screening of neuroprotective substances relevant to Alzheimer's disease from seaweed species collected in Ninh Thuan and Khanh Hoa provinces, Vietnam."" Academia Journal of Biology, 44(4), 33-45. https://doi.org/10.15625/2615-9023/17512. Accessed 2026-09-23 (via scite). 827 VN seaweed species; economically important genera. Type: peer-reviewed (VAST).","Screening of neuroprotective substances relevant to Alzheimer's disease from seaweed species collected in Ninh Thuan and Khanh Hoa provinces, Vietnam","Luu, T. T., Hoang, T. M. H., Le, T. T., et al",2022,https://doi.org/10.15625/2615-9023/17512,10.15625/2615-9023/17512,peer-reviewed,2026-09-23,Type as given: peer-reviewed (VAST),wave1,wave1/feedstock/feedstock.md
FS-52,FS,FEEDSTOCK,"""Provinces of Vietnam."" Wikipedia, accessed 2026-09-23. https://en.wikipedia.org/wiki/Provinces_of_Vietnam. Post-1 July 2025 mergers under Resolution 202/2025/QH15. Type: encyclopedia (secondary; checked against current company addresses, e.g. FS-43).",Provinces of Vietnam,Wikipedia,,https://en.wikipedia.org/wiki/Provinces_of_Vietnam,,other,2026-09-23,"Type as given: encyclopedia (secondary; checked against current company addresses, e.g | Same URL as IND-66, ECO-71, GT-03",wave1,wave1/feedstock/feedstock.md
FS-53,FS,FEEDSTOCK,"Banditvong, C., Varongchayakul, S., Laosiripojana, N., et al. (2024). ""Production of micro and nano crystalline cellulose from waste cassava pulp..."" Research Square preprint. https://doi.org/10.21203/rs.3.rs-4205669/v1. Accessed 2026-09-23 (via scite). Per t starch: 2.5 t pulp, 600 kg rhizomes, 170 kg sand, 100 kg peel; pulp 80% moisture. Type: preprint (Thai data).",Production of micro and nano crystalline cellulose from waste cassava pulp,"Banditvong, C., Varongchayakul, S., Laosiripojana, N., et al",2024,https://doi.org/10.21203/rs.3.rs-4205669/v1,10.21203/rs.3.rs-4205669/v1,peer-reviewed,2026-09-23,Type as given: preprint (Thai data),wave1,wave1/feedstock/feedstock.md
FS-54,FS,FEEDSTOCK,"""Lemna minor: Unlocking the value of this duckweed for the food and feed industry."" Foods (2024), 13(10), 1435. https://doi.org/10.3390/foods13101435. Accessed 2026-09-23 (via scite). South Vietnam poultry trial; Wolffia sold as food in Thailand and elsewhere. Type: peer-reviewed review.",Lemna minor: Unlocking the value of this duckweed for the food and feed industry,Foods,2024,https://doi.org/10.3390/foods13101435,10.3390/foods13101435,peer-reviewed,2026-09-23,Type as given: peer-reviewed review,wave1,wave1/feedstock/feedstock.md
FS-55,FS,FEEDSTOCK,"Chem, C., Phoura, Y., & Sreyneang, N. (2023). ""Recycling of spent oyster mushroom sawdust waste for the production of straw mushroom."" Insight Cambodia Journal of Basic and Applied Research, 5(1), 8-16. https://doi.org/10.61945/cjbar.2023.5.1.1. Accessed 2026-09-23 (via scite). ~3 kg substrate waste per kg mushroom; VN trial citation. Type: peer-reviewed (regional).",Recycling of spent oyster mushroom sawdust waste for the production of straw mushroom,"Chem, C., Phoura, Y., & Sreyneang, N",2023,https://doi.org/10.61945/cjbar.2023.5.1.1,10.61945/cjbar.2023.5.1.1,peer-reviewed,2026-09-23,Type as given: peer-reviewed (regional),wave1,wave1/feedstock/feedstock.md
FS-56,FS,FEEDSTOCK,"Kumari, N., Khetarpaul, N., & Vinita. (2018). ""Nutrient composition of full fat and defatted rice bran."" Asian Journal of Dairy and Food Research. https://doi.org/10.18805/ajdfr.dr-1277. Accessed 2026-09-23 (via scite). Bran composition ranges. Type: peer-reviewed.",Nutrient composition of full fat and defatted rice bran,"Kumari, N., Khetarpaul, N., & Vinita",2018,https://doi.org/10.18805/ajdfr.dr-1277,10.18805/ajdfr.dr-1277,peer-reviewed,2026-09-23,Type as given: peer-reviewed,wave1,wave1/feedstock/feedstock.md
FS-57,FS,FEEDSTOCK,"Fanelli, N. S., Torres-Mendoza, L. J., Abelilla, J. J., et al. (2023). ""Chemical composition of banana meal and rice bran from Australia or South-East Asia."" Animal Bioscience, 36(10), 1568-1577. https://doi.org/10.5713/ab.23.0071. Accessed 2026-09-23 (via scite). Full-fat bran 12-24% oil; VN bran lower in fat and amino acids. Type: peer-reviewed.",Chemical composition of banana meal and rice bran from Australia or South-East Asia,"Fanelli, N. S., Torres-Mendoza, L. J., Abelilla, J. J., et al",2023,https://doi.org/10.5713/ab.23.0071,10.5713/ab.23.0071,peer-reviewed,2026-09-23,Type as given: peer-reviewed,wave1,wave1/feedstock/feedstock.md
IND-01,IND,INDUSTRY,"Vedan Vietnam, home page (plants, products, 700 m3 tanks). Vedan Vietnam Enterprise Corp. Undated, current. https://vedan.com.vn/en/home-page/ . Company.","Vedan Vietnam, home page (plants, products, 700 m3 tanks)",Vedan Vietnam Enterprise Corp,undated,https://vedan.com.vn/en/home-page/,,company,2026-09-23,Type as given: Company | Same URL as VCO-05,wave1,wave1/industry/industry.md
IND-02,IND,INDUSTRY,"Vedan Vietnam, Company information (1991 founding, 120 ha, plant list, ISO/IEC 17025). https://vedan.com.vn/en/gioi-thieu-cong-ty/ . Company.","Vedan Vietnam, Company information (1991 founding, 120 ha, plant list, ISO/IEC 17025)",Vedan Vietnam Enterprise Corp,,https://vedan.com.vn/en/gioi-thieu-cong-ty/,,company,2026-09-23,Type as given: Company | Same URL as VCO-04,wave1,wave1/industry/industry.md
IND-03,IND,INDUSTRY,"Vedan Vietnam, Research and development (starch derivatives R&D since 2017; lab equipment). https://vedan.com.vn/en/research-and-development/ . Company.","Vedan Vietnam, Research and development (starch derivatives R&D since 2017; lab equipment)",,,https://vedan.com.vn/en/research-and-development/,,company,2026-09-23,Type as given: Company,wave1,wave1/industry/industry.md
IND-04,IND,INDUSTRY,"Vedan International (Holdings), Milestones (Vietnam plant nameplates 1994-2005). http://www.vedaninternational.com/aboutvedan/milestones.htm . Company.","Vedan International (Holdings), Milestones (Vietnam plant nameplates 1994-2005)",Vedan International (Holdings),,http://www.vedaninternational.com/aboutvedan/milestones.htm,,company,2026-09-23,Type as given: Company | Same URL as VCO-03,wave1,wave1/industry/industry.md
IND-05,IND,INDUSTRY,"""MSG producer Vedan Vietnam's 2024 revenue drops 4% to $166 mln"". The Investor. 2025. https://theinvestor.vn/msg-producer-vedan-vietnams-2024-revenue-drops-4-to-166-mln-d15487.html . Press (based on HKEX filing).",MSG producer Vedan Vietnam's 2024 revenue drops 4% to $166 mln,The Investor,2024,https://theinvestor.vn/msg-producer-vedan-vietnams-2024-revenue-drops-4-to-166-mln-d15487.html,,press,2026-09-23,Type as given: Press (based on HKEX filing),wave1,wave1/industry/industry.md
IND-06,IND,INDUSTRY,"""Dai gia mi chinh, bot ngot lon nhat Dong Nam A..."" (Vedan revenue by market, 2024). MarketTimes. 2025. https://markettimes.vn/dai-gia-mi-chinh-bot-ngot-lon-nhat-dong-nam-a-than-khoc-liet-du-thi-truong-viet-nam-dem-ve-hon-4-000-ty-doanh-thu-vuot-troi-so-voi-nhat-ban-trung-quoc-my-81799.html . Press.","Dai gia mi chinh, bot ngot lon nhat Dong Nam A",,2025,https://markettimes.vn/dai-gia-mi-chinh-bot-ngot-lon-nhat-dong-nam-a-than-khoc-liet-du-thi-truong-viet-nam-dem-ve-hon-4-000-ty-doanh-thu-vuot-troi-so-voi-nhat-ban-trung-quoc-my-81799.html,,press,2026-09-23,Type as given: Press,wave1,wave1/industry/industry.md
IND-07,IND,INDUSTRY,"""Vedan - chang duong 30 nam phat trien tai Viet Nam"". VietNamNet. 2021. https://vietnamnet.vn/vedan-chang-duong-30-nam-phat-trien-tai-viet-nam-2032881.html . Press (sponsored style).",Vedan - chang duong 30 nam phat trien tai Viet Nam,VietNamNet,2021,https://vietnamnet.vn/vedan-chang-duong-30-nam-phat-trien-tai-viet-nam-2032881.html,,press,2026-09-23,Type as given: Press (sponsored style),wave1,wave1/industry/industry.md
IND-08,IND,INDUSTRY,"""Ajinomoto muon tang manh cong suat mang thuc an chan nuoi, phan bon va gia vi long tai Viet Nam"". CafeBiz. 4 December 2023. https://cafebiz.vn/ajinomoto-muon-tang-manh-cong-suat-mang-thuc-an-chan-nuoi-phan-bon-va-gia-vi-long-tai-viet-nam-176231204164738602.chn . Press reporting an EIA consultation.","Ajinomoto muon tang manh cong suat mang thuc an chan nuoi, phan bon va gia vi long tai Viet Nam",CafeBiz,4 December 2023,https://cafebiz.vn/ajinomoto-muon-tang-manh-cong-suat-mang-thuc-an-chan-nuoi-phan-bon-va-gia-vi-long-tai-viet-nam-176231204164738602.chn,,press,2026-09-23,Type as given: Press reporting an EIA consultation,wave1,wave1/industry/industry.md
IND-09,IND,INDUSTRY,"""Can canh cu diem san xuat cua Ajinomoto tai Viet Nam"". Bao Dau tu. Undated (2020s). https://baodautu.vn/can-canh-cu-diem-san-xuat-cua-ajinomoto-tai-viet-nam-d89949.html . Press.",Can canh cu diem san xuat cua Ajinomoto tai Viet Nam,Bao Dau tu,undated,https://baodautu.vn/can-canh-cu-diem-san-xuat-cua-ajinomoto-tai-viet-nam-d89949.html,,press,2026-09-23,Type as given: Press,wave1,wave1/industry/industry.md
IND-10,IND,INDUSTRY,"""Ajinomoto Viet Nam ung dung cong nghe san xuat bot ngot hoan toan moi"". Ajinomoto Vietnam. https://www.ajinomoto.com.vn/vi/ajinomoto-viet-nam-ung-dung-cong-nghe-san-xuat-bot-ngot-hoan-toan-moi . Company.",Ajinomoto Viet Nam ung dung cong nghe san xuat bot ngot hoan toan moi,Ajinomoto Vietnam,,https://www.ajinomoto.com.vn/vi/ajinomoto-viet-nam-ung-dung-cong-nghe-san-xuat-bot-ngot-hoan-toan-moi,,company,2026-09-23,Type as given: Company,wave1,wave1/industry/industry.md
IND-11,IND,INDUSTRY,"About Daesang Vietnam (history, plants). Daesang Vietnam. https://daesang.vn/en/introduce-st2 . Company.","About Daesang Vietnam (history, plants)",Daesang Vietnam,,https://daesang.vn/en/introduce-st2,,company,2026-09-23,Type as given: Company,wave1,wave1/industry/industry.md
IND-12,IND,INDUSTRY,Business of materials. Daesang Vietnam. https://daesang.vn/en/product/business-of-materials-p13 . Company.,Business of materials,Daesang Vietnam,,https://daesang.vn/en/product/business-of-materials-p13,,company,2026-09-23,Type as given: Company,wave1,wave1/industry/industry.md
IND-13,IND,INDUSTRY,"""New Vietnam factory operational..."" The Asia Business Daily (Asiae). 27 October 2020. https://www.asiae.co.kr/en/article/2020102707532205024 . Press (translation issues).",New Vietnam factory operational,The Asia Business Daily,27 October 2020,https://www.asiae.co.kr/en/article/2020102707532205024,,press,2026-09-23,Type as given: Press (translation issues),wave1,wave1/industry/industry.md
IND-14,IND,INDUSTRY,"""Miwon Viet Nam va cau chuyen trach nhiem voi cong dong"". Bao Phap luat. https://baophapluat.vn/miwon-viet-nam-va-cau-chuyen-trach-nhiem-voi-cong-dong-post307499.html . Press.",Miwon Viet Nam va cau chuyen trach nhiem voi cong dong,Bao Phap luat,,https://baophapluat.vn/miwon-viet-nam-va-cau-chuyen-trach-nhiem-voi-cong-dong-post307499.html,,press,2026-09-23,Type as given: Press,wave1,wave1/industry/industry.md
IND-15,IND,INDUSTRY,AB Mauri Viet Nam (company page). AB Mauri Vietnam. https://abmauri.vn/vn/ab-mauri-viet-nam.html . Company.,AB Mauri Viet Nam (company page),AB Mauri Vietnam,,https://abmauri.vn/vn/ab-mauri-viet-nam.html,,company,2026-09-23,Type as given: Company,wave1,wave1/industry/industry.md
IND-16,IND,INDUSTRY,"""Gan 20 nam gay o nhiem cua cong ty AB Mauri La Nga"". VietNamNet. 2019. https://vietnamnet.vn/gan-20-nam-gay-o-nhiem-cua-cong-ty-ab-mauri-la-nga-537936.html . Press.",Gan 20 nam gay o nhiem cua cong ty AB Mauri La Nga,VietNamNet,2019,https://vietnamnet.vn/gan-20-nam-gay-o-nhiem-cua-cong-ty-ab-mauri-la-nga-537936.html,,press,2026-09-23,Type as given: Press,wave1,wave1/industry/industry.md
IND-17,IND,INDUSTRY,About us. Lesaffre Vietnam (Saf-Viet). https://lesaffre.com.vn/en/about/ . Company.,"Lesaffre Vietnam (Saf-Viet), about us",Lesaffre Vietnam (Saf-Viet),,https://lesaffre.com.vn/en/about/,,company,2026-09-23,Type as given: Company,wave1,wave1/industry/industry.md
IND-18,IND,INDUSTRY,"""Tai khoi dong cac nha may Ethanol phuc vu lo trinh xang sinh hoc"". Bao Tuyen Quang. 26 March 2026. https://baotuyenquang.com.vn/xa-hoi/202603/tai-khoi-dong-cac-nha-may-ethanol-phuc-vu-lo-trinh-xang-sinh-hoc-aab12a1/ . Press.",Tai khoi dong cac nha may Ethanol phuc vu lo trinh xang sinh hoc,Bao Tuyen Quang,26 March 2026,https://baotuyenquang.com.vn/xa-hoi/202603/tai-khoi-dong-cac-nha-may-ethanol-phuc-vu-lo-trinh-xang-sinh-hoc-aab12a1/,,press,2026-09-23,Type as given: Press,wave1,wave1/industry/industry.md
IND-19,IND,INDUSTRY,"""Tai khoi dong nha may nhien lieu sinh hoc Dung Quat vao thang 11/2025"". Bao Chinh phu. September 2025. https://baochinhphu.vn/tai-khoi-dong-nha-may-nhien-lieu-sinh-hoc-dung-quat-vao-thang-11-2025-102250901105314654.htm . Government news portal.",Tai khoi dong nha may nhien lieu sinh hoc Dung Quat vao thang 11/2025,Bao Chinh phu,September 2025,https://baochinhphu.vn/tai-khoi-dong-nha-may-nhien-lieu-sinh-hoc-dung-quat-vao-thang-11-2025-102250901105314654.htm,,press,2026-09-23,Type as given: Government news portal,wave1,wave1/industry/industry.md
IND-20,IND,INDUSTRY,"""Hoi sinh loat nha may ethanol nghin ty..."" CafeF. 10 July 2026. https://cafef.vn/hoi-sinh-loat-nha-may-ethanol-nghin-ty-co-du-an-tung-dap-chieu-hon-10-nam-ky-vong-dap-ung-50-nhu-cau-xang-e10-188260710183410216.chn . Press.",Hoi sinh loat nha may ethanol nghin ty,CafeF,10 July 2026,https://cafef.vn/hoi-sinh-loat-nha-may-ethanol-nghin-ty-co-du-an-tung-dap-chieu-hon-10-nam-ky-vong-dap-ung-50-nhu-cau-xang-e10-188260710183410216.chn,,press,2026-09-23,Type as given: Press,wave1,wave1/industry/industry.md
IND-21,IND,INDUSTRY,"""Xang sinh hoc E5: Xang xanh thanh... dong no - Bai 2"". SGGP. 10 July 2024. https://www.sggp.org.vn/xang-sinh-hoc-e5-xang-xanh-thanh-dong-no-bai-2-nha-may-tu-nhan-mon-moi-qua-ngay-post748542.html . Press.",Xang sinh hoc E5: Xang xanh thanh... dong no - Bai 2,SGGP,10 July 2024,https://www.sggp.org.vn/xang-sinh-hoc-e5-xang-xanh-thanh-dong-no-bai-2-nha-may-tu-nhan-mon-moi-qua-ngay-post748542.html,,press,2026-09-23,Type as given: Press,wave1,wave1/industry/industry.md
IND-22,IND,INDUSTRY,"""Xang E10 tao cu hich cho ethanol, Duong Quang Ngai (QNS) don co hoi lon"". Sugarcane Research Institute (Vien Nghien cuu Mia Duong), reposting press. 16 July 2026. https://www.vienmiaduong.vn/vi/detailkhoa.php?idTin=3660 . Press/institute.","Xang E10 tao cu hich cho ethanol, Duong Quang Ngai (QNS) don co hoi lon",Sugarcane Research Institute,16 July 2026,https://www.vienmiaduong.vn/vi/detailkhoa.php?idTin=3660,,press,2026-09-23,Type as given: Press/institute,wave1,wave1/industry/industry.md
IND-23,IND,INDUSTRY,SAB initial valuation report. FPTS Securities. August 2024. https://file.fpts.com.vn/FileStore2/File/2024/08/08/SABInitialValuationReportAug2024_33a29faf.pdf . Broker research.,SAB initial valuation report,FPTS Securities,August 2024,https://file.fpts.com.vn/FileStore2/File/2024/08/08/SABInitialValuationReportAug2024_33a29faf.pdf,,market-research,2026-09-23,Type as given: Broker research,wave1,wave1/industry/industry.md
IND-24,IND,INDUSTRY,"SAB initiation report ""May den chua tan"". VNDIRECT. 1 October 2024. https://www.vndirect.com.vn/cmsupload/beta/SAB_BCPT_20241001.pdf . Broker research.",May den chua tan,SAB initiation report,1 October 2024,https://www.vndirect.com.vn/cmsupload/beta/SAB_BCPT_20241001.pdf,,market-research,2026-09-23,Type as given: Broker research,wave1,wave1/industry/industry.md
IND-25,IND,INDUSTRY,"""Dong cua nha may tai Quang Nam, Heineken hien dang so huu nhung nha may nao?"" Vietnambiz. 26 June 2024. https://vietnambiz.vn/dong-cua-nha-may-tai-quang-nam-heineken-hien-dang-so-huu-nhung-nha-may-nao-2024626164823899.htm . Press.","Dong cua nha may tai Quang Nam, Heineken hien dang so huu nhung nha may nao?",Vietnambiz,26 June 2024,https://vietnambiz.vn/dong-cua-nha-may-tai-quang-nam-heineken-hien-dang-so-huu-nhung-nha-may-nao-2024626164823899.htm,,press,2026-09-23,Type as given: Press,wave1,wave1/industry/industry.md
IND-26,IND,INDUSTRY,"""Dong cua nha may o Quang Nam, lien duoc phe duyet nang cong suat nha may lon nhat DNA tai Vung Tau..."" CafeF. 8 July 2024. https://cafef.vn/dong-cua-nha-may-o-quang-nam-lien-duoc-phe-duyet-nang-cong-suat-nha-may-lon-nhat-dna-tai-vung-tau-heineken-co-tong-cong-bao-nhieu-du-an-tren-toan-lanh-tho-viet-nam-188240708162123746.chn . Press.","Dong cua nha may o Quang Nam, lien duoc phe duyet nang cong suat nha may lon nhat DNA tai Vung Tau",CafeF,8 July 2024,https://cafef.vn/dong-cua-nha-may-o-quang-nam-lien-duoc-phe-duyet-nang-cong-suat-nha-may-lon-nhat-dna-tai-vung-tau-heineken-co-tong-cong-bao-nhieu-du-an-tren-toan-lanh-tho-viet-nam-188240708162123746.chn,,press,2026-09-23,Type as given: Press,wave1,wave1/industry/industry.md
IND-27,IND,INDUSTRY,"""Carlsberg muon nang cong suat nha may bia o Hue len 600 trieu lit/nam"". Nha Dau tu. 2 February 2025. https://nhadautu.vn/carlsberg-muon-nang-cong-suat-nha-may-bia-o-hue-len-600-trieu-lit-nam-d93289.html . Press.",Carlsberg muon nang cong suat nha may bia o Hue len 600 trieu lit/nam,Nha Dau tu,2 February 2025,https://nhadautu.vn/carlsberg-muon-nang-cong-suat-nha-may-bia-o-hue-len-600-trieu-lit-nam-d93289.html,,press,2026-09-23,Type as given: Press,wave1,wave1/industry/industry.md
IND-28,IND,INDUSTRY,"""Gan 90 trieu USD mo rong nha may bia lon nhat chau A cua Carlsberg Viet Nam"". Thanh Nien. 26 August 2025. https://thanhnien.vn/gan-90-trieu-usd-mo-rong-nha-may-bia-lon-nhat-chau-a-cua-carlsberg-viet-nam-185250826154821104.htm . Press.",Gan 90 trieu USD mo rong nha may bia lon nhat chau A cua Carlsberg Viet Nam,Thanh Nien,26 August 2025,https://thanhnien.vn/gan-90-trieu-usd-mo-rong-nha-may-bia-lon-nhat-chau-a-cua-carlsberg-viet-nam-185250826154821104.htm,,press,2026-09-23,Type as given: Press,wave1,wave1/industry/industry.md
IND-29,IND,INDUSTRY,About Habeco. Habeco. https://www.habeco.com.vn/?page=about . Company.,About Habeco,Habeco,,https://www.habeco.com.vn/?page=about,,company,2026-09-23,Type as given: Company,wave1,wave1/industry/industry.md
IND-30,IND,INDUSTRY,"""Sau 20 nam, Masan co gi?"" Vietnambiz. 30 October 2016. https://vietnambiz.vn/sau-20-nam-masan-co-gi-6152.htm . Press (old).","Sau 20 nam, Masan co gi?",Vietnambiz,30 October 2016,https://vietnambiz.vn/sau-20-nam-masan-co-gi-6152.htm,,press,2026-09-23,Type as given: Press (old),wave1,wave1/industry/industry.md
IND-31,IND,INDUSTRY,"""Chinh thuc khoi cong nha may vac xin va sinh pham VNVC"". Tuoi Tre. 28 May 2025. https://tuoitre.vn/chinh-thuc-khoi-cong-nha-may-vac-xin-va-sinh-pham-vnvc-20250528082940209.htm . Press.",Chinh thuc khoi cong nha may vac xin va sinh pham VNVC,Tuoi Tre,28 May 2025,https://tuoitre.vn/chinh-thuc-khoi-cong-nha-may-vac-xin-va-sinh-pham-vnvc-20250528082940209.htm,,press,2026-09-23,Type as given: Press,wave1,wave1/industry/industry.md
IND-32,IND,INDUSTRY,"""Viet Nam sap co nha may san xuat vac xin the he moi tri gia 2.500 ty dong..."" Nguoi Quan sat. 9 July 2026. https://nguoiquansat.vn/viet-nam-sap-co-nha-may-san-xuat-vac-xin-the-he-moi-tri-gia-2-500-ty-dong-cong-suat-100-trieu-lieu-moi-nam-van-hanh-tu-cuoi-nam-2027-303021.html . Press.",Viet Nam sap co nha may san xuat vac xin the he moi tri gia 2.500 ty dong,Nguoi Quan sat,9 July 2026,https://nguoiquansat.vn/viet-nam-sap-co-nha-may-san-xuat-vac-xin-the-he-moi-tri-gia-2-500-ty-dong-cong-suat-100-trieu-lieu-moi-nam-van-hanh-tu-cuoi-nam-2027-303021.html,,press,2026-09-23,Type as given: Press,wave1,wave1/industry/industry.md
IND-33,IND,INDUSTRY,"""Nha may vaccine thu y cua Tap doan Dabaco (DBC) san sang san xuat thuong mai"". Tap chi Cong Thuong. 2024. https://tapchicongthuong.vn/nha-may-vaccine-thu-y-cua-tap-doan-dabaco--dbc--san-sang-san-xuat-thuong-mai-124555.htm . Press (MOIT journal).",Nha may vaccine thu y cua Tap doan Dabaco (DBC) san sang san xuat thuong mai,Tap chi Cong Thuong,2024,https://tapchicongthuong.vn/nha-may-vaccine-thu-y-cua-tap-doan-dabaco--dbc--san-sang-san-xuat-thuong-mai-124555.htm,,press,2026-09-23,Type as given: Press (MOIT journal),wave1,wave1/industry/industry.md
IND-34,IND,INDUSTRY,"""Viet Nam da nhanh chong gia nhap cuoc dua che tao vaccine thu y"". AVAC Vietnam (reposting press). 28 December 2024. https://www.avac.com.vn/tin-tuc-su-kien/viet-nam-da-nhanh-chong-gia-nhap-cuoc-dua-che-tao-vaccine-thu-y/ . Company/press.",Viet Nam da nhanh chong gia nhap cuoc dua che tao vaccine thu y,AVAC Vietnam,28 December 2024,https://www.avac.com.vn/tin-tuc-su-kien/viet-nam-da-nhanh-chong-gia-nhap-cuoc-dua-che-tao-vaccine-thu-y/,,company,2026-09-23,Type as given: Company/press,wave1,wave1/industry/industry.md
IND-35,IND,INDUSTRY,Nha may GMP-WHO. Hanvet. https://hanvet.com.vn/vn/scripts/Factory.asp . Company.,Nha may GMP-WHO,Hanvet,,https://hanvet.com.vn/vn/scripts/Factory.asp,,company,2026-09-23,Type as given: Company,wave1,wave1/industry/industry.md
IND-36,IND,INDUSTRY,Co so Suoi Dau. IVAC. https://ivac.com.vn/gioi_thieu/33/141/-co-so-suoi-dau/vien-vac-xin.html . Government institute.,Co so Suoi Dau,IVAC,,https://ivac.com.vn/gioi_thieu/33/141/-co-so-suoi-dau/vien-vac-xin.html,,gov/statistics,2026-09-23,Type as given: Government institute,wave1,wave1/industry/industry.md
IND-37,IND,INDUSTRY,Nha may dat GMP: Vabiotech. cpharma.vn. http://cpharma.vn/vn/nha-may-duoc-pham-dat-gmp/cong-ty-tnhh-mtv-vac-xin-va-sinh-pham-so-1--vabiotech--011656.html . Industry directory.,Nha may dat GMP: Vabiotech,cpharma.vn,,http://cpharma.vn/vn/nha-may-duoc-pham-dat-gmp/cong-ty-tnhh-mtv-vac-xin-va-sinh-pham-so-1--vabiotech--011656.html,,database,2026-09-23,Type as given: Industry directory,wave1,wave1/industry/industry.md
IND-38,IND,INDUSTRY,"""Khai truong nha may san xuat nguyen lieu Probiotic the he moi"". VietNamNet. November 2011. https://vietnamnet.vn/khai-truong-nha-may-san-xuat-nguyen-lieu-probiotic-the-he-moi-46235.html . Press (old).",Khai truong nha may san xuat nguyen lieu Probiotic the he moi,VietNamNet,November 2011,https://vietnamnet.vn/khai-truong-nha-may-san-xuat-nguyen-lieu-probiotic-the-he-moi-46235.html,,press,2026-09-23,Type as given: Press (old),wave1,wave1/industry/industry.md
IND-39,IND,INDUSTRY,"""Thuc an chan nuoi trong nuoc: Tien toi tu chu nguon cung"". VnEconomy. 25 December 2023. https://vneconomy.vn/thuc-an-chan-nuoi-trong-nuoc-tien-toi-tu-chu-nguon-cung.htm . Press citing DLP/MARD data.",Thuc an chan nuoi trong nuoc: Tien toi tu chu nguon cung,VnEconomy,25 December 2023,https://vneconomy.vn/thuc-an-chan-nuoi-trong-nuoc-tien-toi-tu-chu-nguon-cung.htm,,press,2026-09-23,Type as given: Press citing DLP/MARD data,wave1,wave1/industry/industry.md
IND-40,IND,INDUSTRY,"""Loi nhuan nganh chan nuoi tang vot, doanh nghiep Viet van chat vat gianh thi phan tu FDI"". Doanh nhan / Bao Phap luat. 2024. https://doanhnhan.baophapluat.vn/loi-nhuan-nganh-chan-nuoi-tang-vot-doanh-nghiep-viet-van-chat-vat-gianh-thi-phan-tu-fdi-82992.html . Press citing VCBS.","Loi nhuan nganh chan nuoi tang vot, doanh nghiep Viet van chat vat gianh thi phan tu FDI",Doanh nhan / Bao Phap luat,2024,https://doanhnhan.baophapluat.vn/loi-nhuan-nganh-chan-nuoi-tang-vot-doanh-nghiep-viet-van-chat-vat-gianh-thi-phan-tu-fdi-82992.html,,press,2026-09-23,Type as given: Press citing VCBS,wave1,wave1/industry/industry.md
IND-41,IND,INDUSTRY,"""Aquafeeds in 2025: Disrupted by tariffs"". Aqua Culture Asia Pacific. 30 June 2026. https://aquaasiapac.com/2026/06/30/aquafeeds-in-2025-disrupted-by-tariffs/ . Trade press (industry estimates).",Aquafeeds in 2025: Disrupted by tariffs,Aqua Culture Asia Pacific,30 June 2026,https://aquaasiapac.com/2026/06/30/aquafeeds-in-2025-disrupted-by-tariffs/,,press,2026-09-23,"Type as given: Trade press (industry estimates) | Same URL as MAC-06, FM-04",wave1,wave1/industry/industry.md
IND-42,IND,INDUSTRY,"""C.P. Viet Nam mo rong nang luc san xuat thuc an thuy san"". VnExpress. August 2026. https://vnexpress.net/c-p-viet-nam-mo-rong-nang-luc-san-xuat-thuc-an-thuy-san-5109211.html . Press.",C.P. Viet Nam mo rong nang luc san xuat thuc an thuy san,VnExpress,August 2026,https://vnexpress.net/c-p-viet-nam-mo-rong-nang-luc-san-xuat-thuc-an-thuy-san-5109211.html,,press,2026-09-23,Type as given: Press,wave1,wave1/industry/industry.md
IND-43,IND,INDUSTRY,"""Ban do FDI nganh thuy san Viet Nam: Ap dao tu cong nghe va von ngoai"". Tepbac. 13 May 2026. https://tepbac.com/tin-tuc/full/ban-do-fdi-nganh-thuy-san-viet-nam-ap-dao-tu-cong-nghe-va-von-ngoai-38975.html . Trade press.",Ban do FDI nganh thuy san Viet Nam: Ap dao tu cong nghe va von ngoai,Tepbac,13 May 2026,https://tepbac.com/tin-tuc/full/ban-do-fdi-nganh-thuy-san-viet-nam-ap-dao-tu-cong-nghe-va-von-ngoai-38975.html,,press,2026-09-23,Type as given: Trade press,wave1,wave1/industry/industry.md
IND-44,IND,INDUSTRY,"""Xu huong thi phan doanh nghiep san xuat thuc an tom 2024"". Tepbac. 2024. https://tepbac.com/tin-tuc/full/xu-huong-thi-phan-doanh-nghiep-san-xuat-thuc-an-tom-2024-36420.html . Trade press (names only, no shares).",Xu huong thi phan doanh nghiep san xuat thuc an tom 2024,Tepbac,2024,https://tepbac.com/tin-tuc/full/xu-huong-thi-phan-doanh-nghiep-san-xuat-thuc-an-tom-2024-36420.html,,press,2026-09-23,"Type as given: Trade press (names only, no shares)",wave1,wave1/industry/industry.md
IND-45,IND,INDUSTRY,"""Cac ong lon dau tu nha may thuc an rieng cho ca bien, ca nuoc lanh..."" Dan Viet. 27 July 2026. https://danviet.vn/cac-ong-lon-dau-tu-nha-may-thuc-an-rieng-cho-ca-bien-ca-nuoc-lanh-chuyen-nghiep-hoa-nganh-thuy-san-viet-nam-d1445991.html . Press.","Cac ong lon dau tu nha may thuc an rieng cho ca bien, ca nuoc lanh",Dan Viet,27 July 2026,https://danviet.vn/cac-ong-lon-dau-tu-nha-may-thuc-an-rieng-cho-ca-bien-ca-nuoc-lanh-chuyen-nghiep-hoa-nganh-thuy-san-viet-nam-d1445991.html,,press,2026-09-23,Type as given: Press,wave1,wave1/industry/industry.md
IND-46,IND,INDUSTRY,"""Diem mat cac tap doan lon rot trieu do vao thi truong thuc an thuy san"". Dan Viet. 1 May 2023. https://danviet.vn/diem-mat-cac-tap-doan-lon-rot-trieu-do-vao-thi-truong-thuc-an-thuy-san-20230501162641592-d1091106.html . Press.",Diem mat cac tap doan lon rot trieu do vao thi truong thuc an thuy san,Dan Viet,1 May 2023,https://danviet.vn/diem-mat-cac-tap-doan-lon-rot-trieu-do-vao-thi-truong-thuc-an-thuy-san-20230501162641592-d1091106.html,,press,2026-09-23,Type as given: Press,wave1,wave1/industry/industry.md
IND-47,IND,INDUSTRY,"""Viet Nam ngay cang thu hut cac nha san xuat thuc an chan nuoi"". VCCI WTO Center. 23 October 2023. https://trungtamwto.vn/chuyen-de/24758-viet-nam-ngay-cang-thu-hut-cac-nha-san-xuat-thuc-an-chan-nuoi . Business association news.",Viet Nam ngay cang thu hut cac nha san xuat thuc an chan nuoi,VCCI WTO Center,23 October 2023,https://trungtamwto.vn/chuyen-de/24758-viet-nam-ngay-cang-thu-hut-cac-nha-san-xuat-thuc-an-chan-nuoi,,press,2026-09-23,Type as given: Business association news,wave1,wave1/industry/industry.md
IND-48,IND,INDUSTRY,"""'Vua' sua dau nanh thu ve 28 ti dong binh quan moi ngay"". Tuoi Tre. 27 February 2025. https://tuoitre.vn/vua-sua-dau-nanh-thu-ve-28-ti-dong-binh-quan-moi-ngay-20250227133808286.htm . Press.",'Vua' sua dau nanh thu ve 28 ti dong binh quan moi ngay,Tuoi Tre,27 February 2025,https://tuoitre.vn/vua-sua-dau-nanh-thu-ve-28-ti-dong-binh-quan-moi-ngay-20250227133808286.htm,,press,2026-09-23,Type as given: Press | Same URL as ECO-41,wave1,wave1/industry/industry.md
IND-49,IND,INDUSTRY,"""Vinasoy khanh thanh nha may sua dau nanh thu 3 tai Binh Duong"". VnBusiness. December 2017. https://vnbusiness.vn/vinasoy-khanh-thanh-nha-may-sua-dau-nanh-thu-3-tai-binh-duong.html . Press.",Vinasoy khanh thanh nha may sua dau nanh thu 3 tai Binh Duong,VnBusiness,December 2017,https://vnbusiness.vn/vinasoy-khanh-thanh-nha-may-sua-dau-nanh-thu-3-tai-binh-duong.html,,press,2026-09-23,Type as given: Press,wave1,wave1/industry/industry.md
IND-50,IND,INDUSTRY,"""Vinasoy vao Top 5 cong ty sua dau nanh lon nhat the gioi"". Thanh Nien. 18 December 2022. https://thanhnien.vn/vinasoy-vao-top-5-cong-ty-sua-dau-nanh-lon-nhat-the-gioi-1851533154.htm . Press.",Vinasoy vao Top 5 cong ty sua dau nanh lon nhat the gioi,Thanh Nien,18 December 2022,https://thanhnien.vn/vinasoy-vao-top-5-cong-ty-sua-dau-nanh-lon-nhat-the-gioi-1851533154.htm,,press,2026-09-23,Type as given: Press,wave1,wave1/industry/industry.md
IND-51,IND,INDUSTRY,"""ToFu House - Nuoi duong va phat trien hat dau Viet"". Vietnam News Agency (VNA). https://vietnam.vnanet.vn/vietnamese/long-form/tofu-house-nuoi-duong-va-phat-trien-hat-dau-viet-325017.html . State media feature.",ToFu House - Nuoi duong va phat trien hat dau Viet,Vietnam News Agency,,https://vietnam.vnanet.vn/vietnamese/long-form/tofu-house-nuoi-duong-va-phat-trien-hat-dau-viet-325017.html,,press,2026-09-23,Type as given: State media feature | Same URL as FORM-36,wave1,wave1/industry/industry.md
IND-52,IND,INDUSTRY,"""Vinamilk"". Wikipedia. https://en.wikipedia.org/wiki/Vinamilk . Encyclopedia (secondary).",Vinamilk,Wikipedia,,https://en.wikipedia.org/wiki/Vinamilk,,other,2026-09-23,Type as given: Encyclopedia (secondary),wave1,wave1/industry/industry.md
IND-53,IND,INDUSTRY,AltProtein Vietnam field product log and notes (186 SKUs; Nha Trang 6 September 2026 and HCMC 16 to 20 September 2026). AltProtein Vietnam. File research/field/product_log.csv and readme_notes.txt. Primary observation.,AltProtein Vietnam field product log and notes (186 SKUs; Nha Trang 6 September 2026 and HCMC 16 to 20 September 2026),AltProtein Vietnam,,,,other,2026-09-23,Type as given: Primary observation,wave1,wave1/industry/industry.md
IND-54,IND,INDUSTRY,Song Huong Foods website. https://songhuongfoods.com/ . Company.,Song Huong Foods website,,,https://songhuongfoods.com/,,company,2026-09-23,Type as given: Company,wave1,wave1/industry/industry.md
IND-55,IND,INDUSTRY,Vissan website. https://vissan.com.vn/ . Company.,Vissan website,,,https://vissan.com.vn/,,company,2026-09-23,Type as given: Company,wave1,wave1/industry/industry.md
IND-56,IND,INDUSTRY,Acecook Vietnam website. https://acecookvietnam.vn/ . Company.,Acecook Vietnam website,,,https://acecookvietnam.vn/,,company,2026-09-23,Type as given: Company,wave1,wave1/industry/industry.md
IND-57,IND,INDUSTRY,Saigon Hi-Tech Park website. SHTP Management Board. https://shtp.hochiminhcity.gov.vn/ . Government.,Saigon Hi-Tech Park website,SHTP Management Board,,https://shtp.hochiminhcity.gov.vn/,,gov/statistics,2026-09-23,Type as given: Government | Same URL as INF-06,wave1,wave1/industry/industry.md
IND-58,IND,INDUSTRY,"""Saigon Hi-Tech Park"". Wikipedia. https://en.wikipedia.org/wiki/Saigon_Hi-Tech_Park . Encyclopedia (older data).",Saigon Hi-Tech Park,Wikipedia,,https://en.wikipedia.org/wiki/Saigon_Hi-Tech_Park,,other,2026-09-23,Type as given: Encyclopedia (older data),wave1,wave1/industry/industry.md
IND-59,IND,INDUSTRY,HCMC Biotechnology Center website. http://www.hcmbiotech.com.vn/ . Government centre.,HCMC Biotechnology Center website,,,http://www.hcmbiotech.com.vn/,,gov/statistics,2026-09-23,Type as given: Government centre,wave1,wave1/industry/industry.md
IND-60,IND,INDUSTRY,Food Industries Research Institute (FIRI) website. https://firi.vn/ . Government institute.,Food Industries Research Institute (FIRI) website,,,https://firi.vn/,,gov/statistics,2026-09-23,"Type as given: Government institute | Same URL as RD-07, INF-01",wave1,wave1/industry/industry.md
IND-61,IND,INDUSTRY,National Institute for Food Control (NIFC) website. https://nifc.gov.vn/ . Government institute.,National Institute for Food Control (NIFC) website,,,https://nifc.gov.vn/,,gov/statistics,2026-09-23,Type as given: Government institute | Same URL as INF-10,wave1,wave1/industry/industry.md
IND-62,IND,INDUSTRY,Eurofins Vietnam website. https://www.eurofins.vn/ . Company.,Eurofins Vietnam website,,,https://www.eurofins.vn/,,company,2026-09-23,Type as given: Company | Same URL as INF-11,wave1,wave1/industry/industry.md
IND-63,IND,INDUSTRY,QUATEST 3 website. https://www.quatest3.com.vn/ . Government centre.,QUATEST 3 website,,,https://www.quatest3.com.vn/,,gov/statistics,2026-09-23,Type as given: Government centre | Same URL as INF-13,wave1,wave1/industry/industry.md
IND-64,IND,INDUSTRY,"""Ajinomoto Vietnam"" project page. HTG Engineering and Trading JSC. https://htgco.com.vn/en/post-type-project/ajinomoto-vietnam/ . Company.","Ajinomoto Vietnam, project page",Ajinomoto Vietnam,,https://htgco.com.vn/en/post-type-project/ajinomoto-vietnam/,,company,2026-09-23,Type as given: Company,wave1,wave1/industry/industry.md
IND-65,IND,INDUSTRY,"""Khoi cong nha may vaccine VNVC..."" TECOVA. 2025. https://tecova.vn/du-an-nha-may-vaccine-vnvc-chuan-eu-gmp-pic-s/ . Company blog.",Khoi cong nha may vaccine VNVC,TECOVA,2025,https://tecova.vn/du-an-nha-may-vaccine-vnvc-chuan-eu-gmp-pic-s/,,company,2026-09-23,Type as given: Company blog,wave1,wave1/industry/industry.md
IND-66,IND,INDUSTRY,"""Provinces of Vietnam"". Wikipedia. https://en.wikipedia.org/wiki/Provinces_of_Vietnam . Encyclopedia (used to check the 2025 merger mapping).",Provinces of Vietnam,Wikipedia,,https://en.wikipedia.org/wiki/Provinces_of_Vietnam,,other,2026-09-23,"Type as given: Encyclopedia (used to check the 2025 merger mapping) | Same URL as FS-52, ECO-71, GT-03",wave1,wave1/industry/industry.md
IND-67,IND,INDUSTRY,Institute of Biotechnology (VAST) website. https://www.ibt.ac.vn/ . Government institute (no facility data returned).,Institute of Biotechnology (VAST) website,,,https://www.ibt.ac.vn/,,gov/statistics,2026-09-23,Type as given: Government institute (no facility data returned),wave1,wave1/industry/industry.md
ECO-01,ECO,ECOSYSTEM,"""Entobel Sets Industry Record with the Opening of the Largest Insect Protein Production Plant in Asia."" Entobel, 23 Nov 2023. https://www.entobel.com/en/entobel-grand-opening-of-the-largest-insect-protein-production-plant-in-asia/ . Plant opening, 10,000 t, Heineken feedstock, 150 jobs. Company.",Entobel Sets Industry Record with the Opening of the Largest Insect Protein Production Plant in Asia,Entobel,23 Nov 2023,https://www.entobel.com/en/entobel-grand-opening-of-the-largest-insect-protein-production-plant-in-asia/,,company,2026-09-23,Type as given: Company | Same URL as CAP-08,wave1,wave1/ecosystem/ecosystem.md
ECO-02,ECO,ECOSYSTEM,"""Entobel."" Mekong Capital investment page, undated (content to 2026). https://www.mekongcapital.com/our-investment/entobel-2/ . Dong Nai 1,000 t (2019), 10,000 t plant, >200 staff 2026, Indonesia plan. Investor (company).",Entobel,Mekong Capital investment page,undated,https://www.mekongcapital.com/our-investment/entobel-2/,,company,2026-09-23,"Type as given: Investor (company) | Same URL as CAP-10, VCO-19",wave1,wave1/ecosystem/ecosystem.md
ECO-03,ECO,ECOSYSTEM,"""CnC-Entobel (IFC-46903)."" Early Warning System database (Rights in Development), IFC disclosure data, board date 23 Feb 2023. https://ewsdata.rightsindevelopment.org/projects/46903-cnc-entobel/ . IFC USD 2.5 m; project cost USD 32.5 m; Mekong USD 25 m, Dragon USD 5 m. DFI disclosure (secondary host).",CnC-Entobel (IFC-46903),Early Warning System database,23 Feb 2023,https://ewsdata.rightsindevelopment.org/projects/46903-cnc-entobel/,,gov/statistics,2026-09-23,"Type as given: DFI disclosure (secondary host) | Same URL as CAP-04, VCO-20",wave1,wave1/ecosystem/ecosystem.md
ECO-04,ECO,ECOSYSTEM,"""Insect protein company Entobel secures funding in Vietnam."" PetfoodIndustry, 18 Apr 2023. https://www.petfoodindustry.com/news-newsletters/pet-food-news/article/15469728/insect-protein-company-entobel-secures-funding-in-vietnam . Funding context, H-Meal at least 53% crude protein. Press.",Insect protein company Entobel secures funding in Vietnam,PetfoodIndustry,18 Apr 2023,https://www.petfoodindustry.com/news-newsletters/pet-food-news/article/15469728/insect-protein-company-entobel-secures-funding-in-vietnam,,press,2026-09-23,Type as given: Press | Same URL as CAP-07,wave1,wave1/ecosystem/ecosystem.md
ECO-05,ECO,ECOSYSTEM,"""Vinh Hoan strikes insect protein deal with Entobel."" The Asset, 23 Feb 2024. https://www.theasset.com/article-esg/50986/vinh-hoan-strikes-insect-protein-deal-with-entobel . Offtake of at least 15,000 t, 2025 to 2027. Press.",Vinh Hoan strikes insect protein deal with Entobel,The Asset,23 Feb 2024,https://www.theasset.com/article-esg/50986/vinh-hoan-strikes-insect-protein-deal-with-entobel,,press,2026-09-23,Type as given: Press,wave1,wave1/ecosystem/ecosystem.md
ECO-06,ECO,ECOSYSTEM,"""Entobel opens Asia's largest insect protein plant in Vietnam."" Hatchery International, 2023. https://www.hatcheryinternational.com/entobel-opens-asias-largest-insect-protein-plant-in-vietnam/ . Confirms USD 33 m Series B claim and 150 jobs. Press.",Entobel opens Asia's largest insect protein plant in Vietnam,Hatchery International,2023,https://www.hatcheryinternational.com/entobel-opens-asias-largest-insect-protein-plant-in-vietnam/,,press,2026-09-23,Type as given: Press,wave1,wave1/ecosystem/ecosystem.md
ECO-07,ECO,ECOSYSTEM,"""Vietnam's Cricket One gets pre-Series A funding to make the case for its insect protein patties."" AgFunderNews, 23 Nov 2020. https://agfundernews.com/vietnams-cricket-one-gets-pre-series-a-funding-to-make-the-case-for-its-insect-protein-patties . Round, investors, volumes. Press.",Vietnam's Cricket One gets pre-Series A funding to make the case for its insect protein patties,AgFunderNews,23 Nov 2020,https://agfundernews.com/vietnams-cricket-one-gets-pre-series-a-funding-to-make-the-case-for-its-insect-protein-patties,,press,2026-09-23,Type as given: Press | Same URL as CAP-12,wave1,wave1/ecosystem/ecosystem.md
ECO-08,ECO,ECOSYSTEM,"""[Bài 5] Cricket One liên kết sản xuất, đưa côn trùng ra… thế giới."" Nông nghiệp và Môi trường, 18 Mar 2023. https://nongnghiepmoitruong.vn/chan-nuoi-sang-tao-bai-5-lien-ket-la-chia-khoa-d346208.html . Loc Ninh location, exports, certifications. Press.","[Bài 5] Cricket One liên kết sản xuất, đưa côn trùng ra… thế giới",Nông nghiệp và Môi trường,18 Mar 2023,https://nongnghiepmoitruong.vn/chan-nuoi-sang-tao-bai-5-lien-ket-la-chia-khoa-d346208.html,,press,2026-09-23,Type as given: Press,wave1,wave1/ecosystem/ecosystem.md
ECO-09,ECO,ECOSYSTEM,"""Startup về dế Cricket One đã khép lại vòng gọi vốn Series A và mở cơ sở chế biến dế lớn nhất châu Á."" Foodmap Asia, 2 Oct 2023. https://foodmap.asia/tin-tuc/startup-ve-de-cricket-one-da-khep-lai-vong-goi-von-series-a-va-mo-co-so-che-bien-de-lon-nhat-chau-a . Series A, 1,000 t/yr capacity. Press.",Startup về dế Cricket One đã khép lại vòng gọi vốn Series A và mở cơ sở chế biến dế lớn nhất châu Á,Foodmap Asia,2 Oct 2023,https://foodmap.asia/tin-tuc/startup-ve-de-cricket-one-da-khep-lai-vong-goi-von-series-a-va-mo-co-so-che-bien-de-lon-nhat-chau-a,,press,2026-09-23,Type as given: Press,wave1,wave1/ecosystem/ecosystem.md
ECO-10,ECO,ECOSYSTEM,"""Tham quan nông trại và nhà máy sản xuất dế lớn nhất Việt Nam của Cricket One."" CafeF, Feb 2023. https://cafef.vn/tham-quan-nong-trai-va-nha-may-san-xuat-de-lon-nhat-viet-nam-cua-cricket-one-tan-dung-tu-chan-den-phan-de-nang-cap-mon-an-choi-vung-que-thanh-cong-nghiep-thuc-pham-moi-2023020811072749.chn . Farm structure; feed with Nong Lam University. Press.",Tham quan nông trại và nhà máy sản xuất dế lớn nhất Việt Nam của Cricket One,CafeF,Feb 2023,https://cafef.vn/tham-quan-nong-trai-va-nha-may-san-xuat-de-lon-nhat-viet-nam-cua-cricket-one-tan-dung-tu-chan-den-phan-de-nang-cap-mon-an-choi-vung-que-thanh-cong-nghiep-thuc-pham-moi-2023020811072749.chn,,press,2026-09-23,Type as given: Press,wave1,wave1/ecosystem/ecosystem.md
ECO-11,ECO,ECOSYSTEM,"""Doanh nghiệp đầu tiên xuất khẩu Protein từ dế mèn."" VTV9, 24 Oct 2024. https://vtv9.vtv.vn/en/doanh-nghiep-dau-tien-xuat-khau-protein-tu-de-men . About 150 t live/month claim; last evidence of activity. Press (state broadcaster).",Doanh nghiệp đầu tiên xuất khẩu Protein từ dế mèn,VTV9,24 Oct 2024,https://vtv9.vtv.vn/en/doanh-nghiep-dau-tien-xuat-khau-protein-tu-de-men,,press,2026-09-23,Type as given: Press (state broadcaster),wave1,wave1/ecosystem/ecosystem.md
ECO-12,ECO,ECOSYSTEM,"""Viet startup pioneers plant-based products with fewer additives."" Asian Agribiz, 16 Feb 2024. https://www.asian-agribiz.com/2024/02/16/viet-startup-pioneers-plant-based-products-with-fewer-additives/ . Emmay; mycelium; additive count. Press (paywalled, intro only).",Viet startup pioneers plant-based products with fewer additives,Asian Agribiz,16 Feb 2024,https://www.asian-agribiz.com/2024/02/16/viet-startup-pioneers-plant-based-products-with-fewer-additives/,,press,2026-09-23,"Type as given: Press (paywalled, intro only)",wave1,wave1/ecosystem/ecosystem.md
ECO-13,ECO,ECOSYSTEM,"""Pioneering Sustainable Agri-Tech and Plant-Based Proteins from Vietnam."" Women Entrepreneurs Finance Initiative (We-Fi), c.2024. https://we-fi.org/adb-women-entrepreneurs-emmay-vietnam/ . Emmay founding, sales volume, exports, ADB #SheExports. Donor case study.",Pioneering Sustainable Agri-Tech and Plant-Based Proteins from Vietnam,Women Entrepreneurs Finance Initiative,,https://we-fi.org/adb-women-entrepreneurs-emmay-vietnam/,,other,2026-09-23,Type as given: Donor case study,wave1,wave1/ecosystem/ecosystem.md
ECO-14,ECO,ECOSYSTEM,"""Van Pham's story: pioneering with plant protein."" Cherie Blair Foundation for Women, 2022. https://cherieblairfoundation.org/impact/her-stories/van-phams-story/ . Emmay history, products, Singapore warehouse. Advocacy/NGO.",Van Pham's story: pioneering with plant protein,Cherie Blair Foundation for Women,2022,https://cherieblairfoundation.org/impact/her-stories/van-phams-story/,,advocacy,2026-09-23,Type as given: Advocacy/NGO,wave1,wave1/ecosystem/ecosystem.md
ECO-15,ECO,ECOSYSTEM,"""12 Plant-based alternatives redefining what it means to be meat/dairy-free in Vietnam."" Jovel Chan (blog), 2022. https://jovelchan.com/blog/plant-based-meat-dairy-alternatives-vietnam-2022 . Imported brands and retailers in Vietnam in 2022. Blog (low reliability).",12 Plant-based alternatives redefining what it means to be meat/dairy-free in Vietnam,Jovel Chan,2022,https://jovelchan.com/blog/plant-based-meat-dairy-alternatives-vietnam-2022,,other,2026-09-23,Type as given: Blog (low reliability),wave1,wave1/ecosystem/ecosystem.md
ECO-16,ECO,ECOSYSTEM,"""BiaCraft Introduces The Beyond Burger To Vietnam."" Vietcetera, 17 Aug 2019. https://vietcetera.com/en/biacraft-introduces-the-beyond-burger-to-vietnam . First Beyond Burger in Vietnam. Press.",BiaCraft Introduces The Beyond Burger To Vietnam,Vietcetera,17 Aug 2019,https://vietcetera.com/en/biacraft-introduces-the-beyond-burger-to-vietnam,,press,2026-09-23,Type as given: Press,wave1,wave1/ecosystem/ecosystem.md
ECO-17,ECO,ECOSYSTEM,"""Thịt thực vật thị trường tỉ USD."" Nhịp Cầu Đầu Tư, 15 Jul 2022. https://m.nhipcaudautu.vn/kinh-doanh/thit-thuc-vat-thi-truong-ti-usd-3346595/ . Bewina, Vinamit, Cay De/VMEAT, Bien Phuong; VND 1,000 bn estimate. Press.",Thịt thực vật thị trường tỉ USD,Nhịp Cầu Đầu Tư,15 Jul 2022,https://m.nhipcaudautu.vn/kinh-doanh/thit-thuc-vat-thi-truong-ti-usd-3346595/,,press,2026-09-23,Type as given: Press,wave1,wave1/ecosystem/ecosystem.md
ECO-18,ECO,ECOSYSTEM,"""Thị trường thịt thực vật: Tiềm năng ra sao?"" Nhịp Cầu Đầu Tư, 1 Mar 2024. https://m.nhipcaudautu.vn/kinh-doanh/thi-truong-thit-thuc-vat-tiem-nang-ra-sao-3357539/ . USD 500 m projection (unsourced); Vinamit. Press.",Thị trường thịt thực vật: Tiềm năng ra sao?,Nhịp Cầu Đầu Tư,1 Mar 2024,https://m.nhipcaudautu.vn/kinh-doanh/thi-truong-thit-thuc-vat-tiem-nang-ra-sao-3357539/,,press,2026-09-23,Type as given: Press,wave1,wave1/ecosystem/ecosystem.md
ECO-19,ECO,ECOSYSTEM,"""Thịt thực vật - xu hướng tiêu dùng của tương lai."" Doanh Nhân Trẻ Việt Nam, 7 Jun 2022. https://doanhnhantrevietnam.vn/thit-thuc-vat--xu-huong-tieu-dung-cua-tuong-lai-d15277.html . VMEAT prices and targets; Beyond prices; Bewina. Press.",Thịt thực vật - xu hướng tiêu dùng của tương lai,Doanh Nhân Trẻ Việt Nam,7 Jun 2022,https://doanhnhantrevietnam.vn/thit-thuc-vat--xu-huong-tieu-dung-cua-tuong-lai-d15277.html,,press,2026-09-23,Type as given: Press,wave1,wave1/ecosystem/ecosystem.md
ECO-20,ECO,ECOSYSTEM,"""What's Been Happening at OmniFoods?"" vegconomist, Aug 2023. https://vegconomist.com/company-news/whats-been-happening-at-omnifoods/ . Starbucks Vietnam partnership, summer 2023. Trade press.",What's Been Happening at OmniFoods?,vegconomist,Aug 2023,https://vegconomist.com/company-news/whats-been-happening-at-omnifoods/,,press,2026-09-23,Type as given: Trade press,wave1,wave1/ecosystem/ecosystem.md
ECO-21,ECO,ECOSYSTEM,"""Omnipork Expands to Disrupt Pork Industry Across Asia."" vegconomist, 27 Jun 2019. https://vegconomist.com/top-stories/omnipork-expands-to-disrupt-pork-industry-across-asia/ . Vietnam absent from 2019 roadmap. Trade press.",Omnipork Expands to Disrupt Pork Industry Across Asia,vegconomist,27 Jun 2019,https://vegconomist.com/top-stories/omnipork-expands-to-disrupt-pork-industry-across-asia/,,press,2026-09-23,Type as given: Trade press,wave1,wave1/ecosystem/ecosystem.md
ECO-22,ECO,ECOSYSTEM,"""Country: Vietnam - The alternative protein ecosystem."" GFI, accessed 2026. https://ecosystem.gfi.org/country/vietnam/ . Two Vietnamese companies listed (names not rendered). Advocacy database.",Country: Vietnam - The alternative protein ecosystem,GFI,,https://ecosystem.gfi.org/country/vietnam/,,advocacy,2026-09-23,Type as given: Advocacy database | Access problem noted in citation | Same URL as VCO-21,wave1,wave1/ecosystem/ecosystem.md
ECO-23,ECO,ECOSYSTEM,"""Alternative proteins in APAC: 2023 State of the Industry Report."" GFI APAC, Oct 2023. https://gfi-apac.org/wp-content/uploads/2023/10/GFI-2023-APAC-SOTIR_v03.pdf . No Vietnam launches logged in GNPD (2022 to Q2 2023); Shiok-Minh Phu MOU. Advocacy report.",Alternative proteins in APAC: 2023 State of the Industry Report,GFI APAC,Oct 2023,https://gfi-apac.org/wp-content/uploads/2023/10/GFI-2023-APAC-SOTIR_v03.pdf,,advocacy,2026-09-23,Type as given: Advocacy report,wave1,wave1/ecosystem/ecosystem.md
ECO-24,ECO,ECOSYSTEM,"""The State of APAC's Alt Protein Industry in 10 Charts."" GFI APAC, 2023. https://gfi-apac.org/the-state-of-apacs-alt-protein-industry-in-10-charts/ . Vietnam only in regional survey scope. Advocacy.",The State of APAC's Alt Protein Industry in 10 Charts,GFI APAC,2023,https://gfi-apac.org/the-state-of-apacs-alt-protein-industry-in-10-charts/,,advocacy,2026-09-23,Type as given: Advocacy,wave1,wave1/ecosystem/ecosystem.md
ECO-25,ECO,ECOSYSTEM,"""Top 5 Công ty sản xuất thực phẩm chay hàng đầu Việt Nam."" Toplist.vn, undated. https://toplist.vn/top-list/cong-ty-san-xuat-thuc-pham-chay-hang-dau-viet-nam-50288.htm . Au Lac, SG Food, NutriGreen. Listing site (low).",Top 5 Công ty sản xuất thực phẩm chay hàng đầu Việt Nam,Toplist,undated,https://toplist.vn/top-list/cong-ty-san-xuat-thuc-pham-chay-hang-dau-viet-nam-50288.htm,,database,2026-09-23,Type as given: Listing site (low) | Same URL as FORM-21,wave1,wave1/ecosystem/ecosystem.md
ECO-26,ECO,ECOSYSTEM,"""Giới thiệu (About us)."" Au Lac Vegan Food, undated. https://aulac-vegan.com/en/about-us/ . Legal name, factory, certifications, export markets. Company.",Giới thiệu (About us),Au Lac Vegan Food,undated,https://aulac-vegan.com/en/about-us/,,company,2026-09-23,Type as given: Company,wave1,wave1/ecosystem/ecosystem.md
ECO-27,ECO,ECOSYSTEM,"Thoai An Trading Co., Ltd homepage, undated. https://thoaian.vn/en/ . Founded 2005, Tan Tao Industrial Park plant, products. Company.","Thoai An Trading Co., Ltd homepage, undated",,undated,https://thoaian.vn/en/,,company,2026-09-23,Type as given: Company,wave1,wave1/ecosystem/ecosystem.md
ECO-28,ECO,ECOSYSTEM,"""An Nhien Foods."" Pham Gia Phat Trading Import-Export Co., Ltd, undated. https://annhienfood.com.vn/pages/an-nhien-foods . Founded 2014, TVP products, channels. Company.",An Nhien Foods,Pham Gia Phat Trading Import-Export Co,undated,https://annhienfood.com.vn/pages/an-nhien-foods,,company,2026-09-23,Type as given: Company | Same URL as VCO-26,wave1,wave1/ecosystem/ecosystem.md
ECO-29,ECO,ECOSYSTEM,"Sai Gon Food JSC homepage, undated. https://sgfoods.com.vn/ . Vinh Loc Industrial Park plant, Japan exports. Company.","Sai Gon Food JSC homepage, undated",,undated,https://sgfoods.com.vn/,,company,2026-09-23,Type as given: Company,wave1,wave1/ecosystem/ecosystem.md
ECO-30,ECO,ECOSYSTEM,"""VISSAN ra mắt bộ đôi sản phẩm chay tiện lợi."" Sài Gòn Giải Phóng, 27 Aug 2026. https://www.sggp.org.vn/vissan-ra-mat-bo-doi-san-pham-chay-tien-loi-post869057.html . New chay launches; 20,350 t 2026 target. Press.",VISSAN ra mắt bộ đôi sản phẩm chay tiện lợi,Sài Gòn Giải Phóng,27 Aug 2026,https://www.sggp.org.vn/vissan-ra-mat-bo-doi-san-pham-chay-tien-loi-post869057.html,,press,2026-09-23,Type as given: Press,wave1,wave1/ecosystem/ecosystem.md
ECO-31,ECO,ECOSYSTEM,"""Thực phẩm chay."" Vissanmart, accessed 2026. https://vissanmart.com/thuc-pham-che-bien/thuc-pham-chay.html . Eight chay SKUs and prices. Company retail.",Thực phẩm chay,Vissanmart,,https://vissanmart.com/thuc-pham-che-bien/thuc-pham-chay.html,,company,2026-09-23,Type as given: Company retail,wave1,wave1/ecosystem/ecosystem.md
ECO-32,ECO,ECOSYSTEM,"VISSAN homepage, accessed 2026. https://www.vissan.com.vn/ . Company identity, founded 1970. Company.",VISSAN homepage,,,https://www.vissan.com.vn/,,company,2026-09-23,Type as given: Company | Same URL as VCO-14,wave1,wave1/ecosystem/ecosystem.md
ECO-33,ECO,ECOSYSTEM,"""Há cảo chay CJ Cầu Tre gói 500g."" Kingfoodmart, accessed 2026. https://kingfoodmart.com/cha-gio-cha-ram-1236/ha-cao-chay-cj-cau-tre-goi-500g . Ingredient list (wrapper 54%, no soy protein). Retailer product label.",Há cảo chay CJ Cầu Tre gói 500g,Kingfoodmart,,https://kingfoodmart.com/cha-gio-cha-ram-1236/ha-cao-chay-cj-cau-tre-goi-500g,,company,2026-09-23,Type as given: Retailer product label,wave1,wave1/ecosystem/ecosystem.md
ECO-34,ECO,ECOSYSTEM,"""Công ty TNHH CJ Foods Việt Nam - Chi nhánh Hiệp Phước."" Kết nối cung cầu, undated. https://www.ketnoicungcau.vn/doanh-nghiep/cong-ty-tnhh-cj-foods-viet-nam-chi-nhanh-hiep-phuoc-1322 . CJ in Vietnam since 1999; plants in former Ba Ria-Vung Tau and Long An. Trade portal.",Công ty TNHH CJ Foods Việt Nam - Chi nhánh Hiệp Phước,Kết nối cung cầu,undated,https://www.ketnoicungcau.vn/doanh-nghiep/cong-ty-tnhh-cj-foods-viet-nam-chi-nhanh-hiep-phuoc-1322,,database,2026-09-23,Type as given: Trade portal,wave1,wave1/ecosystem/ecosystem.md
ECO-35,ECO,ECOSYSTEM,"GN Foods JSC homepage, accessed 2026. https://www.gnfoods.com.vn/ . Founded 2009; Tay Ninh (former Long An) address; 2,000 staff; plant area. Company.",GN Foods JSC homepage,,,https://www.gnfoods.com.vn/,,company,2026-09-23,Type as given: Company,wave1,wave1/ecosystem/ecosystem.md
ECO-36,ECO,ECOSYSTEM,"""Sản phẩm."" Agrex Saigon Foodstuffs JSC, accessed 2026. http://www.agrexsaigon.com.vn/vi/products . Top V, AS Food brands; one chay export dumpling. Company.",Sản phẩm,Agrex Saigon Foodstuffs JSC,,http://www.agrexsaigon.com.vn/vi/products,,company,2026-09-23,Type as given: Company,wave1,wave1/ecosystem/ecosystem.md
ECO-37,ECO,ECOSYSTEM,"Cholimex Food JSC homepage, accessed 2026. https://www.cholimexfood.com.vn/ . Chay seasoning kits; Vinh Loc Industrial Park. Company.",Cholimex Food JSC homepage,,,https://www.cholimexfood.com.vn/,,company,2026-09-23,Type as given: Company,wave1,wave1/ecosystem/ecosystem.md
ECO-38,ECO,ECOSYSTEM,"""Thực phẩm ăn chay."" Trang Vàng Việt Nam directory, accessed 2026. https://trangvangvietnam.com/categories/487831/thuc-pham-an-chay.html . Small chay makers and traders. Directory (low).",Thực phẩm ăn chay,Trang Vàng Việt Nam directory,,https://trangvangvietnam.com/categories/487831/thuc-pham-an-chay.html,,database,2026-09-23,Type as given: Directory (low),wave1,wave1/ecosystem/ecosystem.md
ECO-39,ECO,ECOSYSTEM,"""Công ty chế biến bột mì xả thải ra môi trường."" Thanh Niên, 25 Dec 2020. https://thanhnien.vn/cong-ty-che-bien-bot-mi-xa-thai-ra-moi-truong-1851023694.htm . Xuan Hong is a cassava starch plant (100 t/day). Press.",Công ty chế biến bột mì xả thải ra môi trường,Thanh Niên,25 Dec 2020,https://thanhnien.vn/cong-ty-che-bien-bot-mi-xa-thai-ra-moi-truong-1851023694.htm,,press,2026-09-23,Type as given: Press,wave1,wave1/ecosystem/ecosystem.md
ECO-40,ECO,ECOSYSTEM,"""Nha Trang field data: Lotte Mart + Co.opmart."" AltProtein Vietnam project file (altproteinnhatrangfielddata.xlsx), store visits on 6 Sep 2026. Project primary observation: shelf, price and label data (some pairings flagged uncertain by the collector). Field data.",Nha Trang field data: Lotte Mart + Co.opmart,AltProtein Vietnam project file,6 Sep 2026,,,other,2026-09-23,Type as given: Field data,wave1,wave1/ecosystem/ecosystem.md
ECO-41,ECO,ECOSYSTEM,"""'Vua' sữa đậu nành thu về 28 tỉ đồng bình quân mỗi ngày."" Tuổi Trẻ, 27 Feb 2025. https://tuoitre.vn/vua-sua-dau-nanh-thu-ve-28-ti-dong-binh-quan-moi-ngay-20250227133808286.htm . Vinasoy 2024 revenue and share; 3 plants; soybean imports. Press (from QNS filings).",'Vua' sữa đậu nành thu về 28 tỉ đồng bình quân mỗi ngày,Tuổi Trẻ,27 Feb 2025,https://tuoitre.vn/vua-sua-dau-nanh-thu-ve-28-ti-dong-binh-quan-moi-ngay-20250227133808286.htm,,press,2026-09-23,Type as given: Press (from QNS filings) | Same URL as IND-48,wave1,wave1/ecosystem/ecosystem.md
ECO-42,ECO,ECOSYSTEM,"""Vinasoy đầu tư 1.300 tỷ đồng nâng công suất nhà máy sữa đậu nành."" VnExpress, 26 Aug 2015. https://vnexpress.net/kinh-doanh/vinasoy-dau-tu-1-300-ty-dong-nang-cong-suat-nha-may-sua-dau-nanh-3269415.html . Bac Ninh capacity 180 m L/yr; 82.7% share (2014). Press.",Vinasoy đầu tư 1.300 tỷ đồng nâng công suất nhà máy sữa đậu nành,VnExpress,26 Aug 2015,https://vnexpress.net/kinh-doanh/vinasoy-dau-tu-1-300-ty-dong-nang-cong-suat-nha-may-sua-dau-nanh-3269415.html,,press,2026-09-23,Type as given: Press,wave1,wave1/ecosystem/ecosystem.md
ECO-43,ECO,ECOSYSTEM,"""Sữa thực vật."" Vinamilk, accessed 2026. https://www.vinamilk.com.vn/en/collections/sua-thuc-vat . Plant-milk SKUs, hybrids. Company.",Sữa thực vật,Vinamilk,,https://www.vinamilk.com.vn/en/collections/sua-thuc-vat,,company,2026-09-23,Type as given: Company,wave1,wave1/ecosystem/ecosystem.md
ECO-44,ECO,ECOSYSTEM,"""Tiên phong xu hướng dinh dưỡng mới, Vinamilk gặt kết quả tăng trưởng hai chữ số trong quý I năm 2026."" Tuổi Trẻ / Phụ Nữ Online, 2026. https://tuoitre.vn/phunuonline/tien-phong-xu-huong-dinh-duong-moi-vinamilk-gat-ket-qua-tang-truong-hai-chu-so-trong-quy-i-nam-2026-1101581794.htm . Nut milk double-digit growth. Press (sponsored tone).","Tiên phong xu hướng dinh dưỡng mới, Vinamilk gặt kết quả tăng trưởng hai chữ số trong quý I năm 2026",Tuổi Trẻ / Phụ Nữ Online,2026,https://tuoitre.vn/phunuonline/tien-phong-xu-huong-dinh-duong-moi-vinamilk-gat-ket-qua-tang-truong-hai-chu-so-trong-quy-i-nam-2026-1101581794.htm,,press,2026-09-23,Type as given: Press (sponsored tone),wave1,wave1/ecosystem/ecosystem.md
ECO-45,ECO,ECOSYSTEM,"""Bộ sữa hạt TH true NUT chính thức được bán tại Việt Nam."" Báo Đầu Tư, Mar 2018. https://baodautu.vn/bo-sua-hat-th-true-nut-chinh-thuc-duoc-ban-tai-viet-nam-d78499.html . Launch 17 Mar 2018; ingredients incl. fresh milk. Press.",Bộ sữa hạt TH true NUT chính thức được bán tại Việt Nam,Báo Đầu Tư,Mar 2018,https://baodautu.vn/bo-sua-hat-th-true-nut-chinh-thuc-duoc-ban-tai-viet-nam-d78499.html,,press,2026-09-23,Type as given: Press,wave1,wave1/ecosystem/ecosystem.md
ECO-46,ECO,ECOSYSTEM,"""Simple Foods banking on new factory."" Bangkok Post, c.2019. https://www.bangkokpost.com/business/1805469/simple-foods-banking-on-new-factory . 137 Degrees is Thai; 500,000 L/day plant plan. Press.",Simple Foods banking on new factory,Bangkok Post,,https://www.bangkokpost.com/business/1805469/simple-foods-banking-on-new-factory,,press,2026-09-23,Type as given: Press,wave1,wave1/ecosystem/ecosystem.md
ECO-47,ECO,ECOSYSTEM,"""Oatside oat milk enters the Vietnamese market."" Vietnam.vn, 2022. https://www.vietnam.vn/en/sua-yen-mach-oatside-gia-nhap-thi-truong-viet-nam . Launch Nov to Dec 2022; made in Indonesia. Press.",Oatside oat milk enters the Vietnamese market,Vietnam,2022,https://www.vietnam.vn/en/sua-yen-mach-oatside-gia-nhap-thi-truong-viet-nam,,press,2026-09-23,Type as given: Press,wave1,wave1/ecosystem/ecosystem.md
ECO-48,ECO,ECOSYSTEM,"""Oatside draws flak as Vietnam 'CMO' job posting is revealed to be campaign trick."" Marketing-Interactive, Apr 2026. https://www.marketing-interactive.com/oatside-draws-flak-as-vietnam-cmo-job-posting-is-revealed-to-be-campaign-trick . Campaign 30 Mar to 4 Apr 2026. Trade press.",Oatside draws flak as Vietnam 'CMO' job posting is revealed to be campaign trick,Marketing-Interactive,Apr 2026,https://www.marketing-interactive.com/oatside-draws-flak-as-vietnam-cmo-job-posting-is-revealed-to-be-campaign-trick,,press,2026-09-23,Type as given: Trade press,wave1,wave1/ecosystem/ecosystem.md
ECO-49,ECO,ECOSYSTEM,"""The Kashew Story."" Kashew Cheese, accessed 2026. https://kashewcheese.com/pages/the-kashew-story . Founded 2020; founders; products. Company.",The Kashew Story,Kashew Cheese,,https://kashewcheese.com/pages/the-kashew-story,,company,2026-09-23,Type as given: Company,wave1,wave1/ecosystem/ecosystem.md
ECO-50,ECO,ECOSYSTEM,"""Meet The Vegan Entrepreneur Who Created Vietnam's Dairy-Free Cheese Market."" Green Queen, c.2021. https://www.greenqueen.com.hk/vietnam-kashew-cheese-vegan-dairy-free-cheese-le-na/ . Local cashew sourcing. Trade press.",Meet The Vegan Entrepreneur Who Created Vietnam's Dairy-Free Cheese Market,Green Queen,,https://www.greenqueen.com.hk/vietnam-kashew-cheese-vegan-dairy-free-cheese-le-na/,,press,2026-09-23,Type as given: Trade press,wave1,wave1/ecosystem/ecosystem.md
ECO-51,ECO,ECOSYSTEM,"Ong Tempeh homepage, accessed 2026. https://ongtempeh.com/ . Legal entity, HCMC production, Ha Noi branch, products, starter. Company.",Ong Tempeh homepage,,,https://ongtempeh.com/,,company,2026-09-23,Type as given: Company,wave1,wave1/ecosystem/ecosystem.md
ECO-52,ECO,ECOSYSTEM,"""Giới thiệu tảo xoắn Spirulina Vĩnh Hảo."" Spirulina Vinh Hao JSC, undated. https://spiviha.com/gioi-thieu-tao-xoan-spirulina-vinh-hao/ . History, >12,000 m2, 17 t/yr (2013). Company.",Giới thiệu tảo xoắn Spirulina Vĩnh Hảo,Spirulina Vinh Hao JSC,undated,https://spiviha.com/gioi-thieu-tao-xoan-spirulina-vinh-hao/,,company,2026-09-23,Type as given: Company,wave1,wave1/ecosystem/ecosystem.md
ECO-53,ECO,ECOSYSTEM,"""Sản xuất thành công tảo xoắn Spirulina trên quy mô lớn ở miền Trung."" Dân Việt / Trang Trại Việt, 22 Jul 2023. https://trangtraiviet.danviet.vn/san-xuat-thanh-cong-tao-xoan-spirulina-tren-quy-mo-lon-o-mien-trung-20230722164140259-d57142.html . VN Vastcom 2 ha, 5 t/yr; >70% imported claim. Press.",Sản xuất thành công tảo xoắn Spirulina trên quy mô lớn ở miền Trung,Dân Việt / Trang Trại Việt,22 Jul 2023,https://trangtraiviet.danviet.vn/san-xuat-thanh-cong-tao-xoan-spirulina-tren-quy-mo-lon-o-mien-trung-20230722164140259-d57142.html,,press,2026-09-23,Type as given: Press,wave1,wave1/ecosystem/ecosystem.md
ECO-54,ECO,ECOSYSTEM,"""Mô hình nuôi tảo Spirulina tiên phong tại Việt Nam đạt tiêu chuẩn quốc tế."" Sức khỏe và Đời sống (Gia đình), Sep 2022. https://giadinh.suckhoedoisong.vn/mo-hinh-nuoi-tao-spirulina-tien-phong-tai-viet-nam-dat-tieu-chuan-quoc-te-172220930144802909.htm . Dai Viet 50,000 m2, VND 150 bn. Press (advertorial tone).",Mô hình nuôi tảo Spirulina tiên phong tại Việt Nam đạt tiêu chuẩn quốc tế,Sức khỏe và Đời sống,Sep 2022,https://giadinh.suckhoedoisong.vn/mo-hinh-nuoi-tao-spirulina-tien-phong-tai-viet-nam-dat-tieu-chuan-quoc-te-172220930144802909.htm,,press,2026-09-23,Type as given: Press (advertorial tone),wave1,wave1/ecosystem/ecosystem.md
ECO-55,ECO,ECOSYSTEM,"""Thu hàng trăm triệu nhờ trồng tảo xoắn Spirulina."" Liên minh HTX Khánh Hòa, 24 Apr 2023. https://lmhtx.khanhhoa.gov.vn/article/hop-tac-xa/thu-hang-tram-trieu-nho-trong-tao-xoan-spirulina.html . Tao Viet cooperative, Ninh Binh. Government-affiliated news.",Thu hàng trăm triệu nhờ trồng tảo xoắn Spirulina,Liên minh HTX Khánh Hòa,24 Apr 2023,https://lmhtx.khanhhoa.gov.vn/article/hop-tac-xa/thu-hang-tram-trieu-nho-trong-tao-xoan-spirulina.html,,press,2026-09-23,Type as given: Government-affiliated news,wave1,wave1/ecosystem/ecosystem.md
ECO-56,ECO,ECOSYSTEM,"MTE Spirulina homepage, accessed 2026. https://mtespirulina.vn/ . ECOFARM producer, HCMC farm. Company.",MTE Spirulina homepage,,,https://mtespirulina.vn/,,company,2026-09-23,Type as given: Company,wave1,wave1/ecosystem/ecosystem.md
ECO-57,ECO,ECOSYSTEM,"""Bèo tấm - 'Siêu thực phẩm' tiềm năng của tương lai."" VietnamPlus, 2025. https://www.vietnamplus.vn/beo-tam-sieu-thuc-pham-tiem-nang-cua-tuong-lai-post1011362.vnp . Generic duckweed coverage; no Vietnamese producer. Press.",Bèo tấm - 'Siêu thực phẩm' tiềm năng của tương lai,VietnamPlus,2025,https://www.vietnamplus.vn/beo-tam-sieu-thuc-pham-tiem-nang-cua-tuong-lai-post1011362.vnp,,press,2026-09-23,Type as given: Press,wave1,wave1/ecosystem/ecosystem.md
ECO-58,ECO,ECOSYSTEM,"""Vietnam's biggest fish exporter launches venture unit, invests in cultured seafood startup Avant."" AgFunderNews, 26 Jan 2021. https://agfundernews.com/vinh-hoan-invests-in-cultured-seafood-startup-avant . Vinh Technology; Avant seed USD 3.1 m. Press.","Vietnam's biggest fish exporter launches venture unit, invests in cultured seafood startup Avant",AgFunderNews,26 Jan 2021,https://agfundernews.com/vinh-hoan-invests-in-cultured-seafood-startup-avant,,press,2026-09-23,Type as given: Press,wave1,wave1/ecosystem/ecosystem.md
ECO-59,ECO,ECOSYSTEM,"""Press release: Cultivated fish biotechnology company announces strategic investment..."" Vinh Hoan Corp, 25 Jan 2021. https://www.vinhhoan.com/investor_updates/press-release-cultivated-fish-biotechnology-company-announces-strategic-investment-from-leading-seafood-and-functional-protein-producer/ . Vinh Hoan acquisition of Vinh Technology. Company (listed).",Press release: Cultivated fish biotechnology company announces strategic investment,Vinh Hoan Corp,25 Jan 2021,https://www.vinhhoan.com/investor_updates/press-release-cultivated-fish-biotechnology-company-announces-strategic-investment-from-leading-seafood-and-functional-protein-producer/,,company,2026-09-23,Type as given: Company (listed),wave1,wave1/ecosystem/ecosystem.md
ECO-60,ECO,ECOSYSTEM,"""Việt Nam tham gia chuỗi cung ứng thực phẩm nhân tạo."" Nhịp Cầu Đầu Tư, 18 Aug 2021. https://m.nhipcaudautu.vn/kinh-doanh/viet-nam-tham-gia-chuoi-cung-ung-thuc-pham-nhan-tao-3341690/ . Vinh Hoan in Shiok Series B. Press.",Việt Nam tham gia chuỗi cung ứng thực phẩm nhân tạo,Nhịp Cầu Đầu Tư,18 Aug 2021,https://m.nhipcaudautu.vn/kinh-doanh/viet-nam-tham-gia-chuoi-cung-ung-thuc-pham-nhan-tao-3341690/,,press,2026-09-23,Type as given: Press | Same URL as CAP-17,wave1,wave1/ecosystem/ecosystem.md
ECO-61,ECO,ECOSYSTEM,"""'Shrimp king' Minh Phu, Shiok Meats to develop R&D facility in Vietnam."" The Investor, 28 Jul 2022. https://theinvestor.vn/shrimp-king-minh-phu-shiok-meats-to-develop-rd-facility-in-vietnam-d1264.html . MOU terms. Press.","'Shrimp king' Minh Phu, Shiok Meats to develop R&D facility in Vietnam",The Investor,28 Jul 2022,https://theinvestor.vn/shrimp-king-minh-phu-shiok-meats-to-develop-rd-facility-in-vietnam-d1264.html,,press,2026-09-23,Type as given: Press | Same URL as VCO-22,wave1,wave1/ecosystem/ecosystem.md
ECO-62,ECO,ECOSYSTEM,"""Shiok Meats and Minh Phu to build cell-based seafood facility in Vietnam."" SeafoodSource, 27 Jul 2022. https://www.seafoodsource.com/news/plant-based/shiok-meats-and-minh-phu-collaborate-on-sustainable-seafood-facility-in-vietnam . No timeline; feasibility of Vietnamese plant. Trade press.",Shiok Meats and Minh Phu to build cell-based seafood facility in Vietnam,SeafoodSource,27 Jul 2022,https://www.seafoodsource.com/news/plant-based/shiok-meats-and-minh-phu-collaborate-on-sustainable-seafood-facility-in-vietnam,,press,2026-09-23,Type as given: Trade press,wave1,wave1/ecosystem/ecosystem.md
ECO-63,ECO,ECOSYSTEM,"""Cultivated meat consolidation begins as UMAMI Bioworks to merge with Shiok Meats."" AgFunderNews, 12 Mar 2024. https://agfundernews.com/cultivated-meat-consolidation-begins-as-umami-bioworks-to-merge-with-shiok-meats . Stock deal; no Vietnam mention. Press.",Cultivated meat consolidation begins as UMAMI Bioworks to merge with Shiok Meats,AgFunderNews,12 Mar 2024,https://agfundernews.com/cultivated-meat-consolidation-begins-as-umami-bioworks-to-merge-with-shiok-meats,,press,2026-09-23,Type as given: Press,wave1,wave1/ecosystem/ecosystem.md
ECO-64,ECO,ECOSYSTEM,"""Kỳ vọng từ công nghệ thịt nuôi cấy."" Nhân Dân, 15 Mar 2023. https://nhandan.vn/ky-vong-tu-cong-nghe-thit-nuoi-cay-post743030.html . No Vietnamese actors named. Press (state).",Kỳ vọng từ công nghệ thịt nuôi cấy,Nhân Dân,15 Mar 2023,https://nhandan.vn/ky-vong-tu-cong-nghe-thit-nuoi-cay-post743030.html,,press,2026-09-23,Type as given: Press (state),wave1,wave1/ecosystem/ecosystem.md
ECO-65,ECO,ECOSYSTEM,"""Vietnamese VC fund invests in Korea's promising plant-based meat alternative startup."" Asia Food Beverages, 2 Jul 2024. https://asiafoodbeverages.com/vietnamese-vc-fund-invests-in-koreas-promising-plant-based-meat-alternative-startup/ . VinaCapital Ventures in INNOHAS. Trade press.",Vietnamese VC fund invests in Korea's promising plant-based meat alternative startup,Asia Food Beverages,2 Jul 2024,https://asiafoodbeverages.com/vietnamese-vc-fund-invests-in-koreas-promising-plant-based-meat-alternative-startup/,,press,2026-09-23,Type as given: Trade press | Same URL as CAP-18,wave1,wave1/ecosystem/ecosystem.md
ECO-66,ECO,ECOSYSTEM,"""Đạm đơn bào 'gia nhập' ngành sản xuất thức ăn thủy sản."" Tạp chí Thủy sản Việt Nam, 20 Dec 2023. https://thuysanvietnam.com.vn/dam-don-bao-gia-nhap-nganh-san-xuat-thuc-an-thuy-san/ . SCP as global trend; no Vietnamese supplier. Trade press.",Đạm đơn bào 'gia nhập' ngành sản xuất thức ăn thủy sản,Tạp chí Thủy sản Việt Nam,20 Dec 2023,https://thuysanvietnam.com.vn/dam-don-bao-gia-nhap-nganh-san-xuat-thuc-an-thuy-san/,,press,2026-09-23,Type as given: Trade press,wave1,wave1/ecosystem/ecosystem.md
ECO-67,ECO,ECOSYSTEM,"""Protein đơn bào từ khí lên men: Giải pháp dinh dưỡng thủy sản bền vững."" Tạp chí Thủy sản Việt Nam, 12 May 2025. https://thuysanvietnam.com.vn/protein-don-bao-tu-khi-len-men-giai-phap-dinh-duong-thuy-san-ben-vung/ . Unibio coverage; no Vietnamese trial. Trade press.",Protein đơn bào từ khí lên men: Giải pháp dinh dưỡng thủy sản bền vững,Tạp chí Thủy sản Việt Nam,12 May 2025,https://thuysanvietnam.com.vn/protein-don-bao-tu-khi-len-men-giai-phap-dinh-duong-thuy-san-ben-vung/,,press,2026-09-23,Type as given: Trade press,wave1,wave1/ecosystem/ecosystem.md
ECO-68,ECO,ECOSYSTEM,"""Nguồn đạm mới trong thức ăn thủy sản."" Tép Bạc, 16 Jan 2024. https://tepbac.com/tin-tuc/full/nguon-dam-moi-trong-thuc-an-thuy-san-36114.html . SCP overview; no Vietnamese supplier. Trade press.",Nguồn đạm mới trong thức ăn thủy sản,Tép Bạc,16 Jan 2024,https://tepbac.com/tin-tuc/full/nguon-dam-moi-trong-thuc-an-thuy-san-36114.html,,press,2026-09-23,Type as given: Trade press,wave1,wave1/ecosystem/ecosystem.md
ECO-69,ECO,ECOSYSTEM,"""Mycoprotein."" CK Vietnam Group, accessed 2026. https://ckvietnam.com.vn/mycoprotein-36.html . Chinese SCP from glutamic acid fermentation for Vietnamese feed; specification. Company.",Mycoprotein,CK Vietnam Group,,https://ckvietnam.com.vn/mycoprotein-36.html,,company,2026-09-23,Type as given: Company | Same URL as FM-12,wave1,wave1/ecosystem/ecosystem.md
ECO-70,ECO,ECOSYSTEM,"""Enhance shrimp immunity with yeast additive from Enzym Feed Solutions."" Vietnam Fisheries Magazine, undated. https://vietfishmagazine.com/aquaculture/enhance-shrimp-immunity-with-yeast-additive-from-enzym-feed-solutions.html . ShrimpVet trial. Trade press.",Enhance shrimp immunity with yeast additive from Enzym Feed Solutions,Vietnam Fisheries Magazine,undated,https://vietfishmagazine.com/aquaculture/enhance-shrimp-immunity-with-yeast-additive-from-enzym-feed-solutions.html,,press,2026-09-23,Type as given: Trade press,wave1,wave1/ecosystem/ecosystem.md
ECO-71,ECO,ECOSYSTEM,"""Provinces of Vietnam."" Wikipedia, accessed 2026. https://en.wikipedia.org/wiki/Provinces_of_Vietnam . 2025 merger mapping (Long An assignment contradicted by GN Foods' own address; see ECO-35). Encyclopaedia (low).",Provinces of Vietnam,Wikipedia,,https://en.wikipedia.org/wiki/Provinces_of_Vietnam,,other,2026-09-23,"Type as given: Encyclopaedia (low) | Same URL as FS-52, IND-66, GT-03",wave1,wave1/ecosystem/ecosystem.md
ECO-72,ECO,ECOSYSTEM,"""Xu hướng: Thịt nhân tạo phát triển trong năm 2022."" Forbes Việt Nam, 31 Dec 2021. https://forbes.vn/xu-huong-thit-nhan-tao-phat-trien-trong-nam-2022/ . No Vietnamese actors named. Press.",Xu hướng: Thịt nhân tạo phát triển trong năm 2022,Forbes Việt Nam,31 Dec 2021,https://forbes.vn/xu-huong-thit-nhan-tao-phat-trien-trong-nam-2022/,,press,2026-09-23,Type as given: Press,wave1,wave1/ecosystem/ecosystem.md
ECO-73,ECO,ECOSYSTEM,"""Entrepreneurship and alternative proteins."" GFI APAC, accessed 2026. https://gfi-apac.org/industry/entrepreneurship/ . No Vietnam mention. Advocacy.",Entrepreneurship and alternative proteins,GFI APAC,,https://gfi-apac.org/industry/entrepreneurship/,,advocacy,2026-09-23,Type as given: Advocacy,wave1,wave1/ecosystem/ecosystem.md
REG-01,REG,REGULATION,"Luật An toàn thực phẩm 2010 (Law on Food Safety 55/2010/QH12). National Assembly, 17 Jun 2010. https://thuvienphapluat.vn/van-ban/Thuong-mai/Luat-an-toan-thuc-pham-2010-108074.aspx . Art 2, 5, 15, 55(1)(c). Law, read.",Luật An toàn thực phẩm 2010 (Law on Food Safety 55/2010/QH12),National Assembly,17 Jun 2010,https://thuvienphapluat.vn/van-ban/Thuong-mai/Luat-an-toan-thuc-pham-2010-108074.aspx,,law,2026-09-23,"Type as given: Law, read",wave1,wave1/regulation/regulation.md
REG-02,REG,REGULATION,"Nghị định 15/2018/NĐ-CP hướng dẫn Luật An toàn thực phẩm (Decree 15/2018/ND-CP). Government, 2 Feb 2018. https://thuvienphapluat.vn/van-ban/The-thao-Y-te/Nghi-dinh-15-2018-ND-CP-huong-dan-Luat-an-toan-thuc-pham-341254.aspx and English https://thuvienphapluat.vn/van-ban/The-thao-Y-te/Decree-15-2018-ND-CP-elaboration-law-of-food-safety-375807.aspx . Self-declaration, registration, GM labelling, import exemptions. Law, read.",Nghị định 15/2018/NĐ-CP hướng dẫn Luật An toàn thực phẩm (Decree 15/2018/ND-CP),Government,2 Feb 2018,https://thuvienphapluat.vn/van-ban/The-thao-Y-te/Nghi-dinh-15-2018-ND-CP-huong-dan-Luat-an-toan-thuc-pham-341254.aspx,,law,2026-09-23,"Type as given: Law, read | Other URLs: https://thuvienphapluat.vn/van-ban/The-thao-Y-te/Decree-15-2018-ND-CP-elaboration-law-of-food-safety-375807.aspx",wave1,wave1/regulation/regulation.md
REG-03,REG,REGULATION,"Decree No. 46/2026/ND-CP detailing the Law on Food Safety. Government, 26 Jan 2026. https://english.luatvietnam.vn/decree-no-46-2026-nd-cp-dated-january-26-2026-of-the-government-detailing-the-implementation-of-a-number-of-articles-and-measures-for-organizing-gu-425104-doc1.html ; also https://thuvienphapluat.vn/van-ban/The-thao-Y-te/Nghi-dinh-46-2026-ND-CP-huong-dan-Luat-An-toan-thuc-pham-643724.aspx . Suspended decree content. Law, partly read.",Decree No. 46/2026/ND-CP detailing the Law on Food Safety,Government,26 Jan 2026,https://english.luatvietnam.vn/decree-no-46-2026-nd-cp-dated-january-26-2026-of-the-government-detailing-the-implementation-of-a-number-of-articles-and-measures-for-organizing-gu-425104-doc1.html,,law,2026-09-23,"Type as given: Law, partly read | Other URLs: https://thuvienphapluat.vn/van-ban/The-thao-Y-te/Nghi-dinh-46-2026-ND-CP-huong-dan-Luat-An-toan-thuc-pham-643724.aspx",wave1,wave1/regulation/regulation.md
REG-04,REG,REGULATION,"6 điểm mới tại Nghị định 46/2026/NĐ-CP về quản lý an toàn thực phẩm. LuatVietnam, 2026. https://luatvietnam.vn/linh-vuc-khac/diem-moi-tai-nghi-dinh-46-2026-nd-cp-ve-quan-ly-an-toan-thuc-pham-883-107023-article.html . Summary of Decree 46 changes. Legal publisher.",6 điểm mới tại Nghị định 46/2026/NĐ-CP về quản lý an toàn thực phẩm,LuatVietnam,2026,https://luatvietnam.vn/linh-vuc-khac/diem-moi-tai-nghi-dinh-46-2026-nd-cp-ve-quan-ly-an-toan-thuc-pham-883-107023-article.html,,other,2026-09-23,Type as given: Legal publisher,wave1,wave1/regulation/regulation.md
REG-05,REG,REGULATION,"Tạm ngưng hiệu lực và điều chỉnh thời hạn áp dụng Nghị định số 46/2026/NĐ-CP (Resolution 09/2026/NQ-CP). Báo Chính phủ, 5 Feb 2026. https://baochinhphu.vn/tam-ngung-hieu-luc-va-dieu-chinh-thoi-han-ap-dung-nghi-dinh-so-46-2026-nd-cp-102260205184324295.htm . First suspension. Gov press.",Tạm ngưng hiệu lực và điều chỉnh thời hạn áp dụng Nghị định số 46/2026/NĐ-CP (Resolution 09/2026/NQ-CP),Báo Chính phủ,5 Feb 2026,https://baochinhphu.vn/tam-ngung-hieu-luc-va-dieu-chinh-thoi-han-ap-dung-nghi-dinh-so-46-2026-nd-cp-102260205184324295.htm,,press,2026-09-23,Type as given: Gov press,wave1,wave1/regulation/regulation.md
REG-06,REG,REGULATION,"Tiếp tục áp dụng Nghị định 15/2018/NĐ-CP về an toàn thực phẩm cho đến khi có quy định mới (Resolution 15/2026/NQ-CP). Báo Chính phủ, 8 Apr 2026. https://baochinhphu.vn/tiep-tuc-ap-dung-nghi-dinh-15-2018-nd-cp-ve-an-toan-thuc-pham-cho-den-khi-co-quy-dinh-moi-102260408123934123.htm . Suspension until the new law; Decree 15/2018 applies. Gov press.",Tiếp tục áp dụng Nghị định 15/2018/NĐ-CP về an toàn thực phẩm cho đến khi có quy định mới (Resolution 15/2026/NQ-CP),Báo Chính phủ,8 Apr 2026,https://baochinhphu.vn/tiep-tuc-ap-dung-nghi-dinh-15-2018-nd-cp-ve-an-toan-thuc-pham-cho-den-khi-co-quy-dinh-moi-102260408123934123.htm,,press,2026-09-23,Type as given: Gov press,wave1,wave1/regulation/regulation.md
REG-07,REG,REGULATION,"Nghị quyết 66.13/2026/NQ-CP về công bố, đăng ký sản phẩm thực phẩm. Government, 27 Jan 2026. https://thuvienphapluat.vn/van-ban/Thuong-mai/Nghi-quyet-66-13-2026-NQ-CP-dang-ky-san-pham-thuc-pham-692582.aspx . Suspended registration reform. Law, partly read.","Nghị quyết 66.13/2026/NQ-CP về công bố, đăng ký sản phẩm thực phẩm",Government,27 Jan 2026,https://thuvienphapluat.vn/van-ban/Thuong-mai/Nghi-quyet-66-13-2026-NQ-CP-dang-ky-san-pham-thuc-pham-692582.aspx,,law,2026-09-23,"Type as given: Law, partly read",wave1,wave1/regulation/regulation.md
REG-08,REG,REGULATION,"""Vietnam's food safety overhaul moves forward after months of delay"". FoodNavigator-Asia, 7 Apr 2026. https://www.foodnavigator.com/Article/2026/04/07/vietnams-food-safety-overhaul-moves-forward-after-months-of-delay/ . Port congestion, draft timing, ministry split. Trade press.",Vietnam's food safety overhaul moves forward after months of delay,FoodNavigator-Asia,7 Apr 2026,https://www.foodnavigator.com/Article/2026/04/07/vietnams-food-safety-overhaul-moves-forward-after-months-of-delay/,,press,2026-09-23,Type as given: Trade press,wave1,wave1/regulation/regulation.md
REG-09,REG,REGULATION,"Bổ sung dự án Luật An toàn thực phẩm (sửa đổi) vào Chương trình lập pháp năm 2026 (Resolution 14/NQ-CP). Báo Chính phủ, 16 Jan 2026. https://baochinhphu.vn/bo-sung-du-an-luat-an-toan-thuc-pham-sua-doi-vao-chuong-trinh-lap-phap-nam-2026-102260116173546446.htm . Legislative programme. Gov press.",Bổ sung dự án Luật An toàn thực phẩm (sửa đổi) vào Chương trình lập pháp năm 2026 (Resolution 14/NQ-CP),Báo Chính phủ,16 Jan 2026,https://baochinhphu.vn/bo-sung-du-an-luat-an-toan-thuc-pham-sua-doi-vao-chuong-trinh-lap-phap-nam-2026-102260116173546446.htm,,press,2026-09-23,Type as given: Gov press,wave1,wave1/regulation/regulation.md
REG-10,REG,REGULATION,"Sửa đổi Luật An toàn thực phẩm 2026: Chuyển mạnh sang hậu kiểm và quản lý theo nguy cơ. Sức khỏe & Đời sống (MOH newspaper), 31 Jul 2026. https://suckhoedoisong.vn/sua-luat-an-toan-thuc-pham-chuyen-manh-sang-hau-kiem-quan-ly-theo-nguy-co-va-chuoi-cung-ung-169260731175821826.htm . Draft structure and policies. Gov-affiliated press.",Sửa đổi Luật An toàn thực phẩm 2026: Chuyển mạnh sang hậu kiểm và quản lý theo nguy cơ,Sức khỏe & Đời sống (MOH newspaper),31 Jul 2026,https://suckhoedoisong.vn/sua-luat-an-toan-thuc-pham-chuyen-manh-sang-hau-kiem-quan-ly-theo-nguy-co-va-chuoi-cung-ung-169260731175821826.htm,,press,2026-09-23,Type as given: Gov-affiliated press,wave1,wave1/regulation/regulation.md
REG-11,REG,REGULATION,"Hoàn thiện Luật An toàn thực phẩm (sửa đổi) năm 2026. Sức khỏe & Đời sống, 23 Jul 2026. https://suckhoedoisong.vn/hoan-thien-luat-an-toan-thuc-pham-sua-doi-day-manh-phan-cap-chuyen-doi-so-cat-giam-thu-tuc-hanh-chinh-169260723200850983.htm . 22 drafting sessions. Gov-affiliated press.",Hoàn thiện Luật An toàn thực phẩm (sửa đổi) năm 2026,Sức khỏe & Đời sống,23 Jul 2026,https://suckhoedoisong.vn/hoan-thien-luat-an-toan-thuc-pham-sua-doi-day-manh-phan-cap-chuyen-doi-so-cat-giam-thu-tuc-hanh-chinh-169260723200850983.htm,,press,2026-09-23,Type as given: Gov-affiliated press,wave1,wave1/regulation/regulation.md
REG-12,REG,REGULATION,"""Vietnam Notifies Draft Law Overhauling National Food Safety Framework"". GPC Gateway, Aug 2026. https://gpcgateway.com/news/detail/vietnam-notifies-draft-law-overhauling-national-food-safety-framework/MjYxMg== . G/SPS/N/VNM/187, target dates. Trade-regulatory secondary.",Vietnam Notifies Draft Law Overhauling National Food Safety Framework,GPC Gateway,Aug 2026,https://gpcgateway.com/news/detail/vietnam-notifies-draft-law-overhauling-national-food-safety-framework/MjYxMg==,,press,2026-09-23,Type as given: Trade-regulatory secondary | Same URL as REG2-04,wave1,wave1/regulation/regulation.md
REG-13,REG,REGULATION,"""Contributing to the draft amended Law on Food Safety"". EuroCham Vietnam, 4 Sep 2026. https://eurochamvn.org/contributing-to-the-draft-amended-law-on-food-safety/ . Industry position on declarations. Business association.",Contributing to the draft amended Law on Food Safety,EuroCham Vietnam,4 Sep 2026,https://eurochamvn.org/contributing-to-the-draft-amended-law-on-food-safety/,,other,2026-09-23,Type as given: Business association,wave1,wave1/regulation/regulation.md
REG-14,REG,REGULATION,"Sửa Luật An toàn thực phẩm để bảo đảm an toàn cho người dân. Báo Hải Phòng, 22 Sep 2026. https://baohaiphong.vn/sua-luat-an-toan-thuc-pham-de-bao-dam-an-toan-cho-nguoi-dan-553881.html . Second 2026 session; deputy's concerns. Provincial Party press.",Sửa Luật An toàn thực phẩm để bảo đảm an toàn cho người dân,Báo Hải Phòng,22 Sep 2026,https://baohaiphong.vn/sua-luat-an-toan-thuc-pham-de-bao-dam-an-toan-cho-nguoi-dan-553881.html,,press,2026-09-23,Type as given: Provincial Party press,wave1,wave1/regulation/regulation.md
REG-15,REG,REGULATION,"'Giải mã' vấn đề một đầu mối quản lý an toàn thực phẩm. MAE portal, 24 Sep 2025. https://mae.gov.vn/giai-ma-van-e-mot-au-moi-quan-ly-an-toan-thuc-pham-19743.htm . Single focal point debate. Gov.",'Giải mã' vấn đề một đầu mối quản lý an toàn thực phẩm,MAE portal,24 Sep 2025,https://mae.gov.vn/giai-ma-van-e-mot-au-moi-quan-ly-an-toan-thuc-pham-19743.htm,,gov/statistics,2026-09-23,Type as given: Gov,wave1,wave1/regulation/regulation.md
REG-16,REG,REGULATION,"Tờ trình Chính phủ xây dựng Nghị quyết (MOH submission on food declaration mechanisms). Ministry of Health, 24 Jul 2025. https://datafiles.chinhphu.vn/cpp/files/duthaovbpl/2025/Thang7/1.1.-to-trinh-chinh-phu-xay-dung-nghi-quyet-22.7.2025.docx.pdf . Risk-tier proposal; no novel-food content. Gov draft document.",Tờ trình Chính phủ xây dựng Nghị quyết (MOH submission on food declaration mechanisms),Ministry of Health,24 Jul 2025,https://datafiles.chinhphu.vn/cpp/files/duthaovbpl/2025/Thang7/1.1.-to-trinh-chinh-phu-xay-dung-nghi-quyet-22.7.2025.docx.pdf,,gov/statistics,2026-09-23,Type as given: Gov draft document,wave1,wave1/regulation/regulation.md
REG-17,REG,REGULATION,"Luật An toàn thực phẩm mới nhất 2026 và tổng hợp văn bản hướng dẫn. Thư Viện Pháp Luật, updated 15 Sep 2026. https://thuvienphapluat.vn/chinh-sach-phap-luat-moi/vn/ho-tro-phap-luat/tu-van-phap-luat/59475/luat-an-toan-thuc-pham-moi-nhat-2024-va-tong-hop-van-ban-huong-dan . Instrument inventory. Legal database.",Luật An toàn thực phẩm mới nhất 2026 và tổng hợp văn bản hướng dẫn,Thư Viện Pháp Luật,15 Sep 2026,https://thuvienphapluat.vn/chinh-sach-phap-luat-moi/vn/ho-tro-phap-luat/tu-van-phap-luat/59475/luat-an-toan-thuc-pham-moi-nhat-2024-va-tong-hop-van-ban-huong-dan,,database,2026-09-23,Type as given: Legal database,wave1,wave1/regulation/regulation.md
REG-18,REG,REGULATION,"Nghị định 43/2026/NĐ-CP sửa đổi các Nghị định trong lĩnh vực bảo tồn thiên nhiên và đa dạng sinh học. Government, 26 Jan 2026. https://thuvienphapluat.vn/van-ban/Tai-nguyen-Moi-truong/Nghi-dinh-43-2026-ND-CP-sua-doi-cac-Nghi-dinh-trong-linh-vuc-da-dang-sinh-hoc-692586.aspx . GMO definitions, Art 37a closed production. Law, read.",Nghị định 43/2026/NĐ-CP sửa đổi các Nghị định trong lĩnh vực bảo tồn thiên nhiên và đa dạng sinh học,Government,26 Jan 2026,https://thuvienphapluat.vn/van-ban/Tai-nguyen-Moi-truong/Nghi-dinh-43-2026-ND-CP-sua-doi-cac-Nghi-dinh-trong-linh-vuc-da-dang-sinh-hoc-692586.aspx,,law,2026-09-23,"Type as given: Law, read | Same URL as REG2-11",wave1,wave1/regulation/regulation.md
REG-19,REG,REGULATION,"Vietnam Updates Regulatory Framework for Agricultural Biotechnology (VM2026-0013). USDA FAS GAIN, 23 Apr 2026. https://apps.fas.usda.gov/newgainapi/api/Report/DownloadReportByFileName?fileName=Vietnam+Updates+Regulatory+Framework+for+Agricultural+Biotechnology_Hanoi_Vietnam_VM2026-0013.pdf . Timelines, refined-product exclusion. Gov (foreign).",Vietnam Updates Regulatory Framework for Agricultural Biotechnology (VM2026-0013),USDA FAS GAIN,23 Apr 2026,https://apps.fas.usda.gov/newgainapi/api/Report/DownloadReportByFileName?fileName=Vietnam+Updates+Regulatory+Framework+for+Agricultural+Biotechnology_Hanoi_Vietnam_VM2026-0013.pdf,,gov/statistics,2026-09-23,Type as given: Gov (foreign),wave1,wave1/regulation/regulation.md
REG-20,REG,REGULATION,"Vietnam Updates Regulatory Framework for Agricultural Biotechnology. ISAAA Crop Biotech Update, 29 Apr 2026. https://www.isaaa.org/kc/cropbiotechupdate/article/default.asp?ID=21798 . Secondary summary of REG-19. Advocacy or industry.",Vietnam Updates Regulatory Framework for Agricultural Biotechnology,ISAAA Crop Biotech Update,29 Apr 2026,https://www.isaaa.org/kc/cropbiotechupdate/article/default.asp?ID=21798,,advocacy,2026-09-23,Type as given: Advocacy or industry,wave1,wave1/regulation/regulation.md
REG-21,REG,REGULATION,"Điều kiện sinh vật biến đổi gen được sử dụng làm thực phẩm, thức ăn chăn nuôi. Báo Chính phủ, 27 Jan 2026. https://baochinhphu.vn/dieu-kien-sinh-vat-bien-doi-gen-duoc-su-dung-lam-thuc-pham-thuc-an-chan-nuoi-102260127163614594.htm . Merged procedure, MAE. Gov press.","Điều kiện sinh vật biến đổi gen được sử dụng làm thực phẩm, thức ăn chăn nuôi",Báo Chính phủ,27 Jan 2026,https://baochinhphu.vn/dieu-kien-sinh-vat-bien-doi-gen-duoc-su-dung-lam-thuc-pham-thuc-an-chan-nuoi-102260127163614594.htm,,press,2026-09-23,Type as given: Gov press,wave1,wave1/regulation/regulation.md
REG-22,REG,REGULATION,"Điều kiện để sinh vật biến đổi gene được sử dụng làm thực phẩm ở Việt Nam. Tuổi Trẻ, 28 Jan 2026. https://tuoitre.vn/dieu-kien-de-sinh-vat-bien-doi-gene-duoc-su-dung-lam-thuc-pham-o-viet-nam-20260128142309068.htm . Food approval implies feed; MOH consultation. Press.",Điều kiện để sinh vật biến đổi gene được sử dụng làm thực phẩm ở Việt Nam,Tuổi Trẻ,28 Jan 2026,https://tuoitre.vn/dieu-kien-de-sinh-vat-bien-doi-gene-duoc-su-dung-lam-thuc-pham-o-viet-nam-20260128142309068.htm,,press,2026-09-23,Type as given: Press,wave1,wave1/regulation/regulation.md
REG-23,REG,REGULATION,"Thủ tục cấp giấy xác nhận sinh vật biến đổi gen đủ điều kiện sử dụng làm thực phẩm, thức ăn chăn nuôi từ 26/01/2026. Thư Viện Pháp Luật, 2026. https://thuvienphapluat.vn/phap-luat/thu-tuc-cap-giay-xac-nhan-sinh-vat-bien-doi-gen-du-dieu-kien-su-dung-lam-thuc-pham-thuc-an-chan-nuo-911700-256388.html . Step timelines. Legal publisher.","Thủ tục cấp giấy xác nhận sinh vật biến đổi gen đủ điều kiện sử dụng làm thực phẩm, thức ăn chăn nuôi từ 26/01/2026",Thư Viện Pháp Luật,26/01/2026,https://thuvienphapluat.vn/phap-luat/thu-tuc-cap-giay-xac-nhan-sinh-vat-bien-doi-gen-du-dieu-kien-su-dung-lam-thuc-pham-thuc-an-chan-nuo-911700-256388.html,,other,2026-09-23,Type as given: Legal publisher,wave1,wave1/regulation/regulation.md
REG-24,REG,REGULATION,"Nghị định 43/2026/NĐ-CP: summary. LuatVietnam, 2026. https://luatvietnam.vn/tai-nguyen/nghi-dinh-43-2026-nd-cp-sua-doi-bo-sung-linh-vuc-bao-ton-thien-nhien-va-da-dang-sinh-hoc-425082-d1.html . Effective date, gene editing. Legal publisher.",Nghị định 43/2026/NĐ-CP: summary,LuatVietnam,2026,https://luatvietnam.vn/tai-nguyen/nghi-dinh-43-2026-nd-cp-sua-doi-bo-sung-linh-vuc-bao-ton-thien-nhien-va-da-dang-sinh-hoc-425082-d1.html,,other,2026-09-23,Type as given: Legal publisher,wave1,wave1/regulation/regulation.md
REG-25,REG,REGULATION,"Thông tư 24/2019/TT-BYT quy định về quản lý và sử dụng phụ gia thực phẩm. MOH, 30 Aug 2019. https://thuvienphapluat.vn/van-ban/The-thao-Y-te/Thong-tu-24-2019-TT-BYT-quy-dinh-ve-quan-ly-va-su-dung-phu-gia-thuc-pham-360857.aspx . Additive list and procedure. Law, read.",Thông tư 24/2019/TT-BYT quy định về quản lý và sử dụng phụ gia thực phẩm,MOH,30 Aug 2019,https://thuvienphapluat.vn/van-ban/The-thao-Y-te/Thong-tu-24-2019-TT-BYT-quy-dinh-ve-quan-ly-va-su-dung-phu-gia-thuc-pham-360857.aspx,,law,2026-09-23,"Type as given: Law, read",wave1,wave1/regulation/regulation.md
REG-26,REG,REGULATION,"Nghị định 111/2021/NĐ-CP sửa đổi Nghị định 43/2017/NĐ-CP về nhãn hàng hóa. Government, 9 Dec 2021. https://thuvienphapluat.vn/van-ban/Thuong-mai/Nghi-dinh-111-2021-ND-CP-sua-doi-Nghi-dinh-43-2017-ND-CP-497099.aspx . Food label content. Law, read.",Nghị định 111/2021/NĐ-CP sửa đổi Nghị định 43/2017/NĐ-CP về nhãn hàng hóa,Government,9 Dec 2021,https://thuvienphapluat.vn/van-ban/Thuong-mai/Nghi-dinh-111-2021-ND-CP-sua-doi-Nghi-dinh-43-2017-ND-CP-497099.aspx,,law,2026-09-23,"Type as given: Law, read | Same URL as REG2-24",wave1,wave1/regulation/regulation.md
REG-27,REG,REGULATION,"Nghị định 127/2026/NĐ-CP quản lý chất lượng và chính sách phát triển sản phẩm, dịch vụ Halal. Government, 6 Apr 2026. https://thuvienphapluat.vn/van-ban/Thuong-mai/Nghi-dinh-127-2026-ND-CP-quan-ly-chat-luong-va-chinh-sach-phat-trien-san-pham-dich-vu-Halal-700477.aspx . Halal framework. Law, read.","Nghị định 127/2026/NĐ-CP quản lý chất lượng và chính sách phát triển sản phẩm, dịch vụ Halal",Government,6 Apr 2026,https://thuvienphapluat.vn/van-ban/Thuong-mai/Nghi-dinh-127-2026-ND-CP-quan-ly-chat-luong-va-chinh-sach-phat-trien-san-pham-dich-vu-Halal-700477.aspx,,law,2026-09-23,"Type as given: Law, read",wave1,wave1/regulation/regulation.md
REG-28,REG,REGULATION,"Thư Viện Pháp Luật search listing ""Halal"" (Decision 10/QĐ-TTg; TCVN 13888:2023 via Decision 2018/QĐ-BKHCN of 11 Sep 2023). https://thuvienphapluat.vn/page/tim-van-ban.aspx?keyword=Halal&sort=1 . Instrument identification only. Legal database.",Halal,Thư Viện Pháp Luật search listing,,https://thuvienphapluat.vn/page/tim-van-ban.aspx?keyword=Halal&sort=1,,database,2026-09-23,Type as given: Legal database,wave1,wave1/regulation/regulation.md
REG-29,REG,REGULATION,"Luật Chăn nuôi 2018 (Law on Animal Husbandry 32/2018/QH14). National Assembly, 19 Nov 2018. https://thuvienphapluat.vn/van-ban/Linh-vuc-khac/Luat-Chan-nuoi-2018-353242.aspx . Art 32 to 37, 41. Law, read.",Luật Chăn nuôi 2018 (Law on Animal Husbandry 32/2018/QH14),National Assembly,19 Nov 2018,https://thuvienphapluat.vn/van-ban/Linh-vuc-khac/Luat-Chan-nuoi-2018-353242.aspx,,law,2026-09-23,"Type as given: Law, read",wave1,wave1/regulation/regulation.md
REG-30,REG,REGULATION,"Nghị định 13/2020/NĐ-CP hướng dẫn Luật Chăn nuôi. Government, 21 Jan 2020. https://thuvienphapluat.vn/van-ban/Linh-vuc-khac/Nghi-dinh-13-2020-ND-CP-huong-dan-Luat-Chan-nuoi-433295.aspx . Article list; Art 11 text. Law, read.",Nghị định 13/2020/NĐ-CP hướng dẫn Luật Chăn nuôi,Government,21 Jan 2020,https://thuvienphapluat.vn/van-ban/Linh-vuc-khac/Nghi-dinh-13-2020-ND-CP-huong-dan-Luat-Chan-nuoi-433295.aspx,,law,2026-09-23,"Type as given: Law, read",wave1,wave1/regulation/regulation.md
REG-31,REG,REGULATION,"Nghị định 46/2022/NĐ-CP sửa đổi Nghị định 13/2020/NĐ-CP. Government, 13 Jul 2022. https://thuvienphapluat.vn/van-ban/Linh-vuc-khac/Nghi-dinh-46-2022-ND-CP-sua-doi-Nghi-dinh-13-2020-ND-CP-465918.aspx . Identified, not read. Law.",Nghị định 46/2022/NĐ-CP sửa đổi Nghị định 13/2020/NĐ-CP,Government,13 Jul 2022,https://thuvienphapluat.vn/van-ban/Linh-vuc-khac/Nghi-dinh-46-2022-ND-CP-sua-doi-Nghi-dinh-13-2020-ND-CP-465918.aspx,,law,2026-09-23,Type as given: Law | Access problem noted in citation,wave1,wave1/regulation/regulation.md
REG-32,REG,REGULATION,"Thông tư 21/2019/TT-BNNPTNT hướng dẫn Luật Chăn nuôi về thức ăn chăn nuôi. MARD, 28 Nov 2019. https://thuvienphapluat.vn/van-ban/Linh-vuc-khac/Thong-tu-21-2019-TT-BNNPTNT-huong-dan-Luat-Chan-nuoi-ve-thuc-an-chan-nuoi-429679.aspx . Art 6 and Appendix VI permitted list. Law, read.",Thông tư 21/2019/TT-BNNPTNT hướng dẫn Luật Chăn nuôi về thức ăn chăn nuôi,MARD,28 Nov 2019,https://thuvienphapluat.vn/van-ban/Linh-vuc-khac/Thong-tu-21-2019-TT-BNNPTNT-huong-dan-Luat-Chan-nuoi-ve-thuc-an-chan-nuoi-429679.aspx,,law,2026-09-23,"Type as given: Law, read | Same URL as REG2-09",wave1,wave1/regulation/regulation.md
REG-33,REG,REGULATION,"Thông tư 31/2022/TT-BNNPTNT sửa đổi Thông tư 21/2019. MARD, 30 Dec 2022. https://thuvienphapluat.vn/van-ban/Linh-vuc-khac/Thong-tu-31-2022-TT-BNNPTNT-sua-doi-Thong-tu-21-2019-TT-BNNPTNT-huong-dan-Luat-Chan-nuoi-549081.aspx . Yeast additions. Law, read.",Thông tư 31/2022/TT-BNNPTNT sửa đổi Thông tư 21/2019,MARD,30 Dec 2022,https://thuvienphapluat.vn/van-ban/Linh-vuc-khac/Thong-tu-31-2022-TT-BNNPTNT-sua-doi-Thong-tu-21-2019-TT-BNNPTNT-huong-dan-Luat-Chan-nuoi-549081.aspx,,law,2026-09-23,"Type as given: Law, read",wave1,wave1/regulation/regulation.md
REG-34,REG,REGULATION,"Thông tư 94/2025/TT-BNNMT hướng dẫn Luật Chăn nuôi. MAE, 31 Dec 2025. https://thuvienphapluat.vn/van-ban/Linh-vuc-khac/Thong-tu-94-2025-TT-BNNMT-huong-dan-Luat-Chan-nuoi-688796.aspx . Feed trial procedure, Ch. III. Law, read.",Thông tư 94/2025/TT-BNNMT hướng dẫn Luật Chăn nuôi,MAE,31 Dec 2025,https://thuvienphapluat.vn/van-ban/Linh-vuc-khac/Thong-tu-94-2025-TT-BNNMT-huong-dan-Luat-Chan-nuoi-688796.aspx,,law,2026-09-23,"Type as given: Law, read | Same URL as REG2-08",wave1,wave1/regulation/regulation.md
REG-35,REG,REGULATION,"Nghị định 32/2026/NĐ-CP sửa đổi các Nghị định trong lĩnh vực chăn nuôi, thú y. Government, 21 Jan 2026. https://thuvienphapluat.vn/van-ban/Linh-vuc-khac/Nghi-dinh-32-2026-ND-CP-sua-doi-cac-Nghi-dinh-linh-vuc-chan-nuoi-thu-y-690743.aspx . Provincial feed procedures. Law, read.","Nghị định 32/2026/NĐ-CP sửa đổi các Nghị định trong lĩnh vực chăn nuôi, thú y",Government,21 Jan 2026,https://thuvienphapluat.vn/van-ban/Linh-vuc-khac/Nghi-dinh-32-2026-ND-CP-sua-doi-cac-Nghi-dinh-linh-vuc-chan-nuoi-thu-y-690743.aspx,,law,2026-09-23,"Type as given: Law, read",wave1,wave1/regulation/regulation.md
REG-36,REG,REGULATION,"Văn bản hợp nhất 12/VBHN-BNNPTNT 2023 (QCVN 01-190:2020/BNNPTNT). MARD, 25 Dec 2023. https://thuvienphapluat.vn/van-ban/Linh-vuc-khac/Van-ban-hop-nhat-12-VBHN-BNNPTNT-2023-Thong-tu-Quy-chuan-ky-thuat-thuc-an-chan-nuoi-597118.aspx . Feed safety limits. Law, read.",Văn bản hợp nhất 12/VBHN-BNNPTNT 2023 (QCVN 01-190:2020/BNNPTNT),MARD,25 Dec 2023,https://thuvienphapluat.vn/van-ban/Linh-vuc-khac/Van-ban-hop-nhat-12-VBHN-BNNPTNT-2023-Thong-tu-Quy-chuan-ky-thuat-thuc-an-chan-nuoi-597118.aspx,,law,2026-09-23,"Type as given: Law, read",wave1,wave1/regulation/regulation.md
REG-37,REG,REGULATION,"Luật Thủy sản 2017 (Law on Fisheries 18/2017/QH14). National Assembly, 21 Nov 2017. https://thuvienphapluat.vn/van-ban/Tai-nguyen-Moi-truong/Luat-Thuy-san-338490.aspx . Art 31 to 36 aquafeed. Law, read.",Luật Thủy sản 2017 (Law on Fisheries 18/2017/QH14),National Assembly,21 Nov 2017,https://thuvienphapluat.vn/van-ban/Tai-nguyen-Moi-truong/Luat-Thuy-san-338490.aspx,,law,2026-09-23,"Type as given: Law, read | Same URL as REG2-02",wave1,wave1/regulation/regulation.md
REG-38,REG,REGULATION,"Nghị định 26/2019/NĐ-CP hướng dẫn Luật Thủy sản. Government, 8 Mar 2019. https://thuvienphapluat.vn/van-ban/Linh-vuc-khac/Nghi-dinh-26-2019-ND-CP-huong-dan-Luat-Thuy-san-356284.aspx . Aquafeed trials Art 31 to 32. Law, read.",Nghị định 26/2019/NĐ-CP hướng dẫn Luật Thủy sản,Government,8 Mar 2019,https://thuvienphapluat.vn/van-ban/Linh-vuc-khac/Nghi-dinh-26-2019-ND-CP-huong-dan-Luat-Thuy-san-356284.aspx,,law,2026-09-23,"Type as given: Law, read",wave1,wave1/regulation/regulation.md
REG-39,REG,REGULATION,"Nghị định 309/2025/NĐ-CP sửa đổi Nghị định 26/2019. Government, 29 Nov 2025. https://thuvienphapluat.vn/van-ban/Linh-vuc-khac/Nghi-dinh-309-2025-ND-CP-sua-doi-Nghi-dinh-26-2019-ND-CP-682620.aspx . No aquafeed change. Law, read. (Decree 37/2024: https://thuvienphapluat.vn/van-ban/Linh-vuc-khac/Nghi-dinh-37-2024-ND-CP-sua-doi-Nghi-dinh-26-2019-ND-CP-huong-dan-Luat-Thuy-san-605301.aspx , identified, not read.)",Nghị định 309/2025/NĐ-CP sửa đổi Nghị định 26/2019,Government,29 Nov 2025,https://thuvienphapluat.vn/van-ban/Linh-vuc-khac/Nghi-dinh-309-2025-ND-CP-sua-doi-Nghi-dinh-26-2019-ND-CP-682620.aspx,,law,2026-09-23,"Type as given: , identified, not read.) | Other URLs: https://thuvienphapluat.vn/van-ban/Linh-vuc-khac/Nghi-dinh-37-2024-ND-CP-sua-doi-Nghi-dinh-26-2019-ND-CP-huong-dan-Luat-Thuy-san-605301.aspx | Access problem noted in citation",wave1,wave1/regulation/regulation.md
REG-40,REG,REGULATION,"Thông tư 16/2026/TT-BNNMT quản lý giống thủy sản, thức ăn thủy sản, sản phẩm xử lý môi trường. MAE, 9 Mar 2026. https://thuvienphapluat.vn/van-ban/Linh-vuc-khac/Thong-tu-16-2026-TT-BNNMT-quan-ly-giong-thuy-san-san-pham-xu-ly-moi-truong-nuoi-trong-thuy-san-697177.aspx . Aquafeed permitted list (Appendix II). Law, partly read.","Thông tư 16/2026/TT-BNNMT quản lý giống thủy sản, thức ăn thủy sản, sản phẩm xử lý môi trường",MAE,9 Mar 2026,https://thuvienphapluat.vn/van-ban/Linh-vuc-khac/Thong-tu-16-2026-TT-BNNMT-quan-ly-giong-thuy-san-san-pham-xu-ly-moi-truong-nuoi-trong-thuy-san-697177.aspx,,law,2026-09-23,"Type as given: Law, partly read | Same URL as REG2-01",wave1,wave1/regulation/regulation.md
REG-41,REG,REGULATION,"Nghị định 136/2025/NĐ-CP phân quyền, phân cấp trong lĩnh vực nông nghiệp và môi trường. Government, 12 Jun 2025. https://thuvienphapluat.vn/van-ban/Bo-may-hanh-chinh/Nghi-dinh-136-2025-ND-CP-phan-quyen-phan-cap-trong-linh-vuc-nong-nghiep-va-moi-truong-660612.aspx . Feed and aquafeed decentralisation. Law, read.","Nghị định 136/2025/NĐ-CP phân quyền, phân cấp trong lĩnh vực nông nghiệp và môi trường",Government,12 Jun 2025,https://thuvienphapluat.vn/van-ban/Bo-may-hanh-chinh/Nghi-dinh-136-2025-ND-CP-phan-quyen-phan-cap-trong-linh-vuc-nong-nghiep-va-moi-truong-660612.aspx,,law,2026-09-23,"Type as given: Law, read",wave1,wave1/regulation/regulation.md
REG-42,REG,REGULATION,"Nghị định 35/2025/NĐ-CP chức năng, nhiệm vụ, cơ cấu tổ chức Bộ Nông nghiệp và Môi trường. Government, 25 Feb 2025. https://thuvienphapluat.vn/van-ban/Bo-may-hanh-chinh/Nghi-dinh-35-2025-ND-CP-nhiem-vu-quyen-han-co-cau-to-chuc-Bo-Nong-nghiep-va-Moi-truong-645010.aspx . MAE structure. Law, read.","Nghị định 35/2025/NĐ-CP chức năng, nhiệm vụ, cơ cấu tổ chức Bộ Nông nghiệp và Môi trường",Government,25 Feb 2025,https://thuvienphapluat.vn/van-ban/Bo-may-hanh-chinh/Nghi-dinh-35-2025-ND-CP-nhiem-vu-quyen-han-co-cau-to-chuc-Bo-Nong-nghiep-va-Moi-truong-645010.aspx,,law,2026-09-23,"Type as given: Law, read",wave1,wave1/regulation/regulation.md
REG-43,REG,REGULATION,"Luật sửa đổi 15 Luật trong lĩnh vực Nông nghiệp và Môi trường (Law 146/2025/QH15). National Assembly, 11 Dec 2025. https://thuvienphapluat.vn/van-ban/Tai-nguyen-Moi-truong/Luat-sua-doi-15-Luat-trong-linh-vuc-Nong-nghiep-Moi-truong-2025-146-2025-QH15-675259.aspx . Amendments to husbandry, fisheries and biodiversity laws. Law, partly read.",Luật sửa đổi 15 Luật trong lĩnh vực Nông nghiệp và Môi trường (Law 146/2025/QH15),National Assembly,11 Dec 2025,https://thuvienphapluat.vn/van-ban/Tai-nguyen-Moi-truong/Luat-sua-doi-15-Luat-trong-linh-vuc-Nong-nghiep-Moi-truong-2025-146-2025-QH15-675259.aspx,,law,2026-09-23,"Type as given: Law, partly read | Same URL as REG2-03",wave1,wave1/regulation/regulation.md
REG-44,REG,REGULATION,"Entobel company website. Entobel, 2026. https://www.entobel.com/ . Vietnam plant location, products, certifications. Company.",Entobel company website,Entobel,2026,https://www.entobel.com/,,company,2026-09-23,Type as given: Company,wave1,wave1/regulation/regulation.md
REG-45,REG,REGULATION,"Luật Thuế thu nhập doanh nghiệp 2025 (Law 67/2025/QH15). National Assembly, 14 Jun 2025. https://thuvienphapluat.vn/van-ban/Doanh-nghiep/Luat-Thue-thu-nhap-doanh-nghiep-2025-so-67-2025-QH15-580594.aspx . CIT incentives. Law, read.",Luật Thuế thu nhập doanh nghiệp 2025 (Law 67/2025/QH15),National Assembly,14 Jun 2025,https://thuvienphapluat.vn/van-ban/Doanh-nghiep/Luat-Thue-thu-nhap-doanh-nghiep-2025-so-67-2025-QH15-580594.aspx,,law,2026-09-23,"Type as given: Law, read",wave1,wave1/regulation/regulation.md
REG-46,REG,REGULATION,"Nghị định 182/2024/NĐ-CP thành lập, quản lý và sử dụng Quỹ Hỗ trợ đầu tư. Government, 31 Dec 2024. https://thuvienphapluat.vn/van-ban/Doanh-nghiep/Nghi-dinh-182-2024-ND-CP-quan-ly-su-dung-Quy-Ho-tro-dau-tu-638056.aspx . Thresholds, Art 18 to 26. Law, read.","Nghị định 182/2024/NĐ-CP thành lập, quản lý và sử dụng Quỹ Hỗ trợ đầu tư",Government,31 Dec 2024,https://thuvienphapluat.vn/van-ban/Doanh-nghiep/Nghi-dinh-182-2024-ND-CP-quan-ly-su-dung-Quy-Ho-tro-dau-tu-638056.aspx,,law,2026-09-23,"Type as given: Law, read",wave1,wave1/regulation/regulation.md
REG-47,REG,REGULATION,"Quyết định 23/2026/QĐ-TTg Danh mục công nghệ cao được ưu tiên đầu tư phát triển. Prime Minister, 15 May 2026. https://thuvienphapluat.vn/van-ban/Linh-vuc-khac/Quyet-dinh-23-2026-QD-TTg-Danh-muc-cong-nghe-cao-duoc-uu-tien-dau-tu-phat-trien-701169.aspx . High-tech lists. Law, read.",Quyết định 23/2026/QĐ-TTg Danh mục công nghệ cao được ưu tiên đầu tư phát triển,Prime Minister,15 May 2026,https://thuvienphapluat.vn/van-ban/Linh-vuc-khac/Quyet-dinh-23-2026-QD-TTg-Danh-muc-cong-nghe-cao-duoc-uu-tien-dau-tu-phat-trien-701169.aspx,,law,2026-09-23,"Type as given: Law, read",wave1,wave1/regulation/regulation.md
REG-48,REG,REGULATION,"Luật Khoa học, Công nghệ và Đổi mới sáng tạo 2025 (Law 93/2025/QH15). National Assembly, 27 Jun 2025. https://thuvienphapluat.vn/van-ban/Linh-vuc-khac/Luat-Khoa-hoc-Cong-nghe-va-Doi-moi-sang-tao-2025-so-93-2025-QH15-581164.aspx . Sandbox Art 21 to 23. Law, read.","Luật Khoa học, Công nghệ và Đổi mới sáng tạo 2025 (Law 93/2025/QH15)",National Assembly,27 Jun 2025,https://thuvienphapluat.vn/van-ban/Linh-vuc-khac/Luat-Khoa-hoc-Cong-nghe-va-Doi-moi-sang-tao-2025-so-93-2025-QH15-581164.aspx,,law,2026-09-23,"Type as given: Law, read | Same URL as RD-08, REG2-13",wave1,wave1/regulation/regulation.md
REG-49,REG,REGULATION,"Nghị quyết 193/2025/QH15 thí điểm cơ chế đặc biệt phát triển KHCN. National Assembly, 19 Feb 2025. https://thuvienphapluat.vn/van-ban/Cong-nghe-thong-tin/Nghi-quyet-193-2025-QH15-thi-diem-co-che-dac-biet-tao-dot-pha-phat-trien-khoa-hoc-cong-nghe-644644.aspx . Pilot mechanisms. Law, read.",Nghị quyết 193/2025/QH15 thí điểm cơ chế đặc biệt phát triển KHCN,National Assembly,19 Feb 2025,https://thuvienphapluat.vn/van-ban/Cong-nghe-thong-tin/Nghi-quyet-193-2025-QH15-thi-diem-co-che-dac-biet-tao-dot-pha-phat-trien-khoa-hoc-cong-nghe-644644.aspx,,law,2026-09-23,"Type as given: Law, read",wave1,wave1/regulation/regulation.md
REG-50,REG,REGULATION,"Nghị quyết 57-NQ/TW năm 2024. Party Central Committee, 22 Dec 2024. https://thuvienphapluat.vn/van-ban/Cong-nghe-thong-tin/Nghi-quyet-57-NQ-TW-2024-dot-pha-phat-trien-khoa-hoc-cong-nghe-doi-moi-sang-tao-637245.aspx . S&T targets. Party resolution, read.",Nghị quyết 57-NQ/TW năm 2024,Party Central Committee,22 Dec 2024,https://thuvienphapluat.vn/van-ban/Cong-nghe-thong-tin/Nghi-quyet-57-NQ-TW-2024-dot-pha-phat-trien-khoa-hoc-cong-nghe-doi-moi-sang-tao-637245.aspx,,law,2026-09-23,"Type as given: Party resolution, read",wave1,wave1/regulation/regulation.md
REG-51,REG,REGULATION,"Nghị quyết 36-NQ/TW 2023 về phát triển và ứng dụng công nghệ sinh học. Party Central Committee, 30 Jan 2023. https://thuvienphapluat.vn/van-ban/Cong-nghe-thong-tin/Nghi-quyet-36-NQ-TW-2023-phat-trien-cong-nghe-sinh-hoc-phuc-vu-phat-trien-dat-nuoc-553957.aspx . Biotech targets. Party resolution, read.",Nghị quyết 36-NQ/TW 2023 về phát triển và ứng dụng công nghệ sinh học,Party Central Committee,30 Jan 2023,https://thuvienphapluat.vn/van-ban/Cong-nghe-thong-tin/Nghi-quyet-36-NQ-TW-2023-phat-trien-cong-nghe-sinh-hoc-phuc-vu-phat-trien-dat-nuoc-553957.aspx,,law,2026-09-23,"Type as given: Party resolution, read",wave1,wave1/regulation/regulation.md
REG-52,REG,REGULATION,"Nghị quyết 189/NQ-CP 2023 Chương trình hành động thực hiện Nghị quyết 36-NQ/TW. Government, 16 Nov 2023. https://thuvienphapluat.vn/van-ban/Tai-nguyen-Moi-truong/Nghi-quyet-189-NQ-CP-2023-thuc-hien-Nghi-quyet-36-NQ-TW-ung-dung-cong-nghe-sinh-hoc-587024.aspx . Action tasks. Law, read.",Nghị quyết 189/NQ-CP 2023 Chương trình hành động thực hiện Nghị quyết 36-NQ/TW,Government,16 Nov 2023,https://thuvienphapluat.vn/van-ban/Tai-nguyen-Moi-truong/Nghi-quyet-189-NQ-CP-2023-thuc-hien-Nghi-quyet-36-NQ-TW-ung-dung-cong-nghe-sinh-hoc-587024.aspx,,law,2026-09-23,"Type as given: Law, read",wave1,wave1/regulation/regulation.md
REG-53,REG,REGULATION,"Quyết định 429/QĐ-TTg 2021 phát triển công nghiệp sinh học ngành nông nghiệp đến 2030. Prime Minister, 24 Mar 2021. https://thuvienphapluat.vn/van-ban/Linh-vuc-khac/Quyet-dinh-429-QD-TTg-2021-phat-trien-cong-nghiep-sinh-hoc-nganh-nong-nghiep-den-2030-468663.aspx ; MARD plan Decision 4489/QĐ-BNN-KHCN (18 Dec 2024): https://thuvienphapluat.vn/van-ban/Linh-vuc-khac/Quyet-dinh-4489-QD-BNN-KHCN-2024-phat-trien-cong-nghiep-sinh-hoc-nganh-nong-nghiep-den-2030-637074.aspx . Agri-biotech targets. Law, read (429); identified (4489).",Quyết định 429/QĐ-TTg 2021 phát triển công nghiệp sinh học ngành nông nghiệp đến 2030,Prime Minister,24 Mar 2021,https://thuvienphapluat.vn/van-ban/Linh-vuc-khac/Quyet-dinh-429-QD-TTg-2021-phat-trien-cong-nghiep-sinh-hoc-nganh-nong-nghiep-den-2030-468663.aspx,,law,2026-09-23,"Type as given: Law, read (429); identified (4489) | Other URLs: https://thuvienphapluat.vn/van-ban/Linh-vuc-khac/Quyet-dinh-4489-QD-BNN-KHCN-2024-phat-trien-cong-nghiep-sinh-hoc-nganh-nong-nghiep-den-2030-637074.aspx",wave1,wave1/regulation/regulation.md
REG-54,REG,REGULATION,"Quyết định 1520/QĐ-TTg 2020 chiến lược phát triển chăn nuôi 2021 to 2030. Prime Minister, 6 Oct 2020. https://thuvienphapluat.vn/van-ban/Linh-vuc-khac/Quyet-dinh-1520-QD-TTg-2020-phe-duyet-chien-luoc-phat-trien-chan-nuoi-giai-doan-2021-2030-454658.aspx . Feed targets. Law, read.",Quyết định 1520/QĐ-TTg 2020 chiến lược phát triển chăn nuôi 2021 to 2030,Prime Minister,6 Oct 2020,https://thuvienphapluat.vn/van-ban/Linh-vuc-khac/Quyet-dinh-1520-QD-TTg-2020-phe-duyet-chien-luoc-phat-trien-chan-nuoi-giai-doan-2021-2030-454658.aspx,,law,2026-09-23,"Type as given: Law, read",wave1,wave1/regulation/regulation.md
REG-55,REG,REGULATION,"Quyết định 300/QĐ-TTg 2023 chuyển đổi hệ thống lương thực thực phẩm. Prime Minister, 28 Mar 2023. https://thuvienphapluat.vn/van-ban/The-thao-Y-te/Quyet-dinh-300-QD-TTg-2023-chuyen-doi-he-thong-luong-thuc-thuc-pham-minh-bach-560858.aspx . Food systems plan. Law, read.",Quyết định 300/QĐ-TTg 2023 chuyển đổi hệ thống lương thực thực phẩm,Prime Minister,28 Mar 2023,https://thuvienphapluat.vn/van-ban/The-thao-Y-te/Quyet-dinh-300-QD-TTg-2023-chuyen-doi-he-thong-luong-thuc-thuc-pham-minh-bach-560858.aspx,,law,2026-09-23,"Type as given: Law, read",wave1,wave1/regulation/regulation.md
REG-56,REG,REGULATION,"Quyết định 21/2026/QĐ-TTg Danh mục công nghệ chiến lược. Prime Minister, 30 Apr 2026. https://thuvienphapluat.vn/van-ban/Linh-vuc-khac/Quyet-dinh-21-2026-Q%c3%90-TTg-Danh-muc-cong-nghe-chien-luoc-704380.aspx . Strategic technology list. Law, read.",Quyết định 21/2026/QĐ-TTg Danh mục công nghệ chiến lược,Prime Minister,30 Apr 2026,https://thuvienphapluat.vn/van-ban/Linh-vuc-khac/Quyet-dinh-21-2026-Q%c3%90-TTg-Danh-muc-cong-nghe-chien-luoc-704380.aspx,,law,2026-09-23,"Type as given: Law, read",wave1,wave1/regulation/regulation.md
REG-57,REG,REGULATION,"Luật Đầu tư 2025 (Law 143/2025/QH15). National Assembly, 11 Dec 2025. https://thuvienphapluat.vn/van-ban/Dau-tu/Luat-Dau-tu-2025-so-143-2025-QH15-681550.aspx . Incentive sectors, special procedure. Law, read.",Luật Đầu tư 2025 (Law 143/2025/QH15),National Assembly,11 Dec 2025,https://thuvienphapluat.vn/van-ban/Dau-tu/Luat-Dau-tu-2025-so-143-2025-QH15-681550.aspx,,law,2026-09-23,"Type as given: Law, read",wave1,wave1/regulation/regulation.md
REG-58,REG,REGULATION,"Nghị định 48/2026/NĐ-CP sửa đổi Nghị định 08/2022/NĐ-CP. Government, 29 Jan 2026. https://thuvienphapluat.vn/van-ban/Tai-nguyen-Moi-truong/Nghi-dinh-48-2026-ND-CP-sua-doi-Nghi-dinh-08-2022-ND-CP-huong-dan-Luat-Bao-ve-moi-truong-692989.aspx ; Decree 08/2022: https://thuvienphapluat.vn/van-ban/Tai-nguyen-Moi-truong/Nghi-dinh-08-2022-ND-CP-huong-dan-Luat-Bao-ve-moi-truong-479457.aspx ; Decree 05/2025: https://thuvienphapluat.vn/van-ban/Tai-nguyen-Moi-truong/Nghi-dinh-05-2025-ND-CP-sua-doi-Nghi-dinh-08-2022-ND-CP-huong-dan-Luat-Bao-ve-moi-truong-583551.aspx . EIA framework; appendices not readable. Law, partly read.",Nghị định 48/2026/NĐ-CP sửa đổi Nghị định 08/2022/NĐ-CP,Government,29 Jan 2026,https://thuvienphapluat.vn/van-ban/Tai-nguyen-Moi-truong/Nghi-dinh-48-2026-ND-CP-sua-doi-Nghi-dinh-08-2022-ND-CP-huong-dan-Luat-Bao-ve-moi-truong-692989.aspx,,law,2026-09-23,"Type as given: Law, partly read | Other URLs: https://thuvienphapluat.vn/van-ban/Tai-nguyen-Moi-truong/Nghi-dinh-08-2022-ND-CP-huong-dan-Luat-Bao-ve-moi-truong-479457.aspx ; https://thuvienphapluat.vn/van-ban/Tai-nguyen-Moi-truong/Nghi-dinh-05-2025-ND-CP-sua-doi-Nghi-dinh-08-2022-ND-CP-huong-dan-Luat-Bao-ve-moi-truong-583551.aspx",wave1,wave1/regulation/regulation.md
REG-59,REG,REGULATION,"Nghị định 119/2025/NĐ-CP sửa đổi Nghị định 06/2022/NĐ-CP. Government, 9 Jun 2025. https://thuvienphapluat.vn/van-ban/Tai-nguyen-Moi-truong/Nghi-dinh-119-2025-ND-CP-sua-doi-Nghi-dinh-06-2022-ND-CP-giam-nhe-phat-thai-khi-nha-kinh-625021.aspx . Carbon market pilot. Law, read.",Nghị định 119/2025/NĐ-CP sửa đổi Nghị định 06/2022/NĐ-CP,Government,9 Jun 2025,https://thuvienphapluat.vn/van-ban/Tai-nguyen-Moi-truong/Nghi-dinh-119-2025-ND-CP-sua-doi-Nghi-dinh-06-2022-ND-CP-giam-nhe-phat-thai-khi-nha-kinh-625021.aspx,,law,2026-09-23,"Type as given: Law, read",wave1,wave1/regulation/regulation.md
REG-60,REG,REGULATION,"Nghị định 59/2017/NĐ-CP quản lý tiếp cận nguồn gen và chia sẻ lợi ích. Government, 12 May 2017. https://thuvienphapluat.vn/van-ban/Tai-nguyen-Moi-truong/Nghi-dinh-59-2017-ND-CP-quan-ly-tiep-can-nguon-gen-chia-se-loi-ich-tu-viec-su-dung-nguon-gen-325332.aspx . ABS rules. Law, read.",Nghị định 59/2017/NĐ-CP quản lý tiếp cận nguồn gen và chia sẻ lợi ích,Government,12 May 2017,https://thuvienphapluat.vn/van-ban/Tai-nguyen-Moi-truong/Nghi-dinh-59-2017-ND-CP-quan-ly-tiep-can-nguon-gen-chia-se-loi-ich-tu-viec-su-dung-nguon-gen-325332.aspx,,law,2026-09-23,"Type as given: Law, read",wave1,wave1/regulation/regulation.md
REG-61,REG,REGULATION,"Luật Đa dạng sinh học mới nhất 2026 và tổng hợp văn bản hướng dẫn. Thư Viện Pháp Luật, 2026. https://thuvienphapluat.vn/chinh-sach-phap-luat-moi/vn/ho-tro-phap-luat/tu-van-phap-luat/106569/luat-da-dang-sinh-hoc-moi-nhat-2026-va-tong-hop-van-ban-huong-dan . Biodiversity instrument status. Legal database.",Luật Đa dạng sinh học mới nhất 2026 và tổng hợp văn bản hướng dẫn,Thư Viện Pháp Luật,2026,https://thuvienphapluat.vn/chinh-sach-phap-luat-moi/vn/ho-tro-phap-luat/tu-van-phap-luat/106569/luat-da-dang-sinh-hoc-moi-nhat-2026-va-tong-hop-van-ban-huong-dan,,database,2026-09-23,Type as given: Legal database,wave1,wave1/regulation/regulation.md
REG-62,REG,REGULATION,"Luật Sở hữu trí tuệ sửa đổi 2025 (Law 131/2025/QH15). National Assembly, 10 Dec 2025. https://thuvienphapluat.vn/van-ban/So-huu-tri-tue/Luat-So-huu-tri-tue-sua-doi-2025-so-131-2025-QH15-675267.aspx . IP amendments. Law, read.",Luật Sở hữu trí tuệ sửa đổi 2025 (Law 131/2025/QH15),National Assembly,10 Dec 2025,https://thuvienphapluat.vn/van-ban/So-huu-tri-tue/Luat-So-huu-tri-tue-sua-doi-2025-so-131-2025-QH15-675267.aspx,,law,2026-09-23,"Type as given: Law, read",wave1,wave1/regulation/regulation.md
REG-63,REG,REGULATION,"Novel Food. Singapore Food Agency, updated 27 Aug 2026. https://www.sfa.gov.sg/food-information/novel-food . Novel food definition, FSSA approval requirement from 28 Nov 2025. Gov (foreign).",Novel Food,Singapore Food Agency,27 Aug 2026,https://www.sfa.gov.sg/food-information/novel-food,,gov/statistics,2026-09-23,Type as given: Gov (foreign),wave1,wave1/regulation/regulation.md
RD-01,RD,RND,scite.ai literature database. 30 searches run by the RND agent on 2026-09-23 (query log in Appendix A). Bibliographic database of peer-reviewed and preprint records. Supports all bibliometric counts and paper-level findings.,scite.ai literature database,,2026-09-23,,,database,2026-09-23,Type as given: Bibliographic database of peer-reviewed and preprint records,wave1,wave1/rnd/m6-rnd-capacity.md
RD-02,RD,RND,"GFI, ""Research Grant Program"", https://gfi.org/researchgrants/. Funder page (advocacy/philanthropy). Supports USD 27M+, 141 grants since 2019, 26 countries, not accepting submissions.",Research Grant Program,GFI,,https://gfi.org/researchgrants/,,advocacy,2026-09-23,Type as given: Funder page (advocacy/philanthropy) | Same URL as CAP-50,wave1,wave1/rnd/m6-rnd-capacity.md
RD-03,RD,RND,"GFI, ""Grants"" database page, https://gfi.org/grants. Funder page. Supports the observation that no Southeast Asian grantee was listed on the fetched page.",Grants,GFI,,https://gfi.org/grants,,other,2026-09-23,Type as given: Funder page,wave1,wave1/rnd/m6-rnd-capacity.md
RD-04,RD,RND,"ACIAR, ""Vietnam"" country page, https://www.aciar.gov.au/country/vietnam. Government donor. Supports AUD 5.4M FY2025-26, 23 active projects and the project list.",Vietnam,ACIAR,,https://www.aciar.gov.au/country/vietnam,,gov/statistics,2026-09-23,Type as given: Government donor | Same URL as CAP-67,wave1,wave1/rnd/m6-rnd-capacity.md
RD-05,RD,RND,"Vingroup Innovation Foundation, https://vinif.org/en/ (also /en/about-us/). Private foundation. Supports programme list and 2018-2023 metrics.",Vingroup Innovation Foundation,,,https://vinif.org/en/,,other,2026-09-23,Type as given: Private foundation,wave1,wave1/rnd/m6-rnd-capacity.md
RD-06,RD,RND,"NAFOSTED English site, https://nafosted.gov.vn/en/. Government funder. Supports funding categories.",NAFOSTED English site,,,https://nafosted.gov.vn/en/,,gov/statistics,2026-09-23,Type as given: Government funder,wave1,wave1/rnd/m6-rnd-capacity.md
RD-07,RD,RND,"Food Industries Research Institute, https://firi.vn. Government institute. Supports structure, MOIT parentage, founding date, centres and culture collection.",Food Industries Research Institute,,,https://firi.vn,,gov/statistics,2026-09-23,"Type as given: Government institute | Same URL as IND-60, INF-01",wave1,wave1/rnd/m6-rnd-capacity.md
RD-08,RD,RND,"Law on Science, Technology and Innovation No. 93/2025/QH15, thuvienphapluat.vn, https://thuvienphapluat.vn/van-ban/Linh-vuc-khac/Luat-Khoa-hoc-Cong-nghe-va-Doi-moi-sang-tao-2025-so-93-2025-QH15-581164.aspx (plus the site search listing). Law. Supports issue date and articles on sandbox, risk exemption and funds (via machine summary).","Law on Science, Technology and Innovation No. 93/2025/QH15, thuvienphapluat.vn",,,https://thuvienphapluat.vn/van-ban/Linh-vuc-khac/Luat-Khoa-hoc-Cong-nghe-va-Doi-moi-sang-tao-2025-so-93-2025-QH15-581164.aspx,,law,2026-09-23,"Type as given: Law | Same URL as REG-48, REG2-13",wave1,wave1/rnd/m6-rnd-capacity.md
RD-09,RD,RND,"GFI APAC, ""Three APAC countries with the right ingredients to dominate biomanufacturing"" (October 2025), https://gfi-apac.org/three-apac-countries-with-the-right-ingredients-to-dominate-biomanufacturing/. Advocacy. Supports that the GFI APAC/Hawkwood ""Where to Build"" report cites Vietnam's incentives and bioeconomy strategy but also feedstock limits and regulatory immaturity.",Three APAC countries with the right ingredients to dominate biomanufacturing,GFI APAC,October 2025,https://gfi-apac.org/three-apac-countries-with-the-right-ingredients-to-dominate-biomanufacturing/,,advocacy,2026-09-23,Type as given: Advocacy | Same URL as RGN-02,wave1,wave1/rnd/m6-rnd-capacity.md
RD-10,RD,RND,"Can Tho University, College of Aquaculture and Fisheries, https://caf.ctu.edu.vn. University. Supports unit structure, JICA-funded work and Thai partners.","Can Tho University, College of Aquaculture and Fisheries",,,https://caf.ctu.edu.vn,,other,2026-09-23,Type as given: University,wave1,wave1/rnd/m6-rnd-capacity.md
RD-11,RD,RND,"JST SATREPS, project list by country, https://www.jst.go.jp/global/english/kadai/by-country/index.html. Government donor. Supports 203 projects in 60 countries as of April 2026.","JST SATREPS, project list by country",,,https://www.jst.go.jp/global/english/kadai/by-country/index.html,,gov/statistics,2026-09-23,Type as given: Government donor,wave1,wave1/rnd/m6-rnd-capacity.md
RD-12,RD,RND,"Scite acknowledgement analysis. Queries ""NAFOSTED ... AND (protein OR fermentation ...)"" (255 records) and ""VINIF ... AND (protein OR food ...)"" (2,704 records), 2026-09-23. Bibliographic. Supports funder prevalence.",NAFOSTED ... AND (protein OR fermentation ...),Scite acknowledgement analysis. Queries,2026-09-23,,,database,2026-09-23,Type as given: Bibliographic,wave1,wave1/rnd/m6-rnd-capacity.md
RD-13,RD,RND,"AltProtein Vietnam prior drafts (00-prior-leads.md; project doc fermentation-wave-1-pack.md). Internal leads, not evidence. Used only in the disagreements log.",AltProtein Vietnam prior drafts (00-prior-leads.md; project doc fermentation-wave-1-pack.md),"Internal leads, not evidence",,,,other,2026-09-23,"Type as given: Internal leads, not evidence",wave1,wave1/rnd/m6-rnd-capacity.md
RD-20,RD,RND,Nguyen D.B. et al. (2021). Arthrospira production in Vietnam: current status and prospects. Bioresource Technology Reports 15:100803. https://doi.org/10.1016/j.biteb.2021.100803. Peer-reviewed (VNUA).,Arthrospira production in Vietnam: current status and prospects,Nguyen D.B. et al,2021,https://doi.org/10.1016/j.biteb.2021.100803,10.1016/j.biteb.2021.100803,peer-reviewed,2026-09-23,Type as given: Peer-reviewed (VNUA),wave1,wave1/rnd/m6-rnd-capacity.md
RD-21,RD,RND,Dang D.H. et al. (2023). Transcriptome analysis of Spirulina platensis at different salinity and nutrient compositions for sustainable cultivation in Vietnam. Sustainability 15:11906. https://doi.org/10.3390/su151511906. Peer-reviewed.,Transcriptome analysis of Spirulina platensis at different salinity and nutrient compositions for sustainable cultivation in Vietnam,Dang D.H. et al,2023,https://doi.org/10.3390/su151511906,10.3390/su151511906,peer-reviewed,2026-09-23,Type as given: Peer-reviewed,wave1,wave1/rnd/m6-rnd-capacity.md
RD-22,RD,RND,"Nguyen T.-T. et al. (2024). Rice-based distillers' dried grains from bio-ethanol production, a potential source of protein for food application. Research Square preprint. https://doi.org/10.21203/rs.3.rs-3171967/v1. Preprint.","Rice-based distillers' dried grains from bio-ethanol production, a potential source of protein for food application",Nguyen T.-T. et al,2024,https://doi.org/10.21203/rs.3.rs-3171967/v1,10.21203/rs.3.rs-3171967/v1,peer-reviewed,2026-09-23,Type as given: Preprint,wave1,wave1/rnd/m6-rnd-capacity.md
RD-23,RD,RND,Vuong M.-D. et al. (2025). Functional characterization of protein from rice-based ethanol by-products for food industry use. Asia-Pacific Journal of Chemical Engineering. https://doi.org/10.1002/apj.70043. Peer-reviewed.,Functional characterization of protein from rice-based ethanol by-products for food industry use,Vuong M.-D. et al,2025,https://doi.org/10.1002/apj.70043,10.1002/apj.70043,peer-reviewed,2026-09-23,Type as given: Peer-reviewed,wave1,wave1/rnd/m6-rnd-capacity.md
RD-24,RD,RND,"Doan N.T.T., Lai Q.D. (2021). Ultrafiltration for recovery of rice protein: fouling analysis and technical assessment. Innovative Food Science & Emerging Technologies. https://doi.org/10.1016/j.ifset.2021.102692. Peer-reviewed.",Ultrafiltration for recovery of rice protein: fouling analysis and technical assessment,"Doan N.T.T., Lai Q.D",2021,https://doi.org/10.1016/j.ifset.2021.102692,10.1016/j.ifset.2021.102692,peer-reviewed,2026-09-23,Type as given: Peer-reviewed,wave1,wave1/rnd/m6-rnd-capacity.md
RD-25,RD,RND,Nguyen T.M.P. et al. (2016). Preparation of protein isolated from rice bran. Tap chi Sinh hoc. https://doi.org/10.15625/0866-7160/v37n4.7091. Peer-reviewed (domestic).,Preparation of protein isolated from rice bran,Nguyen T.M.P. et al,2016,https://doi.org/10.15625/0866-7160/v37n4.7091,10.15625/0866-7160/v37n4.7091,peer-reviewed,2026-09-23,Type as given: Peer-reviewed (domestic),wave1,wave1/rnd/m6-rnd-capacity.md
RD-26,RD,RND,Le T.K.Y. et al. (2024). Meat-reduced sausage substituted with germinated mung bean flour. International Journal of Food Science & Technology. https://doi.org/10.1111/ijfs.17089. Peer-reviewed.,Meat-reduced sausage substituted with germinated mung bean flour,Le T.K.Y. et al,2024,https://doi.org/10.1111/ijfs.17089,10.1111/ijfs.17089,peer-reviewed,2026-09-23,Type as given: Peer-reviewed,wave1,wave1/rnd/m6-rnd-capacity.md
RD-27,RD,RND,Nguyen N.H.K. et al. (2025). Influence of mangosteen peel extract on ... soy-based burgers. Food Technology and Biotechnology 63(1). https://doi.org/10.17113/ftb.63.01.25.8629. Peer-reviewed.,Influence of mangosteen peel extract on,Nguyen N.H.K. et al,2025,https://doi.org/10.17113/ftb.63.01.25.8629,10.17113/ftb.63.01.25.8629,peer-reviewed,2026-09-23,Type as given: Peer-reviewed,wave1,wave1/rnd/m6-rnd-capacity.md
RD-28,RD,RND,"Nguyen T.H.T., Dinh T.H. (2016). Isolation of a methane-oxidizing bacterium for the study on single cell protein production from methane. Vietnam Journal of Biotechnology 14(3). https://doi.org/10.15625/1811-4989/14/3/9876. Peer-reviewed (domestic).",Isolation of a methane-oxidizing bacterium for the study on single cell protein production from methane,"Nguyen T.H.T., Dinh T.H",2016,https://doi.org/10.15625/1811-4989/14/3/9876,10.15625/1811-4989/14/3/9876,peer-reviewed,2026-09-23,Type as given: Peer-reviewed (domestic),wave1,wave1/rnd/m6-rnd-capacity.md
RD-29,RD,RND,Doan C.C. (2025). Improving nutrition facts of cassava and soybean residue through solid-state fermentation by Pleurotus ostreatus mycelium. Preprints.org. https://doi.org/10.20944/preprints202503.1319.v1. Preprint.,Improving nutrition facts of cassava and soybean residue through solid-state fermentation by Pleurotus ostreatus mycelium,Doan C.C,2025,https://doi.org/10.20944/preprints202503.1319.v1,10.20944/preprints202503.1319.v1,peer-reviewed,2026-09-23,Type as given: Preprint,wave1,wave1/rnd/m6-rnd-capacity.md
RD-30,RD,RND,Ho K.N. et al. (2023). Bamboo cellulose based single cell protein and nanocellulose ... E3S Web of Conferences 420:09003. https://doi.org/10.1051/e3sconf/202342009003. Retracted (editorial notice 2023). Cited only as retracted.,Bamboo cellulose based single cell protein and nanocellulose,Ho K.N. et al,2023,https://doi.org/10.1051/e3sconf/202342009003,10.1051/e3sconf/202342009003,peer-reviewed,2026-09-23,Type as given: Cited only as retracted | Retraction noted in citation,wave1,wave1/rnd/m6-rnd-capacity.md
RD-31,RD,RND,Nguyen T.T.N. (2018). Influences of technological hydrolysis condition on nucleic acid content of spent brewer's yeast hydrolysate. Vietnam Journal of Science and Technology 55(5A). https://doi.org/10.15625/2525-2518/55/5a/12192. Peer-reviewed (domestic).,Influences of technological hydrolysis condition on nucleic acid content of spent brewer's yeast hydrolysate,Nguyen T.T.N,2018,https://doi.org/10.15625/2525-2518/55/5a/12192,10.15625/2525-2518/55/5a/12192,peer-reviewed,2026-09-23,Type as given: Peer-reviewed (domestic),wave1,wave1/rnd/m6-rnd-capacity.md
RD-32,RD,RND,Nguyen M.Q. et al. (2024). Investigation of consumer insights and development of alternative protein-rich products from alcoholic beverage byproducts. JST: Engineering and Technology for Sustainable Development (HUST). https://doi.org/10.51316/jst.178.etsd.2024.34.5.4. Peer-reviewed (domestic).,Investigation of consumer insights and development of alternative protein-rich products from alcoholic beverage byproducts,Nguyen M.Q. et al,2024,https://doi.org/10.51316/jst.178.etsd.2024.34.5.4,10.51316/jst.178.etsd.2024.34.5.4,peer-reviewed,2026-09-23,Type as given: Peer-reviewed (domestic),wave1,wave1/rnd/m6-rnd-capacity.md
RD-33,RD,RND,Thai H.-D. et al. (2021). Development of a new Agrobacterium-mediated transformation system based on a dual auxotrophic approach in Aspergillus oryzae. World J Microbiol Biotechnol. https://doi.org/10.1007/s11274-021-03060-z. Peer-reviewed.,Development of a new Agrobacterium-mediated transformation system based on a dual auxotrophic approach in Aspergillus oryzae,Thai H.-D. et al,2021,https://doi.org/10.1007/s11274-021-03060-z,10.1007/s11274-021-03060-z,peer-reviewed,2026-09-23,Type as given: Peer-reviewed,wave1,wave1/rnd/m6-rnd-capacity.md
RD-34,RD,RND,Trinh M.T. et al. (2024). Efficient generation of uridine/uracil auxotrophic mutants in homokaryotic Cordyceps militaris strains for constructing a food-grade expression platform. Mycoscience. https://doi.org/10.47371/mycosci.2024.10.003. Peer-reviewed.,Efficient generation of uridine/uracil auxotrophic mutants in homokaryotic Cordyceps militaris strains for constructing a food-grade expression platform,Trinh M.T. et al,2024,https://doi.org/10.47371/mycosci.2024.10.003,10.47371/mycosci.2024.10.003,peer-reviewed,2026-09-23,Type as given: Peer-reviewed,wave1,wave1/rnd/m6-rnd-capacity.md
RD-35,RD,RND,Chau Q.C. et al. (2025). Development of a Pichia pastoris strain for secretory production of recombinant alkaline phytase. Vietnam Journal of Biotechnology. https://doi.org/10.15625/vjbt-21940. Peer-reviewed (domestic).,Development of a Pichia pastoris strain for secretory production of recombinant alkaline phytase,Chau Q.C. et al,2025,https://doi.org/10.15625/vjbt-21940,10.15625/vjbt-21940,peer-reviewed,2026-09-23,Type as given: Peer-reviewed (domestic),wave1,wave1/rnd/m6-rnd-capacity.md
RD-36,RD,RND,Le H.K. et al. (2020). Secretory expression of the recombinant FGF-2 protein in Pichia pastoris carrying multiple copies of target gene. Science and Technology Development Journal. https://doi.org/10.32508/stdj.v23i2.1746. Peer-reviewed (domestic).,Secretory expression of the recombinant FGF-2 protein in Pichia pastoris carrying multiple copies of target gene,Le H.K. et al,2020,https://doi.org/10.32508/stdj.v23i2.1746,10.32508/stdj.v23i2.1746,peer-reviewed,2026-09-23,Type as given: Peer-reviewed (domestic),wave1,wave1/rnd/m6-rnd-capacity.md
RD-37,RD,RND,Tran L.H. et al. (2021). Glycerol-methanol and sorbitol-methanol mixed feed strategies for recombinant hPDGF-BB production in Pichia pastoris. STDJ Engineering and Technology. https://doi.org/10.32508/stdjet.v4i3.858. Peer-reviewed (domestic).,Glycerol-methanol and sorbitol-methanol mixed feed strategies for recombinant hPDGF-BB production in Pichia pastoris,Tran L.H. et al,2021,https://doi.org/10.32508/stdjet.v4i3.858,10.32508/stdjet.v4i3.858,peer-reviewed,2026-09-23,Type as given: Peer-reviewed (domestic),wave1,wave1/rnd/m6-rnd-capacity.md
RD-38,RD,RND,Pham T. et al. (2020). Heterologous expression of human KGF/FGF7 in Pichia pastoris. STDJ Natural Sciences. https://doi.org/10.32508/stdjns.v4i3.900. Peer-reviewed (domestic).,Heterologous expression of human KGF/FGF7 in Pichia pastoris,Pham T. et al,2020,https://doi.org/10.32508/stdjns.v4i3.900,10.32508/stdjns.v4i3.900,peer-reviewed,2026-09-23,Type as given: Peer-reviewed (domestic),wave1,wave1/rnd/m6-rnd-capacity.md
RD-39,RD,RND,Nguyen T.L. et al. (2022). Optimization of human umbilical cord blood-derived MSC isolation and culture methods in serum- and xeno-free conditions. Stem Cell Research & Therapy. https://doi.org/10.1186/s13287-021-02694-y. Peer-reviewed.,Optimization of human umbilical cord blood-derived MSC isolation and culture methods in serum- and xeno-free conditions,Nguyen T.L. et al,2022,https://doi.org/10.1186/s13287-021-02694-y,10.1186/s13287-021-02694-y,peer-reviewed,2026-09-23,Type as given: Peer-reviewed,wave1,wave1/rnd/m6-rnd-capacity.md
RD-40,RD,RND,Le M.H. et al. (2021). Differential development of umbilical cord-derived MSCs during long-term maintenance in FBS-supplemented and xeno- and serum-free media. Cellular Reprogramming. https://doi.org/10.1089/cell.2021.0050. Peer-reviewed.,Differential development of umbilical cord-derived MSCs during long-term maintenance in FBS-supplemented and xeno- and serum-free media,Le M.H. et al,2021,https://doi.org/10.1089/cell.2021.0050,10.1089/cell.2021.0050,peer-reviewed,2026-09-23,Type as given: Peer-reviewed,wave1,wave1/rnd/m6-rnd-capacity.md
RD-41,RD,RND,"Pham P.V., Vu N.B. (2016). In vitro expansion of mesenchymal stem cells for clinical use. Progress in Stem Cell. https://doi.org/10.15419/psc.v3i02.123. Peer-reviewed.",In vitro expansion of mesenchymal stem cells for clinical use,"Pham P.V., Vu N.B",2016,https://doi.org/10.15419/psc.v3i02.123,10.15419/psc.v3i02.123,peer-reviewed,2026-09-23,Type as given: Peer-reviewed,wave1,wave1/rnd/m6-rnd-capacity.md
RD-42,RD,RND,Bui L.Q.N. et al. (2019). Isolation of female germline stem cells from porcine ovarian tissue and differentiation into oocyte-like cells. Journal of Reproduction and Development. https://doi.org/10.1262/jrd.2019-050. Peer-reviewed.,Isolation of female germline stem cells from porcine ovarian tissue and differentiation into oocyte-like cells,Bui L.Q.N. et al,2019,https://doi.org/10.1262/jrd.2019-050,10.1262/jrd.2019-050,peer-reviewed,2026-09-23,Type as given: Peer-reviewed,wave1,wave1/rnd/m6-rnd-capacity.md
RD-43,RD,RND,"Nguyen X.M.H., Nguyen T.K.A. (2024). From lab to table: food safety regulations for cell-cultured meat in the EU and Singapore, implications for Vietnam. Vietnamese Journal of Legal Sciences. https://doi.org/10.2478/vjls-2024-0013. Peer-reviewed (law).","From lab to table: food safety regulations for cell-cultured meat in the EU and Singapore, implications for Vietnam","Nguyen X.M.H., Nguyen T.K.A",2024,https://doi.org/10.2478/vjls-2024-0013,10.2478/vjls-2024-0013,peer-reviewed,2026-09-23,Type as given: Peer-reviewed (law),wave1,wave1/rnd/m6-rnd-capacity.md
RD-44,RD,RND,"Tran N.B.T. et al. (2022). Morphological variation, chromosome number and DNA barcoding of giant duckweed (Spirodela polyrhiza) in Vietnam. CTU Journal of Science. https://doi.org/10.22144/ctu.jen.2022.029. Peer-reviewed (domestic).","Morphological variation, chromosome number and DNA barcoding of giant duckweed (Spirodela polyrhiza) in Vietnam",Tran N.B.T. et al,2022,https://doi.org/10.22144/ctu.jen.2022.029,10.22144/ctu.jen.2022.029,peer-reviewed,2026-09-23,Type as given: Peer-reviewed (domestic),wave1,wave1/rnd/m6-rnd-capacity.md
RD-45,RD,RND,Dinh T.T.U. et al. (2020). Nutrient removal by duckweed from anaerobically treated swine wastewater in lab-scale stabilization ponds in Vietnam. Science of the Total Environment. https://doi.org/10.1016/j.scitotenv.2020.137854. Peer-reviewed.,Nutrient removal by duckweed from anaerobically treated swine wastewater in lab-scale stabilization ponds in Vietnam,Dinh T.T.U. et al,2020,https://doi.org/10.1016/j.scitotenv.2020.137854,10.1016/j.scitotenv.2020.137854,peer-reviewed,2026-09-23,Type as given: Peer-reviewed,wave1,wave1/rnd/m6-rnd-capacity.md
RD-46,RD,RND,Nguyen N.V. et al. (2018). Utilization of fermented soybean meal for fishmeal substitution in diets of Pacific white shrimp. Aquaculture Nutrition. https://doi.org/10.1111/anu.12648. Peer-reviewed.,Utilization of fermented soybean meal for fishmeal substitution in diets of Pacific white shrimp,Nguyen N.V. et al,2018,https://doi.org/10.1111/anu.12648,10.1111/anu.12648,peer-reviewed,2026-09-23,Type as given: Peer-reviewed,wave1,wave1/rnd/m6-rnd-capacity.md
RD-47,RD,RND,"Tran M.P. et al. (2016). Effects of replacing fish meal with soya protein concentrate ... snakehead, Channa striata. Aquaculture Research. https://doi.org/10.1111/are.13147. Peer-reviewed.",Effects of replacing fish meal with soya protein concentrate,Tran M.P. et al,2016,https://doi.org/10.1111/are.13147,10.1111/are.13147,peer-reviewed,2026-09-23,Type as given: Peer-reviewed,wave1,wave1/rnd/m6-rnd-capacity.md
RD-48,RD,RND,Nguyen H.Y.N. et al. (2019). Spent brewer's yeast as a replacement for fishmeal in diets for giant freshwater prawn. Aquaculture Nutrition. https://doi.org/10.1111/anu.12915. Peer-reviewed.,Spent brewer's yeast as a replacement for fishmeal in diets for giant freshwater prawn,Nguyen H.Y.N. et al,2019,https://doi.org/10.1111/anu.12915,10.1111/anu.12915,peer-reviewed,2026-09-23,Type as given: Peer-reviewed,wave1,wave1/rnd/m6-rnd-capacity.md
RD-49,RD,RND,Nguyen H.Y.N. et al. (2024). Gradual replacement of soybean meal with brewer's yeast in Nile tilapia diet. Aquaculture Journal. https://doi.org/10.3390/aquacj4040019. Peer-reviewed.,Gradual replacement of soybean meal with brewer's yeast in Nile tilapia diet,Nguyen H.Y.N. et al,2024,https://doi.org/10.3390/aquacj4040019,10.3390/aquacj4040019,peer-reviewed,2026-09-23,Type as given: Peer-reviewed,wave1,wave1/rnd/m6-rnd-capacity.md
RD-50,RD,RND,Nguyen T.N.A. et al. (2018). Partial replacement of fishmeal protein with green seaweed (Cladophora) protein ... black tiger shrimp postlarvae. Journal of Applied Phycology. https://doi.org/10.1007/s10811-018-1457-7. Peer-reviewed.,Partial replacement of fishmeal protein with green seaweed (Cladophora) protein,Nguyen T.N.A. et al,2018,https://doi.org/10.1007/s10811-018-1457-7,10.1007/s10811-018-1457-7,peer-reviewed,2026-09-23,Type as given: Peer-reviewed,wave1,wave1/rnd/m6-rnd-capacity.md
RD-51,RD,RND,Nguyen T.N.A. et al. (2023). Evaluating Artemia biomass and gut weed (Ulva intestinalis) meal as dietary protein for P. monodon postlarvae. Egyptian Journal of Aquatic Research. https://doi.org/10.1016/j.ejar.2022.11.003. Peer-reviewed.,Evaluating Artemia biomass and gut weed (Ulva intestinalis) meal as dietary protein for P,Nguyen T.N.A. et al,2023,https://doi.org/10.1016/j.ejar.2022.11.003,10.1016/j.ejar.2022.11.003,peer-reviewed,2026-09-23,Type as given: Peer-reviewed,wave1,wave1/rnd/m6-rnd-capacity.md
RD-52,RD,RND,Nguyen H.T. et al. (2022). Protein recovery of Tra catfish protein-rich side streams by the pH-shift method. Foods 11:1531. https://doi.org/10.3390/foods11111531. Peer-reviewed.,Protein recovery of Tra catfish protein-rich side streams by the pH-shift method,Nguyen H.T. et al,2022,https://doi.org/10.3390/foods11111531,10.3390/foods11111531,peer-reviewed,2026-09-23,Type as given: Peer-reviewed,wave1,wave1/rnd/m6-rnd-capacity.md
RD-53,RD,RND,Siddik M.A.B. et al. (2021). Dietary supplementation of fish protein hydrolysate in high plant protein diets ... barramundi. Aquaculture Nutrition. https://doi.org/10.1111/anu.13404. Peer-reviewed.,Dietary supplementation of fish protein hydrolysate in high plant protein diets,Siddik M.A.B. et al,2021,https://doi.org/10.1111/anu.13404,10.1111/anu.13404,peer-reviewed,2026-09-23,Type as given: Peer-reviewed,wave1,wave1/rnd/m6-rnd-capacity.md
RD-54,RD,RND,"Nguyen N.T., Tran N.H. (2025). Black soldier fly larvae meal as a sustainable alternative to fishmeal in juvenile swamp eel diets. Aquaculture Journal 5:7. https://doi.org/10.3390/aquacj5010007. Peer-reviewed.",Black soldier fly larvae meal as a sustainable alternative to fishmeal in juvenile swamp eel diets,"Nguyen N.T., Tran N.H",2025,https://doi.org/10.3390/aquacj5010007,10.3390/aquacj5010007,peer-reviewed,2026-09-23,Type as given: Peer-reviewed,wave1,wave1/rnd/m6-rnd-capacity.md
RD-55,RD,RND,Hoang N.M. et al. (2024). Effect of inclusion of fresh or dried black soldier fly larvae in diets on snakehead fish. Israeli Journal of Aquaculture - Bamidgeh. https://doi.org/10.46989/001c.92338. Peer-reviewed.,Effect of inclusion of fresh or dried black soldier fly larvae in diets on snakehead fish,Hoang N.M. et al,2024,https://doi.org/10.46989/001c.92338,10.46989/001c.92338,peer-reviewed,2026-09-23,Type as given: Peer-reviewed | Same URL as FM-41 | Same DOI as FM-41,wave1,wave1/rnd/m6-rnd-capacity.md
RD-56,RD,RND,Waché Y. et al. (2018). Prospects for food fermentation in South-East Asia: Tropical Fermentation and Biotechnology Network at the end of the AsiFood Erasmus+ project. Frontiers in Microbiology. https://doi.org/10.3389/fmicb.2018.02278. Peer-reviewed.,Prospects for food fermentation in South-East Asia: Tropical Fermentation and Biotechnology Network at the end of the AsiFood Erasmus+ project,Waché Y. et al,2018,https://doi.org/10.3389/fmicb.2018.02278,10.3389/fmicb.2018.02278,peer-reviewed,2026-09-23,Type as given: Peer-reviewed,wave1,wave1/rnd/m6-rnd-capacity.md
RD-57,RD,RND,Deolu-Ajayi A.O. et al. (2022). Seaweed cultivation in Vietnam for livestock methane reduction: a Top Sector Agri & Food SMP report. Wageningen Research. https://doi.org/10.18174/566553. Research report.,Seaweed cultivation in Vietnam for livestock methane reduction: a Top Sector Agri & Food SMP report,Deolu-Ajayi A.O. et al,2022,https://doi.org/10.18174/566553,10.18174/566553,other,2026-09-23,Type as given: Research report,wave1,wave1/rnd/m6-rnd-capacity.md
RD-58,RD,RND,Tran-Tu L.C. et al. (2017). Effect of ingredient particle sizes and dietary viscosity on digestion and faecal waste of striped catfish. Aquaculture Nutrition. https://doi.org/10.1111/anu.12632. Peer-reviewed.,Effect of ingredient particle sizes and dietary viscosity on digestion and faecal waste of striped catfish,Tran-Tu L.C. et al,2017,https://doi.org/10.1111/anu.12632,10.1111/anu.12632,peer-reviewed,2026-09-23,Type as given: Peer-reviewed,wave1,wave1/rnd/m6-rnd-capacity.md
RD-59,RD,RND,"Stadtlander T. et al. (2023). Partial replacement of fishmeal with duckweed (Spirodela polyrhiza) in feed for Eurasian perch and rainbow trout. Aquaculture Research. https://doi.org/10.1155/2023/6680943 (plus 8 other Stadtlander duckweed records in Scite, none Vietnamese). Peer-reviewed.",Partial replacement of fishmeal with duckweed (Spirodela polyrhiza) in feed for Eurasian perch and rainbow trout,Stadtlander T. et al,2023,https://doi.org/10.1155/2023/6680943,10.1155/2023/6680943,peer-reviewed,2026-09-23,Type as given: Peer-reviewed,wave1,wave1/rnd/m6-rnd-capacity.md
RD-60,RD,RND,Brandt S. et al. (2018). A unique fungal strain collection from Vietnam characterized for high performance degraders of bioecological important biopolymers and lipids. PLOS ONE. https://doi.org/10.1371/journal.pone.0202695. Peer-reviewed.,A unique fungal strain collection from Vietnam characterized for high performance degraders of bioecological important biopolymers and lipids,Brandt S. et al,2018,https://doi.org/10.1371/journal.pone.0202695,10.1371/journal.pone.0202695,peer-reviewed,2026-09-23,Type as given: Peer-reviewed,wave1,wave1/rnd/m6-rnd-capacity.md
RD-61,RD,RND,Le T.H.Y. et al. (2025). Quality evaluation of Vietnam traditional soy sauce concerning nutritional composition and aflatoxin criteria. Vietnam Journal of Food Control. https://doi.org/10.47866/2615-9252/vjfc.4588. Peer-reviewed (domestic).,Quality evaluation of Vietnam traditional soy sauce concerning nutritional composition and aflatoxin criteria,Le T.H.Y. et al,2025,https://doi.org/10.47866/2615-9252/vjfc.4588,10.47866/2615-9252/vjfc.4588,peer-reviewed,2026-09-23,Type as given: Peer-reviewed (domestic),wave1,wave1/rnd/m6-rnd-capacity.md
RD-62,RD,RND,"Luu T.N. et al. (2020). Isolation and characterization of two microalgal isolates from Vietnam with potential for food, feed and biodiesel production. Energies. https://doi.org/10.3390/en13040898. Peer-reviewed.","Isolation and characterization of two microalgal isolates from Vietnam with potential for food, feed and biodiesel production",Luu T.N. et al,2020,https://doi.org/10.3390/en13040898,10.3390/en13040898,peer-reviewed,2026-09-23,Type as given: Peer-reviewed,wave1,wave1/rnd/m6-rnd-capacity.md
RD-63,RD,RND,Nguyen H. et al. (2024). Heterologous expression of pediocin PA-1 in Pichia pastoris ... pork bologna preservation. Brazilian Journal of Microbiology. https://doi.org/10.1007/s42770-024-01388-w. Peer-reviewed.,Heterologous expression of pediocin PA-1 in Pichia pastoris,Nguyen H. et al,2024,https://doi.org/10.1007/s42770-024-01388-w,10.1007/s42770-024-01388-w,peer-reviewed,2026-09-23,Type as given: Peer-reviewed,wave1,wave1/rnd/m6-rnd-capacity.md
RD-64,RD,RND,Huynh N.-H.T. et al. (2023). Circular economy approach: cultivating grey oyster mushroom using cassava peel waste from starch production. E3S Web of Conferences. https://doi.org/10.1051/e3sconf/202340501009. Conference paper.,Circular economy approach: cultivating grey oyster mushroom using cassava peel waste from starch production,Huynh N.-H.T. et al,2023,https://doi.org/10.1051/e3sconf/202340501009,10.1051/e3sconf/202340501009,peer-reviewed,2026-09-23,Type as given: Conference paper,wave1,wave1/rnd/m6-rnd-capacity.md
RD-65,RD,RND,"Nguyen T.N.G., Tran V.K. (2025). Sustainable valorization of Pleurotus pulmonarius via green dual-enzyme technology ... functional protein hydrolysates. Food Chemistry: X. https://doi.org/10.1016/j.fochx.2025.103310. Peer-reviewed.",Sustainable valorization of Pleurotus pulmonarius via green dual-enzyme technology,"Nguyen T.N.G., Tran V.K",2025,https://doi.org/10.1016/j.fochx.2025.103310,10.1016/j.fochx.2025.103310,peer-reviewed,2026-09-23,Type as given: Peer-reviewed,wave1,wave1/rnd/m6-rnd-capacity.md
RD-66,RD,RND,"Tran Thi Ha M.K. et al. (2026). Plant-based fish analogues: advances in formulation, processing, nutrition and market dynamics. Journal of Food Process Engineering. https://doi.org/10.1111/jfpe.70365. Peer-reviewed review.","Plant-based fish analogues: advances in formulation, processing, nutrition and market dynamics",Tran Thi Ha M.K. et al,2026,https://doi.org/10.1111/jfpe.70365,10.1111/jfpe.70365,peer-reviewed,2026-09-23,Type as given: Peer-reviewed review,wave1,wave1/rnd/m6-rnd-capacity.md
RD-67,RD,RND,"Nguyen T.H. et al. (2019). Manufacturing process, in vivo and in vitro digestibility assessment of an enteral feeding product. Processes 7:347. https://doi.org/10.3390/pr7060347. Peer-reviewed.","Manufacturing process, in vivo and in vitro digestibility assessment of an enteral feeding product",Nguyen T.H. et al,2019,https://doi.org/10.3390/pr7060347,10.3390/pr7060347,peer-reviewed,2026-09-23,Type as given: Peer-reviewed,wave1,wave1/rnd/m6-rnd-capacity.md
RD-68,RD,RND,Tran M.P. et al. (2015). Development of formulated diets for snakehead: can phytase and taurine supplementation increase use of soybean meal to replace fish meal? Aquaculture. https://doi.org/10.1016/j.aquaculture.2015.06.020. Peer-reviewed.,Development of formulated diets for snakehead: can phytase and taurine supplementation increase use of soybean meal to replace fish meal?,Tran M.P. et al,2015,https://doi.org/10.1016/j.aquaculture.2015.06.020,10.1016/j.aquaculture.2015.06.020,peer-reviewed,2026-09-23,Type as given: Peer-reviewed,wave1,wave1/rnd/m6-rnd-capacity.md
RD-69,RD,RND,Nguyen T.T.H. et al. (2022). Enhancement of antioxidant activity ... of fermented soybean using ergothioneine biosynthesized by Aspergillus oryzae. Legume Science. https://doi.org/10.1002/leg3.165. Peer-reviewed.,Enhancement of antioxidant activity,Nguyen T.T.H. et al,2022,https://doi.org/10.1002/leg3.165,10.1002/leg3.165,peer-reviewed,2026-09-23,Type as given: Peer-reviewed,wave1,wave1/rnd/m6-rnd-capacity.md
RD-70,RD,RND,Nguyen N.T. et al. (2024). Genetic diversity of black soldier flies in Vietnam based on DNA COI sequence. Biodiversitas 24. https://doi.org/10.13057/biodiv/d241235. Peer-reviewed.,Genetic diversity of black soldier flies in Vietnam based on DNA COI sequence,Nguyen N.T. et al,2024,https://doi.org/10.13057/biodiv/d241235,10.13057/biodiv/d241235,peer-reviewed,2026-09-23,Type as given: Peer-reviewed,wave1,wave1/rnd/m6-rnd-capacity.md
RD-71,RD,RND,Hoang P.T.N. et al. (2020). Chromosome-scale genome assembly for the duckweed Spirodela intermedia. Scientific Reports. https://doi.org/10.1038/s41598-020-75728-9. Peer-reviewed.,Chromosome-scale genome assembly for the duckweed Spirodela intermedia,Hoang P.T.N. et al,2020,https://doi.org/10.1038/s41598-020-75728-9,10.1038/s41598-020-75728-9,peer-reviewed,2026-09-23,Type as given: Peer-reviewed,wave1,wave1/rnd/m6-rnd-capacity.md
CAP-01,CAP,CAPITAL,"""Mekong Enterprise Fund IV invested US$25 million in Entobel"". Mekong Capital, 9 May 2022. https://www.mekongcapital.com/communications/press-releases/mekong-enterprise-fund-iv-invested-us25-million-in-entobel/ . Accessed 2026-09-23. Supports the Entobel Series B lead amount. Type: company.",Mekong Enterprise Fund IV invested US$25 million in Entobel,Mekong Capital,9 May 2022,https://www.mekongcapital.com/communications/press-releases/mekong-enterprise-fund-iv-invested-us25-million-in-entobel/,,company,2026-09-23,Type as given: company,wave1,wave1/capital/capital.md
CAP-02,CAP,CAPITAL,"""Mekong Capital, Dragon Capital invest $30 mln in biotech firm Entobel"". The Investor, 10 May 2022. https://theinvestor.vn/mekong-capital-dragon-capital-invest-30-mln-in-biotech-firm-entobel-d345.html . Accessed 2026-09-23. Dragon USD 5M; MEF IV size USD 246M; Entobel history. Type: press.","Mekong Capital, Dragon Capital invest $30 mln in biotech firm Entobel",The Investor,10 May 2022,https://theinvestor.vn/mekong-capital-dragon-capital-invest-30-mln-in-biotech-firm-entobel-d345.html,,press,2026-09-23,Type as given: press,wave1,wave1/capital/capital.md
CAP-03,CAP,CAPITAL,"""Entobel Equity"" (IFC project 45769), EWS mirror of IFC disclosure. Rights in Development Early Warning System, disclosed 7 Jan 2022. https://ewsdata.rightsindevelopment.org/projects/45769-entobel-equity/ (IFC original: https://disclosures.ifc.org/project-detail/ESRS/45769/entobel-equity , did not render). Accessed 2026-09-23. USD 10M proposed IFC equity in a USD 30M Series B. Type: DFI disclosure (secondary mirror).",Entobel Equity,,7 Jan 2022,https://ewsdata.rightsindevelopment.org/projects/45769-entobel-equity/,,gov/statistics,2026-09-23,Type as given: DFI disclosure (secondary mirror) | Other URLs: https://disclosures.ifc.org/project-detail/ESRS/45769/entobel-equity | Access problem noted in citation,wave1,wave1/capital/capital.md
CAP-04,CAP,CAPITAL,"""CnC-Entobel"" (IFC project 46903), EWS mirror of IFC disclosure. Board 23 Feb 2023, disclosed 7 Apr 2023. https://ewsdata.rightsindevelopment.org/projects/46903-cnc-entobel/ . Accessed 2026-09-23. IFC USD 2.5M; total project cost USD 32.5M. Type: DFI disclosure (secondary mirror).",CnC-Entobel,,23 Feb 2023,https://ewsdata.rightsindevelopment.org/projects/46903-cnc-entobel/,,gov/statistics,2026-09-23,"Type as given: DFI disclosure (secondary mirror) | Same URL as ECO-03, VCO-20",wave1,wave1/capital/capital.md
CAP-05,CAP,CAPITAL,"""Entobel and IFC partner to support sustainable aquafeed and aquaculture industry in Vietnam"". Entobel, 23 Mar 2023. https://www.entobel.com/en/ifc-supports-entobel-expansion/ . Accessed 2026-09-23. IFC partnership; amount not disclosed. Type: company.",Entobel and IFC partner to support sustainable aquafeed and aquaculture industry in Vietnam,Entobel,23 Mar 2023,https://www.entobel.com/en/ifc-supports-entobel-expansion/,,company,2026-09-23,Type as given: company,wave1,wave1/capital/capital.md
CAP-06,CAP,CAPITAL,"""IFC backs Entobel, but private sector remains cautious of investing in insect-based aquafeed"". SeafoodSource, 12 May 2023. https://www.seafoodsource.com/news/premium/supply-trade/ifc-backs-entobel-but-private-sector-remains-cautious-of-investing-in-insect-based-aquafeed . Accessed 2026-09-23. IFC instrument (equity); investor caution quotes. Type: press.","IFC backs Entobel, but private sector remains cautious of investing in insect-based aquafeed",SeafoodSource,12 May 2023,https://www.seafoodsource.com/news/premium/supply-trade/ifc-backs-entobel-but-private-sector-remains-cautious-of-investing-in-insect-based-aquafeed,,press,2026-09-23,Type as given: press,wave1,wave1/capital/capital.md
CAP-07,CAP,CAPITAL,"""Insect protein company Entobel secures funding in Vietnam"". Petfood Industry, 18 Apr 2023. https://www.petfoodindustry.com/news-newsletters/pet-food-news/article/15469728/insect-protein-company-entobel-secures-funding-in-vietnam . Accessed 2026-09-23. Claims ~USD 10M IFC (rejected). Type: press.",Insect protein company Entobel secures funding in Vietnam,Petfood Industry,18 Apr 2023,https://www.petfoodindustry.com/news-newsletters/pet-food-news/article/15469728/insect-protein-company-entobel-secures-funding-in-vietnam,,press,2026-09-23,Type as given: press | Same URL as ECO-04,wave1,wave1/capital/capital.md
CAP-08,CAP,CAPITAL,"""Entobel Sets Industry Record with the Opening of the Largest Insect Protein Production Plant in Asia"". Entobel, 23 Nov 2023. https://www.entobel.com/en/entobel-grand-opening-of-the-largest-insect-protein-production-plant-in-asia/ . Accessed 2026-09-23. USD 33M Series B; 10,000 t/yr; investors. Type: company.",Entobel Sets Industry Record with the Opening of the Largest Insect Protein Production Plant in Asia,Entobel,23 Nov 2023,https://www.entobel.com/en/entobel-grand-opening-of-the-largest-insect-protein-production-plant-in-asia/,,company,2026-09-23,Type as given: company | Same URL as ECO-01,wave1,wave1/capital/capital.md
CAP-09,CAP,CAPITAL,"""Singapore animal feed maker Entobel opens Asia largest insect protein plant in Vietnam"". The Investor, 25 Nov 2023. https://theinvestor.vn/singapore-animal-feed-maker-entobel-opens-asia-largest-insect-protein-plant-in-vietnam-d7546.html . Accessed 2026-09-23. Confirms USD 33M and investors. Type: press.",Singapore animal feed maker Entobel opens Asia largest insect protein plant in Vietnam,The Investor,25 Nov 2023,https://theinvestor.vn/singapore-animal-feed-maker-entobel-opens-asia-largest-insect-protein-plant-in-vietnam-d7546.html,,press,2026-09-23,Type as given: press,wave1,wave1/capital/capital.md
CAP-10,CAP,CAPITAL,"Mekong Capital portfolio pages (""Entobel""; ""Our investment""). Mekong Capital, undated (accessed 2026). https://www.mekongcapital.com/our-investment/entobel-2/ and https://www.mekongcapital.com/our-investment/ . Accessed 2026-09-23. Active investment; twelvefold capacity claim; portfolio list. Type: company.",Entobel,Mekong Capital portfolio pages,undated,https://www.mekongcapital.com/our-investment/entobel-2/,,company,2026-09-23,"Type as given: company | Other URLs: https://www.mekongcapital.com/our-investment/ | Same URL as ECO-02, VCO-19",wave1,wave1/capital/capital.md
CAP-11,CAP,CAPITAL,"""EXCLUSIVE: 500 Startups leads seed round for Vietnam's Cricket One"". AgFunderNews, 14 Oct 2019. https://agfundernews.com/500-startups-leads-seed-round-for-vietnams-cricket-one . Accessed 2026-09-23. Seed round investors. Type: press.",EXCLUSIVE: 500 Startups leads seed round for Vietnam's Cricket One,AgFunderNews,14 Oct 2019,https://agfundernews.com/500-startups-leads-seed-round-for-vietnams-cricket-one,,press,2026-09-23,Type as given: press,wave1,wave1/capital/capital.md
CAP-12,CAP,CAPITAL,"""Vietnam's Cricket One gets pre-Series A funding to make the case for its insect protein patties"". AgFunderNews, 23 Nov 2020. https://agfundernews.com/vietnams-cricket-one-gets-pre-series-a-funding-to-make-the-case-for-its-insect-protein-patties . Accessed 2026-09-23. Pre-Series A investors. Type: press.",Vietnam's Cricket One gets pre-Series A funding to make the case for its insect protein patties,AgFunderNews,23 Nov 2020,https://agfundernews.com/vietnams-cricket-one-gets-pre-series-a-funding-to-make-the-case-for-its-insect-protein-patties,,press,2026-09-23,Type as given: press | Same URL as ECO-07,wave1,wave1/capital/capital.md
CAP-13,CAP,CAPITAL,"""Edible Insect Pioneer Cricket One Launches Asia's Largest Cricket Processing Facility, Secures Series A Funding"". Vietcetera, 25 Sep 2023. https://vietcetera.com/en/cricket-one-launches-asias-largest-cricket-processing-facility-secures-series-a-funding . Accessed 2026-09-23. Series A investors; facility. Type: press.","Edible Insect Pioneer Cricket One Launches Asia's Largest Cricket Processing Facility, Secures Series A Funding",Vietcetera,25 Sep 2023,https://vietcetera.com/en/cricket-one-launches-asias-largest-cricket-processing-facility-secures-series-a-funding,,press,2026-09-23,Type as given: press,wave1,wave1/capital/capital.md
CAP-14,CAP,CAPITAL,"""Asia Digest: Vietnam's Cricket One raises funds; Indonesia's Finantier bags pre-seed capital"". DealStreetAsia, 23 Nov 2020. https://www.dealstreetasia.com/stories/cricket-one-finantier-216739 . Accessed 2026-09-23. Confirms the Corecam lead. Type: press.",Asia Digest: Vietnam's Cricket One raises funds; Indonesia's Finantier bags pre-seed capital,DealStreetAsia,23 Nov 2020,https://www.dealstreetasia.com/stories/cricket-one-finantier-216739,,press,2026-09-23,Type as given: press,wave1,wave1/capital/capital.md
CAP-15,CAP,CAPITAL,"""Startup 'Ruoc Nam' keu goi von 1,5 trieu USD, ky vong mo rong 1.000 diem ban"". Vietnambiz, 30 May 2021. https://vietnambiz.vn/startup-ruoc-nam-keu-goi-von-15-trieu-usd-ky-vong-mo-rong-1000-diem-ban-20210529215030992.htm . Accessed 2026-09-23. Emmay funding history (company claim). Type: press.","Startup 'Ruoc Nam' keu goi von 1,5 trieu USD, ky vong mo rong 1.000 diem ban",Vietnambiz,30 May 2021,https://vietnambiz.vn/startup-ruoc-nam-keu-goi-von-15-trieu-usd-ky-vong-mo-rong-1000-diem-ban-20210529215030992.htm,,press,2026-09-23,Type as given: press,wave1,wave1/capital/capital.md
CAP-16,CAP,CAPITAL,"""Dau tu vao start-up nuoc ngoai, Vinh Hoan huong den hai san, thit duoc nuoi cay tu te bao"". Bao Dau Tu, 2021. https://baodautu.vn/dau-tu-vao-start-up-nuoc-ngoai-vinh-hoan-huong-den-hai-san-thit-duoc-nuoi-cay-tu-te-bao-d149699.html . Accessed 2026-09-23. Vinh Hoan stakes in Shiok and Avant. Type: press.","Dau tu vao start-up nuoc ngoai, Vinh Hoan huong den hai san, thit duoc nuoi cay tu te bao",Bao Dau Tu,2021,https://baodautu.vn/dau-tu-vao-start-up-nuoc-ngoai-vinh-hoan-huong-den-hai-san-thit-duoc-nuoi-cay-tu-te-bao-d149699.html,,press,2026-09-23,Type as given: press,wave1,wave1/capital/capital.md
CAP-17,CAP,CAPITAL,"""Viet Nam tham gia chuoi cung ung thuc pham nhan tao"". Nhip Cau Dau Tu, 18 Aug 2021. https://m.nhipcaudautu.vn/kinh-doanh/viet-nam-tham-gia-chuoi-cung-ung-thuc-pham-nhan-tao-3341690/ . Accessed 2026-09-23. Shiok co-investors (CJ, Woowa); BIV Vietnam intent. Type: press.",Viet Nam tham gia chuoi cung ung thuc pham nhan tao,Nhip Cau Dau Tu,18 Aug 2021,https://m.nhipcaudautu.vn/kinh-doanh/viet-nam-tham-gia-chuoi-cung-ung-thuc-pham-nhan-tao-3341690/,,press,2026-09-23,Type as given: press | Same URL as ECO-60,wave1,wave1/capital/capital.md
CAP-18,CAP,CAPITAL,"""Vietnamese VC fund invests in Korea's promising plant-based meat alternative startup"". Asia Food Beverages, 2 Jul 2024. https://asiafoodbeverages.com/vietnamese-vc-fund-invests-in-koreas-promising-plant-based-meat-alternative-startup/ . Accessed 2026-09-23. VinaCapital Ventures and INNOHAS. Type: press.",Vietnamese VC fund invests in Korea's promising plant-based meat alternative startup,Asia Food Beverages,2 Jul 2024,https://asiafoodbeverages.com/vietnamese-vc-fund-invests-in-koreas-promising-plant-based-meat-alternative-startup/,,press,2026-09-23,Type as given: press | Same URL as ECO-65,wave1,wave1/capital/capital.md
CAP-19,CAP,CAPITAL,"""Mot startup cong nghe nong nghiep Viet goi von thanh cong 70 trieu USD"". VnEconomy, 28 Feb 2025. https://vneconomy.vn/techconnect//mot-startup-cong-nghe-nong-nghiep-viet-goi-von-thanh-cong-70-trieu-usd.htm . Accessed 2026-09-23. Techcoop USD 70M. Type: press.",Mot startup cong nghe nong nghiep Viet goi von thanh cong 70 trieu USD,VnEconomy,28 Feb 2025,https://vneconomy.vn/techconnect//mot-startup-cong-nghe-nong-nghiep-viet-goi-von-thanh-cong-70-trieu-usd.htm,,press,2026-09-23,Type as given: press,wave1,wave1/capital/capital.md
CAP-20,CAP,CAPITAL,"""Vietnam Innovation & Private Capital Report 2025"". Do Ventures with NIC, May 2025. https://doventures.vc/en/insights/reports/vietnam-innovation-and-private-capital-report-2025 (PDF: https://doventures.vc/assets/uploads/reports/download/vietnam-innovation-and-private-capital-report-2025-1747711844.pdf). Accessed 2026-09-23. 2023 to 2024 VC, agritech, green tech figures (PDF extraction partly garbled; headline figures used). Type: market-research (industry/government co-publication).",Vietnam Innovation & Private Capital Report 2025,Do Ventures with NIC,May 2025,https://doventures.vc/en/insights/reports/vietnam-innovation-and-private-capital-report-2025,,market-research,2026-09-23,Type as given: market-research (industry/government co-publication) | Other URLs: https://doventures.vc/assets/uploads/reports/download/vietnam-innovation-and-private-capital-report-2025-1747711844.pdf,wave1,wave1/capital/capital.md
CAP-21,CAP,CAPITAL,"""Vietnam Innovation & Private Capital Report 2026"". Do Ventures, NIC and VPCA, May 2026. https://doventures.vc/en/insights/reports/vietnam-innovation-and-private-capital-report-2026 (PDF: https://doventures.vc/assets/uploads/reports/download/vietnam-innovation-and-private-capital-report-2026-1779942817.pdf). Accessed 2026-09-23. 2025 VC USD 509M; agriculture USD 1M; climate USD 35M; IPO commentary. Type: market-research.",Vietnam Innovation & Private Capital Report 2026,"Do Ventures, NIC and VPCA",May 2026,https://doventures.vc/en/insights/reports/vietnam-innovation-and-private-capital-report-2026,,market-research,2026-09-23,Type as given: market-research | Other URLs: https://doventures.vc/assets/uploads/reports/download/vietnam-innovation-and-private-capital-report-2026-1779942817.pdf,wave1,wave1/capital/capital.md
CAP-22,CAP,CAPITAL,"""Vietnam's private capital surges to $4.5B as PE hits record-high, IPO remains shut for technology"". TNGlobal, 29 May 2026. https://technode.global/2026/05/29/vietnams-private-capital-surges-to-4-5b-as-pe-hits-record-high-ipo-remains-shut-for-technology/ . Accessed 2026-09-23. 2025 PE/VC breakdown; deal count 122 to 103. Type: press.","Vietnam's private capital surges to $4.5B as PE hits record-high, IPO remains shut for technology",TNGlobal,29 May 2026,https://technode.global/2026/05/29/vietnams-private-capital-surges-to-4-5b-as-pe-hits-record-high-ipo-remains-shut-for-technology/,,press,2026-09-23,Type as given: press,wave1,wave1/capital/capital.md
CAP-23,CAP,CAPITAL,"""Private capital market rebounds as AI emerges as investment magnet"". Viet Nam News, 1 Jun 2026. https://vietnamnews.vn/economy/1782451/private-capital-market-rebounds-as-ai-emerges-as-investment-magnet.html . Accessed 2026-09-23. 2025 totals; investor origin. Type: press.",Private capital market rebounds as AI emerges as investment magnet,Viet Nam News,1 Jun 2026,https://vietnamnews.vn/economy/1782451/private-capital-market-rebounds-as-ai-emerges-as-investment-magnet.html,,press,2026-09-23,Type as given: press,wave1,wave1/capital/capital.md
CAP-24,CAP,CAPITAL,"Do Ventures reports index (""Vietnam Innovation & Tech Investment Report 2024"": 2023 funding USD 529M, down 17%). Do Ventures, accessed 2026. https://doventures.vc/en/insights/reports . Accessed 2026-09-23. 2023 VC total. Type: market-research.",Vietnam Innovation & Tech Investment Report 2024,Do Ventures reports index,,https://doventures.vc/en/insights/reports,,market-research,2026-09-23,Type as given: market-research,wave1,wave1/capital/capital.md
CAP-25,CAP,CAPITAL,"""Climate-tech sector sees surge in venture capital investment"" (on the CT-FE 2025 report by New Energy Nexus Vietnam, RMIT and AGILE). VietnamPlus, 8 Dec 2025. https://en.vietnamplus.vn/climate-tech-sector-sees-surge-in-venture-capital-investment-post333871.vnp . Accessed 2026-09-23. Climate-tech VC 2024; Techcoop share; post-seed success rate. Type: press (on market-research).",Climate-tech sector sees surge in venture capital investment,,8 Dec 2025,https://en.vietnamplus.vn/climate-tech-sector-sees-surge-in-venture-capital-investment-post333871.vnp,,press,2026-09-23,Type as given: press (on market-research),wave1,wave1/capital/capital.md
CAP-26,CAP,CAPITAL,"""Climate tech funding rises in Vietnam but structural challenges remain"". DealStreetAsia, 5 Dec 2025. https://www.dealstreetasia.com/stories/climate-tech-funding-vietnam-465547 . Accessed 2026-09-23. USD 98.4M, 55 deals in 2024 (paywalled body). Type: press.",Climate tech funding rises in Vietnam but structural challenges remain,DealStreetAsia,5 Dec 2025,https://www.dealstreetasia.com/stories/climate-tech-funding-vietnam-465547,,press,2026-09-23,Type as given: press,wave1,wave1/capital/capital.md
CAP-27,CAP,CAPITAL,"""Startups in Vietnam: 2026 funding"". Tracxn, as of March 2026. https://tracxn.com/d/geographies/vietnam/__mXTFqXTV3nmiVAN40YK-fxLyh5iHTfRmkFLJ9qmnPbA . Accessed 2026-09-23. 2026 YTD USD 13.7M (low reliability). Type: market-research (aggregator).",Startups in Vietnam: 2026 funding,Tracxn,March 2026,https://tracxn.com/d/geographies/vietnam/__mXTFqXTV3nmiVAN40YK-fxLyh5iHTfRmkFLJ9qmnPbA,,database,2026-09-23,Type as given: market-research (aggregator),wave1,wave1/capital/capital.md
CAP-28,CAP,CAPITAL,"""Startups in Vietnam News, September 2026"". mean.ceo blog, Sep 2026. https://blog.mean.ceo/startups-vietnam-news-september-2026/ . Accessed 2026-09-23. StartupBlink 2026 figure (low reliability). Type: blog.","Startups in Vietnam News, September 2026",mean.ceo blog,September 2026,https://blog.mean.ceo/startups-vietnam-news-september-2026/,,other,2026-09-23,Type as given: blog,wave1,wave1/capital/capital.md
CAP-29,CAP,CAPITAL,"Decree 264/2025/ND-CP on the National Venture Capital Fund and local venture capital funds. Government of Vietnam, 14 Oct 2025 (via Thu Vien Phap Luat). https://thuvienphapluat.vn/van-ban/Dau-tu/Nghi-dinh-264-2025-ND-CP-Quy-dau-tu-mao-hiem-quoc-gia-quy-dau-tu-mao-hiem-dia-phuong-677210.aspx . Accessed 2026-09-23. Capital, loss threshold, cycles, liability. Type: law.",Decree 264/2025/ND-CP on the National Venture Capital Fund and local venture capital funds,,14 Oct 2025,https://thuvienphapluat.vn/van-ban/Dau-tu/Nghi-dinh-264-2025-ND-CP-Quy-dau-tu-mao-hiem-quoc-gia-quy-dau-tu-mao-hiem-dia-phuong-677210.aspx,,law,2026-09-23,Type as given: law,wave1,wave1/capital/capital.md
CAP-30,CAP,CAPITAL,"""Quy dinh ve Quy dau tu mao hiem quoc gia va dia phuong"". Bao Chinh Phu, 15 Oct 2025. https://baochinhphu.vn/quy-dinh-ve-quy-dau-tu-mao-hiem-quoc-gia-va-dia-phuong-102251015214226713.htm . Accessed 2026-09-23. Summary of Decree 264. Type: gov.",Quy dinh ve Quy dau tu mao hiem quoc gia va dia phuong,Bao Chinh Phu,15 Oct 2025,https://baochinhphu.vn/quy-dinh-ve-quy-dau-tu-mao-hiem-quoc-gia-va-dia-phuong-102251015214226713.htm,,gov/statistics,2026-09-23,Type as given: gov,wave1,wave1/capital/capital.md
CAP-31,CAP,CAPITAL,"""Viet Nam tang toc lap Quy dau tu mao hiem quoc gia, thao diem nghen von cho startup"". Dan Viet, 16 Jun 2026. https://danviet.vn/viet-nam-tang-toc-lap-quy-dau-tu-mao-hiem-quoc-gia-thao-diem-nghen-von-cho-startup-d1435635.html . Accessed 2026-09-23. National fund status; fund-of-funds preference. Type: press.","Viet Nam tang toc lap Quy dau tu mao hiem quoc gia, thao diem nghen von cho startup",Dan Viet,16 Jun 2026,https://danviet.vn/viet-nam-tang-toc-lap-quy-dau-tu-mao-hiem-quoc-gia-thao-diem-nghen-von-cho-startup-d1435635.html,,press,2026-09-23,Type as given: press,wave1,wave1/capital/capital.md
CAP-32,CAP,CAPITAL,"""Ho Chi Minh City launches $19.7M venture fund to back startups"". VnExpress International, 5 Mar 2026. https://e.vnexpress.net/news/tech/vietnam-innovation/ho-chi-minh-city-launches-19-7m-venture-fund-to-back-startups-5047293.html . Accessed 2026-09-23. HCMC fund size, structure, sectors, founders. Type: press.",Ho Chi Minh City launches $19.7M venture fund to back startups,VnExpress International,5 Mar 2026,https://e.vnexpress.net/news/tech/vietnam-innovation/ho-chi-minh-city-launches-19-7m-venture-fund-to-back-startups-5047293.html,,press,2026-09-23,Type as given: press,wave1,wave1/capital/capital.md
CAP-33,CAP,CAPITAL,"""TPHCM van hanh Quy dau tu mao hiem, dong hanh cung startup cong nghe"". Sai Gon Giai Phong, Sep 2026. https://www.sggp.org.vn/tphcm-van-hanh-quy-dau-tu-mao-hiem-dong-hanh-cung-startup-cong-nghe-post868770.html . Accessed 2026-09-23. HCM VIF name; pipeline; Q4 2026 disbursement plan. Type: press.","TPHCM van hanh Quy dau tu mao hiem, dong hanh cung startup cong nghe",Sai Gon Giai Phong,Sep 2026,https://www.sggp.org.vn/tphcm-van-hanh-quy-dau-tu-mao-hiem-dong-hanh-cung-startup-cong-nghe-post868770.html,,press,2026-09-23,Type as given: press,wave1,wave1/capital/capital.md
CAP-34,CAP,CAPITAL,"""Ha Noi lap quy dau tu mao hiem 230 ty dong"". VnExpress, 27 Apr 2026. https://vnexpress.net/ha-noi-lap-quy-dau-tu-mao-hiem-230-ty-dong-5067429.html . Accessed 2026-09-23. HVCF size, caps, sectors. Type: press.",Ha Noi lap quy dau tu mao hiem 230 ty dong,VnExpress,27 Apr 2026,https://vnexpress.net/ha-noi-lap-quy-dau-tu-mao-hiem-230-ty-dong-5067429.html,,press,2026-09-23,Type as given: press,wave1,wave1/capital/capital.md
CAP-35,CAP,CAPITAL,"""Ba quyet dinh 'kich hoat' Quy dau tu mao hiem Ha Noi 230 ty dong lam von moi cho doi moi sang tao"". Ha Noi Moi, Apr 2026. https://hanoimoi.vn/ba-quyet-dinh-kich-hoat-quy-dau-tu-mao-hiem-ha-noi-230-ty-dong-lam-von-moi-cho-doi-moi-sang-tao-747628.html . Accessed 2026-09-23. Decision numbers; state share 47.82%. Type: press (official city paper).",Ba quyet dinh 'kich hoat' Quy dau tu mao hiem Ha Noi 230 ty dong lam von moi cho doi moi sang tao,Ha Noi Moi,Apr 2026,https://hanoimoi.vn/ba-quyet-dinh-kich-hoat-quy-dau-tu-mao-hiem-ha-noi-230-ty-dong-lam-von-moi-cho-doi-moi-sang-tao-747628.html,,press,2026-09-23,Type as given: press (official city paper),wave1,wave1/capital/capital.md
CAP-36,CAP,CAPITAL,"""Nghi dinh so 264/2025/ND-CP mo duong cho dau tu mao hiem: TP.HCM tien phong trien khai mo hinh quy dia phuong"". HCMC Department of Science and Technology, 2025. https://dost.hochiminhcity.gov.vn/hoat-dong-so-khcn/nghi-dinh-so-2642025nd-cp-mo-duong-cho-dau-tu-mao-hiem-tphcm-tien-phong-trien-khai-mo-hinh-quy-di-phuong/ . Accessed 2026-09-23. HCMC share of startups and funds; SIHUB. Type: gov.",Nghi dinh so 264/2025/ND-CP mo duong cho dau tu mao hiem: TP.HCM tien phong trien khai mo hinh quy dia phuong,HCMC Department of Science and Technology,2025,https://dost.hochiminhcity.gov.vn/hoat-dong-so-khcn/nghi-dinh-so-2642025nd-cp-mo-duong-cho-dau-tu-mao-hiem-tphcm-tien-phong-trien-khai-mo-hinh-quy-di-phuong/,,gov/statistics,2026-09-23,Type as given: gov,wave1,wave1/capital/capital.md
CAP-37,CAP,CAPITAL,"""New regulations on the organization and operation of the National Technology Innovation Fund"" (Decree 77/2026/ND-CP). Vietnam.vn, Mar 2026. https://www.vietnam.vn/en/quy-dinh-moi-ve-to-chuc-va-hoat-dong-cua-quy-doi-moi-cong-nghe-quoc-gia . Accessed 2026-09-23. NATIF functions. Type: gov-affiliated press.",New regulations on the organization and operation of the National Technology Innovation Fund,,Mar 2026,https://www.vietnam.vn/en/quy-dinh-moi-ve-to-chuc-va-hoat-dong-cua-quy-doi-moi-cong-nghe-quoc-gia,,press,2026-09-23,Type as given: gov-affiliated press,wave1,wave1/capital/capital.md
CAP-38,CAP,CAPITAL,"""Doanh nghiep doi moi cong nghe duoc ho tro toi 50% lai suat vay"". Lawyers of Vietnam (LSVN), 19 Sep 2026. https://lsvn.vn/doanh-nghiep-doi-moi-cong-nghe-duoc-ho-tro-toi-50-lai-suat-vay-a178372.html . Accessed 2026-09-23. NATIF Notice 846/TB-NATIF, Round 1/2026 terms. Type: press.",Doanh nghiep doi moi cong nghe duoc ho tro toi 50% lai suat vay,Lawyers of Vietnam,19 Sep 2026,https://lsvn.vn/doanh-nghiep-doi-moi-cong-nghe-duoc-ho-tro-toi-50-lai-suat-vay-a178372.html,,press,2026-09-23,Type as given: press,wave1,wave1/capital/capital.md
CAP-39,CAP,CAPITAL,"""Nghi dinh 156/2025/ND-CP: Nang muc cho vay khong co tai san bao dam..."". Xay dung chinh sach (Government portal), Jun 2025. https://xaydungchinhsach.chinhphu.vn/nghi-dinh-156-2025-nd-cp-nang-muc-cho-vay-khong-co-tai-san-bao-dam-giam-thu-tuc-cho-khach-hang-vay-von-tu-1-7-119250620204017565.htm . Accessed 2026-09-23. Agri credit limits; circular agriculture treatment. Type: gov.",Nghi dinh 156/2025/ND-CP: Nang muc cho vay khong co tai san bao dam,Xay dung chinh sach,Jun 2025,https://xaydungchinhsach.chinhphu.vn/nghi-dinh-156-2025-nd-cp-nang-muc-cho-vay-khong-co-tai-san-bao-dam-giam-thu-tuc-cho-khach-hang-vay-von-tu-1-7-119250620204017565.htm,,gov/statistics,2026-09-23,Type as given: gov,wave1,wave1/capital/capital.md
CAP-40,CAP,CAPITAL,"""Dinh huong tin dung vao cong nghe cao va doi moi sang tao nam 2026"". Dien dan Doanh nghiep, 2 Jan 2026. https://diendandoanhnghiep.vn/dinh-huong-tin-dung-vao-cong-nghe-cao-va-doi-moi-sang-tao-nam-2026-10168456.html . Accessed 2026-09-23. VND 500 trillion programme. Type: press.",Dinh huong tin dung vao cong nghe cao va doi moi sang tao nam 2026,Dien dan Doanh nghiep,2 Jan 2026,https://diendandoanhnghiep.vn/dinh-huong-tin-dung-vao-cong-nghe-cao-va-doi-moi-sang-tao-nam-2026-10168456.html,,press,2026-09-23,Type as given: press,wave1,wave1/capital/capital.md
CAP-41,CAP,CAPITAL,"""IFC Investments to Help Boost Agribusiness Value Chain in Vietnam, Create Jobs"". IFC, 16 Jun 2023. https://www.ifc.org/en/pressroom/2023/ifc-investments-to-help-boost-agribusiness-value-chain-in-vietnam-create-jobs . Accessed 2026-09-23. TTC AgriS USD 40M; GS25 USD 20M. Type: DFI.","IFC Investments to Help Boost Agribusiness Value Chain in Vietnam, Create Jobs",IFC,16 Jun 2023,https://www.ifc.org/en/pressroom/2023/ifc-investments-to-help-boost-agribusiness-value-chain-in-vietnam-create-jobs,,gov/statistics,2026-09-23,Type as given: DFI,wave1,wave1/capital/capital.md
CAP-42,CAP,CAPITAL,"""IFC's Record Climate Financing in Viet Nam Supports Green Transition, Private Sector Resilience"". IFC, 14 Nov 2024. https://www.ifc.org/en/pressroom/2024/ifc-s-record-climate-financing-in-viet-nam-supports-green-transition-private-sector-resilience . Accessed 2026-09-23. FY2024 USD 1.6B+; USD 310M climate. Type: DFI.","IFC's Record Climate Financing in Viet Nam Supports Green Transition, Private Sector Resilience",IFC,14 Nov 2024,https://www.ifc.org/en/pressroom/2024/ifc-s-record-climate-financing-in-viet-nam-supports-green-transition-private-sector-resilience,,gov/statistics,2026-09-23,Type as given: DFI,wave1,wave1/capital/capital.md
CAP-43,CAP,CAPITAL,"""IFC Supports SeABank to Issue Viet Nam's First Blue Bond, Boost Climate Finance"". IFC, 25 Jun 2024. https://www.ifc.org/en/pressroom/2024/ifc-supports-seabank-to-issue-viet-nams-first-blue-bond-boost-cl . Accessed 2026-09-23. USD 25M blue bond; aquaculture eligible. Type: DFI.","IFC Supports SeABank to Issue Viet Nam's First Blue Bond, Boost Climate Finance",IFC,25 Jun 2024,https://www.ifc.org/en/pressroom/2024/ifc-supports-seabank-to-issue-viet-nams-first-blue-bond-boost-cl,,gov/statistics,2026-09-23,Type as given: DFI,wave1,wave1/capital/capital.md
CAP-44,CAP,CAPITAL,"""IFC considers $90.6m investment in Vietnamese animal feed firm Mavin"". DealStreetAsia, 20 Dec 2021. https://www.dealstreetasia.com/stories/ifc-mavin-274606 . Accessed 2026-09-23. Proposed feed-sector DFI ticket (headline and summary only). Type: press.",IFC considers $90.6m investment in Vietnamese animal feed firm Mavin,DealStreetAsia,20 Dec 2021,https://www.dealstreetasia.com/stories/ifc-mavin-274606,,press,2026-09-23,Type as given: press,wave1,wave1/capital/capital.md
CAP-45,CAP,CAPITAL,"""ADB Ventures Investment Fund 1"". Asian Development Bank, accessed 2026. https://www.adb.org/what-we-do/funds/adb-ventures-investment-fund-1 . Accessed 2026-09-23. USD 60M fund; USD 0.1M to 4M tickets. Type: DFI.",ADB Ventures Investment Fund 1,Asian Development Bank,,https://www.adb.org/what-we-do/funds/adb-ventures-investment-fund-1,,gov/statistics,2026-09-23,Type as given: DFI,wave1,wave1/capital/capital.md
CAP-46,CAP,CAPITAL,"""Portfolio"" and home page. ADB Ventures, accessed 2026. https://ventures.adb.org/portfolio/ and https://ventures.adb.org/ . Accessed 2026-09-23. Vietnamese and agrifood portfolio; SEED Capital+. Type: DFI.",ADB Ventures portfolio page and home page,ADB Ventures,,https://ventures.adb.org/portfolio/,,gov/statistics,2026-09-23,Type as given: DFI | Other URLs: https://ventures.adb.org/,wave1,wave1/capital/capital.md
CAP-47,CAP,CAPITAL,"""MEF IV"" project page. Proparco, 30 Sep 2020. https://www.proparco.fr/en/carte-des-projets/mef-iv . Accessed 2026-09-23. USD 15M LP commitment. Type: DFI.","MEF IV, project page",Proparco,30 Sep 2020,https://www.proparco.fr/en/carte-des-projets/mef-iv,,gov/statistics,2026-09-23,Type as given: DFI,wave1,wave1/capital/capital.md
CAP-48,CAP,CAPITAL,"""SEACEF II"" project page. Proparco, 20 Nov 2024. https://www.proparco.fr/en/carte-des-projets/seacef-ii . Accessed 2026-09-23. USD 10M in a USD 175M Clime Capital fund. Type: DFI.","SEACEF II, project page",Proparco,20 Nov 2024,https://www.proparco.fr/en/carte-des-projets/seacef-ii,,gov/statistics,2026-09-23,Type as given: DFI,wave1,wave1/capital/capital.md
CAP-49,CAP,CAPITAL,"Vietnam country page. Proparco, accessed 2026. https://www.proparco.fr/en/vietnam . Accessed 2026-09-23. List of Vietnamese projects. Type: DFI.",Vietnam country page,Proparco,,https://www.proparco.fr/en/vietnam,,gov/statistics,2026-09-23,Type as given: DFI,wave1,wave1/capital/capital.md
CAP-50,CAP,CAPITAL,"""Research Grant Program"". Good Food Institute, accessed 2026. https://gfi.org/researchgrants/ . Accessed 2026-09-23. Closed status; global eligibility. Type: advocacy/funder.",Research Grant Program,Good Food Institute,,https://gfi.org/researchgrants/,,advocacy,2026-09-23,Type as given: advocacy/funder | Same URL as RD-02,wave1,wave1/capital/capital.md
CAP-51,CAP,CAPITAL,"""Alternative protein investment"" data page. Good Food Institute, updated 4 Aug 2026. https://gfi.org/investment/ . Accessed 2026-09-23. 2025 and H1 2026 totals by pillar (Net Zero Insights data). Type: advocacy (data).","Alternative protein investment, data page",Alternative protein investment,4 Aug 2026,https://gfi.org/investment/,,advocacy,2026-09-23,Type as given: advocacy (data),wave1,wave1/capital/capital.md
CAP-52,CAP,CAPITAL,"""2023 APAC State of the Industry Report"" landing page. GFI APAC, 2024. https://gfi-apac.org/2023-apac-state-of-the-industry-report/ . Accessed 2026-09-23. Better Bite quote; the report itself is gated. Type: advocacy.","2023 APAC State of the Industry Report, landing page",2023 APAC State of the Industry Report,2023,https://gfi-apac.org/2023-apac-state-of-the-industry-report/,,advocacy,2026-09-23,Type as given: advocacy,wave1,wave1/capital/capital.md
CAP-53,CAP,CAPITAL,"AgFunder research index and ""AgFunder Global AgriFoodTech Investment Report 2026"". AgFunder, 30 Mar 2026. https://agfunder.com/research/ and https://agfunder.com/research/agfunder-global-agrifoodtech-investment-report-2026/ . Accessed 2026-09-23. 2025 USD 16.2B; upstream USD 9B; 2024 USD 16B. Type: market-research.",AgFunder Global AgriFoodTech Investment Report 2026,AgFunder research index,30 Mar 2026,https://agfunder.com/research/,,market-research,2026-09-23,Type as given: market-research | Other URLs: https://agfunder.com/research/agfunder-global-agrifoodtech-investment-report-2026/,wave1,wave1/capital/capital.md
CAP-54,CAP,CAPITAL,"""Asia-Pacific AgriFoodTech Investment Report 2024"". AgFunder, modified 2 Mar 2025. https://agfunder.com/research/asia-pacific-agrifoodtech-investment-report-2024/ . Accessed 2026-09-23. APAC USD 4.2B (January to October 2024). Type: market-research.",Asia-Pacific AgriFoodTech Investment Report 2024,"AgFunder, modified",2 Mar 2025,https://agfunder.com/research/asia-pacific-agrifoodtech-investment-report-2024/,,market-research,2026-09-23,Type as given: market-research,wave1,wave1/capital/capital.md
CAP-55,CAP,CAPITAL,"""Developing Markets AgriFoodTech Investment Report 2025"". AgFunder, 2025. https://agfunder.com/research/developing-markets-agrifoodtech-investment-report-2025/ . Accessed 2026-09-23. Up 63% (2023 to 2024); Vietnam named qualitatively. Type: market-research.",Developing Markets AgriFoodTech Investment Report 2025,AgFunder,2025,https://agfunder.com/research/developing-markets-agrifoodtech-investment-report-2025/,,market-research,2026-09-23,Type as given: market-research,wave1,wave1/capital/capital.md
CAP-56,CAP,CAPITAL,"""Farm Animal Welfare"" fund page. Coefficient Giving, accessed 2026. https://www.coefficientgiving.org/funds/farm-animal-welfare/ . Accessed 2026-09-23. Open RFPs. Type: funder.","Farm Animal Welfare, fund page",Farm Animal Welfare,,https://www.coefficientgiving.org/funds/farm-animal-welfare/,,other,2026-09-23,Type as given: funder,wave1,wave1/capital/capital.md
CAP-57,CAP,CAPITAL,"""Request for Proposals: Alternative Protein R&D"". Coefficient Giving, updated 23 Jul 2026. https://coefficientgiving.org/funds/farm-animal-welfare/request-for-proposals-alternative-protein-rd/ . Accessed 2026-09-23. Terms, rounds, deadlines, eligibility. Type: funder.",Request for Proposals: Alternative Protein R&D,Coefficient Giving,23 Jul 2026,https://coefficientgiving.org/funds/farm-animal-welfare/request-for-proposals-alternative-protein-rd/,,other,2026-09-23,Type as given: funder,wave1,wave1/capital/capital.md
CAP-58,CAP,CAPITAL,"Grants and Farm Animal Welfare pages. The Navigation Fund, accessed 2026. https://www.navigation.org/grants and https://www.navigation.org/grants/farm-animal-welfare . Accessed 2026-09-23. No alt-protein RFP found. Type: funder.",Grants and Farm Animal Welfare pages,The Navigation Fund,,https://www.navigation.org/grants,,other,2026-09-23,Type as given: funder | Other URLs: https://www.navigation.org/grants/farm-animal-welfare,wave1,wave1/capital/capital.md
CAP-59,CAP,CAPITAL,"ProVeg Incubator home page. ProVeg International, accessed 2026. https://provegincubator.com/ . Accessed 2026-09-23. Up to USD 300K. Type: accelerator.",ProVeg Incubator home page,ProVeg International,,https://provegincubator.com/,,other,2026-09-23,Type as given: accelerator,wave1,wave1/capital/capital.md
CAP-60,CAP,CAPITAL,"Tiny Beam Fund home page. Tiny Beam Fund, accessed 2026. https://tinybeamfund.org/ . Accessed 2026-09-23. Programmes (dated). Type: funder.",Tiny Beam Fund home page,Tiny Beam Fund,,https://tinybeamfund.org/,,other,2026-09-23,Type as given: funder,wave1,wave1/capital/capital.md
CAP-61,CAP,CAPITAL,"""Future of Food"". Bezos Earth Fund, accessed 2026. https://www.bezosearthfund.org/our-programs/future-of-food . Accessed 2026-09-23. USD 1B commitment; 23 grants, USD 194.8M. Type: funder.",Future of Food,Bezos Earth Fund,,https://www.bezosearthfund.org/our-programs/future-of-food,,other,2026-09-23,Type as given: funder,wave1,wave1/capital/capital.md
CAP-62,CAP,CAPITAL,"Big Idea Ventures home page. Big Idea Ventures, accessed 2026. https://bigideaventures.com/ . Accessed 2026-09-23. Accelerator terms; SEA portfolio. Type: investor.",Big Idea Ventures home page,Big Idea Ventures,,https://bigideaventures.com/,,company,2026-09-23,Type as given: investor,wave1,wave1/capital/capital.md
CAP-63,CAP,CAPITAL,"Better Bite Ventures home page. Better Bite Ventures, accessed 2026. https://www.betterbite.vc/ . Accessed 2026-09-23. Ticket size; APAC portfolio. Type: investor.",Better Bite Ventures home page,Better Bite Ventures,,https://www.betterbite.vc/,,company,2026-09-23,Type as given: investor,wave1,wave1/capital/capital.md
CAP-64,CAP,CAPITAL,"Synthesis Capital home page. Synthesis Capital, accessed 2026. https://www.synthesis.capital/ . Accessed 2026-09-23. AUM; stage; ""valuations have reset"". Type: investor.",Synthesis Capital home page,Synthesis Capital,,https://www.synthesis.capital/,,company,2026-09-23,Type as given: investor,wave1,wave1/capital/capital.md
CAP-65,CAP,CAPITAL,"Lever VC home page. Lever VC, accessed 2026. https://www.levervc.com/ . Accessed 2026-09-23. No Asia focus. Type: investor.",Lever VC home page,Lever VC,,https://www.levervc.com/,,company,2026-09-23,Type as given: investor,wave1,wave1/capital/capital.md
CAP-66,CAP,CAPITAL,"Brinc home page. Brinc, accessed 2026. https://www.brinc.io/ . Accessed 2026-09-23. Vietnam ""coming soon"". Type: accelerator.",Brinc home page,Brinc,,https://www.brinc.io/,,other,2026-09-23,Type as given: accelerator,wave1,wave1/capital/capital.md
CAP-67,CAP,CAPITAL,"""Vietnam"" country page. ACIAR, accessed 2026. https://www.aciar.gov.au/country/vietnam . Accessed 2026-09-23. AUD 5.4M, 23 projects, FY2025-26. Type: gov (donor).","Vietnam, country page",ACIAR,,https://www.aciar.gov.au/country/vietnam,,gov/statistics,2026-09-23,Type as given: gov (donor) | Same URL as RD-04,wave1,wave1/capital/capital.md
CAP-68,CAP,CAPITAL,"""Future of plant-based proteins (alternative meats) in Southeast Asia"". Jungle Ventures, 2 May 2022. https://www.jungle.vc/resources/future-of-plant-based-proteins-alternative-meats-in-southeast-asia . Accessed 2026-09-23. Investor thesis. Type: investor.",Future of plant-based proteins (alternative meats) in Southeast Asia,Jungle Ventures,2 May 2022,https://www.jungle.vc/resources/future-of-plant-based-proteins-alternative-meats-in-southeast-asia,,company,2026-09-23,Type as given: investor,wave1,wave1/capital/capital.md
CAP-69,CAP,CAPITAL,"ThinkZone Ventures home page. ThinkZone, accessed 2026. https://thinkzone.vn/ . Accessed 2026-09-23. Stage focus (metadata only). Type: investor.",ThinkZone Ventures home page,ThinkZone,,https://thinkzone.vn/,,company,2026-09-23,Type as given: investor,wave1,wave1/capital/capital.md
CAP-70,CAP,CAPITAL,"VIISA home page. VIISA, accessed 2026. https://viisa.vn/ . Accessed 2026-09-23. Appears dormant. Type: accelerator.",VIISA home page,VIISA,,https://viisa.vn/,,other,2026-09-23,Type as given: accelerator,wave1,wave1/capital/capital.md
CAP-71,CAP,CAPITAL,"""Nguon von do vao cac startup cong nghe nong nghiep va cong nghe thuc pham giam manh"". Doanh nhan (Bao Phap Luat), 2023. https://doanhnhan.baophapluat.vn/nguon-von-do-vao-cac-startup-cong-nghe-nong-nghiep-va-cong-nghe-thuc-pham-giam-manh-49404.html . Accessed 2026-09-23. Global agrifoodtech VC fell 44% in 2022 (PitchBook via FT); no Vietnamese data. Type: press.",Nguon von do vao cac startup cong nghe nong nghiep va cong nghe thuc pham giam manh,Doanh nhan,2023,https://doanhnhan.baophapluat.vn/nguon-von-do-vao-cac-startup-cong-nghe-nong-nghiep-va-cong-nghe-thuc-pham-giam-manh-49404.html,,press,2026-09-23,Type as given: press,wave1,wave1/capital/capital.md
CAP-72,CAP,CAPITAL,(reserved; not used),(reserved; not used),,,,,other,2026-09-23,Type as given: (reserved; not used),wave1,wave1/capital/capital.md
CAP-73,CAP,CAPITAL,"Global Methane Hub home page. Global Methane Hub, accessed 2026. https://www.globalmethanehub.org/ . Accessed 2026-09-23. No programme detail found. Type: funder.",Global Methane Hub home page,Global Methane Hub,,https://www.globalmethanehub.org/,,other,2026-09-23,Type as given: funder,wave1,wave1/capital/capital.md
CAP-74,CAP,CAPITAL,"""Our portfolio"" (major investments as of 31 Mar 2026). Temasek, accessed 2026. https://www.temasek.com.sg/en/our-investments/our-portfolio . Accessed 2026-09-23. No agrifood names in the major list. Type: investor.",Our portfolio,,,https://www.temasek.com.sg/en/our-investments/our-portfolio,,company,2026-09-23,Type as given: investor,wave1,wave1/capital/capital.md
RGN-01,RGN,REGIONAL,"Morton, J., Powell, D. (GFI APAC) and Day, T. (Hawkwood Biotech). ""Where to Build: site selection and competitiveness in APAC fermentation manufacturing."" GFI APAC, October 2025. https://gfi-apac.org/wp-content/uploads/2025/10/Site-selection-and-competitiveness-in-APAC-fermentation-manufacturing-GFI-APAC-x-Hawkwood.pdf.pdf. Supports: scores, assumptions, Vietnam recommendations. Type: advocacy/consultancy study.",Where to Build: site selection and competitiveness in APAC fermentation manufacturing,"Morton, J., Powell, D. (GFI APAC) and Day, T. (Hawkwood Biotech)",October 2025,https://gfi-apac.org/wp-content/uploads/2025/10/Site-selection-and-competitiveness-in-APAC-fermentation-manufacturing-GFI-APAC-x-Hawkwood.pdf.pdf,,advocacy,2026-09-23,Type as given: advocacy/consultancy study,wave1,wave1/regional/regional.md
RGN-02,RGN,REGIONAL,"Huling, R. ""Three APAC countries with the right ingredients to dominate biomanufacturing."" GFI APAC, Oct 2025. https://gfi-apac.org/three-apac-countries-with-the-right-ingredients-to-dominate-biomanufacturing/. Supports: Thailand, Vietnam, Australia framing. Type: advocacy.",Three APAC countries with the right ingredients to dominate biomanufacturing,"Huling, R",Oct 2025,https://gfi-apac.org/three-apac-countries-with-the-right-ingredients-to-dominate-biomanufacturing/,,advocacy,2026-09-23,Type as given: advocacy | Same URL as RD-09,wave1,wave1/regional/regional.md
RGN-03,RGN,REGIONAL,"US FDA. ""Human Food Made with Cultured Animal Cells Inventory."" https://www.hfpappexternal.fda.gov/scripts/fdcc/index.cfm?set=animalcellculturefoods. Supports: Wildtype CCC 005, 28 May 2025, and four other consultations. Type: gov.",Human Food Made with Cultured Animal Cells Inventory,US FDA,,https://www.hfpappexternal.fda.gov/scripts/fdcc/index.cfm?set=animalcellculturefoods,,gov/statistics,2026-09-23,Type as given: gov,wave1,wave1/regional/regional.md
RGN-04,RGN,REGIONAL,"Singapore Food Agency. ""SFA list of approved novel foods"" (dated 14 Aug 2026). https://www.sfa.gov.sg/docs/default-source/regulatory-standards-frameworks-and-guidelines/2026-08-14-sfa-list-of-approved-novel-foods.pdf. Supports: 18 approvals with dates and applicants. Type: gov.",SFA list of approved novel foods,Singapore Food Agency,14 Aug 2026,https://www.sfa.gov.sg/docs/default-source/regulatory-standards-frameworks-and-guidelines/2026-08-14-sfa-list-of-approved-novel-foods.pdf,,gov/statistics,2026-09-23,Type as given: gov,wave1,wave1/regional/regional.md
RGN-05,RGN,REGIONAL,"Singapore Food Agency. ""Overview of Pre-Market Approval Framework for Novel Food"" (updated 27 Aug 2026). https://www.sfa.gov.sg/regulatory-standards-frameworks-guidelines/novel-food-framework/overview-of-pre-market-approval-framework-for-novel-food. Supports: definition; FSSA effective 28 Nov 2025. Type: gov.",Overview of Pre-Market Approval Framework for Novel Food,Singapore Food Agency,27 Aug 2026,https://www.sfa.gov.sg/regulatory-standards-frameworks-guidelines/novel-food-framework/overview-of-pre-market-approval-framework-for-novel-food,,gov/statistics,2026-09-23,Type as given: gov,wave1,wave1/regional/regional.md
RGN-06,RGN,REGIONAL,"Green Queen. ""Singapore Food Agency Publishes List of Approved Novel Foods,"" 20 Apr 2026. https://www.greenqueen.com.hk/singapore-food-agency-sfa-list-of-approved-novel-foods/. Supports: press framing (Solein mislabel). Type: press.",Singapore Food Agency Publishes List of Approved Novel Foods,Green Queen,20 Apr 2026,https://www.greenqueen.com.hk/singapore-food-agency-sfa-list-of-approved-novel-foods/,,press,2026-09-23,Type as given: press,wave1,wave1/regional/regional.md
RGN-07,RGN,REGIONAL,"Food Safety Magazine. ""Singapore Food Agency Publishes List of Approved Novel Foods,"" 21 Apr 2026. https://www.food-safety.com/articles/11364-singapore-food-agency-publishes-list-of-approved-novel-foods. Supports: earlier list version. Type: press.",Singapore Food Agency Publishes List of Approved Novel Foods,Food Safety Magazine,21 Apr 2026,https://www.food-safety.com/articles/11364-singapore-food-agency-publishes-list-of-approved-novel-foods,,press,2026-09-23,Type as given: press,wave1,wave1/regional/regional.md
RGN-08,RGN,REGIONAL,"Ministry of Sustainability and the Environment (Singapore). ""Oral Reply to Parliamentary Question on Revised Local Production Targets,"" 13 Jan 2026. https://www.mse.gov.sg/latest-news/oral-reply-to-parliamentary-question-on-revised-local-production-targets/. Supports: 2035 targets; alt protein excluded. Type: gov.",Oral Reply to Parliamentary Question on Revised Local Production Targets,Ministry of Sustainability and the Environment (Singapore),13 Jan 2026,https://www.mse.gov.sg/latest-news/oral-reply-to-parliamentary-question-on-revised-local-production-targets/,,gov/statistics,2026-09-23,Type as given: gov,wave1,wave1/regional/regional.md
RGN-09,RGN,REGIONAL,"Green Queen. ""Singapore Food Security Plan Drops '30 By 30' Policy & Lab-Grown Meat,"" 6 Nov 2025 (updated 20 Jan 2026). https://www.greenqueen.com.hk/singapore-30-by-30-cultivated-meat-food-security-policy/. Supports: Food Story 2; S$42 M for 11 projects. Type: press.",Singapore Food Security Plan Drops '30 By 30' Policy & Lab-Grown Meat,Green Queen,6 Nov 2025,https://www.greenqueen.com.hk/singapore-30-by-30-cultivated-meat-food-security-policy/,,press,2026-09-23,Type as given: press,wave1,wave1/regional/regional.md
RGN-10,RGN,REGIONAL,"ScaleUp Bio. Home page. https://www.scaleupbio.com/. Supports: sites, backers. Type: company.","ScaleUp Bio, home page",ScaleUp Bio,,https://www.scaleupbio.com/,,company,2026-09-23,Type as given: company,wave1,wave1/regional/regional.md
RGN-11,RGN,REGIONAL,"ScaleUp Bio via PR Newswire. ""ScaleUp Bio Announces Fusionopolis Ventures Joining ADM as Shareholder,"" 26 Mar 2026. https://www.prnewswire.com/apac/news-releases/scaleup-bio-announces-fusionopolis-ventures-joining-adm-as-shareholder-302724946.html. Supports: ownership change, scope. Type: company.",ScaleUp Bio Announces Fusionopolis Ventures Joining ADM as Shareholder,ScaleUp Bio via PR Newswire,26 Mar 2026,https://www.prnewswire.com/apac/news-releases/scaleup-bio-announces-fusionopolis-ventures-joining-adm-as-shareholder-302724946.html,,company,2026-09-23,Type as given: company,wave1,wave1/regional/regional.md
RGN-12,RGN,REGIONAL,"APFoodOnline. ""ScaleUp Bio secures strategic investment from Fusionopolis Ventures,"" 26 Mar 2026. https://www.apfoodonline.com/industry/scaleup-bio-secures-strategic-investment-from-fusionopolis-ventures-strengthening-singapores-role-as-a-regional-biomanufacturing-hub/. Supports: consolidation in Tuas; sector pivot. Type: press.",ScaleUp Bio secures strategic investment from Fusionopolis Ventures,APFoodOnline,26 Mar 2026,https://www.apfoodonline.com/industry/scaleup-bio-secures-strategic-investment-from-fusionopolis-ventures-strengthening-singapores-role-as-a-regional-biomanufacturing-hub/,,press,2026-09-23,Type as given: press,wave1,wave1/regional/regional.md
RGN-13,RGN,REGIONAL,"Green Queen. ""ScaleUp Bio's Precision Fermentation Plant Earns Singapore Production Licence,"" 21 May 2024. https://www.greenqueen.com.hk/scaleup-bio-food-manufacturing-license-precision-fermentation-singapore/. Supports: 10,000 L, licence, first clients. Type: press.",ScaleUp Bio's Precision Fermentation Plant Earns Singapore Production Licence,Green Queen,21 May 2024,https://www.greenqueen.com.hk/scaleup-bio-food-manufacturing-license-precision-fermentation-singapore/,,press,2026-09-23,Type as given: press,wave1,wave1/regional/regional.md
RGN-14,RGN,REGIONAL,"Asia Food Journal. ""ScaleUp Bio Announces New Customers, Allozymes and Algrow Biosciences, and LOIs...,"" 21 Mar 2024. https://asiafoodjournal.com/scaleup-bio-announces-new-customers/. Supports: clients, 100 L and 10,000 L. Type: press.","ScaleUp Bio Announces New Customers, Allozymes and Algrow Biosciences, and LOIs",Asia Food Journal,21 Mar 2024,https://asiafoodjournal.com/scaleup-bio-announces-new-customers/,,press,2026-09-23,Type as given: press,wave1,wave1/regional/regional.md
RGN-15,RGN,REGIONAL,"Esco Aster. News page. https://www.escoaster.com/news/. Supports: licence 2021, ISO 22000, 2025-2026 activity. Type: company.","Esco Aster, news page",Esco Aster,,https://www.escoaster.com/news/,,company,2026-09-23,Type as given: company,wave1,wave1/regional/regional.md
RGN-16,RGN,REGIONAL,"Green Queen. ""Singapore Grants Food Processing License To Esco Aster...,"" 2021. https://www.greenqueen.com.hk/esco-aster-cultivated-meat-regulatory-approval/. Supports: licence date; 50,000 L target claim. Type: press.",Singapore Grants Food Processing License To Esco Aster,Green Queen,2021,https://www.greenqueen.com.hk/esco-aster-cultivated-meat-regulatory-approval/,,press,2026-09-23,Type as given: press,wave1,wave1/regional/regional.md
RGN-17,RGN,REGIONAL,"GFI India. ""Novel food regulations around the world,"" updated 4 Aug 2026. https://gfi-india.org/novel-food-regulations-around-the-world/. Supports: country framework summaries, SFA timeline, India approvals. Type: advocacy.",Novel food regulations around the world,GFI India,4 Aug 2026,https://gfi-india.org/novel-food-regulations-around-the-world/,,advocacy,2026-09-23,Type as given: advocacy,wave1,wave1/regional/regional.md
RGN-18,RGN,REGIONAL,"Wikipedia. ""Cultured meat."" https://en.wikipedia.org/wiki/Cultured_meat. Supports: Vow ANZ date, Israel, Japan grant. Type: encyclopedia (secondary).",Cultured meat,Wikipedia,,https://en.wikipedia.org/wiki/Cultured_meat,,other,2026-09-23,Type as given: encyclopedia (secondary),wave1,wave1/regional/regional.md
RGN-19,RGN,REGIONAL,"GFI APAC. ""State of Play: APAC"" (June 2025 update). https://gfi-apac.org/wp-content/uploads/2025/07/June-2025-Update_-State-of-Play_-APAC.pdf. Supports: country frameworks, Thai drafting history, Korea zone and centre, Malaysia NBP 2.0. Type: advocacy.",State of Play: APAC,GFI APAC,June 2025,https://gfi-apac.org/wp-content/uploads/2025/07/June-2025-Update_-State-of-Play_-APAC.pdf,,advocacy,2026-09-23,Type as given: advocacy,wave1,wave1/regional/regional.md
RGN-20,RGN,REGIONAL,"GFI APAC. ""GFI APAC's 2025 Report Card + 6 Things to Watch in 2026,"" Jan 2026. https://gfi-apac.org/gfi-apacs-2025-report-card-6-things-to-watch-in-2026/. Supports: Malaysia halal ruling, China approvals, Korea act. Type: advocacy.",GFI APAC's 2025 Report Card + 6 Things to Watch in 2026,GFI APAC,Jan 2026,https://gfi-apac.org/gfi-apacs-2025-report-card-6-things-to-watch-in-2026/,,advocacy,2026-09-23,Type as given: advocacy,wave1,wave1/regional/regional.md
RGN-21,RGN,REGIONAL,"GFI APAC. ""Korea overtakes Singapore as APAC's cultivated meat startup epicentre,"" 21 Apr 2026. https://gfi-apac.org/korea-overtakes-singapore-as-apacs-cultivated-meat-startup-epicentre/. Supports: Korea act in force Dec 2025, centres. Type: advocacy.",Korea overtakes Singapore as APAC's cultivated meat startup epicentre,GFI APAC,21 Apr 2026,https://gfi-apac.org/korea-overtakes-singapore-as-apacs-cultivated-meat-startup-epicentre/,,advocacy,2026-09-23,Type as given: advocacy,wave1,wave1/regional/regional.md
RGN-22,RGN,REGIONAL,"GFI APAC. ""How governments are supporting sustainable protein research in APAC"" (undated, about 2022). https://gfi-apac.org/how-governments-are-supporting-sustainable-protein-research-in-apac/. Supports: funding amounts (older; flag currency). Type: advocacy.",How governments are supporting sustainable protein research in APAC,GFI APAC,undated,https://gfi-apac.org/how-governments-are-supporting-sustainable-protein-research-in-apac/,,advocacy,2026-09-23,Type as given: advocacy,wave1,wave1/regional/regional.md
RGN-23,RGN,REGIONAL,"GFI APAC. ""China repurposing pharma mega-factories to make novel foods, GFI report reveals,"" 29 Jul 2026. https://gfi-apac.org/china-repurposing-pharma-mega-factories-to-make-novel-foods-gfi-report-reveals/. Supports: Chinese capacity. Type: advocacy.","China repurposing pharma mega-factories to make novel foods, GFI report reveals",GFI APAC,29 Jul 2026,https://gfi-apac.org/china-repurposing-pharma-mega-factories-to-make-novel-foods-gfi-report-reveals/,,advocacy,2026-09-23,Type as given: advocacy,wave1,wave1/regional/regional.md
RGN-24,RGN,REGIONAL,"van der Kley, D. ""China Biomanufacturing Study Report."" GFI APAC, 31 Jul 2026. https://gfi-apac.org/wp-content/uploads/2026/07/China-Biomanufacturing-Study-Report-31-July.pdf. Supports: CDMOs, capacities, IP terms, policy wording. Type: advocacy/research report.",China Biomanufacturing Study Report,"van der Kley, D",31 Jul 2026,https://gfi-apac.org/wp-content/uploads/2026/07/China-Biomanufacturing-Study-Report-31-July.pdf,,advocacy,2026-09-23,Type as given: advocacy/research report,wave1,wave1/regional/regional.md
RGN-25,RGN,REGIONAL,"GFI APAC. ""An Exclusive Look Inside China's 'New Proteins' Sector"" (about early 2025). https://gfi-apac.org/an-exclusive-look-inside-chinas-new-proteins-sector/. Supports: Angel Yeast 11,000 t, framework timing. Type: advocacy.",An Exclusive Look Inside China's 'New Proteins' Sector,GFI APAC,2025,https://gfi-apac.org/an-exclusive-look-inside-chinas-new-proteins-sector/,,advocacy,2026-09-23,Type as given: advocacy,wave1,wave1/regional/regional.md
RGN-26,RGN,REGIONAL,"GFI APAC. ""JUST IN: Major report unveils China's protein playbook,"" 27 Apr 2026. https://gfi-apac.org/just-in-major-report-unveils-chinas-protein-playbook-a-roadmap-for-other-nations/. Supports: context. Type: advocacy.",JUST IN: Major report unveils China's protein playbook,GFI APAC,27 Apr 2026,https://gfi-apac.org/just-in-major-report-unveils-chinas-protein-playbook-a-roadmap-for-other-nations/,,advocacy,2026-09-23,Type as given: advocacy,wave1,wave1/regional/regional.md
RGN-27,RGN,REGIONAL,"Systemiq. ""China's Food Future"" (modified 10 Sep 2026). https://www.systemiq.earth/chinas-food-future/. Supports: projections (modelled), soybean dependence. Type: consultancy.",China's Food Future,Systemiq,10 Sep 2026,https://www.systemiq.earth/chinas-food-future/,,market-research,2026-09-23,Type as given: consultancy,wave1,wave1/regional/regional.md
RGN-28,RGN,REGIONAL,"GFI APAC. ""Why Singapore's World-First Cultivated Beef and Duck Approvals Matter,"" 28 Aug 2026. https://gfi-apac.org/why-singapores-world-first-cultivated-beef-and-duck-approvals-matter/. Supports: halal paths; 22,000 L line claim. Type: advocacy.",Why Singapore's World-First Cultivated Beef and Duck Approvals Matter,GFI APAC,28 Aug 2026,https://gfi-apac.org/why-singapores-world-first-cultivated-beef-and-duck-approvals-matter/,,advocacy,2026-09-23,Type as given: advocacy,wave1,wave1/regional/regional.md
RGN-29,RGN,REGIONAL,"Green Queen. ""Aleph Farms Secures Singapore Approval for Cultivated Beef, Targets 2027 Restaurant Launch,"" 4 Aug 2026. https://www.greenqueen.com.hk/aleph-farms-lab-grown-meat-cultivated-beef-singapore-approval-launch/. Supports: partners, Thai plant. Type: press.","Aleph Farms Secures Singapore Approval for Cultivated Beef, Targets 2027 Restaurant Launch",Green Queen,4 Aug 2026,https://www.greenqueen.com.hk/aleph-farms-lab-grown-meat-cultivated-beef-singapore-approval-launch/,,press,2026-09-23,Type as given: press,wave1,wave1/regional/regional.md
RGN-30,RGN,REGIONAL,"FoodNavigator. ""Cultivated beef steak to hit Singapore food scene with historic approval,"" 4 Aug 2026. https://www.foodnavigator.com/Article/2026/08/04/cultivated-beef-steak-to-hit-singapore-food-scene-with-historic-approval/. Supports: Cell AgriTech, Penang, launch timing. Type: press.",Cultivated beef steak to hit Singapore food scene with historic approval,FoodNavigator,4 Aug 2026,https://www.foodnavigator.com/Article/2026/08/04/cultivated-beef-steak-to-hit-singapore-food-scene-with-historic-approval/,,press,2026-09-23,Type as given: press,wave1,wave1/regional/regional.md
RGN-31,RGN,REGIONAL,"Cultivated X. ""Singapore Clears Its First Cultivated Beef With Aleph Farms Approval,"" 4 Aug 2026. https://cultivated-x.com/approvals/singapore-clears-first-cultivated-beef-aleph-farms-approval/. Supports: CDMO agreement Jan 2026. Type: press.",Singapore Clears Its First Cultivated Beef With Aleph Farms Approval,Cultivated X,4 Aug 2026,https://cultivated-x.com/approvals/singapore-clears-first-cultivated-beef-aleph-farms-approval/,,press,2026-09-23,Type as given: press,wave1,wave1/regional/regional.md
RGN-32,RGN,REGIONAL,"Aleph Farms. ""Aleph Farms Submits First-Ever Application for Cultivated Meat in Thailand,"" 5 Dec 2024. https://aleph-farms.com/journals/aleph-farms-submits-first-ever-application-for-cultivated-meat-in-thailand/. Supports: Thai filing, BIOTEC role, Thai Union, BBGI, Fermbox. Type: company.",Aleph Farms Submits First-Ever Application for Cultivated Meat in Thailand,Aleph Farms,5 Dec 2024,https://aleph-farms.com/journals/aleph-farms-submits-first-ever-application-for-cultivated-meat-in-thailand/,,company,2026-09-23,Type as given: company,wave1,wave1/regional/regional.md
RGN-33,RGN,REGIONAL,"Cultivated X. ""Japan Releases Draft Safety Checkpoints for Cultivated Meat and Seafood Products,"" 4 Jun 2026. https://cultivated-x.com/approvals/japan-releases-draft-safety-checkpoints-cultivated-meat-seafood-products/. Supports: CAA draft of 28 May 2026. Type: press.",Japan Releases Draft Safety Checkpoints for Cultivated Meat and Seafood Products,Cultivated X,4 Jun 2026,https://cultivated-x.com/approvals/japan-releases-draft-safety-checkpoints-cultivated-meat-seafood-products/,,press,2026-09-23,Type as given: press,wave1,wave1/regional/regional.md
RGN-34,RGN,REGIONAL,"Cultivated X. ""South Korea's Ministry of Food and Drug Safety Accepting Submissions for Cultivated Meat Approval,"" 23 Feb 2024. https://cultivated-x.com/politics-law/south-koreas-ministry-of-food-and-drug-safety-submissions-cultivated-meat-approval/. Supports: fee, review time, developers. Type: press (older than 12 months; flag).",South Korea's Ministry of Food and Drug Safety Accepting Submissions for Cultivated Meat Approval,Cultivated X,23 Feb 2024,https://cultivated-x.com/politics-law/south-koreas-ministry-of-food-and-drug-safety-submissions-cultivated-meat-approval/,,press,2026-09-23,Type as given: press (older than 12 months; flag),wave1,wave1/regional/regional.md
RGN-35,RGN,REGIONAL,"NXPO (Office of National Higher Education Science Research and Innovation Policy Council), Thailand. Biotechnology Industry Development Framework B.E. 2569-2578 (Nov 2025; uploaded Apr 2026). https://www.nxpo.or.th/th/wp-content/uploads/2026/04/%E0%B9%80%E0%B8%A5%E0%B9%88%E0%B8%A1%E0%B8%82%E0%B9%89%E0%B8%AD%E0%B9%80%E0%B8%AA%E0%B8%99%E0%B8%AD-Biotech_V.251168_final.pdf. Supports: Thai targets, budget, PF pilot plant, citation of Hawkwood. Type: gov (read via machine translation).",2569-2578 (Nov 2025; uploaded Apr 2026),"NXPO (Office of National Higher Education Science Research and Innovation Policy Council), Thailand. Biotechnology Industry Development Framework B.E",,https://www.nxpo.or.th/th/wp-content/uploads/2026/04/%E0%B9%80%E0%B8%A5%E0%B9%88%E0%B8%A1%E0%B8%82%E0%B9%89%E0%B8%AD%E0%B9%80%E0%B8%AA%E0%B8%99%E0%B8%AD-Biotech_V.251168_final.pdf,,gov/statistics,2026-09-23,Type as given: gov (read via machine translation),wave1,wave1/regional/regional.md
RGN-36,RGN,REGIONAL,"EECi. ""Biorefinery Pilot Plant."" https://www.eeci.or.th/en/infrastructures/biorefinery-pilot-plant/. Supports: 12 fermenters, 2 x 15,000 L, services. Type: gov.",Biorefinery Pilot Plant,EECi,,https://www.eeci.or.th/en/infrastructures/biorefinery-pilot-plant/,,gov/statistics,2026-09-23,Type as given: gov,wave1,wave1/regional/regional.md
RGN-37,RGN,REGIONAL,Food Innopolis. Home page. https://www.foodinnopolis.or.th/en/. Supports: pilot plant existence. Type: gov.,"Food Innopolis, home page",Food Innopolis,,https://www.foodinnopolis.or.th/en/,,gov/statistics,2026-09-23,Type as given: gov,wave1,wave1/regional/regional.md
RGN-38,RGN,REGIONAL,"BBGI Public Company Limited. Home page, SET announcement listing ""Notification of the Termination of the Biotechnology Plant Construction Project,"" 22 Sep 2026. https://www.bbgigroup.com/en/. Supports: title and date only. Type: company.",Notification of the Termination of the Biotechnology Plant Construction Project,"BBGI Public Company Limited. Home page, SET announcement listing",22 Sep 2026,https://www.bbgigroup.com/en/,,company,2026-09-23,Type as given: company,wave1,wave1/regional/regional.md
RGN-39,RGN,REGIONAL,Fermbox Bio. Home page. https://www.fermbox.bio/. Supports: company is India/US-based. Type: company.,"Fermbox Bio, home page",Fermbox Bio,,https://www.fermbox.bio/,,company,2026-09-23,Type as given: company,wave1,wave1/regional/regional.md
RGN-40,RGN,REGIONAL,"Solar Foods. News page. https://solarfoods.com/news/. Supports: Ajinomoto launches, Factory 02, US GRAS notification (Sep 2025). Type: company.","Solar Foods, news page",Solar Foods,,https://solarfoods.com/news/,,company,2026-09-23,Type as given: company,wave1,wave1/regional/regional.md
RGN-41,RGN,REGIONAL,Synonym (now Roebling). Home page. https://www.synonym.bio/. Supports: capacity tool status. Type: company.,"Synonym (now Roebling), home page",Synonym (now Roebling),,https://www.synonym.bio/,,company,2026-09-23,Type as given: company,wave1,wave1/regional/regional.md
RGN-42,RGN,REGIONAL,Liberation Bioindustries. Home page. https://liberation.bio/. Supports: rebrand June 2025; open to customers. Type: company.,"Liberation Bioindustries, home page",Liberation Bioindustries,,https://liberation.bio/,,company,2026-09-23,Type as given: company,wave1,wave1/regional/regional.md
RGN-43,RGN,REGIONAL,"GFI. ""Alternative proteins: State of global policy"" (2025 edition). https://gfi.org/resource/alternative-proteins-state-of-global-policy/. Supports: China SDIC ~USD 1 bn; Korea applications. Type: advocacy.",Alternative proteins: State of global policy,GFI,2025,https://gfi.org/resource/alternative-proteins-state-of-global-policy/,,advocacy,2026-09-23,Type as given: advocacy,wave1,wave1/regional/regional.md
RGN-44,RGN,REGIONAL,"GFI APAC. ""Spotlight: Singapore Food Agency's regulatory leadership."" https://gfi-apac.org/spotlight-singapore-food-agencys-regulatory-leadership/. Supports: FRESH, MOUs, FAO work. Type: advocacy.",Spotlight: Singapore Food Agency's regulatory leadership,GFI APAC,,https://gfi-apac.org/spotlight-singapore-food-agencys-regulatory-leadership/,,advocacy,2026-09-23,Type as given: advocacy,wave1,wave1/regional/regional.md
RGN-45,RGN,REGIONAL,"World Bank WITS (UN Comtrade). Vietnam imports HS 350400, 2023. https://wits.worldbank.org/trade/comtrade/en/country/VNM/year/2023/tradeflow/Imports/partner/ALL/product/350400. Type: statistics.",World Bank WITS (UN Comtrade),Vietnam imports HS 3504,2023,https://wits.worldbank.org/trade/comtrade/en/country/VNM/year/2023/tradeflow/Imports/partner/ALL/product/350400,,gov/statistics,2026-09-23,"Type as given: statistics | Same URL as COST-36, FORM-04",wave1,wave1/regional/regional.md
RGN-46,RGN,REGIONAL,"World Bank WITS. Vietnam imports HS 210610, 2023. https://wits.worldbank.org/trade/comtrade/en/country/VNM/year/2023/tradeflow/Imports/partner/ALL/product/210610. Type: statistics.",World Bank WITS,Vietnam imports HS 2106,2023,https://wits.worldbank.org/trade/comtrade/en/country/VNM/year/2023/tradeflow/Imports/partner/ALL/product/210610,,gov/statistics,2026-09-23,"Type as given: statistics | Same URL as COST-37, FORM-02",wave1,wave1/regional/regional.md
RGN-47,RGN,REGIONAL,"World Bank WITS. China exports HS 350400 by partner, 2024. https://wits.worldbank.org/trade/comtrade/en/country/CHN/year/2024/tradeflow/Exports/partner/ALL/product/350400. Type: statistics.",World Bank WITS,China exports HS 350400 by partner,2024,https://wits.worldbank.org/trade/comtrade/en/country/CHN/year/2024/tradeflow/Exports/partner/ALL/product/350400,,gov/statistics,2026-09-23,Type as given: statistics,wave1,wave1/regional/regional.md
RGN-48,RGN,REGIONAL,"World Bank WITS. China exports HS 350400 by partner, 2023. https://wits.worldbank.org/trade/comtrade/en/country/CHN/year/2023/tradeflow/Exports/partner/ALL/product/350400. Type: statistics.",World Bank WITS,China exports HS 350400 by partner,2023,https://wits.worldbank.org/trade/comtrade/en/country/CHN/year/2023/tradeflow/Exports/partner/ALL/product/350400,,gov/statistics,2026-09-23,Type as given: statistics | Same URL as FORM-06,wave1,wave1/regional/regional.md
RGN-49,RGN,REGIONAL,"World Bank WITS. China exports HS 210610 by partner, 2024. https://wits.worldbank.org/trade/comtrade/en/country/CHN/year/2024/tradeflow/Exports/partner/ALL/product/210610. Type: statistics.",World Bank WITS,China exports HS 210610 by partner,2024,https://wits.worldbank.org/trade/comtrade/en/country/CHN/year/2024/tradeflow/Exports/partner/ALL/product/210610,,gov/statistics,2026-09-23,Type as given: statistics,wave1,wave1/regional/regional.md
RGN-50,RGN,REGIONAL,"World Bank WITS. China exports HS 210610 by partner, 2023. https://wits.worldbank.org/trade/comtrade/en/country/CHN/year/2023/tradeflow/Exports/partner/ALL/product/210610. Type: statistics.",World Bank WITS,China exports HS 210610 by partner,2023,https://wits.worldbank.org/trade/comtrade/en/country/CHN/year/2023/tradeflow/Exports/partner/ALL/product/210610,,gov/statistics,2026-09-23,Type as given: statistics | Same URL as FORM-05,wave1,wave1/regional/regional.md
RGN-51,RGN,REGIONAL,"World Bank WITS. China imports HS 110814 (cassava starch) by partner, 2024. https://wits.worldbank.org/trade/comtrade/en/country/CHN/year/2024/tradeflow/Imports/partner/ALL/product/110814. Type: statistics.",World Bank WITS,China imports HS 110814 (cassava starch) by partner,2024,https://wits.worldbank.org/trade/comtrade/en/country/CHN/year/2024/tradeflow/Imports/partner/ALL/product/110814,,gov/statistics,2026-09-23,Type as given: statistics,wave1,wave1/regional/regional.md
RGN-52,RGN,REGIONAL,"World Bank WITS. China imports HS 071410 (cassava) by partner, 2024. https://wits.worldbank.org/trade/comtrade/en/country/CHN/year/2024/tradeflow/Imports/partner/ALL/product/071410. Type: statistics.",World Bank WITS,China imports HS 071410 (cassava) by partner,2024,https://wits.worldbank.org/trade/comtrade/en/country/CHN/year/2024/tradeflow/Imports/partner/ALL/product/071410,,gov/statistics,2026-09-23,Type as given: statistics,wave1,wave1/regional/regional.md
RGN-53,RGN,REGIONAL,"World Bank WITS. Vietnam exports HS 110814 by partner, 2023. https://wits.worldbank.org/trade/comtrade/en/country/VNM/year/2023/tradeflow/Exports/partner/ALL/product/110814. Type: statistics.",World Bank WITS,Vietnam exports HS 110814 by partner,2023,https://wits.worldbank.org/trade/comtrade/en/country/VNM/year/2023/tradeflow/Exports/partner/ALL/product/110814,,gov/statistics,2026-09-23,Type as given: statistics,wave1,wave1/regional/regional.md
RGN-54,RGN,REGIONAL,"World Bank WITS. China imports HS 350510 (dextrins, modified starch) by partner, 2024. https://wits.worldbank.org/trade/comtrade/en/country/CHN/year/2024/tradeflow/Imports/partner/ALL/product/350510. Type: statistics.",World Bank WITS,"China imports HS 350510 (dextrins, modified starch) by partner",2024,https://wits.worldbank.org/trade/comtrade/en/country/CHN/year/2024/tradeflow/Imports/partner/ALL/product/350510,,gov/statistics,2026-09-23,Type as given: statistics,wave1,wave1/regional/regional.md
RGN-55,RGN,REGIONAL,"World Bank WITS. China imports HS 170230 (glucose) by partner, 2024. https://wits.worldbank.org/trade/comtrade/en/country/CHN/year/2024/tradeflow/Imports/partner/ALL/product/170230. Type: statistics.",World Bank WITS,China imports HS 170230 (glucose) by partner,2024,https://wits.worldbank.org/trade/comtrade/en/country/CHN/year/2024/tradeflow/Imports/partner/ALL/product/170230,,gov/statistics,2026-09-23,Type as given: statistics,wave1,wave1/regional/regional.md
RGN-56,RGN,REGIONAL,"Sun, H., Jiang, Z., Chen, Z. et al. (2024). ""Effects of fermented unconventional protein feed on pig production in China."" Frontiers in Veterinary Science 11. https://doi.org/10.3389/fvets.2024.1446233. Supports: MARA 2021 plan naming SCP. Type: peer-reviewed (review).",Effects of fermented unconventional protein feed on pig production in China,"Sun, H., Jiang, Z., Chen, Z. et al",2024,https://doi.org/10.3389/fvets.2024.1446233,10.3389/fvets.2024.1446233,peer-reviewed,2026-09-23,Type as given: peer-reviewed (review),wave1,wave1/regional/regional.md
RGN-57,RGN,REGIONAL,"Chen, X., Zheng, A., Shoaib, A. et al. (2024). ""Evaluation of Clostridium autoethanogenum protein as a new protein source for broiler chickens in replacement of soybean meal."" Animal Bioscience 37(7), 1236-1245. https://doi.org/10.5713/ab.23.0419. Supports: CAP from steel-mill gas used as feed protein in China. Type: peer-reviewed.",Evaluation of Clostridium autoethanogenum protein as a new protein source for broiler chickens in replacement of soybean meal,"Chen, X., Zheng, A., Shoaib, A. et al",2024,https://doi.org/10.5713/ab.23.0419,10.5713/ab.23.0419,peer-reviewed,2026-09-23,Type as given: peer-reviewed,wave1,wave1/regional/regional.md
RGN-58,RGN,REGIONAL,"Wikipedia. ""Thai Union Group."" https://en.wikipedia.org/wiki/Thai_Union_Group. Supports: Vietnam subsidiary (Yueh Chyang). Type: encyclopedia (secondary).",Thai Union Group,Wikipedia,,https://en.wikipedia.org/wiki/Thai_Union_Group,,other,2026-09-23,Type as given: encyclopedia (secondary),wave1,wave1/regional/regional.md
RGN-59,RGN,REGIONAL,"AltProtein Vietnam field retail audit, Nha Trang, 6 to 22 Sep 2026 (research/field/product_log.csv, 186 SKUs). Supports: origin mix of products on shelf. Type: primary field data (convenience sample).","AltProtein Vietnam field retail audit, Nha Trang, 6 to 22 Sep 2026 (research/field/product_log.csv, 186 SKUs)",,22 Sep 2026,,,other,2026-09-23,"Same dataset as FORM-01. The date range and ""Nha Trang"" label in this citation are the agent's wording; the audit covers Nha Trang (6 Sep 2026) and Ho Chi Minh City (16 and 20 Sep 2026). | Type as given: primary field data (convenience sample)",wave1,wave1/regional/regional.md
RGN-60,RGN,REGIONAL,Ajinomoto Vietnam. Home page. https://www.ajinomoto.com.vn/. Supports: product lines incl. feed ingredients. Type: company.,"Ajinomoto Vietnam, home page",Ajinomoto Vietnam,,https://www.ajinomoto.com.vn/,,company,2026-09-23,Type as given: company,wave1,wave1/regional/regional.md
COST-01,COST,COSTS,"Ministry of Industry and Trade. Decision 1279/QD-BCT on retail electricity prices (9 May 2025). thuvienphapluat.vn. https://thuvienphapluat.vn/van-ban/Thuong-mai/Quyet-dinh-1279-QD-BCT-2025-gia-ban-dien-656047.aspx (accessed 2026-09-23). Supports: manufacturing tariff by voltage and time of use; average price 2,204.0655 VND/kWh. Type: law/gov.",Decision 1279/QD-BCT on retail electricity prices,Ministry of Industry and Trade,9 May 2025,https://thuvienphapluat.vn/van-ban/Thuong-mai/Quyet-dinh-1279-QD-BCT-2025-gia-ban-dien-656047.aspx,,law,2026-09-23,Type as given: law/gov,wave1,wave1/costs/costs.md
COST-02,COST,COSTS,"EVN. ""Bieu gia ban le dien (theo Quyet dinh so 1279/QD-BCT ngay 09/5/2025)"". https://www.evn.com.vn/d/vi-VN/news/Bieu-gia-ban-le-dien-theo-Quyet-dinh-so-1279QD-BCT-ngay-0952025-cua-Bo-Cong-Thuong-60-28-502668 (accessed 2026-09-23). Supports: tariff is current (tables are images). Type: company/gov.",Bieu gia ban le dien (theo Quyet dinh so 1279/QD-BCT ngay 09/5/2025),EVN,,https://www.evn.com.vn/d/vi-VN/news/Bieu-gia-ban-le-dien-theo-Quyet-dinh-so-1279QD-BCT-ngay-0952025-cua-Bo-Cong-Thuong-60-28-502668,,company,2026-09-23,Type as given: company/gov,wave1,wave1/costs/costs.md
COST-03,COST,COSTS,"VietNamNet. ""Khung gio cao diem moi: Gia dien buoi toi cao nhat len toi 5.422 dong/kWh"" (2026). https://vietnamnet.vn/khung-gio-cao-diem-moi-gia-dien-buoi-toi-cao-nhat-len-toi-5-422-dong-kwh-2509697.html (accessed 2026-09-23). Supports: Decision 963 time windows from 22 Apr 2026; business and <6 kV tariffs. Type: press.",Khung gio cao diem moi: Gia dien buoi toi cao nhat len toi 5.422 dong/kWh,VietNamNet,2026,https://vietnamnet.vn/khung-gio-cao-diem-moi-gia-dien-buoi-toi-cao-nhat-len-toi-5-422-dong-kwh-2509697.html,,press,2026-09-23,Type as given: press,wave1,wave1/costs/costs.md
COST-04,COST,COSTS,"Nguoi Dua Tin. ""EVN dieu chinh gia dien giam tu 1% hoac tang tu 2% phai xin y kien"" (11 Jul 2026). https://www.nguoiduatin.vn/evn-dieu-chinh-gia-dien-giam-duoi-1-hoac-tang-tu-2-phai-xin-y-kien-204260711090206726.htm (accessed 2026-09-23). Supports: Decree 278/2026; average price still 2,204 VND/kWh. Type: press.",EVN dieu chinh gia dien giam tu 1% hoac tang tu 2% phai xin y kien,Nguoi Dua Tin,11 Jul 2026,https://www.nguoiduatin.vn/evn-dieu-chinh-gia-dien-giam-duoi-1-hoac-tang-tu-2-phai-xin-y-kien-204260711090206726.htm,,press,2026-09-23,Type as given: press,wave1,wave1/costs/costs.md
COST-05,COST,COSTS,"Tap chi Cong Thuong. ""Thi diem ap dung gia dien hai thanh phan tu 1/1/2026"". https://tapchicongthuong.vn/thi-diem-ap-dung-gia-dien-hai-thanh-phan-tu-1-1-2026-218800.htm (accessed 2026-09-23). Supports: two-part tariff pilot and shadow billing. Type: press (MOIT journal).",Thi diem ap dung gia dien hai thanh phan tu 1/1/2026,Tap chi Cong Thuong,1/1/2026,https://tapchicongthuong.vn/thi-diem-ap-dung-gia-dien-hai-thanh-phan-tu-1-1-2026-218800.htm,,press,2026-09-23,Type as given: press (MOIT journal),wave1,wave1/costs/costs.md
COST-06,COST,COSTS,"Arcus Energy. ""Decree 57/2025: Vietnam's DPPA framework explained"". https://arcusenergyasia.com/resources/regulations/decree-57 (accessed 2026-09-23). Supports: DPPA eligibility, cost formula, worked example. Type: consultancy.",Decree 57/2025: Vietnam's DPPA framework explained,Arcus Energy,,https://arcusenergyasia.com/resources/regulations/decree-57,,market-research,2026-09-23,Type as given: consultancy,wave1,wave1/costs/costs.md
COST-07,COST,COSTS,"Baker McKenzie. ""Vietnam: Decree No. 243/2026/ND-CP, enhanced renewable energy DPPA framework"" (June 2026). https://www.bakermckenzie.com/en/insight/publications/2026/06/vietnam-decree-no-243-2026-nd-cp-enhanced-renewable-energy-dppa-framework (accessed 2026-09-23). Supports: Decree 243/2026 amendments. Type: law firm.","Vietnam: Decree No. 243/2026/ND-CP, enhanced renewable energy DPPA framework",Baker McKenzie,June 2026,https://www.bakermckenzie.com/en/insight/publications/2026/06/vietnam-decree-no-243-2026-nd-cp-enhanced-renewable-energy-dppa-framework,,other,2026-09-23,Type as given: law firm,wave1,wave1/costs/costs.md
COST-08,COST,COSTS,"Department of Climate Change (MONRE, now MAE). Official Letter 1726/BDKH-PTCBT announcing the 2023 grid emission factor (3 Dec 2024). luatvietnam.vn. https://luatvietnam.vn/dien-luc/cong-van-1726-bdkh-ptcbt-2024-cong-bo-ket-qua-he-so-phat-thai-luoi-dien-viet-nam-425131-d6.html (accessed 2026-09-23). Supports: 0.6592 tCO2/MWh. Type: gov.","Department of Climate Change (MONRE, now MAE)",,3 Dec 2024,https://luatvietnam.vn/dien-luc/cong-van-1726-bdkh-ptcbt-2024-cong-bo-ket-qua-he-so-phat-thai-luoi-dien-viet-nam-425131-d6.html,,gov/statistics,2026-09-23,Type as given: gov,wave1,wave1/costs/costs.md
COST-09,COST,COSTS,"QUACERT. ""Uoc tinh he so phat thai khi nha kinh cua luoi dien Viet Nam 2025"" (Jan 2026). https://quacert.gov.vn/tin-tuc/chi-tiet/2635 (accessed 2026-09-23). Supports: no official 2024/2025 factor; estimates 0.6811 and 0.6235. Type: gov-agency article (researcher estimates).",Uoc tinh he so phat thai khi nha kinh cua luoi dien Viet Nam 2025,QUACERT,Jan 2026,https://quacert.gov.vn/tin-tuc/chi-tiet/2635,,gov/statistics,2026-09-23,Type as given: gov-agency article (researcher estimates),wave1,wave1/costs/costs.md
COST-10,COST,COSTS,"Thu Vien Phap Luat. ""Bang gia nuoc sinh hoat o TPHCM 2026"" (reproducing Ben Thanh Water notice 3698/TB-CNBT-KDDVKH). https://thuvienphapluat.vn/phap-luat/bang-gia-nuoc-sinh-hoat-o-tphcm-2026-moi-nhat-chi-tiet-bang-gia-nuoc-sinh-hoat-o-tphcm-cap-nhat-nam-252032-266396.html (accessed 2026-09-23). Supports: HCMC production water 2026. Type: legal portal (secondary).",Bang gia nuoc sinh hoat o TPHCM 2026,Thu Vien Phap Luat,2026,https://thuvienphapluat.vn/phap-luat/bang-gia-nuoc-sinh-hoat-o-tphcm-2026-moi-nhat-chi-tiet-bang-gia-nuoc-sinh-hoat-o-tphcm-cap-nhat-nam-252032-266396.html,,other,2026-09-23,Type as given: legal portal (secondary),wave1,wave1/costs/costs.md
COST-11,COST,COSTS,"Xay dung Chinh sach, Phap luat (chinhphu.vn). ""Ha Noi chinh thuc tang gia nuoc sach"" (Jul 2023). https://xaydungchinhsach.chinhphu.vn/ha-noi-chinh-thuc-tang-gia-nuoc-sach-119230710150335997.htm (accessed 2026-09-23). Supports: Hanoi production water 16,000 VND/m3 from 2024. Type: gov press.",Ha Noi chinh thuc tang gia nuoc sach,"Xay dung Chinh sach, Phap luat (chinhphu.vn)",Jul 2023,https://xaydungchinhsach.chinhphu.vn/ha-noi-chinh-thuc-tang-gia-nuoc-sach-119230710150335997.htm,,press,2026-09-23,Type as given: gov press,wave1,wave1/costs/costs.md
COST-12,COST,COSTS,"BIWASE. ""Gia nuoc"". https://www.biwase.com.vn/khach-hang/gia-nuoc (accessed 2026-09-23). Supports: former Binh Duong industrial water tariffs. Type: company (state utility).",Gia nuoc,BIWASE,,https://www.biwase.com.vn/khach-hang/gia-nuoc,,company,2026-09-23,Type as given: company (state utility),wave1,wave1/costs/costs.md
COST-13,COST,COSTS,"TTTFIC Group. ""Vietnam-Singapore 2 Industrial Park (VSIP2)"". https://tttfic.com/industrial-park/vietnam-singapore-2-industrial-park-vsip2/ (accessed 2026-09-23). Supports: park water and wastewater fees (undated). Type: broker.",Vietnam-Singapore 2 Industrial Park (VSIP2),TTTFIC Group,,https://tttfic.com/industrial-park/vietnam-singapore-2-industrial-park-vsip2/,,market-research,2026-09-23,Type as given: broker,wave1,wave1/costs/costs.md
COST-14,COST,COSTS,"TTTFIC Group. ""Nam Thang Long Industrial Park, Ha Noi"". https://tttfic.com/industrial-park/nam-thang-long-industrial-park-ha-noi/ (accessed 2026-09-23). Supports: park water and wastewater fees (undated). Type: broker.","Nam Thang Long Industrial Park, Ha Noi",TTTFIC Group,,https://tttfic.com/industrial-park/nam-thang-long-industrial-park-ha-noi/,,market-research,2026-09-23,Type as given: broker,wave1,wave1/costs/costs.md
COST-15,COST,COSTS,"Thoi bao Tai chinh Viet Nam. ""Gia gas ban le thang 9/2026 tiep tuc o muc cao"". https://thoibaotaichinhvietnam.vn/gia-gas-ban-le-thang-9-2026-tiep-tuc-o-muc-cao-203233.html (accessed 2026-09-23). Supports: LPG retail prices and CP, Sep 2026. Type: press (MOF newspaper).",Gia gas ban le thang 9/2026 tiep tuc o muc cao,Thoi bao Tai chinh Viet Nam,,https://thoibaotaichinhvietnam.vn/gia-gas-ban-le-thang-9-2026-tiep-tuc-o-muc-cao-203233.html,,press,2026-09-23,Type as given: press (MOF newspaper),wave1,wave1/costs/costs.md
COST-16,COST,COSTS,"nhienlieulohoi.vn. ""Vien nen trau"" price page (updated 19 Dec 2025). https://nhienlieulohoi.vn/san-pham/vien-nen-trau/ (accessed 2026-09-23). Supports: biomass fuel list prices and calorific value. Type: supplier.",Vien nen trau,nhienlieulohoi.vn,19 Dec 2025,https://nhienlieulohoi.vn/san-pham/vien-nen-trau/,,company,2026-09-23,Type as given: supplier,wave1,wave1/costs/costs.md
COST-17,COST,COSTS,"NAAN Group. ""Gia vien nen go 2025"". https://naangroup.com/blogs/news/gia-vien-nen-go-2025 (accessed 2026-09-23). Supports: wood pellet FOB; claimed steam cost. Type: supplier blog.",Gia vien nen go 2025,NAAN Group,2025,https://naangroup.com/blogs/news/gia-vien-nen-go-2025,,company,2026-09-23,Type as given: supplier blog,wave1,wave1/costs/costs.md
COST-18,COST,COSTS,"Gas South (PGS). ""Selling price of CNG gas in the market"". https://pgs.com.vn/en/selling-price-of-cng-gas-in-the-market (accessed 2026-09-23). Supports: CNG priced per customer, indexed to FO/LPG (no price). Type: company.",Selling price of CNG gas in the market,Gas South (PGS),,https://pgs.com.vn/en/selling-price-of-cng-gas-in-the-market,,company,2026-09-23,Type as given: company,wave1,wave1/costs/costs.md
COST-19,COST,COSTS,Government of Viet Nam. Decree 293/2025/ND-CP on minimum wages (10 Nov 2025). https://thuvienphapluat.vn/van-ban/Lao-dong-Tien-luong/Nghi-dinh-293-2025-ND-CP-quy-dinh-muc-luong-toi-thieu-lao-dong-lam-viec-theo-hop-dong-lao-dong-665866.aspx (accessed 2026-09-23). Supports: 2026 regional minimum wages. Type: law.,Decree 293/2025/ND-CP on minimum wages,Government of Viet Nam,10 Nov 2025,https://thuvienphapluat.vn/van-ban/Lao-dong-Tien-luong/Nghi-dinh-293-2025-ND-CP-quy-dinh-muc-luong-toi-thieu-lao-dong-lam-viec-theo-hop-dong-lao-dong-665866.aspx,,law,2026-09-23,Type as given: law,wave1,wave1/costs/costs.md
COST-20,COST,COSTS,"National Statistics Office. ""Report socio-economic performance in second quarter and the first half of 2026"" (3 Jul 2026). https://www.nso.gov.vn/en/data-and-statistics/2026/08/report-socio-economic-performance-in-second-quarter-and-the-first-half-of-2026/ (accessed 2026-09-23). Supports: average income 9.0 M VND; CPI. Type: statistics.",Report socio-economic performance in second quarter and the first half of 2026,National Statistics Office,3 Jul 2026,https://www.nso.gov.vn/en/data-and-statistics/2026/08/report-socio-economic-performance-in-second-quarter-and-the-first-half-of-2026/,,gov/statistics,2026-09-23,Type as given: statistics,wave1,wave1/costs/costs.md
COST-21,COST,COSTS,"Cushman & Wakefield. ""Southern Key Economic Zone Industrial MarketBeat Q2 2026"". https://www.cushmanwakefield.com/en/vietnam/insights/ho-chi-minh-city-marketbeat/southern-key-economic-zone-industrial-property-markets-vietnam (accessed 2026-09-23). Supports: southern land and factory rents. Type: market research.",Southern Key Economic Zone Industrial MarketBeat Q2 2026,Cushman & Wakefield,2026,https://www.cushmanwakefield.com/en/vietnam/insights/ho-chi-minh-city-marketbeat/southern-key-economic-zone-industrial-property-markets-vietnam,,market-research,2026-09-23,Type as given: market research,wave1,wave1/costs/costs.md
COST-22,COST,COSTS,"Cushman & Wakefield. ""Northern Key Economic Zone Industrial MarketBeat Q2 2026"". https://www.cushmanwakefield.com/en/vietnam/insights/hanoi-marketbeat/industrial-marketbeat (accessed 2026-09-23). Supports: northern land and factory rents. Type: market research.",Northern Key Economic Zone Industrial MarketBeat Q2 2026,Cushman & Wakefield,2026,https://www.cushmanwakefield.com/en/vietnam/insights/hanoi-marketbeat/industrial-marketbeat,,market-research,2026-09-23,Type as given: market research,wave1,wave1/costs/costs.md
COST-23,COST,COSTS,Ministry of Construction. Decision 409/QD-BXD on construction investment rates for 2024 (11 Apr 2025). https://thuvienphapluat.vn/van-ban/Xay-dung-Do-thi/Quyet-dinh-409-QD-BXD-2025-cong-bo-suat-von-dau-tu-xay-dung-651677.aspx (accessed 2026-09-23). Supports: official cost basis exists (industrial chapter not extracted). Type: gov.,Decision 409/QD-BXD on construction investment rates for 2024,Ministry of Construction,11 Apr 2025,https://thuvienphapluat.vn/van-ban/Xay-dung-Do-thi/Quyet-dinh-409-QD-BXD-2025-cong-bo-suat-von-dau-tu-xay-dung-651677.aspx,,gov/statistics,2026-09-23,Type as given: gov,wave1,wave1/costs/costs.md
COST-24,COST,COSTS,National Assembly. Law on Value Added Tax 48/2024/QH15 (26 Nov 2024). https://thuvienphapluat.vn/van-ban/Thue-Phi-Le-Phi/Luat-Thue-gia-tri-gia-tang-2024-so-48-2024-QH15-556390.aspx (accessed 2026-09-23). Supports: feed non-taxable (Art. 5(3)); 5% and 10% rates. Type: law.,Law on Value Added Tax 48/2024/QH15,National Assembly,26 Nov 2024,https://thuvienphapluat.vn/van-ban/Thue-Phi-Le-Phi/Luat-Thue-gia-tri-gia-tang-2024-so-48-2024-QH15-556390.aspx,,law,2026-09-23,Type as given: law,wave1,wave1/costs/costs.md
COST-25,COST,COSTS,National Assembly Resolution 204/2025/QH15 and Decree 174/2025/ND-CP on VAT reduction (listing). https://thuvienphapluat.vn/page/tim-van-ban.aspx?keyword=204/2025/QH15 (accessed 2026-09-23). Supports: existence and dates of the VAT cut. Type: law (index listing only).,National Assembly Resolution 204/2025/QH15 and Decree 174/2025/ND-CP on VAT reduction (listing),,,https://thuvienphapluat.vn/page/tim-van-ban.aspx?keyword=204/2025/QH15,,law,2026-09-23,Type as given: law (index listing only),wave1,wave1/costs/costs.md
COST-26,COST,COSTS,"Vietcombank. Exchange rate table (23 Sep 2026). https://portal.vietcombank.com.vn/Usercontrols/TVPortal.TyGia/pXML.aspx (accessed 2026-09-23). Supports: USD/VND 25,800 / 26,210. Type: bank.",Exchange rate table,Vietcombank,23 Sep 2026,https://portal.vietcombank.com.vn/Usercontrols/TVPortal.TyGia/pXML.aspx,,company,2026-09-23,Type as given: bank,wave1,wave1/costs/costs.md
COST-27,COST,COSTS,"World Bank Commodity Price Data via IndexMundi. Fishmeal, Peru 65%, CIF. https://www.indexmundi.com/commodities/?commodity=fish-meal&months=24 (accessed 2026-09-23). Supports: fishmeal series to Mar 2026. Type: statistics (compiled).","Fishmeal, Peru 65%, CIF",World Bank Commodity Price Data via IndexMundi,,https://www.indexmundi.com/commodities/?commodity=fish-meal&months=24,,gov/statistics,2026-09-23,Type as given: statistics (compiled),wave1,wave1/costs/costs.md
COST-28,COST,COSTS,"World Bank via IndexMundi. Soybean meal, Argentine 45/46%, CIF Rotterdam. https://www.indexmundi.com/commodities/?commodity=soybean-meal&months=24 (accessed 2026-09-23). Type: statistics (compiled).","Soybean meal, Argentine 45/46%, CIF Rotterdam",World Bank via IndexMundi,,https://www.indexmundi.com/commodities/?commodity=soybean-meal&months=24,,gov/statistics,2026-09-23,Type as given: statistics (compiled),wave1,wave1/costs/costs.md
COST-29,COST,COSTS,"World Bank via IndexMundi. Maize, US No.2, FOB Gulf. https://www.indexmundi.com/commodities/?commodity=corn&months=24 (accessed 2026-09-23). Type: statistics (compiled).","Maize, US No.2, FOB Gulf",World Bank via IndexMundi,,https://www.indexmundi.com/commodities/?commodity=corn&months=24,,gov/statistics,2026-09-23,Type as given: statistics (compiled),wave1,wave1/costs/costs.md
COST-30,COST,COSTS,"World Bank via IndexMundi. Urea, bulk, FOB. https://www.indexmundi.com/commodities/?commodity=urea&months=24 (accessed 2026-09-23). Type: statistics (compiled).",World Bank via IndexMundi,"Urea, bulk, FOB",,https://www.indexmundi.com/commodities/?commodity=urea&months=24,,gov/statistics,2026-09-23,Type as given: statistics (compiled),wave1,wave1/costs/costs.md
COST-31,COST,COSTS,"World Bank via IndexMundi. Soybeans, US, CIF Rotterdam. https://www.indexmundi.com/commodities/?commodity=soybeans&months=24 (accessed 2026-09-23). Type: statistics (compiled).",World Bank via IndexMundi,"Soybeans, US, CIF Rotterdam",,https://www.indexmundi.com/commodities/?commodity=soybeans&months=24,,gov/statistics,2026-09-23,Type as given: statistics (compiled),wave1,wave1/costs/costs.md
COST-32,COST,COSTS,"World Bank via IndexMundi. Sugar, ISA raw. https://www.indexmundi.com/commodities/?commodity=sugar&months=24 (accessed 2026-09-23). Type: statistics (compiled).",World Bank via IndexMundi,"Sugar, ISA raw",,https://www.indexmundi.com/commodities/?commodity=sugar&months=24,,gov/statistics,2026-09-23,Type as given: statistics (compiled),wave1,wave1/costs/costs.md
COST-33,COST,COSTS,"CafeF. ""Cang thang Trung Dong: Phan bon trong nuoc tang, nong san lai giam sau"" (7 Apr 2026). https://cafef.vn/cang-thang-trung-dong-phan-bon-trong-nuoc-tang-nong-san-lai-giam-sau-chuyen-gi-dang-xay-ra-188260407222744677.chn (accessed 2026-09-23). Supports: urea, feed, paddy prices; logistics shock, Mar 2026. Type: press.","Cang thang Trung Dong: Phan bon trong nuoc tang, nong san lai giam sau",CafeF,7 Apr 2026,https://cafef.vn/cang-thang-trung-dong-phan-bon-trong-nuoc-tang-nong-san-lai-giam-sau-chuyen-gi-dang-xay-ra-188260407222744677.chn,,press,2026-09-23,Type as given: press,wave1,wave1/costs/costs.md
COST-34,COST,COSTS,"CafeF. ""Hang tram nghin tan hang tu An Do tran sang Viet Nam voi gia re ky luc..."" (20 Jul 2026). https://cafef.vn/hang-tram-nghin-tan-hang-tu-an-do-tran-sang-viet-nam-voi-gia-re-ky-luc-nuoc-ta-co-dien-tich-trong-top-30-the-gioi-van-phai-chi-tien-nhap-khau-188260720033949205.chn (accessed 2026-09-23). Supports: H1 2026 corn import volume and value by origin (customs data). Type: press.",Hang tram nghin tan hang tu An Do tran sang Viet Nam voi gia re ky luc,CafeF,20 Jul 2026,https://cafef.vn/hang-tram-nghin-tan-hang-tu-an-do-tran-sang-viet-nam-voi-gia-re-ky-luc-nuoc-ta-co-dien-tich-trong-top-30-the-gioi-van-phai-chi-tien-nhap-khau-188260720033949205.chn,,press,2026-09-23,Type as given: press,wave1,wave1/costs/costs.md
COST-35,COST,COSTS,"USDA FAS GAIN. Vietnam Oilseeds and Products Annual, VM2026-0006 (15 Apr 2026). https://apps.fas.usda.gov/newgainapi/api/Report/DownloadReportByFileName?fileName=Oilseeds%20and%20Products%20Annual_Hanoi_Vietnam_VM2026-0006.pdf (accessed 2026-09-23). Supports: SBM imports and use; live hog price. Type: gov.","Vietnam Oilseeds and Products Annual, VM2026-0006",USDA FAS GAIN,15 Apr 2026,https://apps.fas.usda.gov/newgainapi/api/Report/DownloadReportByFileName?fileName=Oilseeds%20and%20Products%20Annual_Hanoi_Vietnam_VM2026-0006.pdf,,gov/statistics,2026-09-23,Type as given: gov,wave1,wave1/costs/costs.md
COST-36,COST,COSTS,"WITS/UN Comtrade. Vietnam imports HS 350400, 2023. https://wits.worldbank.org/trade/comtrade/en/country/VNM/year/2023/tradeflow/Imports/partner/ALL/product/350400 (accessed 2026-09-23). Type: statistics.",WITS/UN Comtrade,Vietnam imports HS 3504,2023,https://wits.worldbank.org/trade/comtrade/en/country/VNM/year/2023/tradeflow/Imports/partner/ALL/product/350400,,gov/statistics,2026-09-23,"Type as given: statistics | Same URL as RGN-45, FORM-04",wave1,wave1/costs/costs.md
COST-37,COST,COSTS,"WITS/UN Comtrade. Vietnam imports HS 210610, 2023. https://wits.worldbank.org/trade/comtrade/en/country/VNM/year/2023/tradeflow/Imports/partner/ALL/product/210610 (accessed 2026-09-23). Type: statistics.",WITS/UN Comtrade,Vietnam imports HS 2106,2023,https://wits.worldbank.org/trade/comtrade/en/country/VNM/year/2023/tradeflow/Imports/partner/ALL/product/210610,,gov/statistics,2026-09-23,"Type as given: statistics | Same URL as RGN-46, FORM-02",wave1,wave1/costs/costs.md
COST-38,COST,COSTS,"WITS/UN Comtrade. Vietnam imports HS 110900, 2023. https://wits.worldbank.org/trade/comtrade/en/country/VNM/year/2023/tradeflow/Imports/partner/ALL/product/110900 (accessed 2026-09-23). Type: statistics.",WITS/UN Comtrade,Vietnam imports HS 1109,2023,https://wits.worldbank.org/trade/comtrade/en/country/VNM/year/2023/tradeflow/Imports/partner/ALL/product/110900,,gov/statistics,2026-09-23,Type as given: statistics | Same URL as FORM-03,wave1,wave1/costs/costs.md
COST-39,COST,COSTS,Bach Hoa Xanh (online). Pork category. https://www.bachhoaxanh.com/thit-heo (accessed 2026-09-23). Supports: retail pork prices. Type: retailer.,Bach Hoa Xanh (online),Pork category,,https://www.bachhoaxanh.com/thit-heo,,company,2026-09-23,Type as given: retailer,wave1,wave1/costs/costs.md
COST-40,COST,COSTS,Bach Hoa Xanh (online). Chicken category. https://www.bachhoaxanh.com/thit-ga (accessed 2026-09-23). Type: retailer.,Bach Hoa Xanh (online),Chicken category,,https://www.bachhoaxanh.com/thit-ga,,company,2026-09-23,Type as given: retailer,wave1,wave1/costs/costs.md
COST-41,COST,COSTS,Bach Hoa Xanh (online). Eggs category. https://www.bachhoaxanh.com/trung (accessed 2026-09-23). Type: retailer.,Bach Hoa Xanh (online),Eggs category,,https://www.bachhoaxanh.com/trung,,company,2026-09-23,Type as given: retailer,wave1,wave1/costs/costs.md
COST-42,COST,COSTS,"AltProtein Vietnam field audit, product log (Nha Trang 6 Sep 2026; HCMC 16 and 20 Sep 2026), file research/field/product_log.csv, records P086, P129, P130, P131, P153. Supports: tofu and analogue prices and label protein. Type: primary field data (internal).","AltProtein Vietnam field audit, product log (Nha Trang 6 Sep 2026; HCMC 16 and 20 Sep 2026), file research/field/product_log.csv, records P086, P129, P130, P131, P153",,,,,other,2026-09-23,Type as given: primary field data (internal),wave1,wave1/costs/costs.md
COST-43,COST,COSTS,"Risner D., McDonald K.A., Jones C.E. (2023). A techno-economic model of mycoprotein production: achieving price parity with beef protein. Frontiers in Sustainable Food Systems 7:1204307. https://doi.org/10.3389/fsufs.2023.1204307 (accessed 2026-09-23 via Scite full text). Type: peer-reviewed. Full text read (core sections).",A techno-economic model of mycoprotein production: achieving price parity with beef protein,"Risner D., McDonald K.A., Jones C.E",2023,https://doi.org/10.3389/fsufs.2023.1204307,10.3389/fsufs.2023.1204307,peer-reviewed,2026-09-23,Type as given: peer-reviewed,wave1,wave1/costs/costs.md
COST-44,COST,COSTS,"Vlaeminck E., Uitterhaegen E., Quataert K., et al. (2023). Single-Cell Protein Production from Industrial Off-Gas through Acetate: Techno-Economic Analysis for a Coupled Fermentation Approach. Fermentation 9(8):771. https://doi.org/10.3390/fermentation9080771 (accessed 2026-09-23 via Scite excerpts). Type: peer-reviewed. Partial read.",Single-Cell Protein Production from Industrial Off-Gas through Acetate: Techno-Economic Analysis for a Coupled Fermentation Approach,"Vlaeminck E., Uitterhaegen E., Quataert K., et al",2023,https://doi.org/10.3390/fermentation9080771,10.3390/fermentation9080771,peer-reviewed,2026-09-23,Type as given: peer-reviewed,wave1,wave1/costs/costs.md
COST-45,COST,COSTS,"Jean A.B., Brown R.C. (2024). Techno-Economic Analysis of Gas Fermentation for the Production of Single Cell Protein. Environmental Science & Technology. https://doi.org/10.1021/acs.est.3c10312 (accessed 2026-09-23, abstract only). Type: peer-reviewed.",Techno-Economic Analysis of Gas Fermentation for the Production of Single Cell Protein,"Jean A.B., Brown R.C",2024,https://doi.org/10.1021/acs.est.3c10312,10.1021/acs.est.3c10312,peer-reviewed,2026-09-23,Type as given: peer-reviewed,wave1,wave1/costs/costs.md
COST-46,COST,COSTS,"Fasihi M., Jouzi F., Tervasmaki P., et al. (2025). Global potential of sustainable single-cell protein based on variable renewable electricity. Nature Communications 16. https://doi.org/10.1038/s41467-025-56364-1 (accessed 2026-09-23, abstract and excerpts). Type: peer-reviewed.",Global potential of sustainable single-cell protein based on variable renewable electricity,"Fasihi M., Jouzi F., Tervasmaki P., et al",2025,https://doi.org/10.1038/s41467-025-56364-1,10.1038/s41467-025-56364-1,peer-reviewed,2026-09-23,Type as given: peer-reviewed,wave1,wave1/costs/costs.md
COST-47,COST,COSTS,"Humbird D. (2021). Scale-up economics for cultured meat. Biotechnology and Bioengineering 118(8):3239-3250. https://doi.org/10.1002/bit.27848 (accessed 2026-09-23, excerpts). Type: peer-reviewed.",Scale-up economics for cultured meat,Humbird D,2021,https://doi.org/10.1002/bit.27848,10.1002/bit.27848,peer-reviewed,2026-09-23,Type as given: peer-reviewed | Same URL as SCI-14 | Same DOI as SCI-14,wave1,wave1/costs/costs.md
COST-48,COST,COSTS,"Negulescu P.G., Risner D., Spang E.S., et al. (2023). Techno-economic modeling and assessment of cultivated meat: Impact of production bioreactor scale. Biotechnology and Bioengineering 120(4):1055-1067. https://doi.org/10.1002/bit.28324 (accessed 2026-09-23, truncated abstract only). Type: peer-reviewed. Not used for numbers.",Techno-economic modeling and assessment of cultivated meat: Impact of production bioreactor scale,"Negulescu P.G., Risner D., Spang E.S., et al",2023,https://doi.org/10.1002/bit.28324,10.1002/bit.28324,peer-reviewed,2026-09-23,Type as given: peer-reviewed,wave1,wave1/costs/costs.md
COST-49,COST,COSTS,"Kim S., Park K.-H., Park S.-J., et al. (2026). Cultivated Meat and the Future of Food Systems: Promise, Progress, and Challenges. Food Science & Nutrition. https://doi.org/10.1002/fsn3.71725 (accessed 2026-09-23, excerpts). Supports: secondary citation of Garrison et al. 2022 (USD 63/kg at 540 t/yr). Type: peer-reviewed review.","Cultivated Meat and the Future of Food Systems: Promise, Progress, and Challenges","Kim S., Park K.-H., Park S.-J., et al",2026,https://doi.org/10.1002/fsn3.71725,10.1002/fsn3.71725,peer-reviewed,2026-09-23,Type as given: peer-reviewed review,wave1,wave1/costs/costs.md
COST-50,COST,COSTS,"Almeida Benalcazar E., van Winden W.A., Puiman L., et al. (2025). Single Cell Protein Production From Ethanol: Model-Based Bioreactor Operation at Industrial Scale. Biotechnology and Bioengineering 122(6):1441-1460. https://doi.org/10.1002/bit.28969 (accessed 2026-09-23, excerpts). Supports: 460 kJ/mol O2; cooling water 4-8x cheaper than chilled water; 30 C vs 45 C utility choice. Type: peer-reviewed.",Single Cell Protein Production From Ethanol: Model-Based Bioreactor Operation at Industrial Scale,"Almeida Benalcazar E., van Winden W.A., Puiman L., et al",2025,https://doi.org/10.1002/bit.28969,10.1002/bit.28969,peer-reviewed,2026-09-23,Type as given: peer-reviewed,wave1,wave1/costs/costs.md
COST-51,COST,COSTS,"Davis R., Grundl N.J., Tao L., et al. (2018). Process Design and Economics for the Conversion of Lignocellulosic Biomass to Hydrocarbon Fuels and Coproducts: 2018 Biochemical Design Case Update. NREL/OSTI. https://doi.org/10.2172/1483234 (accessed 2026-09-23, excerpts). Supports: chiller 0.56 kW/TR; aerobic reactor size limits. Type: gov report.",Process Design and Economics for the Conversion of Lignocellulosic Biomass to Hydrocarbon Fuels and Coproducts: 2018 Biochemical Design Case Update,"Davis R., Grundl N.J., Tao L., et al",2018,https://doi.org/10.2172/1483234,10.2172/1483234,gov/statistics,2026-09-23,Type as given: gov report,wave1,wave1/costs/costs.md
COST-52,COST,COSTS,"Lisicar Vukusic J., Kneer A., Mosche M., et al. (2018). Turning industrial aerobic fermentation plants into thermal power stations. International Journal of Energy Research 43(1):544-551. https://doi.org/10.1002/er.4299 (accessed 2026-09-23, excerpts). Supports: about 11 MW heat from 7 x 150 m3 yeast plant. Type: peer-reviewed.",Turning industrial aerobic fermentation plants into thermal power stations,"Lisicar Vukusic J., Kneer A., Mosche M., et al",2018,https://doi.org/10.1002/er.4299,10.1002/er.4299,peer-reviewed,2026-09-23,Type as given: peer-reviewed,wave1,wave1/costs/costs.md
COST-53,COST,COSTS,Solar Foods Oyj. Investor pages and Half-year Report H1 2026 (11 Aug 2026). https://investors.solarfoods.com/files/documents/solar-foods-half-year-report-2026.pdf and https://solarfoods.com/investors/ (accessed 2026-09-23). Supports: Factory 01 max 160 t/yr; Factory 02 funding EUR 77.8 M; FID planned 2026. Type: company.,Investor pages and Half-year Report H1 2026,Solar Foods Oyj,11 Aug 2026,https://investors.solarfoods.com/files/documents/solar-foods-half-year-report-2026.pdf,,company,2026-09-23,Type as given: company | Other URLs: https://solarfoods.com/investors/,wave1,wave1/costs/costs.md
COST-54,COST,COSTS,"Liberation Bioindustries. Press releases, GlobeNewswire (2 Jun 2025; 15 Jan 2026). https://www.globenewswire.com/news-release/2025/06/02/3091930/0/en/Liberation-Labs-is-Now-Liberation-Bioindustries.html and https://www.globenewswire.com/news-release/2026/01/15/3220039/0/en/Liberation-Bioindustries-Announces-New-Roles-for-Founders.html (accessed 2026-09-23). Supports: 600,000 L Richmond plant, 2026 start. Type: company.","Press releases, GlobeNewswire (2 Jun 2025; 15 Jan 2026)",Liberation Bioindustries,,https://www.globenewswire.com/news-release/2025/06/02/3091930/0/en/Liberation-Labs-is-Now-Liberation-Bioindustries.html,,company,2026-09-23,Type as given: company | Other URLs: https://www.globenewswire.com/news-release/2026/01/15/3220039/0/en/Liberation-Bioindustries-Announces-New-Roles-for-Founders.html,wave1,wave1/costs/costs.md
COST-55,COST,COSTS,"Wikipedia. ""Calysta"" (citing SeafoodSource 2022 and 2016-2017 press). https://en.wikipedia.org/wiki/Calysta (accessed 2026-09-23). Supports: Chongqing 20,000 t/yr; Teesside GBP 30 M. Type: tertiary.",Calysta,Wikipedia,,https://en.wikipedia.org/wiki/Calysta,,other,2026-09-23,Type as given: tertiary,wave1,wave1/costs/costs.md
COST-56,COST,COSTS,"Jarunglumlert T., Chantanuson R., Hayashi R., et al. (2023). Techno-economic assessment of plant-based meat analogue produced by the freeze alignment technique. Future Foods 8:100269. https://doi.org/10.1016/j.fufo.2023.100269 (not read; no text available). Type: peer-reviewed (lead).",Techno-economic assessment of plant-based meat analogue produced by the freeze alignment technique,"Jarunglumlert T., Chantanuson R., Hayashi R., et al",2023,https://doi.org/10.1016/j.fufo.2023.100269,10.1016/j.fufo.2023.100269,peer-reviewed,2026-09-23,Type as given: peer-reviewed (lead) | Access problem noted in citation,wave1,wave1/costs/costs.md
FORM-01,FORM,FORMULATION,"AltProtein Vietnam retail field audit, Nha Trang (6 Sep 2026) and HCMC (16 and 20 Sep 2026). Product log (186 SKUs), store log (11 stores) and collector notes, with collector OSINT links embedded per row. Field observations (primary data). Accessed 2026-09-23. Supports all SKU-level findings. Type: primary field data.","AltProtein Vietnam retail field audit, Nha Trang 6 Sep 2026 and Ho Chi Minh City 16 and 20 Sep 2026, 186 SKUs, 11 stores",AltProtein Vietnam,6 to 20 Sep 2026,,,other,2026-09-23,Primary field data (convenience sample). Files: working-papers/field/product_log.csv and store_log.csv; cleaned in data/retail_audit_skus.csv. Type as given: primary field data,wave1,wave1/formulation/formulation.md
FORM-02,FORM,FORMULATION,"World Bank WITS / UN Comtrade, ""Vietnam Protein concentrates and textured protein subst imports by country, 2023"" (HS 210610). https://wits.worldbank.org/trade/comtrade/en/country/VNM/year/2023/tradeflow/Imports/partner/ALL/product/210610. Accessed 2026-09-23. Import values by partner; quantities imputed. Type: gov/statistics.","Vietnam Protein concentrates and textured protein subst imports by country, 2023",World Bank WITS / UN Comtrade,2023,https://wits.worldbank.org/trade/comtrade/en/country/VNM/year/2023/tradeflow/Imports/partner/ALL/product/210610,,gov/statistics,2026-09-23,"Type as given: gov/statistics | Same URL as RGN-46, COST-37",wave1,wave1/formulation/formulation.md
FORM-03,FORM,FORMULATION,"World Bank WITS / UN Comtrade, ""Vietnam Wheat gluten imports by country, 2023"" (HS 110900). https://wits.worldbank.org/trade/comtrade/en/country/VNM/year/2023/tradeflow/Imports/partner/ALL/product/110900. Accessed 2026-09-23. Gluten import values and origins. Type: gov/statistics.","Vietnam Wheat gluten imports by country, 2023",World Bank WITS / UN Comtrade,2023,https://wits.worldbank.org/trade/comtrade/en/country/VNM/year/2023/tradeflow/Imports/partner/ALL/product/110900,,gov/statistics,2026-09-23,Type as given: gov/statistics | Same URL as COST-38,wave1,wave1/formulation/formulation.md
FORM-04,FORM,FORMULATION,"World Bank WITS / UN Comtrade, ""Vietnam imports of HS 350400 (peptones and other protein substances) by country, 2023"". https://wits.worldbank.org/trade/comtrade/en/country/VNM/year/2023/tradeflow/Imports/partner/ALL/product/350400. Accessed 2026-09-23. SPI-inclusive code. Type: gov/statistics.","Vietnam imports of HS 350400 (peptones and other protein substances) by country, 2023",World Bank WITS / UN Comtrade,2023,https://wits.worldbank.org/trade/comtrade/en/country/VNM/year/2023/tradeflow/Imports/partner/ALL/product/350400,,gov/statistics,2026-09-23,"Type as given: gov/statistics | Same URL as RGN-45, COST-36",wave1,wave1/formulation/formulation.md
FORM-05,FORM,FORMULATION,"World Bank WITS / UN Comtrade, ""China Protein concentrates and textured protein subst exports by country, 2023"" (HS 210610). https://wits.worldbank.org/trade/comtrade/en/country/CHN/year/2023/tradeflow/Exports/partner/ALL/product/210610. Accessed 2026-09-23. Mirror tonnage to Vietnam (7,957 t). Type: gov/statistics.","China Protein concentrates and textured protein subst exports by country, 2023",World Bank WITS / UN Comtrade,2023,https://wits.worldbank.org/trade/comtrade/en/country/CHN/year/2023/tradeflow/Exports/partner/ALL/product/210610,,gov/statistics,2026-09-23,Type as given: gov/statistics | Same URL as RGN-50,wave1,wave1/formulation/formulation.md
FORM-06,FORM,FORMULATION,"World Bank WITS / UN Comtrade, ""China exports of HS 350400 by country, 2023"". https://wits.worldbank.org/trade/comtrade/en/country/CHN/year/2023/tradeflow/Exports/partner/ALL/product/350400. Accessed 2026-09-23. Mirror tonnage to Vietnam (10,028 t). Type: gov/statistics.","China exports of HS 350400 by country, 2023",World Bank WITS / UN Comtrade,2023,https://wits.worldbank.org/trade/comtrade/en/country/CHN/year/2023/tradeflow/Exports/partner/ALL/product/350400,,gov/statistics,2026-09-23,Type as given: gov/statistics | Same URL as RGN-48,wave1,wave1/formulation/formulation.md
FORM-07,FORM,FORMULATION,"World Bank WITS / UN Comtrade, ""China Wheat gluten exports by country, 2023"" (HS 110900). https://wits.worldbank.org/trade/comtrade/en/country/CHN/year/2023/tradeflow/Exports/partner/ALL/product/110900. Accessed 2026-09-23. Mirror tonnage to Vietnam (10,338 t). Type: gov/statistics.","China Wheat gluten exports by country, 2023",World Bank WITS / UN Comtrade,2023,https://wits.worldbank.org/trade/comtrade/en/country/CHN/year/2023/tradeflow/Exports/partner/ALL/product/110900,,gov/statistics,2026-09-23,Type as given: gov/statistics,wave1,wave1/formulation/formulation.md
FORM-08,FORM,FORMULATION,"World Bank WITS / UN Comtrade, ""Vietnam imports of HS 071331 (dried mung/black gram beans) by country, 2023"". https://wits.worldbank.org/trade/comtrade/en/country/VNM/year/2023/tradeflow/Imports/partner/ALL/product/071331. Accessed 2026-09-23. Mung bean import dependence. Type: gov/statistics.","Vietnam imports of HS 071331 (dried mung/black gram beans) by country, 2023",World Bank WITS / UN Comtrade,2023,https://wits.worldbank.org/trade/comtrade/en/country/VNM/year/2023/tradeflow/Imports/partner/ALL/product/071331,,gov/statistics,2026-09-23,Type as given: gov/statistics,wave1,wave1/formulation/formulation.md
FORM-09,FORM,FORMULATION,"USDA FAS GAIN, ""Oilseeds and Products Annual, Vietnam"" (VM2025-0011), USDA Post Hanoi, 2025. https://apps.fas.usda.gov/newgainapi/api/Report/DownloadReportByFileName?fileName=Oilseeds%20and%20Products%20Annual_Hanoi_Vietnam_VM2025-0011. Accessed 2026-09-23. Soybean production, imports, food use, origins (estimates). Type: gov/statistics.","Oilseeds and Products Annual, Vietnam",USDA FAS GAIN,2025,https://apps.fas.usda.gov/newgainapi/api/Report/DownloadReportByFileName?fileName=Oilseeds%20and%20Products%20Annual_Hanoi_Vietnam_VM2025-0011,,gov/statistics,2026-09-23,Type as given: gov/statistics,wave1,wave1/formulation/formulation.md
FORM-10,FORM,FORMULATION,"Dân Trí, ""TPHCM có tổ hợp ép dầu đậu nành quy mô hàng đầu Đông Nam Á"", 10 Dec 2025. https://dantri.com.vn/kinh-doanh/tphcm-co-to-hop-ep-dau-dau-nanh-quy-mo-hang-dau-dong-nam-a-20251210205324484.htm. Accessed 2026-09-23. VAL (Bunge-Wilmar) crush capacity 2.6 Mt/yr. Type: press.",TPHCM có tổ hợp ép dầu đậu nành quy mô hàng đầu Đông Nam Á,Dân Trí,10 Dec 2025,https://dantri.com.vn/kinh-doanh/tphcm-co-to-hop-ep-dau-dau-nanh-quy-mo-hang-dau-dong-nam-a-20251210205324484.htm,,press,2026-09-23,Type as given: press | Same URL as VCO-16,wave1,wave1/formulation/formulation.md
FORM-11,FORM,FORMULATION,"Phụ Gia Việt Mỹ (VMC Group), ""Top 3 địa chỉ phân phối đạm đậu nành uy tín chính hãng"". https://phugiavietmy.com/top-3-dia-chi-phan-phoi-dam-dau-nanh-uy-tin-chinh-hang/. Accessed 2026-09-23. China-origin SPI distribution; named distributors. Type: company.",Top 3 địa chỉ phân phối đạm đậu nành uy tín chính hãng,Phụ Gia Việt Mỹ (VMC Group),,https://phugiavietmy.com/top-3-dia-chi-phan-phoi-dam-dau-nanh-uy-tin-chinh-hang/,,company,2026-09-23,Type as given: company,wave1,wave1/formulation/formulation.md
FORM-12,FORM,FORMULATION,"TDGIMEX, ""Vital wheat gluten - gluten lúa mì - bột mì căn"". https://tdgimex.com/vital-wheat-gluten-gluten-lua-mi-bot-mi-can/. Accessed 2026-09-23. China-origin gluten for mì căn. Type: company.",Vital wheat gluten - gluten lúa mì - bột mì căn,TDGIMEX,,https://tdgimex.com/vital-wheat-gluten-gluten-lua-mi-bot-mi-can/,,company,2026-09-23,Type as given: company,wave1,wave1/formulation/formulation.md
FORM-13,FORM,FORMULATION,"VMC Group Đà Nẵng (hoachatdanang.vn), ""Gluten lúa mì Xinrui (Trung Quốc) bao 25kg"". https://hoachatdanang.vn/san-pham/gluten-lua-mi-xinrui-trung-quoc-bao-25kg-gia-tot/. Accessed 2026-09-23. China-origin gluten. Type: company.",Gluten lúa mì Xinrui (Trung Quốc) bao 25kg,VMC Group Đà Nẵng (hoachatdanang.vn),,https://hoachatdanang.vn/san-pham/gluten-lua-mi-xinrui-trung-quoc-bao-25kg-gia-tot/,,company,2026-09-23,Type as given: company,wave1,wave1/formulation/formulation.md
FORM-14,FORM,FORMULATION,"Nhân Dân, ""Trăm năm làng nghề tàu hũ ky Mỹ Hòa"", 20 Sep 2022. https://nhandan.vn/tram-nam-lang-nghe-tau-hu-ky-my-hoa-post715971.html. Accessed 2026-09-23. Tàu hũ ky craft village, imported soybeans. Type: press.",Trăm năm làng nghề tàu hũ ky Mỹ Hòa,Nhân Dân,20 Sep 2022,https://nhandan.vn/tram-nam-lang-nghe-tau-hu-ky-my-hoa-post715971.html,,press,2026-09-23,Type as given: press,wave1,wave1/formulation/formulation.md
FORM-15,FORM,FORMULATION,"An Nhiên Foods / Phạm Gia Phát, ""About us"". https://annhienfood.com.vn/pages/about-us-1. Accessed 2026-09-23. Legal entity, address, product lines, export claims. Type: company.",About us,An Nhiên Foods / Phạm Gia Phát,,https://annhienfood.com.vn/pages/about-us-1,,company,2026-09-23,Type as given: company,wave1,wave1/formulation/formulation.md
FORM-16,FORM,FORMULATION,"An Nhiên Foods, ""Sườn Non Chay Vegan Soy Pork Chops NON GMO"". https://annhienfood.com.vn/products/suon-non-chay-vegan-soy-pork-chops. Accessed 2026-09-23. Ingredients, manufacturer. Type: company.",Sườn Non Chay Vegan Soy Pork Chops NON GMO,An Nhiên Foods,,https://annhienfood.com.vn/products/suon-non-chay-vegan-soy-pork-chops,,company,2026-09-23,Type as given: company,wave1,wave1/formulation/formulation.md
FORM-17,FORM,FORMULATION,"Emart Mall, ""Sườn Non Lát Chay An Nhiên 150G"". https://emartmall.com.vn/index.php?route=product/product&product_id=20293. Accessed 2026-09-23. Ingredients, price VND 60,600. Type: retailer listing.",Sườn Non Lát Chay An Nhiên 150G,Emart Mall,,https://emartmall.com.vn/index.php?route=product/product&product_id=20293,,company,2026-09-23,Type as given: retailer listing,wave1,wave1/formulation/formulation.md
FORM-18,FORM,FORMULATION,"Chaysach.com, ""[150g] Gà viên chay An Nhiên"". https://chaysach.com/san-pham/ga-vien-chay-an-nhien-goi-150g/. Accessed 2026-09-23. Alternative recipe listing. Type: retailer listing.",[150g] Gà viên chay An Nhiên,Chaysach.com,,https://chaysach.com/san-pham/ga-vien-chay-an-nhien-goi-150g/,,company,2026-09-23,Type as given: retailer listing,wave1,wave1/formulation/formulation.md
FORM-19,FORM,FORMULATION,"AEON eShop, search ""An Nhiên"". https://aeoneshop.com/products/search/an%20nhi%C3%AAn. Accessed 2026-09-23. Current online prices for An Nhiên dried range. Type: retailer listing.",An Nhiên,"AEON eShop, search",,https://aeoneshop.com/products/search/an%20nhi%C3%AAn,,company,2026-09-23,Type as given: retailer listing,wave1,wave1/formulation/formulation.md
FORM-20,FORM,FORMULATION,"Thực phẩm chay Âu Lạc, ""Giới thiệu"" and ""Âu Lạc - Nguồn cung cấp thực phẩm chay hàng đầu Việt Nam"". https://aulac-vegan.com/gioi-thieu/ ; https://aulac-vegan.com/au-lac-nguon-cung-cap-thuc-pham-chay-hang-dau-viet-nam/. Accessed 2026-09-23. Legal name, address, product lines. Type: company.",Giới thiệu,Thực phẩm chay Âu Lạc,,https://aulac-vegan.com/gioi-thieu/,,company,2026-09-23,Type as given: company | Other URLs: https://aulac-vegan.com/au-lac-nguon-cung-cap-thuc-pham-chay-hang-dau-viet-nam/,wave1,wave1/formulation/formulation.md
FORM-21,FORM,FORMULATION,"Toplist.vn, ""Top 5 công ty sản xuất thực phẩm chay hàng đầu Việt Nam"". https://toplist.vn/top-list/cong-ty-san-xuat-thuc-pham-chay-hang-dau-viet-nam-50288.htm. Accessed 2026-09-23. Âu Lạc export claims; list of chay makers (Nutrigreenfood). Type: aggregator (low reliability).",Top 5 công ty sản xuất thực phẩm chay hàng đầu Việt Nam,Toplist.vn,,https://toplist.vn/top-list/cong-ty-san-xuat-thuc-pham-chay-hang-dau-viet-nam-50288.htm,,database,2026-09-23,Type as given: aggregator (low reliability) | Same URL as ECO-25,wave1,wave1/formulation/formulation.md
FORM-22,FORM,FORMULATION,"CJ Foods Vietnam, ""Chả giò bánh rế chay đặc biệt"". https://cjfoods.com.vn/product/cha-gio-banh-re-chay-dac-biet/. Accessed 2026-09-23. Ingredients, manufacturer. Type: company.",Chả giò bánh rế chay đặc biệt,CJ Foods Vietnam,,https://cjfoods.com.vn/product/cha-gio-banh-re-chay-dac-biet/,,company,2026-09-23,Type as given: company,wave1,wave1/formulation/formulation.md
FORM-23,FORM,FORMULATION,"CJ Foods Vietnam, ""Há cảo chay"". https://cjfoods.com.vn/product/ha-cao-chay/. Accessed 2026-09-23. Ingredients, manufacturer. Type: company.",Há cảo chay,CJ Foods Vietnam,,https://cjfoods.com.vn/product/ha-cao-chay/,,company,2026-09-23,Type as given: company,wave1,wave1/formulation/formulation.md
FORM-24,FORM,FORMULATION,"CJ Foods Vietnam homepage and ""CJ Foods Việt Nam"" page. https://cjfoods.com.vn/ ; https://cjfoods.com.vn/cj-foods-viet-nam/. Accessed 2026-09-23. Business unit of CJ CheilJedang; brand portfolio. Type: company.",CJ Foods Việt Nam,CJ Foods Vietnam homepage,,https://cjfoods.com.vn/,,company,2026-09-23,Type as given: company | Other URLs: https://cjfoods.com.vn/cj-foods-viet-nam/ | Same URL as VCO-12,wave1,wave1/formulation/formulation.md
FORM-25,FORM,FORMULATION,"Vissan Mart, ""Chả giò chay 500g"". https://vissanmart.com/cha-gio-chay-500g.html. Accessed 2026-09-23. Ingredients, manufacturer address, price VND 45,500. Type: company.",Chả giò chay 500g,Vissan Mart,,https://vissanmart.com/cha-gio-chay-500g.html,,company,2026-09-23,Type as given: company,wave1,wave1/formulation/formulation.md
FORM-26,FORM,FORMULATION,"Thoại An, ""Chả lụa ớt xiêm chay Thoại An 500g (đông lạnh)"". https://thoaian.vn/san-pham/cha-lua-ot-xiem-chay-thoai-an-500g-dong-lanh/. Accessed 2026-09-23. Ingredients (gluten 35%, skim milk powder), legal entity, factory. Type: company.",Chả lụa ớt xiêm chay Thoại An 500g (đông lạnh),Thoại An,,https://thoaian.vn/san-pham/cha-lua-ot-xiem-chay-thoai-an-500g-dong-lanh/,,company,2026-09-23,Type as given: company,wave1,wave1/formulation/formulation.md
FORM-27,FORM,FORMULATION,"Cholimex Food, ""Bánh bao chay 300g"". https://cholimexfood.com.vn/banh-bao-chay-300g/. Accessed 2026-09-23. Ingredients, factory address. Type: company.",Bánh bao chay 300g,Cholimex Food,,https://cholimexfood.com.vn/banh-bao-chay-300g/,,company,2026-09-23,Type as given: company,wave1,wave1/formulation/formulation.md
FORM-28,FORM,FORMULATION,"LC Foods, ""Chả giò chay rau nấm"". https://lcfoods.vn/san-pham/cha-gio-chay-rau-nam. Accessed 2026-09-23. TVP granule 4-7 mm; factory address. Type: company.",Chả giò chay rau nấm,LC Foods,,https://lcfoods.vn/san-pham/cha-gio-chay-rau-nam,,company,2026-09-23,Type as given: company,wave1,wave1/formulation/formulation.md
FORM-29,FORM,FORMULATION,"Co.op Online, ""Bánh cuốn chay Co.op Select 290g"". https://cooponline.vn/banh-cuon-chay-co-op-select-290g--s251008279. Accessed 2026-09-23. Ingredients, price. Type: retailer listing.",Bánh cuốn chay Co.op Select 290g,Co.op Online,,https://cooponline.vn/banh-cuon-chay-co-op-select-290g--s251008279,,company,2026-09-23,Type as given: retailer listing,wave1,wave1/formulation/formulation.md
FORM-30,FORM,FORMULATION,"Co.op Online, ""Chả giò khoai mỡ Co.op Select 450g"". https://cooponline.vn/cha-gio-khoai-mo-coop-select-450g--s250102526. Accessed 2026-09-23. Ingredients; Saigon Co.op named as manufacturer of record. Type: retailer listing.",Chả giò khoai mỡ Co.op Select 450g,Co.op Online,,https://cooponline.vn/cha-gio-khoai-mo-coop-select-450g--s250102526,,company,2026-09-23,Type as given: retailer listing,wave1,wave1/formulation/formulation.md
FORM-31,FORM,FORMULATION,"Sài Gòn Food JSC website. https://www.sgfoods.com.vn/. Accessed 2026-09-23. Legal name, factory address, Japanese partnerships. Type: company.",Sài Gòn Food JSC website,,,https://www.sgfoods.com.vn/,,company,2026-09-23,Type as given: company,wave1,wave1/formulation/formulation.md
FORM-32,FORM,FORMULATION,"AEON eShop, ""Sài Gòn Food cơm chiên chay gạo lứt 200g"". https://aeoneshop.com/product/24978/sai-gon-food-com-chien-chay-gao-lut-200g. Accessed 2026-09-23. Ingredients, price. Type: retailer listing.",Sài Gòn Food cơm chiên chay gạo lứt 200g,AEON eShop,,https://aeoneshop.com/product/24978/sai-gon-food-com-chien-chay-gao-lut-200g,,company,2026-09-23,Type as given: retailer listing,wave1,wave1/formulation/formulation.md
FORM-33,FORM,FORMULATION,Quang Ngai Sugar JSC (QNS) website. https://qns.com.vn/. Accessed 2026-09-23. Vinasoy as QNS unit; VEYO brand. Type: company.,Quang Ngai Sugar JSC (QNS) website,,,https://qns.com.vn/,,company,2026-09-23,Type as given: company,wave1,wave1/formulation/formulation.md
FORM-34,FORM,FORMULATION,"Tân Sao Bắc Á Machinery Co., Ltd, ""Dây chuyền sản xuất thực phẩm chay từ đậu nành"". https://tansaobaca.com/day-chuyen-san-xuat/day-chuyen-san-xuat-thuc-pham-chay-tu-dau-nanh.html. Accessed 2026-09-23. Chinese extrusion lines sold in Vietnam. Type: company.",Dây chuyền sản xuất thực phẩm chay từ đậu nành,"Tân Sao Bắc Á Machinery Co., Ltd",,https://tansaobaca.com/day-chuyen-san-xuat/day-chuyen-san-xuat-thuc-pham-chay-tu-dau-nanh.html,,company,2026-09-23,Type as given: company,wave1,wave1/formulation/formulation.md
FORM-35,FORM,FORMULATION,Thực phẩm chay Thanh Dũng website. https://thucphamchaythanhdung.com/. Accessed 2026-09-23. Chay maker; imported raw materials; TVP listed. Type: company.,Thực phẩm chay Thanh Dũng website,,,https://thucphamchaythanhdung.com/,,company,2026-09-23,Type as given: company,wave1,wave1/formulation/formulation.md
FORM-36,FORM,FORMULATION,"Vietnam News Agency (VNA, vnanet), ""ToFu House - Nuôi dưỡng và phát triển hạt đậu Việt"", 27 Feb 2023. https://vietnam.vnanet.vn/vietnamese/long-form/tofu-house-nuoi-duong-va-phat-trien-hat-dau-viet-325017.html. Accessed 2026-09-23. Domestic tofu maker capacity and bean sourcing. Type: press (state news agency).",ToFu House - Nuôi dưỡng và phát triển hạt đậu Việt,"Vietnam News Agency (VNA, vnanet)",27 Feb 2023,https://vietnam.vnanet.vn/vietnamese/long-form/tofu-house-nuoi-duong-va-phat-trien-hat-dau-viet-325017.html,,press,2026-09-23,Type as given: press (state news agency) | Same URL as IND-51,wave1,wave1/formulation/formulation.md
FORM-37,FORM,FORMULATION,"Le Thi Hong Hao, Nguyen Hoang Anh, Nguyen Thi Giang et al. (2024). ""Food safety knowledge and practices of vegetarian food processors in Hanoi in 2022-2023"". Vietnam Journal of Food Control 7(1): 77-88. https://doi.org/10.47866/2615-9252/vjfc.4211. Accessed 2026-09-23 (abstract via Scite). 126 vegetarian food establishments surveyed in Hanoi. Type: peer-reviewed.",Food safety knowledge and practices of vegetarian food processors in Hanoi in 2022-2023,"Le Thi Hong Hao, Nguyen Hoang Anh, Nguyen Thi Giang et al",2024,https://doi.org/10.47866/2615-9252/vjfc.4211,10.47866/2615-9252/vjfc.4211,peer-reviewed,2026-09-23,Type as given: peer-reviewed,wave1,wave1/formulation/formulation.md
FORM-38,FORM,FORMULATION,"Simple Foods, ""137 Degrees Almond Milk Original"". https://www.simplefoods.net/almondoriginal. Accessed 2026-09-23. Ingredients; brand site (country not stated on page). Type: company.",137 Degrees Almond Milk Original,Simple Foods,,https://www.simplefoods.net/almondoriginal,,company,2026-09-23,Type as given: company,wave1,wave1/formulation/formulation.md
FORM-39,FORM,FORMULATION,"Phụ Gia Việt Mỹ, ""Ứng dụng đạm đậu nành trong sản xuất thực phẩm"". https://phugiavietmy.com/ung-dung-dam-dau-nanh-trong-san-xuat-thuc-pham/. Accessed 2026-09-23. SPI applications in chay and meat products. Type: company.",Ứng dụng đạm đậu nành trong sản xuất thực phẩm,Phụ Gia Việt Mỹ,,https://phugiavietmy.com/ung-dung-dam-dau-nanh-trong-san-xuat-thuc-pham/,,company,2026-09-23,Type as given: company,wave1,wave1/formulation/formulation.md
SCI-01,SCI,SCIENCE,"Nielsen MB, Meyer AS, Arnau J. The Next Food Revolution Is Here: Recombinant Microbial Production of Milk and Egg Proteins by Precision Fermentation. Annu Rev Food Sci Technol 15:173-187 (2024; online 2023). https://doi.org/10.1146/annurev-food-072023-034256. Supports >50 g/L wording. Review.",The Next Food Revolution Is Here: Recombinant Microbial Production of Milk and Egg Proteins by Precision Fermentation,"Nielsen MB, Meyer AS, Arnau J",2024,https://doi.org/10.1146/annurev-food-072023-034256,10.1146/annurev-food-072023-034256,peer-reviewed,2026-09-23,Type as given: Review,wave2,wave2/science/science.md
SCI-02,SCI,SCIENCE,"Nielsen MB, Meyer AS, Hansen K. Enhanced Production of Bovine beta-Lactoglobulin in an Industrial Aspergillus oryzae Host. Industrial Biotechnology 22(2):131-140 (2025). https://doi.org/10.1177/15509087251398318. Full text read.",Enhanced Production of Bovine beta-Lactoglobulin in an Industrial Aspergillus oryzae Host,"Nielsen MB, Meyer AS, Hansen K",2025,https://doi.org/10.1177/15509087251398318,10.1177/15509087251398318,peer-reviewed,2026-09-23,Type as given: Full text read,wave2,wave2/science/science.md
SCI-03,SCI,SCIENCE,Shao Y et al. High-level secretory production of leghemoglobin in Pichia pastoris. Bioresource Technology 363:127884 (2022). https://doi.org/10.1016/j.biortech.2022.127884. Metadata only; value via SCI-04.,High-level secretory production of leghemoglobin in Pichia pastoris,Shao Y et al,2022,https://doi.org/10.1016/j.biortech.2022.127884,10.1016/j.biortech.2022.127884,peer-reviewed,2026-09-23,Type as given: Metadata only; value via SCI-04,wave2,wave2/science/science.md
SCI-04,SCI,SCIENCE,Tian T et al. High-level expression of leghemoglobin in Kluyveromyces marxianus by remodeling the heme metabolism pathway. Front Bioeng Biotechnol 11:1329016 (2024). https://doi.org/10.3389/fbioe.2023.1329016.,High-level expression of leghemoglobin in Kluyveromyces marxianus by remodeling the heme metabolism pathway,Tian T et al,2024,https://doi.org/10.3389/fbioe.2023.1329016,10.3389/fbioe.2023.1329016,peer-reviewed,2026-09-23,,wave2,wave2/science/science.md
SCI-05,SCI,SCIENCE,Chen H et al. Integrated Fermentation Engineering Enables High-Level Leghemoglobin Production in Kluyveromyces marxianus. Biotechnology Journal 21(5) (2026). https://doi.org/10.1002/biot.70239.,Integrated Fermentation Engineering Enables High-Level Leghemoglobin Production in Kluyveromyces marxianus,Chen H et al,2026,https://doi.org/10.1002/biot.70239,10.1002/biot.70239,peer-reviewed,2026-09-23,,wave2,wave2/science/science.md
SCI-06,SCI,SCIENCE,Aro N et al. Production of bovine beta-lactoglobulin and hen egg ovalbumin by Trichoderma reesei using precision fermentation technology. Food Research International 163:112131 (2023). https://doi.org/10.1016/j.foodres.2022.112131. Metadata only.,Production of bovine beta-lactoglobulin and hen egg ovalbumin by Trichoderma reesei using precision fermentation technology,Aro N et al,2023,https://doi.org/10.1016/j.foodres.2022.112131,10.1016/j.foodres.2022.112131,peer-reviewed,2026-09-23,Type as given: Metadata only,wave2,wave2/science/science.md
SCI-07,SCI,SCIENCE,"Mojzita D, Aro N et al. Label-free analytical characterization of brazzein produced with Trichoderma reesei. Front Bioeng Biotechnol 13:1688495 (2025). https://doi.org/10.3389/fbioe.2025.1688495.",Label-free analytical characterization of brazzein produced with Trichoderma reesei,"Mojzita D, Aro N et al",2025,https://doi.org/10.3389/fbioe.2025.1688495,10.3389/fbioe.2025.1688495,peer-reviewed,2026-09-23,,wave2,wave2/science/science.md
SCI-08,SCI,SCIENCE,Claes K et al. OPENPichia: licence-free Komagataella phaffii chassis strains and toolkit for protein expression. Nature Microbiology 9(3):864-876 (2024). https://doi.org/10.1038/s41564-023-01574-w.,OPENPichia: licence-free Komagataella phaffii chassis strains and toolkit for protein expression,Claes K et al,2024,https://doi.org/10.1038/s41564-023-01574-w,10.1038/s41564-023-01574-w,peer-reviewed,2026-09-23,,wave2,wave2/science/science.md
SCI-09,SCI,SCIENCE,EFSA FAF Panel. Safety of soy leghemoglobin from genetically modified Komagataella phaffii as a food additive. EFSA Journal 22(6) (2024). https://doi.org/10.2903/j.efsa.2024.8822. Regulatory opinion.,Safety of soy leghemoglobin from genetically modified Komagataella phaffii as a food additive,EFSA FAF Panel,2024,https://doi.org/10.2903/j.efsa.2024.8822,10.2903/j.efsa.2024.8822,gov/statistics,2026-09-23,Type as given: Regulatory opinion,wave2,wave2/science/science.md
SCI-10,SCI,SCIENCE,"Soni P, Pradhan PK, Sood N et al. Development, characterization and in vitro applications of a thymus cell line from Pangasianodon hypophthalmus. Indian J Anim Sci 93(2) (2023). https://doi.org/10.56093/ijans.v93i2.128796.","Development, characterization and in vitro applications of a thymus cell line from Pangasianodon hypophthalmus","Soni P, Pradhan PK, Sood N et al",2023,https://doi.org/10.56093/ijans.v93i2.128796,10.56093/ijans.v93i2.128796,peer-reviewed,2026-09-23,,wave2,wave2/science/science.md
SCI-11,SCI,SCIENCE,"Sathiyanarayanan A, Goswami M, Nagpure NS et al. Development and characterization of a new gill cell line from the striped catfish. Fish Physiol Biochem 48(2):367-380 (2022). https://doi.org/10.1007/s10695-022-01053-9. Metadata only.",Development and characterization of a new gill cell line from the striped catfish,"Sathiyanarayanan A, Goswami M, Nagpure NS et al",2022,https://doi.org/10.1007/s10695-022-01053-9,10.1007/s10695-022-01053-9,peer-reviewed,2026-09-23,Type as given: Metadata only,wave2,wave2/science/science.md
SCI-12,SCI,SCIENCE,"Anoop BS, Puthumana J et al. Immortalization of shrimp lymphoid cells by hybridizing with the continuous cell line Sf9 leading to the development of 'PmLyO-Sf9'. Fish Shellfish Immunol 113:196-207 (2021). https://doi.org/10.1016/j.fsi.2021.03.023. Metadata and citing snippets.",Immortalization of shrimp lymphoid cells by hybridizing with the continuous cell line Sf9 leading to the development of 'PmLyO-Sf9',"Anoop BS, Puthumana J et al",2021,https://doi.org/10.1016/j.fsi.2021.03.023,10.1016/j.fsi.2021.03.023,peer-reviewed,2026-09-23,Type as given: Metadata and citing snippets,wave2,wave2/science/science.md
SCI-13,SCI,SCIENCE,Dominic DV et al. In vitro propagation of IHHNV in PmLyO-Sf9. Research Square preprint (2022). https://doi.org/10.21203/rs.3.rs-2338415/v1. Preprint.,In vitro propagation of IHHNV in PmLyO-Sf9,Dominic DV et al,2022,https://doi.org/10.21203/rs.3.rs-2338415/v1,10.21203/rs.3.rs-2338415/v1,peer-reviewed,2026-09-23,Type as given: Preprint,wave2,wave2/science/science.md
SCI-14,SCI,SCIENCE,Humbird D. Scale-up economics for cultured meat. Biotechnol Bioeng 118(8):3239-3250 (2021). https://doi.org/10.1002/bit.27848.,Scale-up economics for cultured meat,Humbird D,2021,https://doi.org/10.1002/bit.27848,10.1002/bit.27848,peer-reviewed,2026-09-23,Same URL as COST-47 | Same DOI as COST-47,wave2,wave2/science/science.md
SCI-15,SCI,SCIENCE,Dolgin J et al. Engineered Vibrio natriegens lysate can replace multiple components of cell culture media. openRxiv preprint (2026). https://doi.org/10.64898/2026.04.09.717582. Preprint; cites Negulescu et al. 2023 (10.1002/bit.28324).,Engineered Vibrio natriegens lysate can replace multiple components of cell culture media,Dolgin J et al,2026,https://doi.org/10.64898/2026.04.09.717582,10.64898/2026.04.09.717582,peer-reviewed,2026-09-23,Type as given: Preprint; cites Negulescu et al,wave2,wave2/science/science.md
SCI-16,SCI,SCIENCE,"Pasitka L et al. Nature Food (2024), animal-free medium study. https://doi.org/10.1038/s43016-024-01022-w; companion economic analysis https://doi.org/10.1038/s43016-023-00692-2. Values via SCI-17 and a citing review.","Nature Food (2024), animal-free medium study",Pasitka L et al,2024,https://doi.org/10.1038/s43016-024-01022-w,10.1038/s43016-024-01022-w,peer-reviewed,2026-09-23,Type as given: Values via SCI-17 and a citing review,wave2,wave2/science/science.md
SCI-17,SCI,SCIENCE,Weber T et al. Fetal bovine serum: how to leave it behind. Front Toxicol 7:1612903 (2025). https://doi.org/10.3389/ftox.2025.1612903. Review.,Fetal bovine serum: how to leave it behind,Weber T et al,2025,https://doi.org/10.3389/ftox.2025.1612903,10.3389/ftox.2025.1612903,peer-reviewed,2026-09-23,Type as given: Review,wave2,wave2/science/science.md
SCI-18,SCI,SCIENCE,Karimi S et al. Evaluation of Filamentous Fungal Biomass Cultivated on Vinasse as an Alternative Nutrient Source of Fish Feed. Fermentation 5(4):99 (2019). https://doi.org/10.3390/fermentation5040099. Methods and results read.,Evaluation of Filamentous Fungal Biomass Cultivated on Vinasse as an Alternative Nutrient Source of Fish Feed,Karimi S et al,2019,https://doi.org/10.3390/fermentation5040099,10.3390/fermentation5040099,peer-reviewed,2026-09-23,Type as given: Methods and results read,wave2,wave2/science/science.md
SCI-19,SCI,SCIENCE,Frisvad JC et al. Safety of the fungal workhorses of industrial biotechnology. Appl Microbiol Biotechnol 102:9481-9515 (2018). https://doi.org/10.1007/s00253-018-9354-1. Review.,Safety of the fungal workhorses of industrial biotechnology,Frisvad JC et al,2018,https://doi.org/10.1007/s00253-018-9354-1,10.1007/s00253-018-9354-1,peer-reviewed,2026-09-23,Type as given: Review,wave2,wave2/science/science.md
SCI-20,SCI,SCIENCE,Coelho MOC et al. Ingestion of a Nucleotide-Rich Mixed Meal Increases Serum Uric Acid. Nutrients 12(4):1115 (2020). https://doi.org/10.3390/nu12041115.,Ingestion of a Nucleotide-Rich Mixed Meal Increases Serum Uric Acid,Coelho MOC et al,2020,https://doi.org/10.3390/nu12041115,10.3390/nu12041115,peer-reviewed,2026-09-23,,wave2,wave2/science/science.md
SCI-21,SCI,SCIENCE,"D'Almeida AP, de Albuquerque TL. Is It Possible to Produce Meat Without Animals? Fermentation 11(1):24 (2025). https://doi.org/10.3390/fermentation11010024. Review.",Is It Possible to Produce Meat Without Animals?,"D'Almeida AP, de Albuquerque TL",2025,https://doi.org/10.3390/fermentation11010024,10.3390/fermentation11010024,peer-reviewed,2026-09-23,Type as given: Review,wave2,wave2/science/science.md
SCI-22,SCI,SCIENCE,"Ezekiel OO, Aworh OC, du Preez JC. Cultivation of Candida utilis on Cassava Peel Hydrolysates for Single-cell Protein Production. J Food Sci Eng 2(8) (2012). https://doi.org/10.17265/2159-5828/2012.08.004. Low-tier publisher.",Cultivation of Candida utilis on Cassava Peel Hydrolysates for Single-cell Protein Production,"Ezekiel OO, Aworh OC, du Preez JC",2012,https://doi.org/10.17265/2159-5828/2012.08.004,10.17265/2159-5828/2012.08.004,peer-reviewed,2026-09-23,Type as given: Low-tier publisher,wave2,wave2/science/science.md
SCI-23,SCI,SCIENCE,Li X et al. Evaluation of Six Novel Protein Sources on Apparent Digestibility in Pacific White Shrimp. Aquaculture Nutrition 2022:8225273. https://doi.org/10.1155/2022/8225273.,Evaluation of Six Novel Protein Sources on Apparent Digestibility in Pacific White Shrimp,Li X et al,2022,https://doi.org/10.1155/2022/8225273,10.1155/2022/8225273,peer-reviewed,2026-09-23,Same URL as FM-14 | Same DOI as FM-14,wave2,wave2/science/science.md
SCI-24,SCI,SCIENCE,"Shi M et al. Chenodeoxycholic acid in a low fishmeal diet containing Clostridium autoethanogenum protein, L. vannamei. Animals 13(13):2109 (2023). https://doi.org/10.3390/ani13132109.","Chenodeoxycholic acid in a low fishmeal diet containing Clostridium autoethanogenum protein, L",Shi M et al,2023,https://doi.org/10.3390/ani13132109,10.3390/ani13132109,peer-reviewed,2026-09-23,Same URL as FM-33 | Same DOI as FM-33,wave2,wave2/science/science.md
SCI-25,SCI,SCIENCE,Santillan E et al. Microbial community-based protein derived from food-processing wastewater supports substantial fishmeal replacement in L. vannamei. openRxiv preprint (2025). https://doi.org/10.64898/2025.12.11.693825. Preprint.,Microbial community-based protein derived from food-processing wastewater supports substantial fishmeal replacement in L,Santillan E et al,2025,https://doi.org/10.64898/2025.12.11.693825,10.64898/2025.12.11.693825,peer-reviewed,2026-09-23,Type as given: Preprint,wave2,wave2/science/science.md
SCI-26,SCI,SCIENCE,Sultana S et al. Factors Affecting Yeast Digestibility and Immunostimulation in Aquatic Animals. Animals 14(19):2851 (2024). https://doi.org/10.3390/ani14192851. Review.,Factors Affecting Yeast Digestibility and Immunostimulation in Aquatic Animals,Sultana S et al,2024,https://doi.org/10.3390/ani14192851,10.3390/ani14192851,peer-reviewed,2026-09-23,Type as given: Review | Same URL as FM-32 | Same DOI as FM-32,wave2,wave2/science/science.md
SCI-27,SCI,SCIENCE,Chen Y et al. Effect of black soldier fly larvae meal on lipid and glucose metabolism of Pacific white shrimp. Br J Nutr 128(9):1674-1688 (2021). https://doi.org/10.1017/s0007114521004670.,Effect of black soldier fly larvae meal on lipid and glucose metabolism of Pacific white shrimp,Chen Y et al,2021,https://doi.org/10.1017/s0007114521004670,10.1017/s0007114521004670,peer-reviewed,2026-09-23,Same URL as FM-27 | Same DOI as FM-27,wave2,wave2/science/science.md
SCI-28,SCI,SCIENCE,EFSA NDA Panel. Safety of Wolffia globosa powder as a Novel food. EFSA Journal 19(12):6938 (2021). https://doi.org/10.2903/j.efsa.2021.6938. Regulatory opinion (abstract).,Safety of Wolffia globosa powder as a Novel food,EFSA NDA Panel,2021,https://doi.org/10.2903/j.efsa.2021.6938,10.2903/j.efsa.2021.6938,gov/statistics,2026-09-23,Type as given: Regulatory opinion (abstract),wave2,wave2/science/science.md
SCI-29,SCI,SCIENCE,EFSA NDA Panel. Safety of water lentil powder from Lemnaceae as a Novel Food. EFSA Journal 19(11):6845 (2021). https://doi.org/10.2903/j.efsa.2021.6845. Regulatory opinion.,Safety of water lentil powder from Lemnaceae as a Novel Food,EFSA NDA Panel,2021,https://doi.org/10.2903/j.efsa.2021.6845,10.2903/j.efsa.2021.6845,gov/statistics,2026-09-23,Type as given: Regulatory opinion,wave2,wave2/science/science.md
SCI-30,SCI,SCIENCE,EFSA NDA Panel. Safety of water lentil protein concentrate from Lemna gibba and Lemna minor. EFSA Journal 21(4):7903 (2023). https://doi.org/10.2903/j.efsa.2023.7903. Regulatory opinion.,Safety of water lentil protein concentrate from Lemna gibba and Lemna minor,EFSA NDA Panel,2023,https://doi.org/10.2903/j.efsa.2023.7903,10.2903/j.efsa.2023.7903,gov/statistics,2026-09-23,Type as given: Regulatory opinion,wave2,wave2/science/science.md
SCI-31,SCI,SCIENCE,Venkatachalam K et al. Wolffia globosa as an Emerging Plant-Based Protein Source. Foods 15(3):543 (2026). https://doi.org/10.3390/foods15030543. Review; EU authorisation claim unverified.,Wolffia globosa as an Emerging Plant-Based Protein Source,Venkatachalam K et al,2026,https://doi.org/10.3390/foods15030543,10.3390/foods15030543,peer-reviewed,2026-09-23,Type as given: Review; EU authorisation claim unverified,wave2,wave2/science/science.md
SCI-32,SCI,SCIENCE,European Commission. Consultation process on novel food status (web page). https://food.ec.europa.eu/food-safety/novel-food/consultation-process-novel-food-status_en. Fetched 2026-09-23; no Wolffia entry seen (listing possibly truncated). Gov.,Consultation process on novel food status (web page),European Commission,,https://food.ec.europa.eu/food-safety/novel-food/consultation-process-novel-food-status_en,,gov/statistics,2026-09-23,Type as given: Gov,wave2,wave2/science/science.md
SCI-33,SCI,SCIENCE,Mes JJ et al. Daily Intake of Lemna minor or Spinach as Vegetable. Plant Foods Hum Nutr 77:121-127 (2022). https://doi.org/10.1007/s11130-022-00952-9.,Daily Intake of Lemna minor or Spinach as Vegetable,Mes JJ et al,2022,https://doi.org/10.1007/s11130-022-00952-9,10.1007/s11130-022-00952-9,peer-reviewed,2026-09-23,,wave2,wave2/science/science.md
SCI-34,SCI,SCIENCE,Appenroth KJ et al. Nutritional Value of the Duckweed Species of the Genus Wolffia as Human Food. Front Chem 6:483 (2018). https://doi.org/10.3389/fchem.2018.00483.,Nutritional Value of the Duckweed Species of the Genus Wolffia as Human Food,Appenroth KJ et al,2018,https://doi.org/10.3389/fchem.2018.00483,10.3389/fchem.2018.00483,peer-reviewed,2026-09-23,,wave2,wave2/science/science.md
SCI-35,SCI,SCIENCE,Thongthung H et al. Chemical Composition and In Vitro Protein Digestibility of Duckweed and Feed Ingredients. Trends in Sciences 21(11):8324 (2024). https://doi.org/10.48048/tis.2024.8324.,Chemical Composition and In Vitro Protein Digestibility of Duckweed and Feed Ingredients,Thongthung H et al,2024,https://doi.org/10.48048/tis.2024.8324,10.48048/tis.2024.8324,peer-reviewed,2026-09-23,,wave2,wave2/science/science.md
SCI-36,SCI,SCIENCE,Salian A et al. Lemnaceae as a poultry feed supplement: a review. J Anim Sci Biotechnol 17 (2026). https://doi.org/10.1186/s40104-026-01415-w. Review.,Lemnaceae as a poultry feed supplement: a review,Salian A et al,2026,https://doi.org/10.1186/s40104-026-01415-w,10.1186/s40104-026-01415-w,peer-reviewed,2026-09-23,Type as given: Review,wave2,wave2/science/science.md
SCI-37,SCI,SCIENCE,Pagliuso D et al. Duckweeds as Promising Food Feedstocks Globally. Preprints.org (2022). https://doi.org/10.20944/preprints202201.0067.v1. Preprint.,Duckweeds as Promising Food Feedstocks Globally,Pagliuso D et al,2022,https://doi.org/10.20944/preprints202201.0067.v1,10.20944/preprints202201.0067.v1,peer-reviewed,2026-09-23,Type as given: Preprint,wave2,wave2/science/science.md
SCI-38,SCI,SCIENCE,Appenroth KJ et al. Nutritional value of duckweeds (Lemnaceae) as human food. Food Chemistry 217:266-273 (2017). https://doi.org/10.1016/j.foodchem.2016.08.116. Metadata only.,Nutritional value of duckweeds (Lemnaceae) as human food,Appenroth KJ et al,2017,https://doi.org/10.1016/j.foodchem.2016.08.116,10.1016/j.foodchem.2016.08.116,peer-reviewed,2026-09-23,Type as given: Metadata only,wave2,wave2/science/science.md
SCI-39,SCI,SCIENCE,"Wang Y, Tibbetts SM, McGinn PJ. Microalgae as Sources of High-Quality Protein for Human Food and Protein Supplements. Foods 10(12):3002 (2021). https://doi.org/10.3390/foods10123002. Review.",Microalgae as Sources of High-Quality Protein for Human Food and Protein Supplements,"Wang Y, Tibbetts SM, McGinn PJ",2021,https://doi.org/10.3390/foods10123002,10.3390/foods10123002,peer-reviewed,2026-09-23,Type as given: Review,wave2,wave2/science/science.md
SCI-40,SCI,SCIENCE,"Bailey HM, Fanelli NS, Stein HH. Effect of heat treatment on protein quality of rapeseed protein isolate compared with soy, whey, rice and pea proteins. J Sci Food Agric 103(14):7251-7259 (2023). https://doi.org/10.1002/jsfa.12809.","Effect of heat treatment on protein quality of rapeseed protein isolate compared with soy, whey, rice and pea proteins","Bailey HM, Fanelli NS, Stein HH",2023,https://doi.org/10.1002/jsfa.12809,10.1002/jsfa.12809,peer-reviewed,2026-09-23,,wave2,wave2/science/science.md
SCI-41,SCI,SCIENCE,"Han F, Moughan PJ et al. DIAAS of Six Cooked Chinese Pulses. Nutrients 12(12):3831 (2020). https://doi.org/10.3390/nu12123831.",DIAAS of Six Cooked Chinese Pulses,"Han F, Moughan PJ et al",2020,https://doi.org/10.3390/nu12123831,10.3390/nu12123831,peer-reviewed,2026-09-23,,wave2,wave2/science/science.md
SCI-42,SCI,SCIENCE,Shivakumar N et al. Protein-quality evaluation of complementary foods in Indian children. Am J Clin Nutr 109(5):1319-1327 (2019). https://doi.org/10.1093/ajcn/nqy265.,Protein-quality evaluation of complementary foods in Indian children,Shivakumar N et al,2019,https://doi.org/10.1093/ajcn/nqy265,10.1093/ajcn/nqy265,peer-reviewed,2026-09-23,,wave2,wave2/science/science.md
SCI-43,SCI,SCIENCE,Nichele S et al. Plant-based food patterns to stimulate muscle protein synthesis: a narrative review. Appl Physiol Nutr Metab 47(7):700-710 (2022). https://doi.org/10.1139/apnm-2021-0806. Review.,Plant-based food patterns to stimulate muscle protein synthesis: a narrative review,Nichele S et al,2022,https://doi.org/10.1139/apnm-2021-0806,10.1139/apnm-2021-0806,peer-reviewed,2026-09-23,Type as given: Review,wave2,wave2/science/science.md
SCI-44,SCI,SCIENCE,Malairuang K et al. Intensive Multiple Sequential Batch SSC of Kluyveromyces marxianus SS106 from Raw Cassava Starch. Processes 8(8):898 (2020). https://doi.org/10.3390/pr8080898.,Intensive Multiple Sequential Batch SSC of Kluyveromyces marxianus SS106 from Raw Cassava Starch,Malairuang K et al,2020,https://doi.org/10.3390/pr8080898,10.3390/pr8080898,peer-reviewed,2026-09-23,,wave2,wave2/science/science.md
SCI-45,SCI,SCIENCE,Lertwattanasakul N et al. Genetic basis of the highly efficient yeast Kluyveromyces marxianus. Biotechnol Biofuels 8:47 (2015). https://doi.org/10.1186/s13068-015-0227-x.,Genetic basis of the highly efficient yeast Kluyveromyces marxianus,Lertwattanasakul N et al,2015,https://doi.org/10.1186/s13068-015-0227-x,10.1186/s13068-015-0227-x,peer-reviewed,2026-09-23,,wave2,wave2/science/science.md
SCI-46,SCI,SCIENCE,"Wu YC, Wang LC. Evaluation of striped catfish skin responses to Aeromonas hydrophila using established skin epithelial cell line. Fish Shellfish Immunol 167:110836 (2025). https://doi.org/10.1016/j.fsi.2025.110836. Metadata only.",Evaluation of striped catfish skin responses to Aeromonas hydrophila using established skin epithelial cell line,"Wu YC, Wang LC",2025,https://doi.org/10.1016/j.fsi.2025.110836,10.1016/j.fsi.2025.110836,peer-reviewed,2026-09-23,Type as given: Metadata only,wave2,wave2/science/science.md
SCI-47,SCI,SCIENCE,"Soni P et al. Development, characterization and application of a new epithelial cell line from caudal fin of Pangasianodon hypophthalmus. Acta Tropica 182:215-222 (2018). https://doi.org/10.1016/j.actatropica.2018.03.015. Metadata only.","Development, characterization and application of a new epithelial cell line from caudal fin of Pangasianodon hypophthalmus",Soni P et al,2018,https://doi.org/10.1016/j.actatropica.2018.03.015,10.1016/j.actatropica.2018.03.015,peer-reviewed,2026-09-23,Type as given: Metadata only,wave2,wave2/science/science.md
SCI-48,SCI,SCIENCE,"Pattarayingsakul W et al. Effects of drum drying on the nutritional composition, proteomic profile, and functional properties of Wolffia globosa. J Sci Food Agric 106(4):2242-2250 (2025). https://doi.org/10.1002/jsfa.70332.","Effects of drum drying on the nutritional composition, proteomic profile, and functional properties of Wolffia globosa",Pattarayingsakul W et al,2025,https://doi.org/10.1002/jsfa.70332,10.1002/jsfa.70332,peer-reviewed,2026-09-23,,wave2,wave2/science/science.md
REG2-01,REG2,REG2,"Thông tư 16/2026/TT-BNNMT quản lý giống thủy sản, thức ăn thủy sản, sản phẩm xử lý môi trường nuôi trồng thủy sản. MAE, 9 Mar 2026. https://thuvienphapluat.vn/van-ban/Linh-vuc-khac/Thong-tu-16-2026-TT-BNNMT-quan-ly-giong-thuy-san-san-pham-xu-ly-moi-truong-nuoi-trong-thuy-san-697177.aspx . Appendix titles and structure; II.1 and II.2 entries; Art 12, 18, 19, 20. Law, read (three passes).","Thông tư 16/2026/TT-BNNMT quản lý giống thủy sản, thức ăn thủy sản, sản phẩm xử lý môi trường nuôi trồng thủy sản",MAE,9 Mar 2026,https://thuvienphapluat.vn/van-ban/Linh-vuc-khac/Thong-tu-16-2026-TT-BNNMT-quan-ly-giong-thuy-san-san-pham-xu-ly-moi-truong-nuoi-trong-thuy-san-697177.aspx,,law,2026-09-23,"Type as given: Law, read (three passes) | Same URL as REG-40",wave2,wave2/regulation2/regulation2.md
REG2-02,REG2,REG2,"Luật Thủy sản 2017 (18/2017/QH14). National Assembly, 21 Nov 2017. https://thuvienphapluat.vn/van-ban/Tai-nguyen-Moi-truong/Luat-Thuy-san-338490.aspx . Art 35(1) trial trigger. Law, read.",Luật Thủy sản 2017 (18/2017/QH14),National Assembly,21 Nov 2017,https://thuvienphapluat.vn/van-ban/Tai-nguyen-Moi-truong/Luat-Thuy-san-338490.aspx,,law,2026-09-23,"Type as given: Law, read | Same URL as REG-37",wave2,wave2/regulation2/regulation2.md
REG2-03,REG2,REG2,"Luật sửa đổi 15 Luật trong lĩnh vực Nông nghiệp và Môi trường (146/2025/QH15). National Assembly, 11 Dec 2025. https://thuvienphapluat.vn/van-ban/Tai-nguyen-Moi-truong/Luat-sua-doi-15-Luat-trong-linh-vuc-Nong-nghiep-Moi-truong-2025-146-2025-QH15-675259.aspx . Art 37 husbandry wording; fisheries amendments not visible. Law, partly read.",Luật sửa đổi 15 Luật trong lĩnh vực Nông nghiệp và Môi trường (146/2025/QH15),National Assembly,11 Dec 2025,https://thuvienphapluat.vn/van-ban/Tai-nguyen-Moi-truong/Luat-sua-doi-15-Luat-trong-linh-vuc-Nong-nghiep-Moi-truong-2025-146-2025-QH15-675259.aspx,,law,2026-09-23,"Type as given: Law, partly read | Same URL as REG-43",wave2,wave2/regulation2/regulation2.md
REG2-04,REG2,REG2,"""Vietnam Notifies Draft Law Overhauling National Food Safety Framework"". GPC Gateway, Aug 2026. https://gpcgateway.com/news/detail/vietnam-notifies-draft-law-overhauling-national-food-safety-framework/MjYxMg== . 71 articles, 8 chapters; October 2026; 1 Jan 2027; comments to 17 Aug 2026. Trade-regulatory secondary.",Vietnam Notifies Draft Law Overhauling National Food Safety Framework,GPC Gateway,Aug 2026,https://gpcgateway.com/news/detail/vietnam-notifies-draft-law-overhauling-national-food-safety-framework/MjYxMg==,,press,2026-09-23,Type as given: Trade-regulatory secondary | Same URL as REG-12,wave2,wave2/regulation2/regulation2.md
REG2-05,REG2,REG2,"Những điểm mới theo 4 chính sách trong dự thảo Luật An toàn thực phẩm sửa đổi. Báo Chính phủ, 31 Jul 2026. https://baochinhphu.vn/nhung-diem-moi-theo-4-chinh-sach-trong-du-thao-luat-an-toan-thuc-pham-sua-doi-10226073117571326.htm . Two product groups; post-market control; 10 Aug 2026 deadline. Gov press.",Những điểm mới theo 4 chính sách trong dự thảo Luật An toàn thực phẩm sửa đổi,Báo Chính phủ,31 Jul 2026,https://baochinhphu.vn/nhung-diem-moi-theo-4-chinh-sach-trong-du-thao-luat-an-toan-thuc-pham-sua-doi-10226073117571326.htm,,press,2026-09-23,Type as given: Gov press,wave2,wave2/regulation2/regulation2.md
REG2-06,REG2,REG2,"Sửa Luật An toàn thực phẩm: Đề cao trách nhiệm của cơ quan quản lý, doanh nghiệp kinh doanh thực phẩm. Báo Chính phủ, 30 Jul 2026. https://baochinhphu.vn/sua-luat-an-toan-thuc-pham-de-cao-trach-nhiem-cua-co-quan-quan-ly-doanh-nghiep-kinh-doanh-thuc-pham-102260730161009356.htm . Registration groups; rejection of registration for all packaged food; advertising ban. Gov press.","Sửa Luật An toàn thực phẩm: Đề cao trách nhiệm của cơ quan quản lý, doanh nghiệp kinh doanh thực phẩm",Báo Chính phủ,30 Jul 2026,https://baochinhphu.vn/sua-luat-an-toan-thuc-pham-de-cao-trach-nhiem-cua-co-quan-quan-ly-doanh-nghiep-kinh-doanh-thuc-pham-102260730161009356.htm,,press,2026-09-23,Type as given: Gov press,wave2,wave2/regulation2/regulation2.md
REG2-07,REG2,REG2,"Thư Viện Pháp Luật search listings: ""dự thảo Luật An toàn thực phẩm"" (Decision 1834/QĐ-BYT, 3 Jun 2025, https://thuvienphapluat.vn/van-ban/Bo-may-hanh-chinh/Quyet-dinh-1834-QD-BYT-2025-Ke-hoach-soan-thao-Luat-An-toan-thuc-pham-sua-doi-659575.aspx ) and ""nguyên liệu được phép sử dụng làm thức ăn chăn nuôi"" (Decree 211/2026, Circular 05/2021, Circular 66/2025). https://thuvienphapluat.vn/page/tim-van-ban.aspx . Instrument identification. Legal database.",dự thảo Luật An toàn thực phẩm,Thư Viện Pháp Luật search listings,3 Jun 2025,https://thuvienphapluat.vn/van-ban/Bo-may-hanh-chinh/Quyet-dinh-1834-QD-BYT-2025-Ke-hoach-soan-thao-Luat-An-toan-thuc-pham-sua-doi-659575.aspx,,database,2026-09-23,Type as given: Legal database | Other URLs: https://thuvienphapluat.vn/page/tim-van-ban.aspx,wave2,wave2/regulation2/regulation2.md
REG2-08,REG2,REG2,"Thông tư 94/2025/TT-BNNMT hướng dẫn Luật Chăn nuôi. MAE, 31 Dec 2025. https://thuvienphapluat.vn/van-ban/Linh-vuc-khac/Thong-tu-94-2025-TT-BNNMT-huong-dan-Luat-Chan-nuoi-688796.aspx . Art 18 repeal scope; no own list. Law, read.",Thông tư 94/2025/TT-BNNMT hướng dẫn Luật Chăn nuôi,MAE,31 Dec 2025,https://thuvienphapluat.vn/van-ban/Linh-vuc-khac/Thong-tu-94-2025-TT-BNNMT-huong-dan-Luat-Chan-nuoi-688796.aspx,,law,2026-09-23,"Type as given: Law, read | Same URL as REG-34",wave2,wave2/regulation2/regulation2.md
REG2-09,REG2,REG2,"Thông tư 21/2019/TT-BNNPTNT (status and Appendix VI extract), https://thuvienphapluat.vn/van-ban/Linh-vuc-khac/Thong-tu-21-2019-TT-BNNPTNT-huong-dan-Luat-Chan-nuoi-ve-thuc-an-chan-nuoi-429679.aspx ; and Thông tư 21/2024/TT-BNNPTNT (11 Dec 2024), https://thuvienphapluat.vn/van-ban/Linh-vuc-khac/Thong-tu-21-2024-TT-BNNPTNT-sua-doi-Thong-tu-22-2019-TT-BNNPTNT-huong-dan-Luat-Chan-nuoi-636939.aspx . List still in force; 21/2024 amends 22/2019. Law, read.",Thông tư 21/2019/TT-BNNPTNT (status and Appendix VI extract),,,https://thuvienphapluat.vn/van-ban/Linh-vuc-khac/Thong-tu-21-2019-TT-BNNPTNT-huong-dan-Luat-Chan-nuoi-ve-thuc-an-chan-nuoi-429679.aspx,,law,2026-09-23,"Type as given: Law, read | Other URLs: https://thuvienphapluat.vn/van-ban/Linh-vuc-khac/Thong-tu-21-2024-TT-BNNPTNT-sua-doi-Thong-tu-22-2019-TT-BNNPTNT-huong-dan-Luat-Chan-nuoi-636939.aspx | Same URL as REG-32",wave2,wave2/regulation2/regulation2.md
REG2-10,REG2,REG2,"Nghị định 211/2026/NĐ-CP quy định xử phạt vi phạm hành chính về chăn nuôi. Government, 16 Jun 2026. https://thuvienphapluat.vn/van-ban/Vi-pham-hanh-chinh/Nghi-dinh-211-2026-ND-CP-xu-phat-vi-pham-hanh-chinh-chan-nuoi-710863.aspx . Art 22 fines; effective 5 Aug 2026. Law, read.",Nghị định 211/2026/NĐ-CP quy định xử phạt vi phạm hành chính về chăn nuôi,Government,16 Jun 2026,https://thuvienphapluat.vn/van-ban/Vi-pham-hanh-chinh/Nghi-dinh-211-2026-ND-CP-xu-phat-vi-pham-hanh-chinh-chan-nuoi-710863.aspx,,law,2026-09-23,"Type as given: Law, read",wave2,wave2/regulation2/regulation2.md
REG2-11,REG2,REG2,"Nghị định 43/2026/NĐ-CP (Art 37a added to Decree 69/2010; Art 5 definition). Government, 26 Jan 2026. https://thuvienphapluat.vn/van-ban/Tai-nguyen-Moi-truong/Nghi-dinh-43-2026-ND-CP-sua-doi-cac-Nghi-dinh-trong-linh-vuc-da-dang-sinh-hoc-692586.aspx . Closed-production conditions, forms, filing. Law, read (truncated after Art 37a(4)(b)).",Nghị định 43/2026/NĐ-CP (Art 37a added to Decree 69/2010; Art 5 definition),Government,26 Jan 2026,https://thuvienphapluat.vn/van-ban/Tai-nguyen-Moi-truong/Nghi-dinh-43-2026-ND-CP-sua-doi-cac-Nghi-dinh-trong-linh-vuc-da-dang-sinh-hoc-692586.aspx,,law,2026-09-23,"Type as given: Law, read (truncated after Art 37a(4)(b)) | Same URL as REG-18",wave2,wave2/regulation2/regulation2.md
REG2-12,REG2,REG2,"Quyết định 375/QĐ-BNNMT năm 2026 công bố thủ tục hành chính mới, được sửa đổi, bổ sung, bị bãi bỏ (bảo tồn thiên nhiên và đa dạng sinh học). MAE, 29 Jan 2026. https://thuvienphapluat.vn/van-ban/Bo-may-hanh-chinh/Quyet-dinh-375-QD-BNNMT-2026-cong-bo-thu-tuc-hanh-chinh-bao-ton-thien-nhien-va-da-dang-sinh-hoc-694623.aspx . New closed-production procedure; implementing units. Administrative decision, partly read.","Quyết định 375/QĐ-BNNMT năm 2026 công bố thủ tục hành chính mới, được sửa đổi, bổ sung, bị bãi bỏ (bảo tồn thiên nhiên và đa dạng sinh học)",MAE,29 Jan 2026,https://thuvienphapluat.vn/van-ban/Bo-may-hanh-chinh/Quyet-dinh-375-QD-BNNMT-2026-cong-bo-thu-tuc-hanh-chinh-bao-ton-thien-nhien-va-da-dang-sinh-hoc-694623.aspx,,law,2026-09-23,"Type as given: Administrative decision, partly read",wave2,wave2/regulation2/regulation2.md
REG2-13,REG2,REG2,"Luật Khoa học, Công nghệ và Đổi mới sáng tạo 2025 (93/2025/QH15), Art 21 to 23. National Assembly, 27 Jun 2025. https://thuvienphapluat.vn/van-ban/Linh-vuc-khac/Luat-Khoa-hoc-Cong-nghe-va-Doi-moi-sang-tao-2025-so-93-2025-QH15-581164.aspx . Sandbox approval, duration, liability, delegation. Law, read.","Luật Khoa học, Công nghệ và Đổi mới sáng tạo 2025 (93/2025/QH15), Art 21 to 23",National Assembly,27 Jun 2025,https://thuvienphapluat.vn/van-ban/Linh-vuc-khac/Luat-Khoa-hoc-Cong-nghe-va-Doi-moi-sang-tao-2025-so-93-2025-QH15-581164.aspx,,law,2026-09-23,"Type as given: Law, read | Same URL as REG-48, RD-08",wave2,wave2/regulation2/regulation2.md
REG2-14,REG2,REG2,"Thư Viện Pháp Luật search ""thử nghiệm có kiểm soát khoa học công nghệ đổi mới sáng tạo"" (Decrees 263, 265, 267, 268/2025/ND-CP of 14 Oct 2025). https://thuvienphapluat.vn/page/tim-van-ban.aspx?keyword=th%E1%BB%AD%20nghi%E1%BB%87m%20c%C3%B3%20ki%E1%BB%83m%20so%C3%A1t%20khoa%20h%E1%BB%8Dc%20c%C3%B4ng%20ngh%E1%BB%87%20%C4%91%E1%BB%95i%20m%E1%BB%9Bi%20s%C3%A1ng%20t%E1%BA%A1o&sort=1 . Instrument identification. Legal database.",thử nghiệm có kiểm soát khoa học công nghệ đổi mới sáng tạo,Thư Viện Pháp Luật search,,https://thuvienphapluat.vn/page/tim-van-ban.aspx?keyword=th%E1%BB%AD%20nghi%E1%BB%87m%20c%C3%B3%20ki%E1%BB%83m%20so%C3%A1t%20khoa%20h%E1%BB%8Dc%20c%C3%B4ng%20ngh%E1%BB%87%20%C4%91%E1%BB%95i%20m%E1%BB%9Bi%20s%C3%A1ng%20t%E1%BA%A1o&sort=1,,database,2026-09-23,Type as given: Legal database,wave2,wave2/regulation2/regulation2.md
REG2-15,REG2,REG2,"Nghị định 268/2025/NĐ-CP hướng dẫn Luật Khoa học, công nghệ và đổi mới sáng tạo. Government, 14 Oct 2025. https://thuvienphapluat.vn/van-ban/Linh-vuc-khac/Nghi-dinh-268-2025-ND-CP-huong-dan-Luat-Khoa-hoc-cong-nghe-khuyen-khich-hoat-dong-khoa-hoc-677733.aspx . Scope; no sandbox. Law, read.","Nghị định 268/2025/NĐ-CP hướng dẫn Luật Khoa học, công nghệ và đổi mới sáng tạo",Government,14 Oct 2025,https://thuvienphapluat.vn/van-ban/Linh-vuc-khac/Nghi-dinh-268-2025-ND-CP-huong-dan-Luat-Khoa-hoc-cong-nghe-khuyen-khich-hoat-dong-khoa-hoc-677733.aspx,,law,2026-09-23,"Type as given: Law, read",wave2,wave2/regulation2/regulation2.md
REG2-16,REG2,REG2,"Thư Viện Pháp Luật search ""cơ chế thử nghiệm có kiểm soát"" (Decree 94/2025/ND-CP; Hanoi Resolution 29/2025/NQ-HĐND; Hai Phong Decision 248/2025/QĐ-UBND; Da Nang Resolution 20/2026/NQ-HĐND). https://thuvienphapluat.vn/page/tim-van-ban.aspx?keyword=c%C6%A1%20ch%E1%BA%BF%20th%E1%BB%AD%20nghi%E1%BB%87m%20c%C3%B3%20ki%E1%BB%83m%20so%C3%A1t&sort=1 . Existing sandboxes. Legal database.",cơ chế thử nghiệm có kiểm soát,Thư Viện Pháp Luật search,,https://thuvienphapluat.vn/page/tim-van-ban.aspx?keyword=c%C6%A1%20ch%E1%BA%BF%20th%E1%BB%AD%20nghi%E1%BB%87m%20c%C3%B3%20ki%E1%BB%83m%20so%C3%A1t&sort=1,,database,2026-09-23,Type as given: Legal database,wave2,wave2/regulation2/regulation2.md
REG2-17,REG2,REG2,"Quyết định 6150/QĐ-UBND năm 2025 lĩnh vực ưu tiên đăng ký thực hiện thử nghiệm có kiểm soát tại Hà Nội. Hanoi People's Committee, 11 Dec 2025. https://thuvienphapluat.vn/van-ban/Linh-vuc-khac/Quyet-dinh-6150-QD-UBND-2025-linh-vuc-uu-tien-dang-ky-thuc-hien-thu-nghiem-co-kiem-soat-Ha-Noi-684718.aspx . Priority fields incl. biotech. Provincial law, read.",Quyết định 6150/QĐ-UBND năm 2025 lĩnh vực ưu tiên đăng ký thực hiện thử nghiệm có kiểm soát tại Hà Nội,Hanoi People's Committee,11 Dec 2025,https://thuvienphapluat.vn/van-ban/Linh-vuc-khac/Quyet-dinh-6150-QD-UBND-2025-linh-vuc-uu-tien-dang-ky-thuc-hien-thu-nghiem-co-kiem-soat-Ha-Noi-684718.aspx,,law,2026-09-23,"Type as given: Provincial law, read",wave2,wave2/regulation2/regulation2.md
REG2-18,REG2,REG2,"Nghị định 320/2025/NĐ-CP hướng dẫn Luật Thuế thu nhập doanh nghiệp. Government, 15 Dec 2025. https://thuvienphapluat.vn/van-ban/Doanh-nghiep/Nghi-dinh-320-2025-ND-CP-huong-dan-Luat-Thue-thu-nhap-doanh-nghiep-665051.aspx . Art 4 exemptions; incentive chapter not rendered. Law, partly read.",Nghị định 320/2025/NĐ-CP hướng dẫn Luật Thuế thu nhập doanh nghiệp,Government,15 Dec 2025,https://thuvienphapluat.vn/van-ban/Doanh-nghiep/Nghi-dinh-320-2025-ND-CP-huong-dan-Luat-Thue-thu-nhap-doanh-nghiep-665051.aspx,,law,2026-09-23,"Type as given: Law, partly read | Access problem noted in citation",wave2,wave2/regulation2/regulation2.md
REG2-19,REG2,REG2,"Nghị định 05/2025/NĐ-CP, https://thuvienphapluat.vn/van-ban/Tai-nguyen-Moi-truong/Nghi-dinh-05-2025-ND-CP-sua-doi-Nghi-dinh-08-2022-ND-CP-huong-dan-Luat-Bao-ve-moi-truong-583551.aspx ; Nghị định 08/2022/NĐ-CP, https://thuvienphapluat.vn/van-ban/Tai-nguyen-Moi-truong/Nghi-dinh-08-2022-ND-CP-huong-dan-Luat-Bao-ve-moi-truong-479457.aspx . EIA structure; appendices not rendered. Law, partly read.",Nghị định 05/2025/NĐ-CP,,,https://thuvienphapluat.vn/van-ban/Tai-nguyen-Moi-truong/Nghi-dinh-05-2025-ND-CP-sua-doi-Nghi-dinh-08-2022-ND-CP-huong-dan-Luat-Bao-ve-moi-truong-583551.aspx,,law,2026-09-23,"Type as given: Law, partly read | Other URLs: https://thuvienphapluat.vn/van-ban/Tai-nguyen-Moi-truong/Nghi-dinh-08-2022-ND-CP-huong-dan-Luat-Bao-ve-moi-truong-479457.aspx | Access problem noted in citation",wave2,wave2/regulation2/regulation2.md
REG2-20,REG2,REG2,"WITS TRAINS API, Viet Nam MFN applied tariff, HS 210610, 2023. World Bank. https://wits.worldbank.org/API/V1/SDMX/V21/datasource/TRN/reporter/704/partner/000/product/210610/year/2023/datatype/reported . 5%. Statistics.","WITS TRAINS API, Viet Nam MFN applied tariff, HS 210610, 2023",World Bank,2023,https://wits.worldbank.org/API/V1/SDMX/V21/datasource/TRN/reporter/704/partner/000/product/210610/year/2023/datatype/reported,,gov/statistics,2026-09-23,Type as given: Statistics,wave2,wave2/regulation2/regulation2.md
REG2-21,REG2,REG2,"Nghị định 73/2025/NĐ-CP sửa đổi mức thuế suất thuế nhập khẩu ưu đãi của một số mặt hàng. Government, 31 Mar 2025. https://thuvienphapluat.vn/van-ban/Xuat-nhap-khau/Nghi-dinh-73-2025-ND-CP-sua-doi-muc-thue-suat-thue-nhap-khau-uu-dai-Nghi-dinh-26-2023-ND-CP-649748.aspx . Maize and soybean meal to 0%. Law, read.",Nghị định 73/2025/NĐ-CP sửa đổi mức thuế suất thuế nhập khẩu ưu đãi của một số mặt hàng,Government,31 Mar 2025,https://thuvienphapluat.vn/van-ban/Xuat-nhap-khau/Nghi-dinh-73-2025-ND-CP-sua-doi-muc-thue-suat-thue-nhap-khau-uu-dai-Nghi-dinh-26-2023-ND-CP-649748.aspx,,law,2026-09-23,"Type as given: Law, read",wave2,wave2/regulation2/regulation2.md
REG2-22,REG2,REG2,"Thư Viện Pháp Luật search ""Biểu thuế nhập khẩu ưu đãi 26/2023/NĐ-CP sửa đổi"" (Decrees 144/2024, 21/2025, 73/2025, 108/2025, 260/2025, 72/2026, 201/2026; Decree 206/2025; Decree 56/2026). https://thuvienphapluat.vn/page/tim-van-ban.aspx . Amendment chain. Legal database.",Biểu thuế nhập khẩu ưu đãi 26/2023/NĐ-CP sửa đổi,Thư Viện Pháp Luật search,,https://thuvienphapluat.vn/page/tim-van-ban.aspx,,database,2026-09-23,Type as given: Legal database,wave2,wave2/regulation2/regulation2.md
REG2-23,REG2,REG2,"WITS TRAINS API, Viet Nam MFN applied tariff, 2023, HS 120190, 230120, 110900, 350400, 210210, 210220. World Bank. https://wits.worldbank.org/API/V1/SDMX/V21/datasource/TRN/reporter/704/partner/000/product/{code}/year/2023/datatype/reported . Rates in tariffs.csv. Statistics.","WITS TRAINS API, Viet Nam MFN applied tariff, 2023, HS 120190, 230120, 110900, 350400, 210210, 210220",World Bank,2023,https://wits.worldbank.org/API/V1/SDMX/V21/datasource/TRN/reporter/704/partner/000/product/{code}/year/2023/datatype/reported,,gov/statistics,2026-09-23,Type as given: Statistics,wave2,wave2/regulation2/regulation2.md
REG2-24,REG2,REG2,"Nghị định 111/2021/NĐ-CP sửa đổi Nghị định 43/2017/NĐ-CP về nhãn hàng hóa. Government, 9 Dec 2021. https://thuvienphapluat.vn/van-ban/Thuong-mai/Nghi-dinh-111-2021-ND-CP-sua-doi-Nghi-dinh-43-2017-ND-CP-497099.aspx . No allergen list; no naming rule. Law, read.",Nghị định 111/2021/NĐ-CP sửa đổi Nghị định 43/2017/NĐ-CP về nhãn hàng hóa,Government,9 Dec 2021,https://thuvienphapluat.vn/van-ban/Thuong-mai/Nghi-dinh-111-2021-ND-CP-sua-doi-Nghi-dinh-43-2017-ND-CP-497099.aspx,,law,2026-09-23,"Type as given: Law, read | Same URL as REG-26",wave2,wave2/regulation2/regulation2.md
REG2-25,REG2,REG2,"Thông tư 05/2019/TT-BKHCN hướng dẫn Nghị định 43/2017/NĐ-CP về nhãn hàng hóa. MOST, 26 Jun 2019. https://thuvienphapluat.vn/van-ban/Thuong-mai/Thong-tu-05-2019-TT-BKHCN-huong-dan-Nghi-dinh-43-2017-ND-CP-ve-nhan-hang-hoa-421184.aspx . Art 9 warnings. Law, read.",Thông tư 05/2019/TT-BKHCN hướng dẫn Nghị định 43/2017/NĐ-CP về nhãn hàng hóa,MOST,26 Jun 2019,https://thuvienphapluat.vn/van-ban/Thuong-mai/Thong-tu-05-2019-TT-BKHCN-huong-dan-Nghi-dinh-43-2017-ND-CP-ve-nhan-hang-hoa-421184.aspx,,law,2026-09-23,"Type as given: Law, read",wave2,wave2/regulation2/regulation2.md
REG2-26,REG2,REG2,"Thai FDA Food Division, Food law: Novel food. Thai FDA, accessed 2026. https://food.fda.moph.go.th/food-law/category/f-novel-food/ . Notification 376; assessment units; cultivated meat form; mycoprotein guidance; approved list Sep 2025. Gov (foreign).","Thai FDA Food Division, Food law: Novel food",Thai FDA,,https://food.fda.moph.go.th/food-law/category/f-novel-food/,,gov/statistics,2026-09-23,Type as given: Gov (foreign),wave2,wave2/regulation2/regulation2.md
REG2-27,REG2,REG2,"Novel food. Wikipedia, accessed 2026. https://en.wikipedia.org/wiki/Novel_food . EU cut-off date 15 May 1997; China 149 new food raw materials by Dec 2023. Encyclopedia (secondary). EUR-Lex text (https://eur-lex.europa.eu/eli/reg/2015/2283/oj/eng) did not render.",Novel food,Wikipedia,,https://en.wikipedia.org/wiki/Novel_food,,other,2026-09-23,Type as given: ) did not render | Other URLs: https://eur-lex.europa.eu/eli/reg/2015/2283/oj/eng | Access problem noted in citation,wave2,wave2/regulation2/regulation2.md
REG2-28,REG2,REG2,"Nghị định 26/2023/NĐ-CP Biểu thuế xuất khẩu, Biểu thuế nhập khẩu ưu đãi. Government, 31 May 2023. https://thuvienphapluat.vn/van-ban/Xuat-nhap-khau/Nghi-dinh-26-2023-ND-CP-Bieu-thue-xuat-khau-Bieu-thue-nhap-khau-uu-dai-548616.aspx . Base schedule; Appendix II not rendered. Law, partly read.","Nghị định 26/2023/NĐ-CP Biểu thuế xuất khẩu, Biểu thuế nhập khẩu ưu đãi",Government,31 May 2023,https://thuvienphapluat.vn/van-ban/Xuat-nhap-khau/Nghi-dinh-26-2023-ND-CP-Bieu-thue-xuat-khau-Bieu-thue-nhap-khau-uu-dai-548616.aspx,,law,2026-09-23,"Type as given: Law, partly read | Access problem noted in citation",wave2,wave2/regulation2/regulation2.md
FM-01,FM,FEEDMKT,"World Bank. ""Commodity Price Data (The Pink Sheet)"", September 2026 (released 2 Sep 2026). https://thedocs.worldbank.org/en/doc/74e8be41ceb20fa0da750cda2f6b9e4e-0050012026/related/CMO-Pink-Sheet-September-2026.pdf . Accessed 2026-09-23. Fishmeal, SBM, soybeans, maize, urea, sugar: annual 2023 to 2025, quarterly, Jun to Aug 2026. Type: statistics.",Commodity Price Data (The Pink Sheet),World Bank,2 Sep 2026,https://thedocs.worldbank.org/en/doc/74e8be41ceb20fa0da750cda2f6b9e4e-0050012026/related/CMO-Pink-Sheet-September-2026.pdf,,gov/statistics,2026-09-23,Type as given: statistics | Same URL as GT-15,wave2,wave2/feedmkt/feedmkt.md
FM-02,FM,FEEDMKT,"World Bank commodity series via IndexMundi. ""Fishmeal, Peru Fish meal/pellets 65% protein, CIF, USD per metric ton"", monthly Jan 2020 to Mar 2026. https://www.indexmundi.com/commodities/?commodity=fish-meal&months=120 . Accessed 2026-09-23. Monthly series; annual means match FM-01. Type: statistics (compiled).","Fishmeal, Peru Fish meal/pellets 65% protein, CIF, USD per metric ton",World Bank commodity series via IndexMundi,Jan 2020,https://www.indexmundi.com/commodities/?commodity=fish-meal&months=120,,gov/statistics,2026-09-23,Type as given: statistics (compiled),wave2,wave2/feedmkt/feedmkt.md
FM-03,FM,FEEDMKT,"World Bank. ""Commodity Markets"" page. https://www.worldbank.org/en/research/commodity-markets . Accessed 2026-09-23. Links to CMO-Historical-Data-Monthly.xlsx (binary, not readable by the fetch tool) and the Pink Sheet. Type: statistics.",Commodity Markets,World Bank,,https://www.worldbank.org/en/research/commodity-markets,,gov/statistics,2026-09-23,Type as given: statistics,wave2,wave2/feedmkt/feedmkt.md
FM-04,FM,FEEDMKT,"Mardiana. ""Aquafeeds in 2025: Disrupted by tariffs."" Aqua Culture Asia Pacific, 30 Jun 2026. https://aquaasiapac.com/2026/06/30/aquafeeds-in-2025-disrupted-by-tariffs/ . Accessed 2026-09-23. Vietnam aquafeed volumes, top shrimp feed mills, 2025 feed price cuts, UPV fishmeal quote, ASC. Type: trade press (same as MAC-06, re-read).",Aquafeeds in 2025: Disrupted by tariffs,Mardiana,30 Jun 2026,https://aquaasiapac.com/2026/06/30/aquafeeds-in-2025-disrupted-by-tariffs/,,press,2026-09-23,"Type as given: trade press (same as MAC-06, re-read) | Same URL as MAC-06, IND-41",wave2,wave2/feedmkt/feedmkt.md
FM-05,FM,FEEDMKT,"Naylor, R. L., Hardy, R. W., Buschmann, A. H., et al. (2021). ""A 20-year retrospective review of global aquaculture."" Nature 591: 551-563. https://doi.org/10.1038/s41586-021-03308-6 . Accessed 2026-09-23 via Scite excerpts. Freshwater fishmeal 1% to 2%; marine and crustacean rates cut by one-half to two-thirds. Type: peer-reviewed.",A 20-year retrospective review of global aquaculture,"Naylor, R. L., Hardy, R. W., Buschmann, A. H., et al",2021,https://doi.org/10.1038/s41586-021-03308-6,10.1038/s41586-021-03308-6,peer-reviewed,2026-09-23,Type as given: peer-reviewed | Same URL as MAC-39 | Same DOI as MAC-39,wave2,wave2/feedmkt/feedmkt.md
FM-06,FM,FEEDMKT,"Hua, K., Cobcroft, J. M., Cole, A., et al. (2019). ""The future of aquatic protein: implications for protein sources in aquaculture diets."" One Earth 1(3): 316-329. https://doi.org/10.1016/j.oneear.2019.10.018 . Accessed via Scite. Fishmeal 4.5 Mt (2016), 69% to aquafeed; aquafeed 49.7 Mt (2015) to 87.1 Mt (2025 projected). Type: peer-reviewed review.",The future of aquatic protein: implications for protein sources in aquaculture diets,"Hua, K., Cobcroft, J. M., Cole, A., et al",2019,https://doi.org/10.1016/j.oneear.2019.10.018,10.1016/j.oneear.2019.10.018,peer-reviewed,2026-09-23,Type as given: peer-reviewed review,wave2,wave2/feedmkt/feedmkt.md
FM-07,FM,FEEDMKT,"Salin, K. R., Arun, V. V., Mohanakumaran Nair, C., Tidwell, J. H. (2018), as cited in ""Chemoattractants: their essentiality and efficacy in shrimp aquaculture"", Indian Journal of Fisheries 68(1) (2021). https://doi.org/10.21077/ijf.2021.68.1.95994-20 . Not read by me; taken from wave 1 MAC-41. Shrimp fishmeal 19% to 40% (2000), 11% to 23% (2014), about 6% (2025 projected). Type: peer-reviewed (secondary citation).",Chemoattractants: their essentiality and efficacy in shrimp aquaculture,"Salin, K. R., Arun, V. V., Mohanakumaran Nair, C., Tidwell, J. H. , as cited in",2018,https://doi.org/10.21077/ijf.2021.68.1.95994-20,10.21077/ijf.2021.68.1.95994-20,peer-reviewed,2026-09-23,Type as given: peer-reviewed (secondary citation) | Access problem noted in citation | Same URL as MAC-41 | Same DOI as MAC-41,wave2,wave2/feedmkt/feedmkt.md
FM-08,FM,FEEDMKT,"Xie, S., Niu, J., Zhou, W., et al. (2018). ""Developing a low fishmeal diet for juvenile Pacific white shrimp, Litopenaeus vannamei, using the nutritional value of FM as the reference profile."" Aquaculture Nutrition 24(4): 1184-1197. https://doi.org/10.1111/anu.12657 . Abstract. Fishmeal 250 to 100 g/kg without growth loss. Type: peer-reviewed.","Developing a low fishmeal diet for juvenile Pacific white shrimp, Litopenaeus vannamei, using the nutritional value of FM as the reference profile","Xie, S., Niu, J., Zhou, W., et al",2018,https://doi.org/10.1111/anu.12657,10.1111/anu.12657,peer-reviewed,2026-09-23,Type as given: peer-reviewed,wave2,wave2/feedmkt/feedmkt.md
FM-09,FM,FEEDMKT,"Han, D., Shan, X., Zhang, W., et al. (2016). ""A revisit to fishmeal usage and associated consequences in Chinese aquaculture."" Reviews in Aquaculture 10(2): 493-507. https://doi.org/10.1111/raq.12183 . Abstract and excerpts. China fishmeal imports steady at 1.0 to 1.5 Mt while aquafeed grew to 19 Mt (2014). Type: peer-reviewed. (Background; not used in tables.)",A revisit to fishmeal usage and associated consequences in Chinese aquaculture,"Han, D., Shan, X., Zhang, W., et al",2016,https://doi.org/10.1111/raq.12183,10.1111/raq.12183,peer-reviewed,2026-09-23,Type as given: peer-reviewed,wave2,wave2/feedmkt/feedmkt.md
FM-10,FM,FEEDMKT,"Tap chi Thuy san Viet Nam. ""Nhieu doanh nghiep dong loat tang gia thuc an thuy san"" (5 Jun 2026). https://thuysanvietnam.com.vn/nhieu-doanh-nghiep-dong-loat-tang-gia-thuc-an-thuy-san/ . Accessed 2026-09-23. June 2026 shrimp feed price increases by company; feed 50% to 60% of production cost. Type: trade press.",Nhieu doanh nghiep dong loat tang gia thuc an thuy san,Tap chi Thuy san Viet Nam,5 Jun 2026,https://thuysanvietnam.com.vn/nhieu-doanh-nghiep-dong-loat-tang-gia-thuc-an-thuy-san/,,press,2026-09-23,Type as given: trade press,wave2,wave2/feedmkt/feedmkt.md
FM-11,FM,FEEDMKT,"Tap chi Thuy san Viet Nam. ""Co hoi va thach thuc khi gia ca tra tang manh"" (3 Dec 2024). https://thuysanvietnam.com.vn/co-hoi-va-thach-thuc-khi-gia-ca-tra-tang-manh/ . Accessed 2026-09-23. Pangasius farm-gate VND 26,500 to 30,000/kg. Type: trade press.",Co hoi va thach thuc khi gia ca tra tang manh,Tap chi Thuy san Viet Nam,3 Dec 2024,https://thuysanvietnam.com.vn/co-hoi-va-thach-thuc-khi-gia-ca-tra-tang-manh/,,press,2026-09-23,Type as given: trade press,wave2,wave2/feedmkt/feedmkt.md
FM-12,FM,FEEDMKT,"CK Vietnam Group / V-Group Vietnam. ""Mycoprotein"" product page. https://ckvietnam.com.vn/mycoprotein-36.html . Accessed 2026-09-23. Chinese glutamic-acid fermentation biomass, at least 70% CP; uses. Type: company.",Mycoprotein,CK Vietnam Group / V-Group Vietnam,,https://ckvietnam.com.vn/mycoprotein-36.html,,company,2026-09-23,Type as given: company | Same URL as ECO-69,wave2,wave2/feedmkt/feedmkt.md
FM-13,FM,FEEDMKT,"Calysseo. Company website. https://www.calysseo.com/ . Accessed 2026-09-23. Adisseo-Calysta JV; Changshou (China) 20 kt/yr, 2 x 10 kt fermenters; Saudi 100 kt ambition. Type: company.","Calysseo, company website",Calysseo,,https://www.calysseo.com/,,company,2026-09-23,Type as given: company,wave2,wave2/feedmkt/feedmkt.md
FM-14,FM,FEEDMKT,"""Evaluation of six novel protein sources on apparent digestibility in Pacific white shrimp, Litopenaeus vannamei."" Aquaculture Nutrition (2022). https://doi.org/10.1155/2022/8225273 . Abstract. CAP, methanotroph meal, BSF, mealworm, Chlorella, cottonseed protein. Type: peer-reviewed.","Evaluation of six novel protein sources on apparent digestibility in Pacific white shrimp, Litopenaeus vannamei",Aquaculture Nutrition,2022,https://doi.org/10.1155/2022/8225273,10.1155/2022/8225273,peer-reviewed,2026-09-23,Type as given: peer-reviewed | Same URL as SCI-23 | Same DOI as SCI-23,wave2,wave2/feedmkt/feedmkt.md
FM-15,FM,FEEDMKT,"Wang, J., Chen, L., Xu, J., et al. (2022). ""C1 gas protein: a potential protein substitute for advancing aquaculture sustainability."" Reviews in Aquaculture 15(3): 1179-1197. https://doi.org/10.1111/raq.12707 . Abstract. Type: peer-reviewed review.",C1 gas protein: a potential protein substitute for advancing aquaculture sustainability,"Wang, J., Chen, L., Xu, J., et al",2022,https://doi.org/10.1111/raq.12707,10.1111/raq.12707,peer-reviewed,2026-09-23,Type as given: peer-reviewed review,wave2,wave2/feedmkt/feedmkt.md
FM-16,FM,FEEDMKT,"""A natural gas fermentation bacterial meal (FeedKind) as a functional alternative ingredient for fishmeal in diet of largemouth bass."" Antioxidants 11(8): 1479 (2022). https://doi.org/10.3390/antiox11081479 . Abstract. Type: peer-reviewed.",A natural gas fermentation bacterial meal (FeedKind) as a functional alternative ingredient for fishmeal in diet of largemouth bass,Antioxidants 11,2022,https://doi.org/10.3390/antiox11081479,10.3390/antiox11081479,peer-reviewed,2026-09-23,Type as given: peer-reviewed,wave2,wave2/feedmkt/feedmkt.md
FM-17,FM,FEEDMKT,"""Evaluation of methanotroph (Methylococcus capsulatus, Bath) bacteria meal (FeedKind) as an alternative protein source for juvenile black sea bream."" Frontiers in Marine Science (2021). https://doi.org/10.3389/fmars.2021.778301 . Abstract; FeedKind 75.14% CP. Type: peer-reviewed.","Evaluation of methanotroph (Methylococcus capsulatus, Bath) bacteria meal (FeedKind) as an alternative protein source for juvenile black sea bream",Frontiers in Marine Science,2021,https://doi.org/10.3389/fmars.2021.778301,10.3389/fmars.2021.778301,peer-reviewed,2026-09-23,Type as given: peer-reviewed,wave2,wave2/feedmkt/feedmkt.md
FM-18,FM,FEEDMKT,"""Substituting fish meal with a bacteria protein (Clostridium autoethanogenum protein) derived from industrial-scale gas fermentation: effects on growth ... in large yellow croakers."" Fishes 7(5): 228 (2022). https://doi.org/10.3390/fishes7050228 . Abstract. Type: peer-reviewed.",Substituting fish meal with a bacteria protein (Clostridium autoethanogenum protein) derived from industrial-scale gas fermentation: effects on growth ... in large yellow croakers,Fishes 7,2022,https://doi.org/10.3390/fishes7050228,10.3390/fishes7050228,peer-reviewed,2026-09-23,Type as given: peer-reviewed,wave2,wave2/feedmkt/feedmkt.md
FM-19,FM,FEEDMKT,"""Replacement of fishmeal with a microbial single-cell protein induced enteropathy and poor growth outcomes in barramundi (Lates calcarifer) fry."" Journal of Fish Diseases (2024). https://doi.org/10.1111/jfd.13985 . Abstract. Type: peer-reviewed.",Replacement of fishmeal with a microbial single-cell protein induced enteropathy and poor growth outcomes in barramundi (Lates calcarifer) fry,Journal of Fish Diseases,2024,https://doi.org/10.1111/jfd.13985,10.1111/jfd.13985,peer-reviewed,2026-09-23,Type as given: peer-reviewed,wave2,wave2/feedmkt/feedmkt.md
FM-20,FM,FEEDMKT,"""Effects of dietary Clostridium autoethanogenum protein on the growth, disease resistance, intestinal digestion, immunity and microbiota structure of Litopenaeus vannamei..."" Frontiers in Immunology (2022). https://doi.org/10.3389/fimmu.2022.1034994 . Abstract. Also noted: Animal Nutrition (2025) https://doi.org/10.1016/j.aninu.2025.04.010 (title only). Type: peer-reviewed.","Effects of dietary Clostridium autoethanogenum protein on the growth, disease resistance, intestinal digestion, immunity and microbiota structure of Litopenaeus vannamei",Frontiers in Immunology,2022,https://doi.org/10.3389/fimmu.2022.1034994,10.3389/fimmu.2022.1034994,peer-reviewed,2026-09-23,Type as given: peer-reviewed,wave2,wave2/feedmkt/feedmkt.md
FM-21,FM,FEEDMKT,"""Dietary effect of Clostridium autoethanogenum protein on growth, intestinal histology and flesh lipid metabolism of largemouth bass."" Metabolites 12(11): 1088 (2022). https://doi.org/10.3390/metabo12111088 . Abstract. Type: peer-reviewed.","Dietary effect of Clostridium autoethanogenum protein on growth, intestinal histology and flesh lipid metabolism of largemouth bass",Metabolites 12,2022,https://doi.org/10.3390/metabo12111088,10.3390/metabo12111088,peer-reviewed,2026-09-23,Type as given: peer-reviewed,wave2,wave2/feedmkt/feedmkt.md
FM-22,FM,FEEDMKT,"""Effects of dietary protein substitution of fishmeal with black soldier fly larval meal on growth and physiological responses of juvenile striped catfish."" Aquaculture Research (2022). https://doi.org/10.1111/are.15739 . Abstract. Type: peer-reviewed.",Effects of dietary protein substitution of fishmeal with black soldier fly larval meal on growth and physiological responses of juvenile striped catfish,Aquaculture Research,2022,https://doi.org/10.1111/are.15739,10.1111/are.15739,peer-reviewed,2026-09-23,Type as given: peer-reviewed,wave2,wave2/feedmkt/feedmkt.md
FM-23,FM,FEEDMKT,"""Effects of substituting the two-spotted cricket (Gryllus bimaculatus) meal for fish meal on growth performances and digestibility of striped snakehead."" Life 13(2): 594 (2023). https://doi.org/10.3390/life13020594 . Abstract. Type: peer-reviewed.",Effects of substituting the two-spotted cricket (Gryllus bimaculatus) meal for fish meal on growth performances and digestibility of striped snakehead,Life 13,2023,https://doi.org/10.3390/life13020594,10.3390/life13020594,peer-reviewed,2026-09-23,Type as given: peer-reviewed,wave2,wave2/feedmkt/feedmkt.md
FM-24,FM,FEEDMKT,"""The use of cricket (Gryllus bimaculatus) meal as protein source for snakehead fish (Channa striata)."" IOP Conf. Series: Earth and Environmental Science 1118: 012020 (2022). https://doi.org/10.1088/1755-1315/1118/1/012020 . Abstract. Type: conference paper.",The use of cricket (Gryllus bimaculatus) meal as protein source for snakehead fish (Channa striata),IOP Conf,2022,https://doi.org/10.1088/1755-1315/1118/1/012020,10.1088/1755-1315/1118/1/012020,peer-reviewed,2026-09-23,Type as given: conference paper,wave2,wave2/feedmkt/feedmkt.md
FM-25,FM,FEEDMKT,"""Evaluation of dietary inclusion of black soldier fly (Hermetia illucens) larvae on fish production performance: a meta-analysis."" Journal of Insects as Food and Feed (2022). https://doi.org/10.3920/jiff2021.0159 . Abstract. Type: peer-reviewed meta-analysis.",Evaluation of dietary inclusion of black soldier fly (Hermetia illucens) larvae on fish production performance: a meta-analysis,Journal of Insects as Food and Feed,2022,https://doi.org/10.3920/jiff2021.0159,10.3920/jiff2021.0159,peer-reviewed,2026-09-23,Type as given: peer-reviewed meta-analysis,wave2,wave2/feedmkt/feedmkt.md
FM-26,FM,FEEDMKT,"""Replacing fish meal with defatted insect meal (yellow mealworm Tenebrio molitor) improves the growth and immunity of Pacific white shrimp."" Animals 9(5): 258 (2019). https://doi.org/10.3390/ani9050258 . Abstract. Type: peer-reviewed (company-linked product).",Replacing fish meal with defatted insect meal (yellow mealworm Tenebrio molitor) improves the growth and immunity of Pacific white shrimp,Animals 9,2019,https://doi.org/10.3390/ani9050258,10.3390/ani9050258,peer-reviewed,2026-09-23,Type as given: peer-reviewed (company-linked product),wave2,wave2/feedmkt/feedmkt.md
FM-27,FM,FEEDMKT,"""Effect of black soldier fly (Hermetia illucens) larvae meal on lipid and glucose metabolism of Pacific white shrimp."" British Journal of Nutrition (2021). https://doi.org/10.1017/s0007114521004670 . Abstract. Type: peer-reviewed.",Effect of black soldier fly (Hermetia illucens) larvae meal on lipid and glucose metabolism of Pacific white shrimp,British Journal of Nutrition,2021,https://doi.org/10.1017/s0007114521004670,10.1017/s0007114521004670,peer-reviewed,2026-09-23,Type as given: peer-reviewed | Same URL as SCI-27 | Same DOI as SCI-27,wave2,wave2/feedmkt/feedmkt.md
FM-28,FM,FEEDMKT,"""Replacement of commercial feed with fresh black soldier fly larvae in Pacific white shrimp."" Aquaculture Nutrition (2022). https://doi.org/10.1155/2022/9130400 . Abstract. Type: peer-reviewed.",Replacement of commercial feed with fresh black soldier fly larvae in Pacific white shrimp,Aquaculture Nutrition,2022,https://doi.org/10.1155/2022/9130400,10.1155/2022/9130400,peer-reviewed,2026-09-23,Type as given: peer-reviewed,wave2,wave2/feedmkt/feedmkt.md
FM-29,FM,FEEDMKT,"""Sensory evaluation of Pacific white shrimp fed with different levels of soy protein concentrate in replacement of fish meal."" Acta Veterinaria Brasilica 17(1) (2023). https://doi.org/10.21708/avb.2023.17.1.11410 . Abstract. Type: peer-reviewed.",Sensory evaluation of Pacific white shrimp fed with different levels of soy protein concentrate in replacement of fish meal,Acta Veterinaria Brasilica 17,2023,https://doi.org/10.21708/avb.2023.17.1.11410,10.21708/avb.2023.17.1.11410,peer-reviewed,2026-09-23,Type as given: peer-reviewed,wave2,wave2/feedmkt/feedmkt.md
FM-30,FM,FEEDMKT,"""Replacement of fish meal with two fermented soybean meals in diets for rainbow trout."" Aquaculture Nutrition (2019). https://doi.org/10.1111/anu.12965 . Abstract. Type: peer-reviewed.",Replacement of fish meal with two fermented soybean meals in diets for rainbow trout,Aquaculture Nutrition,2019,https://doi.org/10.1111/anu.12965,10.1111/anu.12965,peer-reviewed,2026-09-23,Type as given: peer-reviewed,wave2,wave2/feedmkt/feedmkt.md
FM-31,FM,FEEDMKT,"""Mitigating the impact of winter temperatures on striped catfish (Pangasianodon hypophthalmus) using functional feed additives."" Journal of the World Aquaculture Society (2023). https://doi.org/10.1111/jwas.13010 . Abstract. Type: peer-reviewed.",Mitigating the impact of winter temperatures on striped catfish (Pangasianodon hypophthalmus) using functional feed additives,Journal of the World Aquaculture Society,2023,https://doi.org/10.1111/jwas.13010,10.1111/jwas.13010,peer-reviewed,2026-09-23,Type as given: peer-reviewed,wave2,wave2/feedmkt/feedmkt.md
FM-32,FM,FEEDMKT,"""Factors affecting yeast digestibility and immunostimulation in aquatic animals."" Animals 14(19): 2851 (2024). https://doi.org/10.3390/ani14192851 . Abstract. Type: peer-reviewed review.",Factors affecting yeast digestibility and immunostimulation in aquatic animals,Animals 14,2024,https://doi.org/10.3390/ani14192851,10.3390/ani14192851,peer-reviewed,2026-09-23,Type as given: peer-reviewed review | Same URL as SCI-26 | Same DOI as SCI-26,wave2,wave2/feedmkt/feedmkt.md
FM-33,FM,FEEDMKT,"""Effects of dietary chenodeoxycholic acid supplementation in a low fishmeal diet containing Clostridium autoethanogenum protein on growth ... of Litopenaeus vannamei."" Animals 13(13): 2109 (2023). https://doi.org/10.3390/ani13132109 . Abstract; control diet 25% fishmeal. Type: peer-reviewed.",Effects of dietary chenodeoxycholic acid supplementation in a low fishmeal diet containing Clostridium autoethanogenum protein on growth ... of Litopenaeus vannamei,Animals 13,2023,https://doi.org/10.3390/ani13132109,10.3390/ani13132109,peer-reviewed,2026-09-23,Type as given: peer-reviewed | Same URL as SCI-24 | Same DOI as SCI-24,wave2,wave2/feedmkt/feedmkt.md
FM-34,FM,FEEDMKT,"""Supplemental effects of Haematococcus pluvialis in a low-fish meal diet for Litopenaeus vannamei at varying temperatures."" Frontiers in Immunology (2024). https://doi.org/10.3389/fimmu.2024.1501753 . Abstract; control 20% fishmeal, low-fishmeal 10%. Type: peer-reviewed.",Supplemental effects of Haematococcus pluvialis in a low-fish meal diet for Litopenaeus vannamei at varying temperatures,Frontiers in Immunology,2024,https://doi.org/10.3389/fimmu.2024.1501753,10.3389/fimmu.2024.1501753,peer-reviewed,2026-09-23,Type as given: peer-reviewed,wave2,wave2/feedmkt/feedmkt.md
FM-35,FM,FEEDMKT,"""The growing role of trimmings and their origins in global fishmeal production and trade."" Environmental Research: Food Systems (2026). https://doi.org/10.1088/2976-601x/ae38e4 . Excerpts; aquaculture uses about 87% (about 4 Mt/yr) of fishmeal, citing FAO 2024. Type: peer-reviewed.",The growing role of trimmings and their origins in global fishmeal production and trade,Environmental Research: Food Systems,2026,https://doi.org/10.1088/2976-601x/ae38e4,10.1088/2976-601x/ae38e4,peer-reviewed,2026-09-23,Type as given: peer-reviewed,wave2,wave2/feedmkt/feedmkt.md
FM-36,FM,FEEDMKT,"China SBM policy, secondary: (a) ""Dynamic changes in amino acid release patterns of different plant protein sources during in vitro digestion..."" Animals 15(21): 3094 (2025), https://doi.org/10.3390/ani15213094 (SBM use in Chinese feed -8.0% in 2024 after the reduction action); (b) ""Rapid detection of protein content in fuzzy cottonseeds..."" Processes 13(10): 3221 (2025), https://doi.org/10.3390/pr13103221 (names MARA's ""Three-Year Action Plan"" for SBM reduction). Excerpts only. Type: peer-reviewed (secondary for policy).",Dynamic changes in amino acid release patterns of different plant protein sources during in vitro digestion,Animals 15(21),2025,https://doi.org/10.3390/ani15213094,10.3390/ani15213094,peer-reviewed,2026-09-23,Type as given: peer-reviewed (secondary for policy),wave2,wave2/feedmkt/feedmkt.md
FM-37,FM,FEEDMKT,"WITS (World Bank) / UN Comtrade. Vietnam imports of HS 230120 by partner, 2023. https://wits.worldbank.org/trade/comtrade/en/country/VNM/year/2023/tradeflow/Imports/partner/ALL/product/230120 . Accessed 2026-09-23. Type: statistics.","Vietnam imports of HS 230120 by partner, 2023",WITS (World Bank) / UN Comtrade,2023,https://wits.worldbank.org/trade/comtrade/en/country/VNM/year/2023/tradeflow/Imports/partner/ALL/product/230120,,gov/statistics,2026-09-23,Type as given: statistics,wave2,wave2/feedmkt/feedmkt.md
FM-38,FM,FEEDMKT,"WITS (World Bank) / UN Comtrade. Vietnam exports of HS 230120 by partner, 2023. https://wits.worldbank.org/trade/comtrade/en/country/VNM/year/2023/tradeflow/Exports/partner/ALL/product/230120 . Accessed 2026-09-23. Type: statistics.","Vietnam exports of HS 230120 by partner, 2023",WITS (World Bank) / UN Comtrade,2023,https://wits.worldbank.org/trade/comtrade/en/country/VNM/year/2023/tradeflow/Exports/partner/ALL/product/230120,,gov/statistics,2026-09-23,Type as given: statistics,wave2,wave2/feedmkt/feedmkt.md
FM-39,FM,FEEDMKT,"""Evaluation of feed utilization and growth performance of juvenile striped catfish Pangasianodon hypophthalmus fed diets with varying inclusion levels of corn gluten meal."" Aquaculture Nutrition (2012). https://doi.org/10.1111/j.1365-2095.2012.00953.x . Abstract and excerpts. Type: peer-reviewed.",Evaluation of feed utilization and growth performance of juvenile striped catfish Pangasianodon hypophthalmus fed diets with varying inclusion levels of corn gluten meal,Aquaculture Nutrition,2012,https://doi.org/10.1111/j.1365-2095.2012.00953.x,10.1111/j.1365-2095.2012.00953.x,peer-reviewed,2026-09-23,Type as given: peer-reviewed,wave2,wave2/feedmkt/feedmkt.md
FM-40,FM,FEEDMKT,"""Growth performance of juvenile kuruma shrimp, Marsupenaeus japonicus, fed diets replacing fishmeal with soybean meal."" Aquaculture Research (2013). https://doi.org/10.1111/are.12201 . Excerpt citing Lim and Dominy: commercial shrimp feeds 25% to 50% fishmeal. Type: peer-reviewed (dated).","Growth performance of juvenile kuruma shrimp, Marsupenaeus japonicus, fed diets replacing fishmeal with soybean meal",Aquaculture Research,2013,https://doi.org/10.1111/are.12201,10.1111/are.12201,peer-reviewed,2026-09-23,Type as given: peer-reviewed (dated),wave2,wave2/feedmkt/feedmkt.md
FM-41,FM,FEEDMKT,"Snakehead and BSF larvae: ""Effect of inclusion of fresh or dried black soldier fly larvae in diets on snakehead fish's growth performance..."" Israeli Journal of Aquaculture - Bamidgeh (2024). https://doi.org/10.46989/001c.92338 . Abstract: feed is 50% to 60% of snakehead production cost. Type: peer-reviewed. (Country not verified.)",Effect of inclusion of fresh or dried black soldier fly larvae in diets on snakehead fish's growth performance,Israeli Journal of Aquaculture - Bamidgeh,2024,https://doi.org/10.46989/001c.92338,10.46989/001c.92338,peer-reviewed,2026-09-23,Type as given: peer-reviewed | Same URL as RD-55 | Same DOI as RD-55,wave2,wave2/feedmkt/feedmkt.md
FM-42,FM,FEEDMKT,"Cottrell, R. S., Metian, M., Froehlich, H. E., et al. (2021). ""Time to rethink trophic levels in aquaculture policy."" Reviews in Aquaculture 13(3): 1583-1593. https://doi.org/10.1111/raq.12535 . Excerpts; confirms Tacon and Metian (2008, 2015) as the standard inclusion dataset. Type: peer-reviewed. (Background.)",Time to rethink trophic levels in aquaculture policy,"Cottrell, R. S., Metian, M., Froehlich, H. E., et al",2021,https://doi.org/10.1111/raq.12535,10.1111/raq.12535,peer-reviewed,2026-09-23,Type as given: peer-reviewed,wave2,wave2/feedmkt/feedmkt.md
FM-43,FM,FEEDMKT,"Jannathulla, R., et al. (2019). ""Fishmeal availability in the scenarios of climate change..."" Aquaculture Research 50(12): 3493-3506. https://doi.org/10.1111/are.14324 . Abstract: fishmeal USD 452/t (2000) to USD 1,596.54/t (2018). Type: peer-reviewed. (Long-run price context.)",Fishmeal availability in the scenarios of climate change,"Jannathulla, R., et al",2019,https://doi.org/10.1111/are.14324,10.1111/are.14324,peer-reviewed,2026-09-23,Type as given: peer-reviewed,wave2,wave2/feedmkt/feedmkt.md
FM-44,FM,FEEDMKT,"Boyd, C. E., et al. (2022). ""The contribution of fisheries and aquaculture to the global protein supply."" Food Security. https://doi.org/10.1007/s12571-021-01246-9 . Excerpts: average fishmeal inclusion 5.8% in fed aquaculture (2017, from Naylor data); by-product fishmeal yields. Type: peer-reviewed.",The contribution of fisheries and aquaculture to the global protein supply,"Boyd, C. E., et al",2022,https://doi.org/10.1007/s12571-021-01246-9,10.1007/s12571-021-01246-9,peer-reviewed,2026-09-23,Type as given: peer-reviewed,wave2,wave2/feedmkt/feedmkt.md
FM-45,FM,FEEDMKT,"""Palatability enhancement potential of Hermetia illucens larvae protein hydrolysate in Litopenaeus vannamei diets."" Molecules 26(6): 1582 (2021). https://doi.org/10.3390/molecules26061582 . Abstract. Type: peer-reviewed.",Palatability enhancement potential of Hermetia illucens larvae protein hydrolysate in Litopenaeus vannamei diets,Molecules 26,2021,https://doi.org/10.3390/molecules26061582,10.3390/molecules26061582,peer-reviewed,2026-09-23,Type as given: peer-reviewed,wave2,wave2/feedmkt/feedmkt.md
GT-01,GT,GEO-TIME,"Nghị quyết 202/2025/QH15 về sắp xếp đơn vị hành chính cấp tỉnh. National Assembly, 12 Jun 2025. https://thuvienphapluat.vn/van-ban/Bo-may-hanh-chinh/Nghi-quyet-202-2025-QH15-sap-xep-don-vi-hanh-chinh-cap-tinh-648951.aspx . Accessed 2026-09-23. Supports: 23 mergers, area, population, 11 unchanged units, 1 Jul 2025 start. Type: law (read).",Nghị quyết 202/2025/QH15 về sắp xếp đơn vị hành chính cấp tỉnh,National Assembly,12 Jun 2025,https://thuvienphapluat.vn/van-ban/Bo-may-hanh-chinh/Nghi-quyet-202-2025-QH15-sap-xep-don-vi-hanh-chinh-cap-tinh-648951.aspx,,law,2026-09-23,Type as given: law (read),wave2,wave2/geo_time/geo_time.md
GT-02,GT,GEO-TIME,"Nghị quyết 60-NQ/TW năm 2025, Hội nghị lần thứ 11 Ban Chấp hành Trung ương Đảng khóa XIII. Party Central Committee, 12 Apr 2025. https://thuvienphapluat.vn/van-ban/Bo-may-hanh-chinh/Nghi-quyet-60-NQ-TW-2025-Hoi-nghi-lan-thu-11-Ban-chap-hanh-Trung-uong-Dang-khoa-XIII-651377.aspx . Accessed 2026-09-23. Supports: location of each political-administrative centre; end of district level from 1 Jul 2025; 60-70% commune reduction; two-tier model. Type: Party resolution (read).","Nghị quyết 60-NQ/TW năm 2025, Hội nghị lần thứ 11 Ban Chấp hành Trung ương Đảng khóa XIII",Party Central Committee,12 Apr 2025,https://thuvienphapluat.vn/van-ban/Bo-may-hanh-chinh/Nghi-quyet-60-NQ-TW-2025-Hoi-nghi-lan-thu-11-Ban-chap-hanh-Trung-uong-Dang-khoa-XIII-651377.aspx,,law,2026-09-23,Type as given: Party resolution (read),wave2,wave2/geo_time/geo_time.md
GT-03,GT,GEO-TIME,"""Provinces of Vietnam."" Wikipedia (English). https://en.wikipedia.org/wiki/Provinces_of_Vietnam . Accessed 2026-09-23. Supports: ward names of administrative centres; 34-unit table. Type: encyclopedia (secondary).",Provinces of Vietnam,Wikipedia,,https://en.wikipedia.org/wiki/Provinces_of_Vietnam,,other,2026-09-23,"Type as given: encyclopedia (secondary) | Same URL as FS-52, IND-66, ECO-71",wave2,wave2/geo_time/geo_time.md
GT-04,GT,GEO-TIME,"Nghị quyết 176/2025/QH15 về cơ cấu tổ chức của Chính phủ nhiệm kỳ Quốc hội khóa XV. National Assembly, 18 Feb 2025. https://thuvienphapluat.vn/van-ban/Bo-may-hanh-chinh/Nghi-quyet-176-2025-QH15-co-cau-to-chuc-cua-Chinh-phu-nhiem-ky-Quoc-hoi-khoa-XV-643732.aspx . Accessed 2026-09-23. Supports: 14 ministries and 3 agencies; operation from 1 Mar 2025. Type: law (read).",Nghị quyết 176/2025/QH15 về cơ cấu tổ chức của Chính phủ nhiệm kỳ Quốc hội khóa XV,National Assembly,18 Feb 2025,https://thuvienphapluat.vn/van-ban/Bo-may-hanh-chinh/Nghi-quyet-176-2025-QH15-co-cau-to-chuc-cua-Chinh-phu-nhiem-ky-Quoc-hoi-khoa-XV-643732.aspx,,law,2026-09-23,Type as given: law (read),wave2,wave2/geo_time/geo_time.md
GT-05,GT,GEO-TIME,"Nghị định 35/2025/NĐ-CP (MAE functions and structure). Government, 2025. Read by wave 1 as REG-42; not re-read. Type: law.",Nghị định 35/2025/NĐ-CP (MAE functions and structure),Government,2025,,,law,2026-09-23,Type as given: law,wave2,wave2/geo_time/geo_time.md
GT-06,GT,GEO-TIME,"Nghị định 55/2025/NĐ-CP quy định chức năng, nhiệm vụ, quyền hạn và cơ cấu tổ chức của Bộ Khoa học và Công nghệ. Government, 2 Mar 2025. https://thuvienphapluat.vn/van-ban/Bo-may-hanh-chinh/Nghi-dinh-55-2025-ND-CP-chuc-nang-nhiem-vu-quyen-han-va-co-cau-to-chuc-Bo-Khoa-hoc-va-Cong-nghe-645212.aspx . Accessed 2026-09-23. Supports: MOST-MIC merger; functions; 25 units incl. standards committee and IP office; effective 1 Mar 2025. Type: law (read).","Nghị định 55/2025/NĐ-CP quy định chức năng, nhiệm vụ, quyền hạn và cơ cấu tổ chức của Bộ Khoa học và Công nghệ",Government,2 Mar 2025,https://thuvienphapluat.vn/van-ban/Bo-may-hanh-chinh/Nghi-dinh-55-2025-ND-CP-chuc-nang-nhiem-vu-quyen-han-va-co-cau-to-chuc-Bo-Khoa-hoc-va-Cong-nghe-645212.aspx,,law,2026-09-23,Type as given: law (read),wave2,wave2/geo_time/geo_time.md
GT-07,GT,GEO-TIME,"Nghị định 29/2025/NĐ-CP (Ministry of Finance functions and structure), 24 Feb 2025; amended by Decree 166/2025/NĐ-CP (30 Jun 2025). https://thuvienphapluat.vn/van-ban/Bo-may-hanh-chinh/Nghi-dinh-29-2025-ND-CP-chuc-nang-nhiem-vu-quyen-han-va-co-cau-to-chuc-Bo-Tai-chinh-644940.aspx . Accessed 2026-09-23. Supports: title, date, amendment only. Type: law (title only).","Nghị định 29/2025/NĐ-CP (Ministry of Finance functions and structure), 24 Feb 2025; amended by Decree 166/2025/NĐ-CP",Government,24 Feb 2025,https://thuvienphapluat.vn/van-ban/Bo-may-hanh-chinh/Nghi-dinh-29-2025-ND-CP-chuc-nang-nhiem-vu-quyen-han-va-co-cau-to-chuc-Bo-Tai-chinh-644940.aspx,,law,2026-09-23,Type as given: law (title only),wave2,wave2/geo_time/geo_time.md
GT-08,GT,GEO-TIME,"Nghị định 40/2025/NĐ-CP (Ministry of Industry and Trade functions and structure), 26 Feb 2025. https://thuvienphapluat.vn/van-ban/Bo-may-hanh-chinh/Nghi-dinh-40-2025-ND-CP-chuc-nang-nhiem-vu-quyen-han-va-co-cau-to-chuc-Bo-Cong-Thuong-644689.aspx . Accessed 2026-09-23. Supports: title and date. Type: law (title only).","Nghị định 40/2025/NĐ-CP (Ministry of Industry and Trade functions and structure), 26 Feb 2025",Government,26 Feb 2025,https://thuvienphapluat.vn/van-ban/Bo-may-hanh-chinh/Nghi-dinh-40-2025-ND-CP-chuc-nang-nhiem-vu-quyen-han-va-co-cau-to-chuc-Bo-Cong-Thuong-644689.aspx,,law,2026-09-23,Type as given: law (title only),wave2,wave2/geo_time/geo_time.md
GT-09,GT,GEO-TIME,"Nghị định 42/2025/NĐ-CP (Ministry of Health functions and structure), 27 Feb 2025. Found via thuvienphapluat search listing for ""42/2025/NĐ-CP"". Accessed 2026-09-23. Supports: title and date. Type: law (title only).",Nghị định 42/2025/NĐ-CP (Ministry of Health functions and structure),Government,27 Feb 2025,,,law,2026-09-23,Type as given: law (title only),wave2,wave2/geo_time/geo_time.md
GT-10,GT,GEO-TIME,"Thông tư 50/2025/TT-BCT quy định lộ trình áp dụng tỷ lệ phối trộn nhiên liệu sinh học với nhiên liệu truyền thống tại Việt Nam. MOIT, 7 Nov 2025. https://thuvienphapluat.vn/van-ban/Tai-nguyen-Moi-truong/Thong-tu-50-2025-TT-BCT-lo-trinh-ap-dung-ty-le-phoi-tron-nhien-lieu-sinh-hoc-voi-nhien-lieu-truyen-thong-680578.aspx . Accessed 2026-09-23. Supports: E10 nationwide from 1 Jun 2026; E5 RON92 to 31 Dec 2030; B5/B10 voluntary; effective 1 Jan 2026. Type: law (read).",Thông tư 50/2025/TT-BCT quy định lộ trình áp dụng tỷ lệ phối trộn nhiên liệu sinh học với nhiên liệu truyền thống tại Việt Nam,MOIT,7 Nov 2025,https://thuvienphapluat.vn/van-ban/Tai-nguyen-Moi-truong/Thong-tu-50-2025-TT-BCT-lo-trinh-ap-dung-ty-le-phoi-tron-nhien-lieu-sinh-hoc-voi-nhien-lieu-truyen-thong-680578.aspx,,law,2026-09-23,Type as given: law (read),wave2,wave2/geo_time/geo_time.md
GT-11,GT,GEO-TIME,"Quyết định 768/QĐ-TTg năm 2025 phê duyệt Điều chỉnh Quy hoạch phát triển điện lực quốc gia thời kỳ 2021-2030, tầm nhìn đến năm 2050. Prime Minister, 15 Apr 2025. https://thuvienphapluat.vn/van-ban/Tai-nguyen-Moi-truong/Quyet-dinh-768-QD-TTg-2025-Dieu-chinh-Quy-hoach-phat-trien-dien-luc-quoc-gia-thoi-ky-2021-2030-651977.aspx . Accessed 2026-09-23. Supports: renewable shares, capacities, electricity demand, emissions, GDP assumption, investment. Type: law (read).","Quyết định 768/QĐ-TTg năm 2025 phê duyệt Điều chỉnh Quy hoạch phát triển điện lực quốc gia thời kỳ 2021-2030, tầm nhìn đến năm 2050",Prime Minister,15 Apr 2025,https://thuvienphapluat.vn/van-ban/Tai-nguyen-Moi-truong/Quyet-dinh-768-QD-TTg-2025-Dieu-chinh-Quy-hoach-phat-trien-dien-luc-quoc-gia-thoi-ky-2021-2030-651977.aspx,,law,2026-09-23,Type as given: law (read),wave2,wave2/geo_time/geo_time.md
GT-12,GT,GEO-TIME,"""Population, including UN projections"" (UN DESA World Population Prospects 2024, medium variant), Our World in Data grapher CSV. https://ourworldindata.org/grapher/population-with-un-projections.csv?v=1&csvType=filtered&useColumnShortNames=true&country=~VNM . Accessed 2026-09-23. Supports: Vietnam population 2025-2060 and peak 2049. Type: statistics (UN, re-published).","Population, including UN projections",,,https://ourworldindata.org/grapher/population-with-un-projections.csv?v=1&csvType=filtered&useColumnShortNames=true&country=~VNM,,gov/statistics,2026-09-23,"Type as given: statistics (UN, re-published)",wave2,wave2/geo_time/geo_time.md
GT-13,GT,GEO-TIME,"""Demographics of Vietnam."" Wikipedia. https://en.wikipedia.org/wiki/Demographics_of_Vietnam . Accessed 2026-09-23. Supports: ""aged society by 2035""; TFR 1.91 (2024). Type: encyclopedia (secondary).",Demographics of Vietnam,Wikipedia,,https://en.wikipedia.org/wiki/Demographics_of_Vietnam,,other,2026-09-23,Type as given: encyclopedia (secondary),wave2,wave2/geo_time/geo_time.md
GT-14,GT,GEO-TIME,"World Bank. Commodity Markets Outlook, April 2026: price forecasts table. https://thedocs.worldbank.org/en/doc/f3138644a1e8e2bb631399ae11d6c408-0050012026/related/CMO-April-2026-Forecasts.pdf (listing page https://www.worldbank.org/en/research/commodity-markets). Accessed 2026-09-23. Supports: 2024-25 actual and 2026-27 forecast prices; +16% 2026 overall. Type: statistics/forecast (IFI).","Commodity Markets Outlook, April 2026: price forecasts table",World Bank,April 2026,https://thedocs.worldbank.org/en/doc/f3138644a1e8e2bb631399ae11d6c408-0050012026/related/CMO-April-2026-Forecasts.pdf,,gov/statistics,2026-09-23,Type as given: statistics/forecast (IFI) | Other URLs: https://www.worldbank.org/en/research/commodity-markets,wave2,wave2/geo_time/geo_time.md
GT-15,GT,GEO-TIME,"World Bank. Commodity Price Data (The Pink Sheet), 2 Sep 2026. https://thedocs.worldbank.org/en/doc/74e8be41ceb20fa0da750cda2f6b9e4e-0050012026/related/CMO-Pink-Sheet-September-2026.pdf . Accessed 2026-09-23. Supports: fishmeal, soybean meal, maize monthly and annual prices; food and fertilizer indices. Type: statistics (IFI).",Commodity Price Data (The Pink Sheet),World Bank,2 Sep 2026,https://thedocs.worldbank.org/en/doc/74e8be41ceb20fa0da750cda2f6b9e4e-0050012026/related/CMO-Pink-Sheet-September-2026.pdf,,gov/statistics,2026-09-23,Type as given: statistics (IFI) | Same URL as FM-01,wave2,wave2/geo_time/geo_time.md
GT-16,GT,GEO-TIME,"Climate Action Tracker, ""Viet Nam"" country page, updated 28 Oct 2025. https://climateactiontracker.org/countries/vietnam/ . Accessed 2026-09-23. Supports: 2030 NDC levels (878 / 629 Mt CO2e); absence of 2035 target on that page. Type: research/advocacy.",Viet Nam,Climate Action Tracker,28 Oct 2025,https://climateactiontracker.org/countries/vietnam/,,advocacy,2026-09-23,Type as given: research/advocacy,wave2,wave2/geo_time/geo_time.md
VCO-01,VCO,VERIFY-CO,"Vedan International (Holdings) Ltd. ""Annual Report 2025."" HKEXnews, 22 Apr 2026. https://www1.hkexnews.hk/listedco/listconews/sehk/2026/0422/2026042201564.pdf . Revenue by market and product, capex, raw-material commentary; no capacity. Company filing (primary).",Annual Report 2025,Vedan International (Holdings) Ltd,22 Apr 2026,https://www1.hkexnews.hk/listedco/listconews/sehk/2026/0422/2026042201564.pdf,,company,2026-09-23,Type as given: Company filing (primary),wave2,wave2/verify_co/verify_co.md
VCO-02,VCO,VERIFY-CO,"Vedan International (Holdings) Ltd. ""Interim Results Announcement for the six months ended 30 June 2026."" HKEXnews, 25 Aug 2026. https://www1.hkexnews.hk/listedco/listconews/sehk/2026/0825/2026082502313.pdf . H1 2026 revenue, Vietnam share, cassava and molasses. Company filing (primary).",Interim Results Announcement for the six months ended 30 June 2026,Vedan International (Holdings) Ltd,25 Aug 2026,https://www1.hkexnews.hk/listedco/listconews/sehk/2026/0825/2026082502313.pdf,,company,2026-09-23,Type as given: Company filing (primary),wave2,wave2/verify_co/verify_co.md
VCO-03,VCO,VERIFY-CO,"Vedan International. ""Milestones."" Undated. http://www.vedaninternational.com/aboutvedan/milestones.htm . Vietnam nameplates 1994 to 2004, including GA 180,000 t/yr (2004). Company.",Milestones,Vedan International,undated,http://www.vedaninternational.com/aboutvedan/milestones.htm,,company,2026-09-23,Type as given: Company | Same URL as IND-04,wave2,wave2/verify_co/verify_co.md
VCO-04,VCO,VERIFY-CO,"Vedan Vietnam. ""Company information."" Undated. https://vedan.com.vn/en/gioi-thieu-cong-ty/ . 120 ha site, more than 3,000 staff, list of plants, ports. Company.",Company information,Vedan Vietnam,undated,https://vedan.com.vn/en/gioi-thieu-cong-ty/,,company,2026-09-23,Type as given: Company | Same URL as IND-02,wave2,wave2/verify_co/verify_co.md
VCO-05,VCO,VERIFY-CO,Vedan Vietnam. Home page. Undated. https://vedan.com.vn/en/home-page/ . 700 m3 per tank; product lines. Company.,"Vedan Vietnam, home page",Vedan Vietnam,undated,https://vedan.com.vn/en/home-page/,,company,2026-09-23,Type as given: Company | Same URL as IND-01,wave2,wave2/verify_co/verify_co.md
VCO-06,VCO,VERIFY-CO,"HKEXnews title search, Vedan Int'l (stock 02317, stockId 6280), 2025 to 2026 filings. https://www1.hkexnews.hk/search/titleSearchServlet.do?...stockId=6280 . Filing list including Annual Report 2024 (/sehk/2025/0423/2025042302065.pdf) and Interim Report 2026 (/sehk/2026/0916/2026091601129.pdf). Exchange index.","HKEXnews title search, Vedan Int'l (stock 02317, stockId 6280), 2025 to 2026 filings",,2025,https://www1.hkexnews.hk/search/titleSearchServlet.do?...stockId=6280,,database,2026-09-23,Type as given: Exchange index,wave2,wave2/verify_co/verify_co.md
VCO-07,VCO,VERIFY-CO,"Royal De Heus. ""Royal De Heus expands its Asian footprint with the acquisition of CJ Feed & Care."" 1 Oct 2025. https://www.deheus.com/articles/news/royal-de-heus-expands-its-asian-footprint-with-the-acquisition-of-cj-feed-care . Deal scope, 17 mills, five countries. Company.",Royal De Heus expands its Asian footprint with the acquisition of CJ Feed & Care,Royal De Heus,1 Oct 2025,https://www.deheus.com/articles/news/royal-de-heus-expands-its-asian-footprint-with-the-acquisition-of-cj-feed-care,,company,2026-09-23,Type as given: Company,wave2,wave2/verify_co/verify_co.md
VCO-08,VCO,VERIFY-CO,"Royal De Heus. ""De Heus successfully completes acquisition of CJ Feed & Care, marking a significant expansion in Asia."" 3 Mar 2026. https://www.deheus.com/articles/news/de-heus-successfully-completes-acquisition-of-cj-feed-care-marking-a-significant-expansion-in-asia . Completion. Company.","De Heus successfully completes acquisition of CJ Feed & Care, marking a significant expansion in Asia",Royal De Heus,3 Mar 2026,https://www.deheus.com/articles/news/de-heus-successfully-completes-acquisition-of-cj-feed-care-marking-a-significant-expansion-in-asia,,company,2026-09-23,Type as given: Company,wave2,wave2/verify_co/verify_co.md
VCO-09,VCO,VERIFY-CO,De Heus Vietnam. Home page. Accessed 2026. https://deheus.com.vn/ . 21 plants (14/6/1); branches; ASC certification news (Aug 2026). Company.,"De Heus Vietnam, home page",De Heus Vietnam,,https://deheus.com.vn/,,company,2026-09-23,Type as given: Company,wave2,wave2/verify_co/verify_co.md
VCO-10,VCO,VERIFY-CO,"Royal De Heus. ""De Heus expands aquaculture capabilities with new marine and cold-water fish feed mill."" 22 Jul 2026. https://www.deheus.com/articles/news/de-heus-expands-aquaculture-capabilities-with-new-marine-and-cold-water-fish-feed-mill . Vinh Long, 168,000 t/yr. Company.",De Heus expands aquaculture capabilities with new marine and cold-water fish feed mill,Royal De Heus,22 Jul 2026,https://www.deheus.com/articles/news/de-heus-expands-aquaculture-capabilities-with-new-marine-and-cold-water-fish-feed-mill,,company,2026-09-23,Type as given: Company,wave2,wave2/verify_co/verify_co.md
VCO-11,VCO,VERIFY-CO,Royal De Heus. News listing. Accessed 2026. https://www.deheus.com/articles/news . Dates of the Vietnam shrimp feed mill opening (4 Mar 2024) and the Vinh Long R&D facility (29 Jul 2024). Company.,News listing,Royal De Heus,,https://www.deheus.com/articles/news,,company,2026-09-23,Type as given: Company,wave2,wave2/verify_co/verify_co.md
VCO-12,VCO,VERIFY-CO,CJ Foods Vietnam. Home page. Accessed 2026. https://cjfoods.com.vn/ . Brands; HQ address; no history or plant data. Company.,"CJ Foods Vietnam, home page",CJ Foods Vietnam,,https://cjfoods.com.vn/,,company,2026-09-23,Type as given: Company | Same URL as FORM-24,wave2,wave2/verify_co/verify_co.md
VCO-13,VCO,VERIFY-CO,"Vietstock Finance. ""VSN: Ho so doanh nghiep"" (company profile). Accessed 2026. https://finance.vietstock.vn/VSN/ho-so-doanh-nghiep.htm . Shareholders, charter capital, history. Financial-data aggregator (of filings).",VSN: Ho so doanh nghiep,Vietstock Finance,,https://finance.vietstock.vn/VSN/ho-so-doanh-nghiep.htm,,database,2026-09-23,Type as given: Financial-data aggregator (of filings),wave2,wave2/verify_co/verify_co.md
VCO-14,VCO,VERIFY-CO,"VISSAN. Home page. Accessed 2026. https://www.vissan.com.vn/ . Legal name, HQ, registration number; no plant list. Company.","VISSAN, home page",VISSAN,,https://www.vissan.com.vn/,,company,2026-09-23,Type as given: Company | Same URL as ECO-32,wave2,wave2/verify_co/verify_co.md
VCO-15,VCO,VERIFY-CO,"CafeF. ""VSN"" stock page. Accessed 23 Sep 2026. https://cafef.vn/du-lieu/upcom/vsn-cong-ty-co-phan-viet-nam-ky-nghe-suc-san.chn . Market capitalisation. Financial data.",VSN,CafeF,,https://cafef.vn/du-lieu/upcom/vsn-cong-ty-co-phan-viet-nam-ky-nghe-suc-san.chn,,database,2026-09-23,Type as given: Market capitalisation,wave2,wave2/verify_co/verify_co.md
VCO-16,VCO,VERIFY-CO,"Dan Tri. ""TPHCM co to hop ep dau dau nanh quy mo hang dau Dong Nam A."" 10 Dec 2025. https://dantri.com.vn/kinh-doanh/tphcm-co-to-hop-ep-dau-dau-nanh-quy-mo-hang-dau-dong-nam-a-20251210205324484.htm . VAL legal name, location, capacity, USD 100 m line, 30% target. Press.",TPHCM co to hop ep dau dau nanh quy mo hang dau Dong Nam A,Dan Tri,10 Dec 2025,https://dantri.com.vn/kinh-doanh/tphcm-co-to-hop-ep-dau-dau-nanh-quy-mo-hang-dau-dong-nam-a-20251210205324484.htm,,press,2026-09-23,Type as given: Press | Same URL as FORM-10,wave2,wave2/verify_co/verify_co.md
VCO-17,VCO,VERIFY-CO,"Vietstock Finance. ""QNS: Ho so doanh nghiep."" Accessed 2026. https://finance.vietstock.vn/QNS/ho-so-doanh-nghiep.htm . Vinasoy plant history 2012 to 2013; capacity paywalled. Financial-data aggregator.",QNS: Ho so doanh nghiep,Vietstock Finance,,https://finance.vietstock.vn/QNS/ho-so-doanh-nghiep.htm,,database,2026-09-23,Type as given: Financial-data aggregator,wave2,wave2/verify_co/verify_co.md
VCO-18,VCO,VERIFY-CO,"Entobel. News page and ""Entobel is now a certified B Corp."" 5 Feb 2025. https://www.entobel.com/en/entobel-is-now-a-certified-b-corp-driving-impact-one-insect-at-a-time/ . B Corp; no output data. Company.",Entobel is now a certified B Corp,Entobel,5 Feb 2025,https://www.entobel.com/en/entobel-is-now-a-certified-b-corp-driving-impact-one-insect-at-a-time/,,company,2026-09-23,Type as given: Company,wave2,wave2/verify_co/verify_co.md
VCO-19,VCO,VERIFY-CO,"Mekong Capital. ""Entobel."" Accessed 2026. https://www.mekongcapital.com/our-investment/entobel-2/ . Capacity, staff, Indonesia ""preparing"". Investor.",Entobel,Mekong Capital,,https://www.mekongcapital.com/our-investment/entobel-2/,,company,2026-09-23,"Type as given: Investor | Same URL as ECO-02, CAP-10",wave2,wave2/verify_co/verify_co.md
VCO-20,VCO,VERIFY-CO,"Early Warning System (Rights in Development). ""CnC-Entobel (IFC-46903)."" Accessed 2026. https://ewsdata.rightsindevelopment.org/projects/46903-cnc-entobel/ . IFC USD 2.5 m Upstream Collaboration Agreement; USD 32.5 m project cost; Active. DFI disclosure (secondary host).",CnC-Entobel (IFC-46903),Early Warning System (Rights in Development),,https://ewsdata.rightsindevelopment.org/projects/46903-cnc-entobel/,,gov/statistics,2026-09-23,"Type as given: DFI disclosure (secondary host) | Same URL as ECO-03, CAP-04",wave2,wave2/verify_co/verify_co.md
VCO-21,VCO,VERIFY-CO,"GFI. ""Country: Vietnam - The alternative protein ecosystem."" Accessed 2026. https://ecosystem.gfi.org/country/vietnam/ . 2 plant-based companies (2019, 2023); no research actors. Advocacy database.",Country: Vietnam - The alternative protein ecosystem,GFI,,https://ecosystem.gfi.org/country/vietnam/,,advocacy,2026-09-23,Type as given: Advocacy database | Same URL as ECO-22,wave2,wave2/verify_co/verify_co.md
VCO-22,VCO,VERIFY-CO,"The Investor. ""'Shrimp king' Minh Phu, Shiok Meats to develop R&D facility in Vietnam."" 28 Jul 2022. https://theinvestor.vn/shrimp-king-minh-phu-shiok-meats-to-develop-rd-facility-in-vietnam-d1264.html . MOU date and terms. Press.","'Shrimp king' Minh Phu, Shiok Meats to develop R&D facility in Vietnam",The Investor,28 Jul 2022,https://theinvestor.vn/shrimp-king-minh-phu-shiok-meats-to-develop-rd-facility-in-vietnam-d1264.html,,press,2026-09-23,Type as given: Press | Same URL as ECO-61,wave2,wave2/verify_co/verify_co.md
VCO-23,VCO,VERIFY-CO,UMAMI Bioworks. Home page. Accessed 2026. https://www.umamibioworks.com/ . Partner list (no Vietnamese firm). Company.,"UMAMI Bioworks, home page",UMAMI Bioworks,,https://www.umamibioworks.com/,,company,2026-09-23,Type as given: Company,wave2,wave2/verify_co/verify_co.md
VCO-24,VCO,VERIFY-CO,Vinh Hoan Corp. Investor updates page. Accessed 2026. https://www.vinhhoan.com/investor_updates/ . No 2024 to 2026 alt-protein updates visible. Company (listed).,Investor updates page,Vinh Hoan Corp,,https://www.vinhhoan.com/investor_updates/,,company,2026-09-23,Type as given: Company (listed),wave2,wave2/verify_co/verify_co.md
VCO-25,VCO,VERIFY-CO,"harvestgourmet.com. Redirect to a GoDaddy domain-for-sale page, observed 23 Sep 2026. https://www.harvestgourmet.com/ . Brand web presence lapsed. Observation.","Redirect to a GoDaddy domain-for-sale page, observed 23 Sep 2026",harvestgourmet.com,23 Sep 2026,https://www.harvestgourmet.com/,,other,2026-09-23,Type as given: Observation,wave2,wave2/verify_co/verify_co.md
VCO-26,VCO,VERIFY-CO,"An Nhien Foods (Pham Gia Phat). ""An Nhien Foods."" Accessed 2026. https://annhienfood.com.vn/pages/an-nhien-foods . Founding, address, inputs, Halal, channels, exports. Company.",An Nhien Foods,An Nhien Foods (Pham Gia Phat),,https://annhienfood.com.vn/pages/an-nhien-foods,,company,2026-09-23,Type as given: Company | Same URL as ECO-28,wave2,wave2/verify_co/verify_co.md
VCO-27,VCO,VERIFY-CO,Skretting Vietnam. Home page and news listing. Accessed 2026. https://www.skretting.com/vi-vn/ . Office address; 2026 product launches; Entobel item. Company.,Home page and news listing,Skretting Vietnam,,https://www.skretting.com/vi-vn/,,company,2026-09-23,Type as given: Company,wave2,wave2/verify_co/verify_co.md
VCO-28,VCO,VERIFY-CO,"Skretting Vietnam. ""Skretting Viet Nam va Entobel hop tac chien luoc nham thuc day san xuat thuc an tom ben vung."" 26 Nov 2025. https://www.skretting.com/vi-vn/tin-tuc-su-kien/skretting-viet-nam-hop-tac-voi-entobel-thuong-mai-hoa-thuc-an-tom-tu-bot-con-trung/ . Partnership; commercial production from Nov 2025; CO2 claim. Company.",Skretting Viet Nam va Entobel hop tac chien luoc nham thuc day san xuat thuc an tom ben vung,Skretting Vietnam,26 Nov 2025,https://www.skretting.com/vi-vn/tin-tuc-su-kien/skretting-viet-nam-hop-tac-voi-entobel-thuong-mai-hoa-thuc-an-tom-tu-bot-con-trung/,,company,2026-09-23,Type as given: Company,wave2,wave2/verify_co/verify_co.md
VCO-29,VCO,VERIFY-CO,Uni-President Vietnam. Home page. Accessed 2026. https://www.uni-president.com.vn/ . Founding 1999; four sites; business lines. Company.,"Uni-President Vietnam, home page",Uni-President Vietnam,,https://www.uni-president.com.vn/,,company,2026-09-23,Type as given: Company,wave2,wave2/verify_co/verify_co.md
VCO-30,VCO,VERIFY-CO,Grobest. Home page. Accessed 2026. https://www.grobest.com/ . Countries; 2024 sustainability report released 30 Mar 2026. Company.,"Grobest, home page",Grobest,,https://www.grobest.com/,,company,2026-09-23,Type as given: Company,wave2,wave2/verify_co/verify_co.md
VCO-31,VCO,VERIFY-CO,"INNOHAS Co., Ltd. Home page. Accessed 2026. https://www.innohas.com/ . No Vietnam mention. Company.",INNOHAS home page,INNOHAS Co. Ltd,,https://www.innohas.com/,,company,2026-09-23,Type as given: Company,wave2,wave2/verify_co/verify_co.md
INF-01,INF,INFRA,"Food Industries Research Institute (Viện Công nghiệp Thực phẩm), home page (centres and departments). FIRI, MOIT. Undated, current. https://firi.vn . Gov research institute.","Food Industries Research Institute (Viện Công nghiệp Thực phẩm), home page (centres and departments)","FIRI, MOIT",undated,https://firi.vn,,gov/statistics,2026-09-23,"Type as given: Gov research institute | Same URL as IND-60, RD-07",wave2,wave2/infra/infra.md
INF-02,INF,INFRA,"FIRI, Food Production Pilot and Technology Transfer Center (FTET) page. FIRI. Undated. https://www.firi.vn/FTET . Gov research institute; supports pilot capability and contact.","FIRI, Food Production Pilot and Technology Transfer Center (FTET) page",FIRI,undated,https://www.firi.vn/FTET,,gov/statistics,2026-09-23,Type as given: Gov research institute; supports pilot capability and contact,wave2,wave2/infra/infra.md
INF-03,INF,INFRA,"FIRI, National Center for Food Analysis and Certification (NACEFA) page. FIRI. Undated. https://www.firi.vn/NACEFA . Gov lab; supports VILAS 259, designations, instruments, tests.","FIRI, National Center for Food Analysis and Certification (NACEFA) page",FIRI,undated,https://www.firi.vn/NACEFA,,gov/statistics,2026-09-23,"Type as given: Gov lab; supports VILAS 259, designations, instruments, tests",wave2,wave2/infra/infra.md
INF-04,INF,INFRA,"HCMC Biotechnology Center, home page. HCMC People's Committee. Undated. https://hcmbiotech.com.vn . Gov centre; supports address, divisions, services.","HCMC Biotechnology Center, home page",HCMC People's Committee,undated,https://hcmbiotech.com.vn,,gov/statistics,2026-09-23,"Type as given: Gov centre; supports address, divisions, services",wave2,wave2/infra/infra.md
INF-05,INF,INFRA,"HCMC Biotechnology Center, technology transfer services list. Undated. https://www.hcmbiotech.com.vn/vi/news/dich-vu-chuyen-giao/ . Gov centre; supports the absence of a contract fermentation offer.","HCMC Biotechnology Center, technology transfer services list",,undated,https://www.hcmbiotech.com.vn/vi/news/dich-vu-chuyen-giao/,,gov/statistics,2026-09-23,Type as given: Gov centre; supports the absence of a contract fermentation offer,wave2,wave2/infra/infra.md
INF-06,INF,INFRA,"Saigon Hi-Tech Park, home page (units, area, projects). SHTP Management Board. Undated, current. https://shtp.hochiminhcity.gov.vn . Gov.","Saigon Hi-Tech Park, home page (units, area, projects)",SHTP Management Board,undated,https://shtp.hochiminhcity.gov.vn,,gov/statistics,2026-09-23,Type as given: Gov | Same URL as IND-57,wave2,wave2/infra/infra.md
INF-07,INF,INFRA,SHTP Labs home page. http://shtplabs.org/ . Returned metadata only. Gov.,SHTP Labs home page,,,http://shtplabs.org/,,gov/statistics,2026-09-23,Type as given: Gov,wave2,wave2/infra/infra.md
INF-08,INF,INFRA,"Hoa Lac Hi-Tech Park, home page. https://hhtp.gov.vn . Gov; zones, incubator, tenants. (The /vi/about/ page returned 404.)","Hoa Lac Hi-Tech Park, home page",,,https://hhtp.gov.vn,,gov/statistics,2026-09-23,"Type as given: Gov; zones, incubator, tenants | Access problem noted in citation",wave2,wave2/infra/infra.md
INF-09,INF,INFRA,"Bureau of Accreditation (BoA), home page and accredited-organisation search. https://www.boa.gov.vn/vi/timkiem/tochuc . Gov; supports the search structure and NIFC's OECD GLP listing.","Bureau of Accreditation (BoA), home page and accredited-organisation search",,,https://www.boa.gov.vn/vi/timkiem/tochuc,,gov/statistics,2026-09-23,Type as given: Gov; supports the search structure and NIFC's OECD GLP listing,wave2,wave2/infra/infra.md
INF-10,INF,INFRA,"National Institute for Food Control (NIFC), home page. MOH. https://nifc.gov.vn . Gov lab.","National Institute for Food Control (NIFC), home page",MOH,,https://nifc.gov.vn,,gov/statistics,2026-09-23,Type as given: Gov lab | Same URL as IND-61,wave2,wave2/infra/infra.md
INF-11,INF,INFRA,"Eurofins Vietnam, home page and food testing page. https://www.eurofins.vn . Company.","Eurofins Vietnam, home page and food testing page",,,https://www.eurofins.vn,,company,2026-09-23,Type as given: Company | Same URL as IND-62,wave2,wave2/infra/infra.md
INF-12,INF,INFRA,Eurofins Sac Ky Hai Dang page. https://www.eurofins.vn/vn/eurofins-tại-việt-nam/eurofins-sắc-ký-hải-đăng/ . Company; supports the May 2015 JV and contact.,Eurofins Sac Ky Hai Dang page,,,https://www.eurofins.vn/vn/eurofins-tại-việt-nam/eurofins-sắc-ký-hải-đăng/,,company,2026-09-23,Type as given: Company; supports the May 2015 JV and contact,wave2,wave2/infra/infra.md
INF-13,INF,INFRA,"QUATEST 3, home page (HQ; Dong Nai branch opened 14 Sep 2026). https://www.quatest3.com.vn . Gov testing body.","QUATEST 3, home page (HQ; Dong Nai branch opened 14 Sep 2026)",,,https://www.quatest3.com.vn,,gov/statistics,2026-09-23,Type as given: Gov testing body | Same URL as IND-63,wave2,wave2/infra/infra.md
INF-14,INF,INFRA,"CASE (Center of Analytical Services and Experimentation HCMC), home page. https://www.case.vn . Gov lab.","CASE (Center of Analytical Services and Experimentation HCMC), home page",,,https://www.case.vn,,gov/statistics,2026-09-23,Type as given: Gov lab,wave2,wave2/infra/infra.md
INF-15,INF,INFRA,"Can Tho University, ""Danh mục ngành và chỉ tiêu tuyển sinh ĐHCQ"" 2026. https://tuyensinh.ctu.edu.vn/chuong-trinh-dai-tra/177-thong-tin/841-danh-muc-nganh-va-chi-tieu-tuyen-sinh-dhcq.html . University (primary); supports per-programme quotas and the 11,850 total.",Danh mục ngành và chỉ tiêu tuyển sinh ĐHCQ,Can Tho University,2026,https://tuyensinh.ctu.edu.vn/chuong-trinh-dai-tra/177-thong-tin/841-danh-muc-nganh-va-chi-tieu-tuyen-sinh-dhcq.html,,other,2026-09-23,"Type as given: University (primary); supports per-programme quotas and the 11,850 total",wave2,wave2/infra/infra.md
INF-16,INF,INFRA,"Tuyensinh247, Can Tho University admissions plan 2026. https://diemthi.tuyensinh247.com/de-an-tuyen-sinh/dai-hoc-can-tho-TCT.html . Aggregator; ""12,000"" figure.",Can Tho University admissions plan 2026,Tuyensinh247,2026,https://diemthi.tuyensinh247.com/de-an-tuyen-sinh/dai-hoc-can-tho-TCT.html,,database,2026-09-23,"Type as given: Aggregator; ""12,000"" figure",wave2,wave2/infra/infra.md
INF-17,INF,INFRA,"Thuvienphapluat.vn search listing, ""công nhận cơ sở khảo nghiệm thức ăn"" (titles and URLs of Decisions 173/174/QĐ-TSKN 2025, 1109/QĐ-BNNMT 2025, 3064/3065/QĐ-BNNMT 2026, 215/QĐ-TS-VP 2024). https://thuvienphapluat.vn/page/tim-van-ban.aspx?keyword=công nhận cơ sở khảo nghiệm thức ăn . Law database.",công nhận cơ sở khảo nghiệm thức ăn,Thuvienphapluat.vn search listing,,https://thuvienphapluat.vn/page/tim-van-ban.aspx?keyword=công,,database,2026-09-23,Type as given: Law database,wave2,wave2/infra/infra.md
INF-18,INF,INFRA,Decision 3064/QĐ-BNNMT (4 Aug 2026) on the Central Livestock and Veterinary Trial and Testing Centre I. MAE. https://thuvienphapluat.vn/van-ban/Bo-may-hanh-chinh/Quyet-dinh-3064-QD-BNNMT-2026-chuc-nang-Trung-tam-Khao-nghiem-chan-nuoi-thu-y-Trung-uong-I-722048.aspx . Law.,Decision 3064/QĐ-BNNMT on the Central Livestock and Veterinary Trial and Testing Centre I,MAE,4 Aug 2026,https://thuvienphapluat.vn/van-ban/Bo-may-hanh-chinh/Quyet-dinh-3064-QD-BNNMT-2026-chuc-nang-Trung-tam-Khao-nghiem-chan-nuoi-thu-y-Trung-uong-I-722048.aspx,,law,2026-09-23,Type as given: Law,wave2,wave2/infra/infra.md
INF-19,INF,INFRA,"Decision 174/QĐ-TSKN (19 May 2025) on the Aquatic Products Trial, Testing and Inspection Centre Region II. https://thuvienphapluat.vn/van-ban/Bo-may-hanh-chinh/Quyet-dinh-174-QD-TSKN-2025-chuc-nang-Trung-tam-Khao-nghiem-Kiem-dinh-thuy-san-Vung-II-658280.aspx . Law.","Decision 174/QĐ-TSKN (19 May 2025) on the Aquatic Products Trial, Testing and Inspection Centre Region II",MAE,19 May 2025,https://thuvienphapluat.vn/van-ban/Bo-may-hanh-chinh/Quyet-dinh-174-QD-TSKN-2025-chuc-nang-Trung-tam-Khao-nghiem-Kiem-dinh-thuy-san-Vung-II-658280.aspx,,law,2026-09-23,Type as given: Law,wave2,wave2/infra/infra.md
INF-20,INF,INFRA,ShrimpVet home page. https://shrimpvet.com . Failed TLS verification; not read.,ShrimpVet home page,,,https://shrimpvet.com,,company,2026-09-23,Type as given: Failed TLS verification; not read | Access problem noted in citation,wave2,wave2/infra/infra.md
INF-21,INF,INFRA,"VNUA admissions pages (2026 quota 8,284; 23 groups). https://tuyensinh.vnua.edu.vn/tuyen-sinh-dai-hoc/ . University.","VNUA admissions pages (2026 quota 8,284; 23 groups)",,,https://tuyensinh.vnua.edu.vn/tuyen-sinh-dai-hoc/,,other,2026-09-23,Type as given: University,wave2,wave2/infra/infra.md
INF-22,INF,INFRA,"Thuvienphapluat.vn search listing, ""khu nông nghiệp ứng dụng công nghệ cao thành lập"" (titles and dates of Decree 263/2026, Law on High Technology 2025, Decisions 2263/QĐ-TTg 2021, 70/QĐ-TTg 2021, 509/QĐ-TTg 2021, 746/QĐ-TTg 2025, and provincial resolutions). https://thuvienphapluat.vn/page/tim-van-ban.aspx?keyword=khu nông nghiệp ứng dụng công nghệ cao thành lập . Law database; titles only.",khu nông nghiệp ứng dụng công nghệ cao thành lập,Thuvienphapluat.vn search listing,,https://thuvienphapluat.vn/page/tim-van-ban.aspx?keyword=khu,,database,2026-09-23,Type as given: Law database; titles only,wave2,wave2/infra/infra.md
INF-23,INF,INFRA,Decree 263/2026/NĐ-CP on hi-tech agriculture zones (1 Jul 2026). Government. https://thuvienphapluat.vn/van-ban/Linh-vuc-khac/Nghi-dinh-263-2026-ND-CP-khu-nong-nghiep-ung-dung-cong-nghe-cao-713724.aspx . Law (read through a summary tool; verify articles).,Decree 263/2026/NĐ-CP on hi-tech agriculture zones,Government,1 Jul 2026,https://thuvienphapluat.vn/van-ban/Linh-vuc-khac/Nghi-dinh-263-2026-ND-CP-khu-nong-nghiep-ung-dung-cong-nghe-cao-713724.aspx,,law,2026-09-23,Type as given: Law (read through a summary tool; verify articles),wave2,wave2/infra/infra.md
INF-24,INF,INFRA,"Rieckermann, home page. https://www.rieckermann.com . Company.","Rieckermann, home page",,,https://www.rieckermann.com,,company,2026-09-23,Type as given: Company,wave2,wave2/infra/infra.md
INF-25,INF,INFRA,"Hoa Lac Hi-Tech Park, zones page (zone areas; managing board address). https://hhtp.gov.vn/vi/zone.html . Gov.","Hoa Lac Hi-Tech Park, zones page (zone areas; managing board address)",,,https://hhtp.gov.vn/vi/zone.html,,gov/statistics,2026-09-23,Type as given: Gov,wave2,wave2/infra/infra.md
INF-26,INF,INFRA,"SGS Vietnam, home page. https://www.sgs.com/vi-vn . Company.","SGS Vietnam, home page",,,https://www.sgs.com/vi-vn,,company,2026-09-23,Type as given: Company,wave2,wave2/infra/infra.md
INF-27,INF,INFRA,FAMSUN corporate home page. https://www.famsungroup.com . Company; no Vietnam detail.,FAMSUN corporate home page,,,https://www.famsungroup.com,,company,2026-09-23,Type as given: Company; no Vietnam detail,wave2,wave2/infra/infra.md
INF-28,INF,INFRA,"Decision 1109/QĐ-BNNMT (25 Apr 2025) on the Aquatic Products Trial, Testing and Inspection Centre. MAE. https://thuvienphapluat.vn/van-ban/Bo-may-hanh-chinh/Quyet-dinh-1109-QD-BNNMT-2025-chuc-nang-Trung-tam-Khao-nghiem-Kiem-dinh-thuy-san-654760.aspx . Law.","Decision 1109/QĐ-BNNMT (25 Apr 2025) on the Aquatic Products Trial, Testing and Inspection Centre",MAE,25 Apr 2025,https://thuvienphapluat.vn/van-ban/Bo-may-hanh-chinh/Quyet-dinh-1109-QD-BNNMT-2025-chuc-nang-Trung-tam-Khao-nghiem-Kiem-dinh-thuy-san-654760.aspx,,law,2026-09-23,Type as given: Law,wave2,wave2/infra/infra.md
INF-29,INF,INFRA,Da Nang Hi-Tech Park and Industrial Zones Authority. https://dhpiza.danang.gov.vn . Failed DNS.,Da Nang Hi-Tech Park and Industrial Zones Authority,,,https://dhpiza.danang.gov.vn,,gov/statistics,2026-09-23,Type as given: Failed DNS | Access problem noted in citation,wave2,wave2/infra/infra.md
INF-30,INF,INFRA,Buhler Group locations. https://www.buhlergroup.com/global/en/locations.html . Dynamic page; no Vietnam data returned.,Buhler Group locations,,,https://www.buhlergroup.com/global/en/locations.html,,company,2026-09-23,Type as given: Dynamic page; no Vietnam data returned,wave2,wave2/infra/infra.md
INF-31,INF,INFRA,Clextral contact. https://www.clextral.com/contact/ . Failed TLS.,Clextral contact,,,https://www.clextral.com/contact/,,company,2026-09-23,Type as given: Failed TLS | Access problem noted in citation,wave2,wave2/infra/infra.md
INF-32,INF,INFRA,GEA Vietnam page. https://www.gea.com/vi/index.jsp . 404.,GEA Vietnam page,,,https://www.gea.com/vi/index.jsp,,company,2026-09-23,Type as given: 404 | Access problem noted in citation,wave2,wave2/infra/infra.md
INF-33,INF,INFRA,Alfa Laval Vietnam. https://www.alfalaval.com.vn . Timed out.,Alfa Laval Vietnam,,,https://www.alfalaval.com.vn,,company,2026-09-23,Type as given: Timed out | Access problem noted in citation,wave2,wave2/infra/infra.md
BIB-01,BIB,BIBLIO,"OpenAIRE Graph API v1, researchProducts endpoint. OpenAIRE AMKE. https://api.openaire.eu/graph/v1/researchProducts. Accessed 2026-09-23, 16:00 to 16:40 UTC. Used for all counts and all record lists. Exact URLs are in biblio_counts.csv (query_url column) and results in biblio_raw_query_log.txt. Type: open bibliographic database.","OpenAIRE Graph API v1, researchProducts endpoint",OpenAIRE AMKE,,https://api.openaire.eu/graph/v1/researchProducts,,database,2026-09-23,Type as given: open bibliographic database,wave2,wave2/biblio/bibliometrics.md
BIB-02,BIB,BIBLIO,"""Authentication"", OpenAlex developer guide. OurResearch / OpenAlex. https://developers.openalex.org/guides/authentication. Accessed 2026-09-23. Supports the no-key budget of USD 0.10 per day and the free-key budget of USD 1 per day. Type: documentation.",Authentication,OpenAlex developer guide,,https://developers.openalex.org/guides/authentication,,other,2026-09-23,Type as given: documentation,wave2,wave2/biblio/bibliometrics.md
BIB-03,BIB,BIBLIO,"OpenAlex API, works endpoint. https://api.openalex.org/works. Attempted 2026-09-23 at 15:52 to 15:58 UTC with 4 different queries, all HTTP 429. Evidence of the access failure only. Type: bibliographic database.","OpenAlex API, works endpoint",,,https://api.openalex.org/works,,database,2026-09-23,Type as given: bibliographic database | Access problem noted in citation,wave2,wave2/biblio/bibliometrics.md
BIB-04,BIB,BIBLIO,Europe PMC REST search. EMBL-EBI. https://www.ebi.ac.uk/europepmc/webservices/rest/search. Attempted 2026-09-23 and refused by the fetch proxy (HTTP 429). Not used. Type: bibliographic database.,Europe PMC REST search,EMBL-EBI,,https://www.ebi.ac.uk/europepmc/webservices/rest/search,,database,2026-09-23,Type as given: bibliographic database | Access problem noted in citation,wave2,wave2/biblio/bibliometrics.md
BIB-05,BIB,BIBLIO,"Scite search_literature test query: '""cultured meat"" OR ""cultivated meat"" OR ""cell-based meat""', affiliation ""Thailand"", from 2015. Returned a total of 1 (10.3390/biology15030291, 2026). Scite, accessed 2026-09-23. Supports the method finding. Type: bibliographic database.","Scite search_literature test query: cultured, cultivated or cell-based meat, affiliation Thailand, from 2015",Scite,2026-09-23,,10.3390/biology15030291,database,2026-09-23,Type as given: bibliographic database,wave2,wave2/biblio/bibliometrics.md
BIB-06,BIB,BIBLIO,"Wave 1 RND note, working-papers/wave1/rnd/m6-rnd-capacity.md, and its sources RD-01 (Scite), RD-04 (GFI grants page), RD-22/23/31/32 (HUST papers) and RD-46 (SPC in snakehead). Internal, 2026-09-23. Used for institution attribution and comparison. Type: internal research note.","Wave 1 RND note, working-papers/wave1/rnd/m6-rnd-capacity.md, and its sources RD-01 (Scite), RD-04 (GFI grants page), RD-22/23/31/32 (HUST papers) and RD-46 (SPC in snakehead)","Internal, 2026-09-23",2026-09-23,,,other,2026-09-23,Type as given: internal research note,wave2,wave2/biblio/bibliometrics.md
FTG-01,FTG,FRONTIER_GAS,"Fasihi, M., Jouzi, F., Tervasmaki, P., et al. (2025). ""Global potential of sustainable single-cell protein based on variable renewable electricity."" Nature Communications 16. https://doi.org/10.1038/s41467-025-56364-1. Accessed 2026-09-24 (full text, pages 1 to 8 of 12, via Scite). Capex, cost, energy, mass balance, land and sizing projections 2028 to 2050. Type: peer-reviewed.",Global potential of sustainable single-cell protein based on variable renewable electricity,"Fasihi, M., Jouzi, F., Tervasmaki, P., et al.",2025,https://doi.org/10.1038/s41467-025-56364-1,10.1038/s41467-025-56364-1,peer-reviewed,2026-09-24,Type as given: peer-reviewed | Same DOI as COST-46,wave3,wave3/frontier_gas/frontier_gas.md
FTG-02,FTG,FRONTIER_GAS,"Leger, D., Matassa, S., Noor, E., et al. (2021). ""Photovoltaic-driven microbial protein production can use land and sunlight more efficiently than conventional crops."" PNAS 118(26). https://doi.org/10.1073/pnas.2015025118. Accessed 2026-09-24 (abstract and Scite excerpts). Efficiencies, land yield, cost. Type: peer-reviewed.",Photovoltaic-driven microbial protein production can use land and sunlight more efficiently than conventional crops,"Leger, D., Matassa, S., Noor, E., et al.",2021,https://doi.org/10.1073/pnas.2015025118,10.1073/pnas.2015025118,peer-reviewed,2026-09-24,Type as given: peer-reviewed | Same DOI as QNT-09,wave3,wave3/frontier_gas/frontier_gas.md
FTG-03,FTG,FRONTIER_GAS,"Investing.com. ""Solar Foods H1 2026 slides: US launch milestone amid EUR 6.8M loss."" August 2026. https://www.investing.com/news/company-news/solar-foods-h1-2026-slides-us-launch-milestone-amid-eur-68m-loss-93CH-4851100. Accessed 2026-09-24. Financials, Factory 02 funding, approvals. Type: press (summary of company slides).",Solar Foods H1 2026 slides: US launch milestone amid EUR 6.8M loss,Investing.com,August 2026,https://www.investing.com/news/company-news/solar-foods-h1-2026-slides-us-launch-milestone-amid-eur-68m-loss-93CH-4851100,,press,2026-09-24,Type as given: press (summary of company slides),wave3,wave3/frontier_gas/frontier_gas.md
FTG-04,FTG,FRONTIER_GAS,"AgFunderNews. ""Solar Foods wins $89.2m backing for 'protein from air' factory, but final investment decision still pending."" 18 Jun 2026. https://agfundernews.com/solar-foods-wins-89-2m-backing-for-protein-from-air-factory-but-final-investment-decision-still-pending. Accessed 2026-09-24. Factory 01 230 t/yr; Factory 02 3,200 t/yr, late 2028. Type: press.","Solar Foods wins $89.2m backing for 'protein from air' factory, but final investment decision still pending",AgFunderNews,18 Jun 2026,https://agfundernews.com/solar-foods-wins-89-2m-backing-for-protein-from-air-factory-but-final-investment-decision-still-pending,,press,2026-09-24,Type as given: press,wave3,wave3/frontier_gas/frontier_gas.md
FTG-05,FTG,FRONTIER_GAS,"vegconomist. ""Solar Foods Passes EUR 100M Funding Mark as Factory 02 Enters Final Design."" 14 Aug 2026. https://vegconomist.com/company-news/solar-foods-passes-100m-funding-mark-factory-02-enters-final-design/. Accessed 2026-09-24. Site, partners, funding. Type: press.",Solar Foods Passes EUR 100M Funding Mark as Factory 02 Enters Final Design,vegconomist,14 Aug 2026,https://vegconomist.com/company-news/solar-foods-passes-100m-funding-mark-factory-02-enters-final-design/,,press,2026-09-24,Type as given: press,wave3,wave3/frontier_gas/frontier_gas.md
FTG-06,FTG,FRONTIER_GAS,"Feed Business Middle East and Africa. ""Calysta appoints new CEO as FeedKind producer seeks funding to scale single-cell protein production."" 29 Jul 2026. https://www.feedbusinessmea.com/2026/07/29/calysta-appoints-new-ceo-as-feedkind-producer-seeks-funding-to-scale-single-cell-protein-production/. Accessed 2026-09-24 (browser read). Calysseo halt, loan non-renewal, 2025 results. Type: trade press.",Calysta appoints new CEO as FeedKind producer seeks funding to scale single-cell protein production,Feed Business Middle East and Africa,29 Jul 2026,https://www.feedbusinessmea.com/2026/07/29/calysta-appoints-new-ceo-as-feedkind-producer-seeks-funding-to-scale-single-cell-protein-production/,,press,2026-09-24,Type as given: trade press,wave3,wave3/frontier_gas/frontier_gas.md
FTG-07,FTG,FRONTIER_GAS,"AgFunderNews. ""Unibio plans world's largest single-cell protein plant in Saudi Arabia as food security moves up agenda."" 16 Mar 2026. https://agfundernews.com/unibio-plans-worlds-largest-single-cell-protein-plant-in-saudi-arabia-as-food-security-moves-up-agenda. Accessed 2026-09-24. 50 kt plant, approvals, company claims. Type: press.",Unibio plans world's largest single-cell protein plant in Saudi Arabia as food security moves up agenda,AgFunderNews,16 Mar 2026,https://agfundernews.com/unibio-plans-worlds-largest-single-cell-protein-plant-in-saudi-arabia-as-food-security-moves-up-agenda,,press,2026-09-24,Type as given: press,wave3,wave3/frontier_gas/frontier_gas.md
FTG-08,FTG,FRONTIER_GAS,"Sina Finance. ""新股前瞻丨毛利率低至-9.2%，首钢朗泽踩中风口盈利难"" (Shougang LanzaTech IPO preview). 5 Jan 2025. https://finance.sina.com.cn/stock/hkstock/ggscyd/2025-01-05/doc-inecxiyx3521189.shtml. Accessed 2026-09-24. Output, margins, plants. Type: press (summary of prospectus).",新股前瞻丨毛利率低至-9.2%，首钢朗泽踩中风口盈利难,Sina Finance,5 Jan 2025,https://finance.sina.com.cn/stock/hkstock/ggscyd/2025-01-05/doc-inecxiyx3521189.shtml,,press,2026-09-24,Type as given: press (summary of prospectus),wave3,wave3/frontier_gas/frontier_gas.md
FTG-09,FTG,FRONTIER_GAS,"Huanbohai News (Tangshan). ""河北首朗新能源科技有限公司：'吃'进工业尾气 产出饲料蛋白和乙醇."" 16 Sep 2025. https://tangshan.huanbohainews.com.cn/2025-09/16/content_50467229.html. Accessed 2026-09-24. Hebei plant capacities; protein ratio; national potential claim. Type: press.",河北首朗新能源科技有限公司：'吃'进工业尾气 产出饲料蛋白和乙醇,Huanbohai News (Tangshan),16 Sep 2025,https://tangshan.huanbohainews.com.cn/2025-09/16/content_50467229.html,,press,2026-09-24,Type as given: press,wave3,wave3/frontier_gas/frontier_gas.md
FTG-10,FTG,FRONTIER_GAS,"AgFunderNews. ""Gas fermentation startup Novonutrients calls it quits, seeks buyer for assets."" 18 Jul 2025. https://agfundernews.com/gas-fermentation-startup-novonutrients-calls-it-quits-seeks-buyer-for-assets-the-technologys-potential-remains-unchanged. Accessed 2026-09-24. Closure and reasons. Type: press.","Gas fermentation startup Novonutrients calls it quits, seeks buyer for assets",AgFunderNews,18 Jul 2025,https://agfundernews.com/gas-fermentation-startup-novonutrients-calls-it-quits-seeks-buyer-for-assets-the-technologys-potential-remains-unchanged,,press,2026-09-24,Type as given: press,wave3,wave3/frontier_gas/frontier_gas.md
FTG-11,FTG,FRONTIER_GAS,"AgFunderNews. ""Arkeon CEO delivers postmortem on 'protein from air' startup: 'We just simply ran out of time'."" 26 Jun 2025. https://agfundernews.com/arkeon-ceo-delivers-postmortem-on-protein-from-air-startup-we-just-simply-ran-out-of-time. Accessed 2026-09-24. Insolvency and reasons. Type: press.",Arkeon CEO delivers postmortem on 'protein from air' startup: 'We just simply ran out of time',AgFunderNews,26 Jun 2025,https://agfundernews.com/arkeon-ceo-delivers-postmortem-on-protein-from-air-startup-we-just-simply-ran-out-of-time,,press,2026-09-24,Type as given: press,wave3,wave3/frontier_gas/frontier_gas.md
FTG-12,FTG,FRONTIER_GAS,"Pan, Z., Guo, Y., Rong, W., et al. (2025). ""Single-cell protein production from CO2 and electricity with a recirculating anaerobic-aerobic bioprocess."" Environmental Science and Ecotechnology 24:100525. https://doi.org/10.1016/j.ese.2025.100525. Accessed 2026-09-24 (metadata). Electro-microbial route, China. Type: peer-reviewed.",Single-cell protein production from CO2 and electricity with a recirculating anaerobic-aerobic bioprocess,"Pan, Z., Guo, Y., Rong, W., et al.",2025,https://doi.org/10.1016/j.ese.2025.100525,10.1016/j.ese.2025.100525,peer-reviewed,2026-09-24,Type as given: peer-reviewed,wave3,wave3/frontier_gas/frontier_gas.md
FTG-13,FTG,FRONTIER_GAS,"Cui, H., Liu, W., Ma, C., et al. (2024). ""Converting CO2 to single-cell protein via an integrated electrocatalytic-biosynthetic system."" Applied Catalysis B 350:123946. https://doi.org/10.1016/j.apcatb.2024.123946. Accessed 2026-09-24 (metadata). Type: peer-reviewed.",Converting CO2 to single-cell protein via an integrated electrocatalytic-biosynthetic system,"Cui, H., Liu, W., Ma, C., et al.",2024,https://doi.org/10.1016/j.apcatb.2024.123946,10.1016/j.apcatb.2024.123946,peer-reviewed,2026-09-24,Type as given: peer-reviewed,wave3,wave3/frontier_gas/frontier_gas.md
FTG-14,FTG,FRONTIER_GAS,"OpenAlex query: title/abstract has (single cell protein OR microbial protein OR bacterial protein) AND (hydrogen-oxidizing OR methanotroph* OR gas fermentation OR power-to-protein OR Clostridium autoethanogenum OR methanol OR CO2 OR carbon dioxide OR off-gas), 2016 onwards, grouped by year and country. https://api.openalex.org/?oql=works%20where%20title%2Fabstract%20has%20(%20(%20%22single%20cell%20protein%22%20or%20%22single-cell%20protein%22%20or%20%22microbial%20protein%22%20or%20%22bacterial%20protein%22%20)%20and%20(%20%22hydrogen-oxidizing%22%20or%20%22hydrogen%20oxidizing%22%20or%20%22methanotroph*%22%20or%20%22gas%20fermentation%22%20or%20%22power-to-protein%22%20or%20%22Clostridium%20autoethanogenum%22%20or%20%22methanol%22%20or%20%22CO2%22%20or%20%22carbon%20dioxide%22%20or%20%22off-gas%22%20)%20)%20and%20year%20%3E%3D%20(2016)%20and%20retracted%20is%20(false)%20group%20by%20country. Accessed 2026-09-24. 494 works. Type: bibliometric dataset.",OpenAlex query,,,https://api.openalex.org/?oql=works%20where%20title%2Fabstract%20has%20(%20(%20%22single%20cell%20protein%22%20or%20%22single-cell%20protein%22%20or%20%22microbial%20protein%22%20or%20%22bacterial%20protein%22%20)%20and%20(%20%22hydrogen-oxidizing%22%20or%20%22hydrogen%20oxidizing%22%20or%20%22methanotroph*%22%20or%20%22gas%20fermentation%22%20or%20%22power-to-protein%22%20or%20%22Clostridium%20autoethanogenum%22%20or%20%22methanol%22%20or%20%22CO2%22%20or%20%22carbon%20dioxide%22%20or%20%22off-gas%22%20)%20)%20and%20year%20%3E%3D%20(2016)%20and%20retracted%20is%20(false)%20group%20by%20country,,database,2026-09-24,Type as given: bibliometric dataset,wave3,wave3/frontier_gas/frontier_gas.md
FTG-15,FTG,FRONTIER_GAS,"Quyết định 768/QĐ-TTg năm 2025 phê duyệt Điều chỉnh Quy hoạch phát triển điện lực quốc gia thời kỳ 2021-2030, tầm nhìn đến năm 2050. Prime Minister, 15 Apr 2025. https://thuvienphapluat.vn/van-ban/Tai-nguyen-Moi-truong/Quyet-dinh-768-QD-TTg-2025-Dieu-chinh-Quy-hoach-phat-trien-dien-luc-quoc-gia-thoi-ky-2021-2030-651977.aspx. Accessed 2026-09-24. 2030 and 2050 capacities, supply, emissions, offshore wind for new energy. Type: law.","Quyết định 768/QĐ-TTg năm 2025 phê duyệt Điều chỉnh Quy hoạch phát triển điện lực quốc gia thời kỳ 2021-2030, tầm nhìn đến năm 2050",Prime Minister,15 Apr 2025,https://thuvienphapluat.vn/van-ban/Tai-nguyen-Moi-truong/Quyet-dinh-768-QD-TTg-2025-Dieu-chinh-Quy-hoach-phat-trien-dien-luc-quoc-gia-thoi-ky-2021-2030-651977.aspx,,law,2026-09-24,"Type as given: law | Same URL as GT-11, GEO-26, NTS-26, HUB-01",wave3,wave3/frontier_gas/frontier_gas.md
FTG-16,FTG,FRONTIER_GAS,"Quyết định 165/QĐ-TTg năm 2024 phê duyệt Chiến lược phát triển năng lượng hydrogen của Việt Nam đến năm 2030, tầm nhìn đến năm 2050. Prime Minister, 7 Feb 2024. https://thuvienphapluat.vn/van-ban/Tai-nguyen-Moi-truong/Quyet-dinh-165-QD-TTg-2024-Chien-luoc-phat-trien-nang-luong-hydrogen-Viet-Nam-den-2030-tam-nhin-2050-598438.aspx. Accessed 2026-09-24. H2 targets 2030 and 2050. Type: law.","Quyết định 165/QĐ-TTg năm 2024 phê duyệt Chiến lược phát triển năng lượng hydrogen của Việt Nam đến năm 2030, tầm nhìn đến năm 2050",Prime Minister,7 Feb 2024,https://thuvienphapluat.vn/van-ban/Tai-nguyen-Moi-truong/Quyet-dinh-165-QD-TTg-2024-Chien-luoc-phat-trien-nang-luong-hydrogen-Viet-Nam-den-2030-tam-nhin-2050-598438.aspx,,law,2026-09-24,Type as given: law | Same URL as NTS-25,wave3,wave3/frontier_gas/frontier_gas.md
FTG-17,FTG,FRONTIER_GAS,"Tạp chí Năng lượng Việt Nam. ""Báo cáo tình hình thực hiện Chiến lược năng lượng hydrogen ở Việt Nam."" 6 Mar 2025. https://nangluongvietnam.vn/bao-cao-tinh-hinh-thuc-hien-chien-luoc-nang-luong-hydrogen-o-viet-nam-33894.html. Accessed 2026-09-24. Project pipeline and obstacles. Type: sector journal.",Báo cáo tình hình thực hiện Chiến lược năng lượng hydrogen ở Việt Nam,Tạp chí Năng lượng Việt Nam,6 Mar 2025,https://nangluongvietnam.vn/bao-cao-tinh-hinh-thuc-hien-chien-luoc-nang-luong-hydrogen-o-viet-nam-33894.html,,press,2026-09-24,Type as given: sector journal,wave3,wave3/frontier_gas/frontier_gas.md
FTG-18,FTG,FRONTIER_GAS,"Bui, V.T., Pham, M.H., Le, P.T. (2026). ""Techno-economic analysis of a PV-hydrogen system: a case study in Vietnam."" Clean Energy 10(3):73. https://doi.org/10.1093/ce/zkag008. Accessed 2026-09-24. Vietnamese LCOH, irradiance. Type: peer-reviewed.",Techno-economic analysis of a PV-hydrogen system: a case study in Vietnam,"Bui, V.T., Pham, M.H., Le, P.T.",2026,https://doi.org/10.1093/ce/zkag008,10.1093/ce/zkag008,peer-reviewed,2026-09-24,Type as given: peer-reviewed,wave3,wave3/frontier_gas/frontier_gas.md
FTG-19,FTG,FRONTIER_GAS,"BloombergNEF. ""Vietnam: A Techno-Economic Analysis of Power Generation."" 23 Oct 2023. https://assets.bbhub.io/professional/sites/24/20231020_Vietnam-TCF-report-with-factsheets-EN.pdf. Accessed 2026-09-24. LCOE 2023, 2030, 2050; capacity factors; hurdle rates. Type: market research.",Vietnam: A Techno-Economic Analysis of Power Generation,BloombergNEF,23 Oct 2023,https://assets.bbhub.io/professional/sites/24/20231020_Vietnam-TCF-report-with-factsheets-EN.pdf,,market-research,2026-09-24,Type as given: market research,wave3,wave3/frontier_gas/frontier_gas.md
FTG-20,FTG,FRONTIER_GAS,"Hoa Phat Group. Sustainability Report 2025. April 2026. https://file.hoaphat.com.vn/hoaphat-com-vn/2026/04/sustainability-report-2025-2.pdf. Accessed 2026-09-24. Scope 1 and 2 emissions, site shares, off-gas power. Type: company.",Sustainability Report 2025,Hoa Phat Group,April 2026,https://file.hoaphat.com.vn/hoaphat-com-vn/2026/04/sustainability-report-2025-2.pdf,,company,2026-09-24,Type as given: company,wave3,wave3/frontier_gas/frontier_gas.md
FTG-21,FTG,FRONTIER_GAS,"Tạp chí Năng lượng Việt Nam. ""Thu giữ, lưu trữ, sử dụng CO2 trong hoạt động dầu khí [kỳ cuối]: Giải pháp cho Việt Nam."" 13 Mar 2023. https://nangluongvietnam.vn/thu-giu-luu-tru-su-dung-co2-trong-hoat-dong-dau-khi-ky-cuoi-giai-phap-cho-viet-nam-30352.html. Accessed 2026-09-24. CO2 sources, storage capacity, EOR pilot. Type: sector journal.","Thu giữ, lưu trữ, sử dụng CO2 trong hoạt động dầu khí [kỳ cuối]: Giải pháp cho Việt Nam",Tạp chí Năng lượng Việt Nam,13 Mar 2023,https://nangluongvietnam.vn/thu-giu-luu-tru-su-dung-co2-trong-hoat-dong-dau-khi-ky-cuoi-giai-phap-cho-viet-nam-30352.html,,press,2026-09-24,Type as given: sector journal,wave3,wave3/frontier_gas/frontier_gas.md
FTG-22,FTG,FRONTIER_GAS,"The Paper (澎湃新闻). ""工业尾气如何变身饲料蛋白？"" about Mar 2022. https://www.thepaper.cn/newsDetail_forward_16901185. Accessed 2026-09-24. CAP certificate date, capacity, 2026 plan. Type: press.",工业尾气如何变身饲料蛋白？,The Paper (澎湃新闻),Mar 2022,https://www.thepaper.cn/newsDetail_forward_16901185,,press,2026-09-24,Type as given: press,wave3,wave3/frontier_gas/frontier_gas.md
FTG-23,FTG,FRONTIER_GAS,Ministry of Agriculture and Rural Affairs of China. Announcement No. 921. 20 Jun 2025. https://www.moa.gov.cn/govpublic/xmsyj/202506/t20250630_6475258.htm. Accessed 2026-09-24 (browser read). New feed: Yarrowia lipolytica yeast protein; monitoring to June 2030. Type: government (China).,Announcement No. 921,Ministry of Agriculture and Rural Affairs of China,20 Jun 2025,https://www.moa.gov.cn/govpublic/xmsyj/202506/t20250630_6475258.htm,,gov/statistics,2026-09-24,Type as given: government (China),wave3,wave3/frontier_gas/frontier_gas.md
FTG-24,FTG,FRONTIER_GAS,"Chinese Academy of Sciences (reprinting Science and Technology Daily). ""甲醇作'原料' 高效产蛋白."" 2 Jan 2024. https://www.cas.cn/cm/202401/t20240102_4993690.shtml. Accessed 2026-09-24. Methanol protein, TIB. Type: institutional press.",甲醇作'原料' 高效产蛋白,Chinese Academy of Sciences (reprinting Science and Technology Daily),2 Jan 2024,https://www.cas.cn/cm/202401/t20240102_4993690.shtml,,press,2026-09-24,Type as given: institutional press,wave3,wave3/frontier_gas/frontier_gas.md
FTG-25,FTG,FRONTIER_GAS,"Cartin-Caballero, C., Collet, C., Gapes, D.J., et al. (2025). ""Simultaneous co-cultivation of the thermoacidophilic methanotroph, Methylacidiphilum sp. RTK17.1, and the microalga, Galdieria sp. RTK37.1, for single cell protein production."" Engineering Microbiology 5(4):100229. https://doi.org/10.1016/j.engmic.2025.100229. Accessed 2026-09-24 (Scite excerpts). Methane per kg protein; cited TEA cost. Type: peer-reviewed.","Simultaneous co-cultivation of the thermoacidophilic methanotroph, Methylacidiphilum sp. RTK17.1, and the microalga, Galdieria sp. RTK37.1, for single cell protein production","Cartin-Caballero, C., Collet, C., Gapes, D.J., et al.",2025,https://doi.org/10.1016/j.engmic.2025.100229,10.1016/j.engmic.2025.100229,peer-reviewed,2026-09-24,Type as given: peer-reviewed,wave3,wave3/frontier_gas/frontier_gas.md
FTG-26,FTG,FRONTIER_GAS,"Kuźniar, A., Furtak, K., Włodarczyk, K., et al. (2019). ""Methanotrophic Bacterial Biomass as Potential Mineral Feed Ingredients for Animals."" IJERPH 16(15):2674. https://doi.org/10.3390/ijerph16152674. Accessed 2026-09-24 (Scite excerpts). EU approval history; gas price made it uneconomic. Type: peer-reviewed.",Methanotrophic Bacterial Biomass as Potential Mineral Feed Ingredients for Animals,"Kuźniar, A., Furtak, K., Włodarczyk, K., et al.",2019,https://doi.org/10.3390/ijerph16152674,10.3390/ijerph16152674,peer-reviewed,2026-09-24,Type as given: peer-reviewed,wave3,wave3/frontier_gas/frontier_gas.md
FTG-27,FTG,FRONTIER_GAS,"Tạp chí Kinh tế Tài chính. ""Nhà máy sản xuất hydro xanh đầu tiên tại Việt Nam đang chậm tiến độ."" 2026 (date not shown; reports status as of May 2026). https://tapchikinhtetaichinh.vn/nha-may-san-xuat-hydro-xanh-dau-tien-tai-viet-nam-dang-cham-tien-do-155390.html. Accessed 2026-09-24. Tra Vinh plant capacity and delays. Type: press.",Nhà máy sản xuất hydro xanh đầu tiên tại Việt Nam đang chậm tiến độ,Tạp chí Kinh tế Tài chính,May 2026,https://tapchikinhtetaichinh.vn/nha-may-san-xuat-hydro-xanh-dau-tien-tai-viet-nam-dang-cham-tien-do-155390.html,,press,2026-09-24,Type as given: press,wave3,wave3/frontier_gas/frontier_gas.md
FTG-28,FTG,FRONTIER_GAS,"Baker McKenzie. ""Vietnam: New Offshore Wind and Planning Guidance."" 15 Jul 2026. https://www.bakermckenzie.com/en/insight/publications/2026/07/vietnam-new-offshore-wind-and-planning-guidance. Accessed 2026-09-24. Decree 272/2026/ND-CP provisions. Type: law-firm note.",Vietnam: New Offshore Wind and Planning Guidance,Baker McKenzie,15 Jul 2026,https://www.bakermckenzie.com/en/insight/publications/2026/07/vietnam-new-offshore-wind-and-planning-guidance,,other,2026-09-24,Type as given: law-firm note,wave3,wave3/frontier_gas/frontier_gas.md
FTG-29,FTG,FRONTIER_GAS,"International Energy Agency. Global Hydrogen Review 2025, Executive summary. September 2025. https://www.iea.org/reports/global-hydrogen-review-2025/executive-summary. Accessed 2026-09-24. Global and Southeast Asian H2, electrolyser costs, Vietnam project at FID. Type: international agency.","Global Hydrogen Review 2025, Executive summary",International Energy Agency,September 2025,https://www.iea.org/reports/global-hydrogen-review-2025/executive-summary,,gov/statistics,2026-09-24,Type as given: international agency,wave3,wave3/frontier_gas/frontier_gas.md
FTG-30,FTG,FRONTIER_GAS,"Janssen, M., Wijffels, R.H., Barbosa, M.J. (2022). ""Microalgae based production of single-cell protein."" Current Opinion in Biotechnology 75:102705. https://doi.org/10.1016/j.copbio.2022.102705. Accessed 2026-09-24 (abstract). 22 to 44 t protein per ha per yr. Type: peer-reviewed review.",Microalgae based production of single-cell protein,"Janssen, M., Wijffels, R.H., Barbosa, M.J.",2022,https://doi.org/10.1016/j.copbio.2022.102705,10.1016/j.copbio.2022.102705,peer-reviewed,2026-09-24,Type as given: peer-reviewed review,wave3,wave3/frontier_gas/frontier_gas.md
FTG-31,FTG,FRONTIER_GAS,"Dân trí. ""Giá trần điện khí LNG tăng lên hơn 3.410 đồng/kWh."" 27 Jul 2026. https://dantri.com.vn/kinh-doanh/gia-tran-dien-khi-lng-tang-len-hon-3410-dongkwh-20260727155721690.htm. Accessed 2026-09-24. MOIT 2026 LNG price basis. Type: press reporting an official decision.",Giá trần điện khí LNG tăng lên hơn 3.410 đồng/kWh,Dân trí,27 Jul 2026,https://dantri.com.vn/kinh-doanh/gia-tran-dien-khi-lng-tang-len-hon-3410-dongkwh-20260727155721690.htm,,press,2026-09-24,Type as given: press reporting an official decision,wave3,wave3/frontier_gas/frontier_gas.md
FTG-32,FTG,FRONTIER_GAS,"Pikaar, I., Matassa, S., Bodirsky, B.L., et al. (2018). ""Decoupling Livestock from Land Use through Industrial Feed Production Pathways."" Environmental Science and Technology 52(13):7351-7359. https://doi.org/10.1021/acs.est.8b00216. Accessed 2026-09-24 (abstract and excerpts). 10 to 19% of feed protein by 2050 under SSPs. Type: peer-reviewed.",Decoupling Livestock from Land Use through Industrial Feed Production Pathways,"Pikaar, I., Matassa, S., Bodirsky, B.L., et al.",2018,https://doi.org/10.1021/acs.est.8b00216,10.1021/acs.est.8b00216,peer-reviewed,2026-09-24,Type as given: peer-reviewed,wave3,wave3/frontier_gas/frontier_gas.md
FTG-33,FTG,FRONTIER_GAS,"Järviö, N., Maljanen, N.-L., Kobayashi, Y., et al. (2021). ""An attributional life cycle assessment of microbial protein production: A case study on using hydrogen-oxidizing bacteria."" Science of the Total Environment 776:145764. https://doi.org/10.1016/j.scitotenv.2021.145764. Accessed 2026-09-24 (abstract). Electricity drives impacts; water scarcity. Type: peer-reviewed.",An attributional life cycle assessment of microbial protein production: A case study on using hydrogen-oxidizing bacteria,"Järviö, N., Maljanen, N.-L., Kobayashi, Y., et al.",2021,https://doi.org/10.1016/j.scitotenv.2021.145764,10.1016/j.scitotenv.2021.145764,peer-reviewed,2026-09-24,Type as given: peer-reviewed,wave3,wave3/frontier_gas/frontier_gas.md
FTG-34,FTG,FRONTIER_GAS,"Sillman, J., Nygren, L., Kahiluoto, H., et al. (2019). ""Bacterial protein for food and feed generated via renewable energy and direct air capture of CO2: Can it reduce land and water use?"" Global Food Security 22:25-32. https://doi.org/10.1016/j.gfs.2019.09.007. Accessed 2026-09-24 (abstract). Land and water vs soybean. Type: peer-reviewed.",Bacterial protein for food and feed generated via renewable energy and direct air capture of CO2: Can it reduce land and water use?,"Sillman, J., Nygren, L., Kahiluoto, H., et al.",2019,https://doi.org/10.1016/j.gfs.2019.09.007,10.1016/j.gfs.2019.09.007,peer-reviewed,2026-09-24,Type as given: peer-reviewed,wave3,wave3/frontier_gas/frontier_gas.md
FTG-35,FTG,FRONTIER_GAS,"Nguyen Thi Hieu Thu, Dinh Thuy Hang (2016). ""Isolation of a methane-oxydizing bacterium for the study on single cell protein production from methane."" Vietnam Journal of Biotechnology 14(3). https://doi.org/10.15625/1811-4989/14/3/9876. Accessed 2026-09-24 (metadata). The only Vietnamese gas-SCP study found. Type: peer-reviewed (national journal).",Isolation of a methane-oxydizing bacterium for the study on single cell protein production from methane,"Nguyen Thi Hieu Thu, Dinh Thuy Hang",2016,https://doi.org/10.15625/1811-4989/14/3/9876,10.15625/1811-4989/14/3/9876,peer-reviewed,2026-09-24,Type as given: peer-reviewed (national journal) | Same DOI as RD-28,wave3,wave3/frontier_gas/frontier_gas.md
FTB-01,FTB,FRONTIER_BIO,"Moulange, H. and McAuliffe, W. ""AI and Cultivated Meat: Near-Term Impacts of AI on the Commercial Viability of Cultivated Meat."" Rethink Priorities, 9 June 2026. https://rethinkpriorities.org/research-area/ai-and-cultivated-meat/ and https://rethinkpriorities.org/wp-content/uploads/2026/06/Report_-AI-and-Cultivated-Meat.pdf . Accessed 2026-09-24. Independent assessment of AI adoption, company claims on media cost, and investment decline. Type: think-tank research.",AI and Cultivated Meat: Near-Term Impacts of AI on the Commercial Viability of Cultivated Meat,"Moulange, H. and McAuliffe, W.",9 June 2026,https://rethinkpriorities.org/research-area/ai-and-cultivated-meat/,,other,2026-09-24,Type as given: think-tank research | Other URLs: https://rethinkpriorities.org/wp-content/uploads/2026/06/Report_-AI-and-Cultivated-Meat.pdf,wave3,wave3/frontier_bio/frontier_bio.md
FTB-02,FTB,FRONTIER_BIO,"Cosenza, Z., Astudillo, R., Frazier, P., Baar, K. and Block, D. ""Multi-information source Bayesian optimization of culture media for cellular agriculture."" Biotechnology and Bioengineering 119(9):2447-2458, 2022. doi:10.1002/bit.28132. Accessed 2026-09-24. 38% fewer experiments than DOE; 181% more cells. Type: peer-reviewed.",Multi-information source Bayesian optimization of culture media for cellular agriculture,"Cosenza, Z., Astudillo, R., Frazier, P., Baar, K. and Block, D.",2022,https://doi.org/10.1002/bit.28132,10.1002/bit.28132,peer-reviewed,2026-09-24,Type as given: peer-reviewed,wave3,wave3/frontier_bio/frontier_bio.md
FTB-03,FTB,FRONTIER_BIO,"Cosenza, Z., Block, D., Baar, K. and Chen, X. ""Multi-objective Bayesian algorithm automatically discovers low-cost high-growth serum-free media for cellular agriculture application."" Engineering in Life Sciences 23(8), 2023. doi:10.1002/elsc.202300005. Accessed 2026-09-24. 23% more growth at 62.5% of cost. Type: peer-reviewed.",Multi-objective Bayesian algorithm automatically discovers low-cost high-growth serum-free media for cellular agriculture application,"Cosenza, Z., Block, D., Baar, K. and Chen, X.",2023,https://doi.org/10.1002/elsc.202300005,10.1002/elsc.202300005,peer-reviewed,2026-09-24,Type as given: peer-reviewed,wave3,wave3/frontier_bio/frontier_bio.md
FTB-04,FTB,FRONTIER_BIO,"Narayanan, H. et al. ""Accelerating cell culture media development using Bayesian optimization-based iterative experimental design."" Nature Communications 16, 2025. doi:10.1038/s41467-025-61113-5. Accessed 2026-09-24. 3 to 30 times fewer experiments, including K. phaffii protein production. Type: peer-reviewed.",Accelerating cell culture media development using Bayesian optimization-based iterative experimental design,"Narayanan, H. et al.",2025,https://doi.org/10.1038/s41467-025-61113-5,10.1038/s41467-025-61113-5,peer-reviewed,2026-09-24,Type as given: peer-reviewed,wave3,wave3/frontier_bio/frontier_bio.md
FTB-05,FTB,FRONTIER_BIO,"HamediRad, M. et al. ""Towards a fully automated algorithm driven platform for biosystems design."" Nature Communications 10, 2019. doi:10.1038/s41467-019-13189-z. Accessed 2026-09-24. BioAutomata tested less than 1% of variants and beat random screening by 77%. Type: peer-reviewed.",Towards a fully automated algorithm driven platform for biosystems design,"HamediRad, M. et al.",2019,https://doi.org/10.1038/s41467-019-13189-z,10.1038/s41467-019-13189-z,peer-reviewed,2026-09-24,Type as given: peer-reviewed,wave3,wave3/frontier_bio/frontier_bio.md
FTB-06,FTB,FRONTIER_BIO,"Singh, N. et al. ""A generalized platform for artificial intelligence-powered autonomous enzyme engineering."" Nature Communications 16, 2025. doi:10.1038/s41467-025-61209-y; figures from the preprint doi:10.1101/2025.02.12.637932. Accessed 2026-09-24. 26-fold phytase improvement in 4 weeks. Type: peer-reviewed (abstract via preprint).",A generalized platform for artificial intelligence-powered autonomous enzyme engineering,"Singh, N. et al.",2025,https://doi.org/10.1038/s41467-025-61209-y,10.1038/s41467-025-61209-y,peer-reviewed,2026-09-24,Type as given: peer-reviewed (abstract via preprint) | Other DOIs: 10.1101/2025.02.12.637932,wave3,wave3/frontier_bio/frontier_bio.md
FTB-07,FTB,FRONTIER_BIO,"Madani, A. et al. ""Large language models generate functional protein sequences across diverse families."" Nature Biotechnology 41:1099-1106, 2023. doi:10.1038/s41587-022-01618-2. Accessed 2026-09-24 (metadata only). ProGen artificial lysozymes. Type: peer-reviewed.",Large language models generate functional protein sequences across diverse families,"Madani, A. et al.",2023,https://doi.org/10.1038/s41587-022-01618-2,10.1038/s41587-022-01618-2,peer-reviewed,2026-09-24,Type as given: peer-reviewed,wave3,wave3/frontier_bio/frontier_bio.md
FTB-08,FTB,FRONTIER_BIO,"Hayes, T. et al. (EvolutionaryScale). ""Simulating 500 million years of evolution with a language model."" Science 387(6736):850-858, 2025. doi:10.1126/science.ads0018. Accessed 2026-09-24. ESM3; fluorescent protein at 58% identity. Type: peer-reviewed.",Simulating 500 million years of evolution with a language model,"Hayes, T. et al. (EvolutionaryScale)",2025,https://doi.org/10.1126/science.ads0018,10.1126/science.ads0018,peer-reviewed,2026-09-24,Type as given: peer-reviewed,wave3,wave3/frontier_bio/frontier_bio.md
FTB-09,FTB,FRONTIER_BIO,"Zhang, C. et al. ""An AI-Native Biofoundry for Autonomous Enzyme Engineering: Integrating Active Learning with Automated Experimentation."" bioRxiv, 1 Feb 2026. doi:10.64898/2026.02.01.703093. Accessed 2026-09-24. LLM-agent DBTL. Type: preprint.",An AI-Native Biofoundry for Autonomous Enzyme Engineering: Integrating Active Learning with Automated Experimentation,"Zhang, C. et al.",1 Feb 2026,https://doi.org/10.64898/2026.02.01.703093,10.64898/2026.02.01.703093,peer-reviewed,2026-09-24,Type as given: preprint,wave3,wave3/frontier_bio/frontier_bio.md
FTB-10,FTB,FRONTIER_BIO,"OpenAlex queries by FTB (AI and alternative protein by year and country; protein design by country, year and institution; AI and alternative protein with Vietnamese affiliation). Queries reproducible via api.openalex.org OQL, for example: works where title/abstract has ((""machine learning"" or ""artificial intelligence"" or ""deep learning"" or ""Bayesian optimization"" or ""protein language model"") and (""cultivated meat"" or ""cultured meat"" or ""precision fermentation"" or ""alternative protein*"" or ""meat analogue*"" or ""plant-based meat"" or ""mycoprotein"" or ""single cell protein"")) and year >= 2016. Run 2026-09-24. Also used for the EU precision-fermentation absence check (one web search). Type: bibliometric data (own analysis).","OpenAlex queries by FTB (AI and alternative protein by year and country; protein design by country, year and institution; AI and alternative protein with Vietnamese affiliation)",,2026-09-24,,,database,2026-09-24,Type as given: bibliometric data (own analysis),wave3,wave3/frontier_bio/frontier_bio.md
FTB-11,FTB,FRONTIER_BIO,"Global Biofoundries Alliance. ""Members."" https://www.biofoundries.org/members-1 . Accessed 2026-09-24. Partial list (to ""LARA""); no Vietnamese member. Type: organisation website.",Members,Global Biofoundries Alliance,,https://www.biofoundries.org/members-1,,other,2026-09-24,Type as given: organisation website,wave3,wave3/frontier_bio/frontier_bio.md
FTB-12,FTB,FRONTIER_BIO,"K-Biofoundry (KRIBB, National Bio Foundry Project). https://kbiofoundry.org/ . Accessed 2026-09-24. Open platform; collaboration models; ""years to weeks"" claim. Type: public research institute website.","K-Biofoundry (KRIBB, National Bio Foundry Project)",,,https://kbiofoundry.org/,,gov/statistics,2026-09-24,Type as given: public research institute website,wave3,wave3/frontier_bio/frontier_bio.md
FTB-13,FTB,FRONTIER_BIO,"Baker McKenzie. ""Vietnam: Artificial Intelligence Law - Foundation and Outlook."" February 2026. https://www.bakermckenzie.com/en/insight/publications/2026/02/vietnam-artificial-intelligence-law-foundation-and-outlook . Accessed 2026-09-24. Passed 10 Dec 2025; in force 1 Mar 2026; risk tiers; transition dates. Type: law firm analysis.",Vietnam: Artificial Intelligence Law - Foundation and Outlook,Baker McKenzie,February 2026,https://www.bakermckenzie.com/en/insight/publications/2026/02/vietnam-artificial-intelligence-law-foundation-and-outlook,,other,2026-09-24,Type as given: law firm analysis,wave3,wave3/frontier_bio/frontier_bio.md
FTB-14,FTB,FRONTIER_BIO,"VietNamNet. ""New AI Law lays foundation for Vietnam to master AI technology."" December 2025. https://vietnamnet.vn/en/new-ai-law-lays-foundation-for-vietnam-to-master-ai-technology-2472111.html . Accessed 2026-09-24. National AI computing centre, AI Development Fund, vouchers, sandbox; 429 of 434 votes. Law number No. 134/2025/QH15 from the luatvietnam.vn listing seen in search. Type: press (state-aligned).",New AI Law lays foundation for Vietnam to master AI technology,VietNamNet,December 2025,https://vietnamnet.vn/en/new-ai-law-lays-foundation-for-vietnam-to-master-ai-technology-2472111.html,,press,2026-09-24,Type as given: press (state-aligned),wave3,wave3/frontier_bio/frontier_bio.md
FTB-15,FTB,FRONTIER_BIO,"VietNamNet. ""FPT AI factories in Japan and Vietnam enter global top 500 supercomputers."" June 2025. https://vietnamnet.vn/en/fpt-ai-factories-in-japan-and-vietnam-enter-global-top-500-supercomputers-2414563.html . Accessed 2026-09-24. Ranks 36 and 38; 49.85 and 46.65 petaflops; H200. Type: press.",FPT AI factories in Japan and Vietnam enter global top 500 supercomputers,VietNamNet,June 2025,https://vietnamnet.vn/en/fpt-ai-factories-in-japan-and-vietnam-enter-global-top-500-supercomputers-2414563.html,,press,2026-09-24,Type as given: press,wave3,wave3/frontier_bio/frontier_bio.md
FTB-16,FTB,FRONTIER_BIO,"Viettel AI. ""Viettel operates Vietnam's first latest-generation NVIDIA supercomputer."" February 2026. https://viettelai.vn/en/tin-tuc/viettel-van-hanh-sieu-may-tinh-moi-nhat-cua-nvidia-dau-tien-tai-viet-nam . Accessed 2026-09-24. DGX B200, 6 Feb 2026, shared access. Type: company.",Viettel operates Vietnam's first latest-generation NVIDIA supercomputer,Viettel AI,February 2026,https://viettelai.vn/en/tin-tuc/viettel-van-hanh-sieu-may-tinh-moi-nhat-cua-nvidia-dau-tien-tai-viet-nam,,company,2026-09-24,Type as given: company,wave3,wave3/frontier_bio/frontier_bio.md
FTB-17,FTB,FRONTIER_BIO,"Good Food Institute. ""2026 State of the Industry report: Fermentation for meat, seafood, eggs, dairy, and ingredients."" April to May 2026. https://gfi.org/wp-content/uploads/2026/04/GFI-2026-State-of-the-Industry-report-Fermentation-for-meat-seafood-eggs-dairy-and-ingredients.pdf . Accessed 2026-09-24. Funding, precision share, closures, IP disputes, Asia-Pacific policy, the ""where to build"" quote on Vietnam. Type: advocacy.","2026 State of the Industry report: Fermentation for meat, seafood, eggs, dairy, and ingredients",Good Food Institute,May 2026,https://gfi.org/wp-content/uploads/2026/04/GFI-2026-State-of-the-Industry-report-Fermentation-for-meat-seafood-eggs-dairy-and-ingredients.pdf,,advocacy,2026-09-24,Type as given: advocacy,wave3,wave3/frontier_bio/frontier_bio.md
FTB-18,FTB,FRONTIER_BIO,"Vireo Advisors. ""Developments in Precision fermentation, GRAS regulation, and other FDA initiatives."" 27 Jan 2025. https://www.vireoadvisors.com/blog/developments-in-precision-fermentation-gras-regulation-and-other-fda-initiatives . Accessed 2026-09-24. Lists precision-fermented proteins with letters; the GRAS reform proposal. Type: regulatory consultancy.","Developments in Precision fermentation, GRAS regulation, and other FDA initiatives",Vireo Advisors,27 Jan 2025,https://www.vireoadvisors.com/blog/developments-in-precision-fermentation-gras-regulation-and-other-fda-initiatives,,market-research,2026-09-24,Type as given: regulatory consultancy,wave3,wave3/frontier_bio/frontier_bio.md
FTB-19,FTB,FRONTIER_BIO,"FoodNavigator. ""FDA sends 'no questions' letter to Verley for precision fermentation dairy proteins."" 10 Oct 2025. https://www.foodnavigator.com/Article/2025/10/10/fda-sends-no-questions-letter-to-verley-for-precision-fermentation-dairy-proteins/ . Accessed 2026-09-24. GRN 1241 and a table of 2025 letters. Also a search headline on Imagindairy's GRAS (FoodNavigator-USA, 17 Jan 2024). Type: trade press.",FDA sends 'no questions' letter to Verley for precision fermentation dairy proteins,FoodNavigator,10 Oct 2025,https://www.foodnavigator.com/Article/2025/10/10/fda-sends-no-questions-letter-to-verley-for-precision-fermentation-dairy-proteins/,,press,2026-09-24,Type as given: trade press,wave3,wave3/frontier_bio/frontier_bio.md
FTB-20,FTB,FRONTIER_BIO,"FoodNavigator. ""South Korea moves closer to cell-cultured food regulations."" 15 Jul 2026. https://www.foodnavigator.com/Article/2026/07/15/south-korea-moves-closer-to-cell-cultured-food-regulations/ . Accessed 2026-09-24. MFDS standards for cell-cultured processed foods (June 2026); Food Tech Industry Promotion Act enforced in 2025. Type: trade press.",South Korea moves closer to cell-cultured food regulations,FoodNavigator,15 Jul 2026,https://www.foodnavigator.com/Article/2026/07/15/south-korea-moves-closer-to-cell-cultured-food-regulations/,,press,2026-09-24,Type as given: trade press,wave3,wave3/frontier_bio/frontier_bio.md
FTB-21,FTB,FRONTIER_BIO,"Scite patent database queries (Perfect Day family 54105986; Impossible Foods families 54241231, 52666512, 57325176, 51259423). Run 2026-09-24. Filing dates used to estimate expiry. Type: patent data (own analysis; not a freedom-to-operate opinion).","Scite patent database queries (Perfect Day family 54105986; Impossible Foods families 54241231, 52666512, 57325176, 51259423)",,2026-09-24,,,database,2026-09-24,Type as given: patent data (own analysis; not a freedom-to-operate opinion),wave3,wave3/frontier_bio/frontier_bio.md
FTB-22,FTB,FRONTIER_BIO,"Lehmbeck, J. T. et al. ""Mycotoxin-free Aspergillus oryzae strain lineage for alternative and novel protein production at industrial scale."" Applied Microbiology and Biotechnology, 2025. doi:10.1007/s00253-025-13482-6. Accessed 2026-09-24. Novonesis lineage. Type: peer-reviewed (abstract).",Mycotoxin-free Aspergillus oryzae strain lineage for alternative and novel protein production at industrial scale,"Lehmbeck, J. T. et al.",2025,https://doi.org/10.1007/s00253-025-13482-6,10.1007/s00253-025-13482-6,peer-reviewed,2026-09-24,Type as given: peer-reviewed (abstract),wave3,wave3/frontier_bio/frontier_bio.md
FTB-23,FTB,FRONTIER_BIO,"Nielsen, M. B., Meyer, A. S., Hansen, K. and Arnau, J. ""Enhanced Production of Bovine beta-Lactoglobulin in an Industrial Aspergillus oryzae Host."" Industrial Biotechnology, 2025. doi:10.1177/15509087251398318. Accessed 2026-09-24. ""Envisaged"" USD 10 per kg by 2025 and USD 1 per kg by 2035. Also a withdrawn lactoferrin TEA preprint, doi:10.21203/rs.3.rs-8767901/v1, not used. Type: peer-reviewed.",Enhanced Production of Bovine beta-Lactoglobulin in an Industrial Aspergillus oryzae Host,"Nielsen, M. B., Meyer, A. S., Hansen, K. and Arnau, J.",2025,https://doi.org/10.1177/15509087251398318,10.1177/15509087251398318,peer-reviewed,2026-09-24,Type as given: peer-reviewed | Other DOIs: 10.21203/rs.3.rs-8767901/v1 | Same DOI as SCI-02,wave3,wave3/frontier_bio/frontier_bio.md
FTB-24,FTB,FRONTIER_BIO,"Good Food Institute. ""2026 State of the Industry report: Cultivated meat, seafood, and ingredients."" April 2026. https://gfi.org/wp-content/uploads/2026/04/GFI_2026-State-of-the-Industry-report-Cultivated-meat-seafood-and-ingredients.pdf . Accessed 2026-09-24. Investment, companies, closures, scale, media claims, Asia-Pacific. Type: advocacy.","2026 State of the Industry report: Cultivated meat, seafood, and ingredients",Good Food Institute,April 2026,https://gfi.org/wp-content/uploads/2026/04/GFI_2026-State-of-the-Industry-report-Cultivated-meat-seafood-and-ingredients.pdf,,advocacy,2026-09-24,Type as given: advocacy,wave3,wave3/frontier_bio/frontier_bio.md
FTB-25,FTB,FRONTIER_BIO,"Green Queen. ""Umami Bioworks Gets EU Registration to Sell Two Cultivated Fish Products for Pet Food."" 2 Sep 2025. https://www.greenqueen.com.hk/umami-bioworks-lab-grown-meat-fish-eu-approval-pet-food/ . Accessed 2026-09-24. Type: trade press.",Umami Bioworks Gets EU Registration to Sell Two Cultivated Fish Products for Pet Food,Green Queen,2 Sep 2025,https://www.greenqueen.com.hk/umami-bioworks-lab-grown-meat-fish-eu-approval-pet-food/,,press,2026-09-24,Type as given: trade press,wave3,wave3/frontier_bio/frontier_bio.md
FTB-26,FTB,FRONTIER_BIO,"Risner, D. et al. ""Environmental Impacts of Cultured Meat: A Cradle-to-Gate Life Cycle Assessment."" ACS Food Science and Technology 5(1):61-74, 2024. doi:10.1021/acsfoodscitech.4c00281. Accessed 2026-09-24. 12 to 1,508 kg CO2e per kg; capacity needed for 1% of meat. Type: peer-reviewed.",Environmental Impacts of Cultured Meat: A Cradle-to-Gate Life Cycle Assessment,"Risner, D. et al.",2024,https://doi.org/10.1021/acsfoodscitech.4c00281,10.1021/acsfoodscitech.4c00281,peer-reviewed,2026-09-24,Type as given: peer-reviewed,wave3,wave3/frontier_bio/frontier_bio.md
FTB-27,FTB,FRONTIER_BIO,"Gu, H.-W. et al. ""Scaling Cultured Meat: Challenges and Solutions for Affordable Mass Production."" Comprehensive Reviews in Food Science and Food Safety 24(4), 2025. doi:10.1111/1541-4337.70221. Accessed 2026-09-24. Cost from USD 2.3 million to USD 63 per kg; fish myoblast immortalisation. Type: peer-reviewed review.",Scaling Cultured Meat: Challenges and Solutions for Affordable Mass Production,"Gu, H.-W. et al.",2025,https://doi.org/10.1111/1541-4337.70221,10.1111/1541-4337.70221,peer-reviewed,2026-09-24,Type as given: peer-reviewed review,wave3,wave3/frontier_bio/frontier_bio.md
FTB-28,FTB,FRONTIER_BIO,"ISAAA. ""Milking a Potato and More Wonders of Molecular Farming."" 19 Feb 2025. https://www.isaaa.org/blog/entry/default.asp?BlogDate=2%2F19%2F2025 . Accessed 2026-09-24. Moolec, IngredientWerks, Finally Foods. Type: industry-association blog.",Milking a Potato and More Wonders of Molecular Farming,ISAAA,19 Feb 2025,https://www.isaaa.org/blog/entry/default.asp?BlogDate=2%2F19%2F2025,,other,2026-09-24,Type as given: industry-association blog,wave3,wave3/frontier_bio/frontier_bio.md
FTB-29,FTB,FRONTIER_BIO,"Green Queen. ""Moolec Gains USDA Approval for Soybeans Containing Pork Proteins."" April 2024. https://www.greenqueen.com.hk/moolec-piggy-sooy-usda-approval-pork-soybeans-molecular-farming/ . Accessed 2026-09-24. Type: trade press.",Moolec Gains USDA Approval for Soybeans Containing Pork Proteins,Green Queen,April 2024,https://www.greenqueen.com.hk/moolec-piggy-sooy-usda-approval-pork-soybeans-molecular-farming/,,press,2026-09-24,Type as given: trade press,wave3,wave3/frontier_bio/frontier_bio.md
FTB-30,FTB,FRONTIER_BIO,"Green Queen. ""PoLoPo Files for USDA Approval to Grow Egg Proteins in Potatoes."" 23 May 2024. https://www.greenqueen.com.hk/polopo-molecular-farming-superaa-potato-egg-protein-usda-approval/ . Accessed 2026-09-24. Type: trade press.",PoLoPo Files for USDA Approval to Grow Egg Proteins in Potatoes,Green Queen,23 May 2024,https://www.greenqueen.com.hk/polopo-molecular-farming-superaa-potato-egg-protein-usda-approval/,,press,2026-09-24,Type as given: trade press,wave3,wave3/frontier_bio/frontier_bio.md
FTB-31,FTB,FRONTIER_BIO,"USDA APHIS. ""APHIS Issues Regulatory Status Review Responses: Covercress, GCMBNA, Moolec, and MSU."" Undated program update. https://www.aphis.usda.gov/news/program-update/aphis-issues-regulatory-status-review-responses-covercress-gcmbna-moolec-msu . Accessed 2026-09-24. ""Pea with a meat protein in seeds""; no increased plant pest risk. Type: government.","APHIS Issues Regulatory Status Review Responses: Covercress, GCMBNA, Moolec, and MSU",USDA APHIS,undated,https://www.aphis.usda.gov/news/program-update/aphis-issues-regulatory-status-review-responses-covercress-gcmbna-moolec-msu,,gov/statistics,2026-09-24,Type as given: government,wave3,wave3/frontier_bio/frontier_bio.md
FTB-32,FTB,FRONTIER_BIO,"Green Queen. ""Industry Consolidation: 40+ Major Alternative Protein Companies Have Shut or Been Acquired in Past Year."" 4 Sep 2025. https://www.greenqueen.com.hk/alternative-protein-plant-based-food-mergers-acquisitions-closures-bankruptcy/ . Accessed 2026-09-24. Type: trade press.",Industry Consolidation: 40+ Major Alternative Protein Companies Have Shut or Been Acquired in Past Year,Green Queen,4 Sep 2025,https://www.greenqueen.com.hk/alternative-protein-plant-based-food-mergers-acquisitions-closures-bankruptcy/,,press,2026-09-24,Type as given: trade press,wave3,wave3/frontier_bio/frontier_bio.md
FTB-33,FTB,FRONTIER_BIO,"Schillberg, S. and Finnern, R. ""Plant molecular farming for the production of valuable proteins: critical evaluation of achievements and future challenges."" Journal of Plant Physiology 258-259:153359, 2021. doi:10.1016/j.jplph.2020.153359. Accessed 2026-09-24 (abstract and metadata). Type: peer-reviewed review.",Plant molecular farming for the production of valuable proteins: critical evaluation of achievements and future challenges,"Schillberg, S. and Finnern, R.",2021,https://doi.org/10.1016/j.jplph.2020.153359,10.1016/j.jplph.2020.153359,peer-reviewed,2026-09-24,Type as given: peer-reviewed review,wave3,wave3/frontier_bio/frontier_bio.md
FTB-34,FTB,FRONTIER_BIO,"Trang thông tin quốc gia về bảo tồn thiên nhiên và đa dạng sinh học (nbca.gov.vn). ""Hiện trạng cây trồng biến đổi gen và tiềm năng phát triển công nghệ chỉnh sửa gen tại Việt Nam"" (Status of GM crops and potential of gene editing in Vietnam). 12 Aug 2024. https://nbca.gov.vn/hien-trang-cay-trong-bien-doi-gen-va-tiem-nang-phat-trien-cong-nghe-chinh-sua-gen-tai-viet-nam/ . Accessed 2026-09-24. 5 GM maize events; 16 varieties; gene-edited rice projects. Type: government portal.",Hiện trạng cây trồng biến đổi gen và tiềm năng phát triển công nghệ chỉnh sửa gen tại Việt Nam,Trang thông tin quốc gia về bảo tồn thiên nhiên và đa dạng sinh học (nbca.gov.vn),12 Aug 2024,https://nbca.gov.vn/hien-trang-cay-trong-bien-doi-gen-va-tiem-nang-phat-trien-cong-nghe-chinh-sua-gen-tai-viet-nam/,,gov/statistics,2026-09-24,Type as given: government portal,wave3,wave3/frontier_bio/frontier_bio.md
FTB-35,FTB,FRONTIER_BIO,"Thaore, V., Tsourapas, D., Shah, N. and Kontoravdi, C. ""Techno-Economic Assessment of Cell-Free Synthesis of Monoclonal Antibodies Using CHO Cell Extracts."" Processes 8(4):454, 2020. doi:10.3390/pr8040454; cites Zawada et al. 2011, doi:10.1002/bit.23103 (1 mL to 100 L scale-up). Accessed 2026-09-24. USD 2.8 per mg at 100 L. Type: peer-reviewed.",Techno-Economic Assessment of Cell-Free Synthesis of Monoclonal Antibodies Using CHO Cell Extracts,"Thaore, V., Tsourapas, D., Shah, N. and Kontoravdi, C.",2020,https://doi.org/10.3390/pr8040454,10.3390/pr8040454,peer-reviewed,2026-09-24,Type as given: peer-reviewed | Other DOIs: 10.1002/bit.23103,wave3,wave3/frontier_bio/frontier_bio.md
FTB-36,FTB,FRONTIER_BIO,"Lavickova, B. and Maerkl, S. J. ""A Simple, Robust, and Low-Cost Method To Produce the PURE Cell-Free System."" ACS Synthetic Biology, 2019. doi:10.1021/acssynbio.8b00427. Accessed 2026-09-24. 156 micrograms per mL at USD 0.09 per microlitre. Type: peer-reviewed.","A Simple, Robust, and Low-Cost Method To Produce the PURE Cell-Free System","Lavickova, B. and Maerkl, S. J.",2019,https://doi.org/10.1021/acssynbio.8b00427,10.1021/acssynbio.8b00427,peer-reviewed,2026-09-24,Type as given: peer-reviewed,wave3,wave3/frontier_bio/frontier_bio.md
FTB-37,FTB,FRONTIER_BIO,"Guzman-Chavez, F. et al. ""Constructing Cell-Free Expression Systems for Low-Cost Access."" ACS Synthetic Biology, 2022. doi:10.1021/acssynbio.1c00342. Accessed 2026-09-24. Low-cost CFPS for low- and middle-income labs. Type: peer-reviewed (abstract).",Constructing Cell-Free Expression Systems for Low-Cost Access,"Guzman-Chavez, F. et al.",2022,https://doi.org/10.1021/acssynbio.1c00342,10.1021/acssynbio.1c00342,peer-reviewed,2026-09-24,Type as given: peer-reviewed (abstract),wave3,wave3/frontier_bio/frontier_bio.md
FTB-38,FTB,FRONTIER_BIO,"Green Queen. ""Ayana Bio, Zenfold Buy Meati Foods's Fermentation Assets to Scale Plant Cell Culture Platform in India."" 18 Sep 2026. https://www.greenqueen.com.hk/ayana-bio-zenfold-meati-foods-fermentation-assets-plant-cell-culture-acquisition/ . Accessed 2026-09-24. Type: trade press.","Ayana Bio, Zenfold Buy Meati Foods's Fermentation Assets to Scale Plant Cell Culture Platform in India",Green Queen,18 Sep 2026,https://www.greenqueen.com.hk/ayana-bio-zenfold-meati-foods-fermentation-assets-plant-cell-culture-acquisition/,,press,2026-09-24,Type as given: trade press,wave3,wave3/frontier_bio/frontier_bio.md
FTB-39,FTB,FRONTIER_BIO,"AgFunderNews. ""The Better Meat Co slashes cost of mycoprotein production via continuous process."" 11 Jun 2024. https://agfundernews.com/the-better-meat-co-slashes-cost-of-mycoprotein-production-via-continuous-process . Accessed 2026-09-24. Company claims. Type: trade press.",The Better Meat Co slashes cost of mycoprotein production via continuous process,AgFunderNews,11 Jun 2024,https://agfundernews.com/the-better-meat-co-slashes-cost-of-mycoprotein-production-via-continuous-process,,press,2026-09-24,Type as given: trade press,wave3,wave3/frontier_bio/frontier_bio.md
FTB-40,FTB,FRONTIER_BIO,"Search-result headlines only: AgFunderNews and Green Queen on funding for Enough (EUR 40 million / USD 43.6 million), The Protein Brewery (USD 35.6 million Series B) and Planetary (USD 28 million); dates not read. Accessed 2026-09-24. Type: trade press (headlines; Low).",Search-result headlines only,,,,,press,2026-09-24,Type as given: trade press (headlines; Low),wave3,wave3/frontier_bio/frontier_bio.md
FTB-41,FTB,FRONTIER_BIO,"Green Queen. ""TurtleTree Earns First US FDA Approval for Cow-Free Lactoferrin Protein."" 2025. https://www.greenqueen.com.hk/turtletree-lactoferrin-fda-gras-precision-fermentation/ . Accessed 2026-09-24. Conventional lactoferrin USD 750 to 1,500 per kg; 10,000 L of milk per kg. Type: trade press.",TurtleTree Earns First US FDA Approval for Cow-Free Lactoferrin Protein,Green Queen,2025,https://www.greenqueen.com.hk/turtletree-lactoferrin-fda-gras-precision-fermentation/,,press,2026-09-24,Type as given: trade press,wave3,wave3/frontier_bio/frontier_bio.md
FTB-42,FTB,FRONTIER_BIO,"BIOTEC (NSTDA, Thailand). ""The Launch of Bio Base Asia Pilot Plant (BBAPP) Joint Press Conference."" 29 Mar 2022. https://www.biotec.or.th/home/en/the-launch-of-bio-base-asia-pilot-plant-bbapp-joint-press-conference/ . Accessed 2026-09-24. Type: government research agency.",The Launch of Bio Base Asia Pilot Plant (BBAPP) Joint Press Conference,"BIOTEC (NSTDA, Thailand)",29 Mar 2022,https://www.biotec.or.th/home/en/the-launch-of-bio-base-asia-pilot-plant-bbapp-joint-press-conference/,,gov/statistics,2026-09-24,Type as given: government research agency,wave3,wave3/frontier_bio/frontier_bio.md
FTB-43,FTB,FRONTIER_BIO,"Lim, S., Meerod, W., Hathaichoti, S. and Preedakorn, K. ""Thailand's Synthetic Biology Strategy."" Engineering Biology 10(1):e70006, 2026. doi:10.1049/enb2.70006. Accessed 2026-09-24. Ten-year strategy. Type: peer-reviewed (policy article).",Thailand's Synthetic Biology Strategy,"Lim, S., Meerod, W., Hathaichoti, S. and Preedakorn, K.",2026,https://doi.org/10.1049/enb2.70006,10.1049/enb2.70006,peer-reviewed,2026-09-24,Type as given: peer-reviewed (policy article),wave3,wave3/frontier_bio/frontier_bio.md
FTB-44,FTB,FRONTIER_BIO,"Hwang, Y.-H., Kim, S.-H., Kim, C.-J. et al. ""Survey on the Global Technological Status for Forecasting the Industrialization Timeline of Cultured Meat."" Foods 14(24):4222, 9 Dec 2025. doi:10.3390/foods14244222. Accessed 2026-09-24. Hybrid-first judgement; Korean fee; China pilot. Type: peer-reviewed review.",Survey on the Global Technological Status for Forecasting the Industrialization Timeline of Cultured Meat,"Hwang, Y.-H., Kim, S.-H., Kim, C.-J. et al.",9 Dec 2025,https://doi.org/10.3390/foods14244222,10.3390/foods14244222,peer-reviewed,2026-09-24,Type as given: peer-reviewed review,wave3,wave3/frontier_bio/frontier_bio.md
FTB-45,FTB,FRONTIER_BIO,"FoodNavigator. ""Where countries stand on cultivated meat regulation in 2026."" 18 Feb 2026. https://www.foodnavigator.com/Article/2026/02/18/cultivated-meat-regulation-where-countries-stand-in-2026/ . Accessed 2026-09-24. Type: trade press.",Where countries stand on cultivated meat regulation in 2026,FoodNavigator,18 Feb 2026,https://www.foodnavigator.com/Article/2026/02/18/cultivated-meat-regulation-where-countries-stand-in-2026/,,press,2026-09-24,Type as given: trade press | Same URL as HSC-17,wave3,wave3/frontier_bio/frontier_bio.md
FTB-46,FTB,FRONTIER_BIO,"Poduschnick, L. et al. ""Bayesian optimisation rivals expert-led Design of Experiments in high-dimensional cultivation medium optimisation."" SSRN preprint, 2026. doi:10.2139/ssrn.7267115; and Parsaee, A. et al. ""A data-driven evaluation of optimization techniques in cell culture media."" Bioinformatics, 2026. doi:10.1093/bioinformatics/btag607. Accessed 2026-09-24 (titles and truncated abstracts). Type: preprint; peer-reviewed.",Bayesian optimisation rivals expert-led Design of Experiments in high-dimensional cultivation medium optimisation,"Poduschnick, L. et al.",2026,https://doi.org/10.2139/ssrn.7267115,10.2139/ssrn.7267115,peer-reviewed,2026-09-24,Type as given: preprint; peer-reviewed | Other DOIs: 10.1093/bioinformatics/btag607,wave3,wave3/frontier_bio/frontier_bio.md
FTB-47,FTB,FRONTIER_BIO,"Goodwin, C. M., Jabeen, M., Rao, B. M. and Shirwaiker, R. A. ""Cell culture media for cultivated meat: Review and perspectives on first principles design to drive cost-effective scale-up."" Future Foods, 2026. doi:10.1016/j.fufo.2026.100908. Accessed 2026-09-24. Medium estimated at 31 to 99% of production cost at scale. Type: peer-reviewed review.",Cell culture media for cultivated meat: Review and perspectives on first principles design to drive cost-effective scale-up,"Goodwin, C. M., Jabeen, M., Rao, B. M. and Shirwaiker, R. A.",2026,https://doi.org/10.1016/j.fufo.2026.100908,10.1016/j.fufo.2026.100908,peer-reviewed,2026-09-24,Type as given: peer-reviewed review,wave3,wave3/frontier_bio/frontier_bio.md
FTB-48,FTB,FRONTIER_BIO,"LuatVietnam. ""Quyết định 1671/QĐ-TTg 2026 phê duyệt Chiến lược quốc gia về trí tuệ nhân tạo đến 2030"" (Decision 1671/QĐ-TTg approving the National AI Strategy to 2030, vision 2045), signed 28 Aug 2026. https://luatvietnam.vn/khoa-hoc/quyet-dinh-1671-qd-ttg-2026-phe-duyet-chien-luoc-quoc-gia-ve-tri-tue-nhan-tao-den-2030-446338-d1.html . Accessed 2026-09-24. Compute, talent and GDP targets; agriculture pillar. Type: law database (summary of official decision).",Quyết định 1671/QĐ-TTg 2026 phê duyệt Chiến lược quốc gia về trí tuệ nhân tạo đến 2030,LuatVietnam,28 Aug 2026,https://luatvietnam.vn/khoa-hoc/quyet-dinh-1671-qd-ttg-2026-phe-duyet-chien-luoc-quoc-gia-ve-tri-tue-nhan-tao-den-2030-446338-d1.html,,database,2026-09-24,Type as given: law database (summary of official decision),wave3,wave3/frontier_bio/frontier_bio.md
FTB-49,FTB,FRONTIER_BIO,"Ministry of Science and Technology (mst.gov.vn). ""Định vị chiến lược công nghệ sinh học quốc gia"" (Positioning the national biotechnology strategy). 30 Nov 2025. https://mst.gov.vn/dinh-vi-chien-luoc-cong-nghe-sinh-hoc-quoc-gia-197251130213943987.htm . Accessed 2026-09-24. Draft strategy 2026 to 2030, vision 2045; four priority sectors. Type: government.",Định vị chiến lược công nghệ sinh học quốc gia,Ministry of Science and Technology (mst.gov.vn),30 Nov 2025,https://mst.gov.vn/dinh-vi-chien-luoc-cong-nghe-sinh-hoc-quoc-gia-197251130213943987.htm,,gov/statistics,2026-09-24,Type as given: government,wave3,wave3/frontier_bio/frontier_bio.md
FTB-50,FTB,FRONTIER_BIO,"Báo Chính phủ. ""Phát triển, ứng dụng hiệu quả công nghệ sinh học thành ngành kinh tế - kỹ thuật quan trọng"" (on Directive 13/CT-TTg). 21 Apr 2026. https://baochinhphu.vn/phat-trien-ung-dung-hieu-qua-cong-nghe-sinh-hoc-thanh-nganh-kinh-te-ky-thuat-quan-trong-102260421194253195.htm . Accessed 2026-09-24. MOST and MAE tasks and deadlines. Type: government newspaper.","Phát triển, ứng dụng hiệu quả công nghệ sinh học thành ngành kinh tế - kỹ thuật quan trọng",Báo Chính phủ,21 Apr 2026,https://baochinhphu.vn/phat-trien-ung-dung-hieu-qua-cong-nghe-sinh-hoc-thanh-nganh-kinh-te-ky-thuat-quan-trong-102260421194253195.htm,,press,2026-09-24,Type as given: government newspaper,wave3,wave3/frontier_bio/frontier_bio.md
FTB-51,FTB,FRONTIER_BIO,"Ministry of Science and Technology (mst.gov.vn). ""Chương trình hành động phát triển và ứng dụng công nghệ sinh học"" (Action programme on biotechnology, Resolution 189/NQ-CP of 16 Nov 2023). 8 Oct 2025. https://mst.gov.vn/chuong-trinh-hanh-dong-phat-trien-va-ung-dung-cong-nghe-sinh-hoc-197251113094248573.htm . Accessed 2026-09-24. Type: government.",Chương trình hành động phát triển và ứng dụng công nghệ sinh học,Ministry of Science and Technology (mst.gov.vn),16 Nov 2023,https://mst.gov.vn/chuong-trinh-hanh-dong-phat-trien-va-ung-dung-cong-nghe-sinh-hoc-197251113094248573.htm,,gov/statistics,2026-09-24,Type as given: government,wave3,wave3/frontier_bio/frontier_bio.md
CLM-01,CLM,CLIMATE,"Prime Minister. Decision 896/QD-TTg approving the National Climate Change Strategy to 2050. 26 Jul 2022. https://thuvienphapluat.vn/van-ban/Tai-nguyen-Moi-truong/Quyet-dinh-896-QD-TTg-2022-phe-duyet-Chien-luoc-quoc-gia-bien-doi-khi-hau-den-2050-523527.aspx . Accessed 2026-09-24. Supports: national, energy, agriculture and LULUCF caps for 2030 and 2050; methane; peak 2035. Type: law.",Decision 896/QD-TTg approving the National Climate Change Strategy to 2050,Prime Minister,26 Jul 2022,https://thuvienphapluat.vn/van-ban/Tai-nguyen-Moi-truong/Quyet-dinh-896-QD-TTg-2022-phe-duyet-Chien-luoc-quoc-gia-bien-doi-khi-hau-den-2050-523527.aspx,,law,2026-09-24,Type as given: law | Same URL as NTS-24,wave3,wave3/climate/climate.md
CLM-02,CLM,CLIMATE,Prime Minister. Decision 942/QD-TTg approving the methane emission reduction action plan to 2030. 5 Aug 2022. https://thuvienphapluat.vn/van-ban/Tai-nguyen-Moi-truong/Quyet-dinh-942-QD-TTg-2022-Ke-hoach-hanh-dong-giam-phat-thai-khi-me-tan-den-2030-525030.aspx . Accessed 2026-09-24. Supports: methane caps by sector (77.9; agriculture 45.9; rice 30.7; livestock 15.2; waste 17.5). Type: law.,Decision 942/QD-TTg approving the methane emission reduction action plan to 2030,Prime Minister,5 Aug 2022,https://thuvienphapluat.vn/van-ban/Tai-nguyen-Moi-truong/Quyet-dinh-942-QD-TTg-2022-Ke-hoach-hanh-dong-giam-phat-thai-khi-me-tan-den-2030-525030.aspx,,law,2026-09-24,Type as given: law,wave3,wave3/climate/climate.md
CLM-03,CLM,CLIMATE,"Bao Chinh phu. ""Thu tuong: Phat thai rong bang 0 vao nam 2050 la su menh va cam ket hanh dong cua Viet Nam"". 14 Jan 2026. https://baochinhphu.vn/thu-tuong-phat-thai-rong-bang-0-vao-nam-2050-la-su-menh-va-cam-ket-hanh-dong-cua-viet-nam-102260114182136397.htm . Accessed 2026-09-24. Supports: NDC 3.0 still in draft; approval requested in Q1 2026. Type: gov/press.",Thu tuong: Phat thai rong bang 0 vao nam 2050 la su menh va cam ket hanh dong cua Viet Nam,Bao Chinh phu,14 Jan 2026,https://baochinhphu.vn/thu-tuong-phat-thai-rong-bang-0-vao-nam-2050-la-su-menh-va-cam-ket-hanh-dong-cua-viet-nam-102260114182136397.htm,,press,2026-09-24,Type as given: gov/press,wave3,wave3/climate/climate.md
CLM-04,CLM,CLIMATE,"MAE news. ""Phan dau dua Viet Nam dat muc tieu phat thai rong bang 0 vao nam 2050"". 14 Jan 2026. https://mae.gov.vn/SMPT_Publishing_UC/KhaiThac/TinTuc/pInTinTuc.aspx?ItemID=20777&UrlList= . Accessed 2026-09-24. Supports: NDC 3.0 draft status; 1 million ha low-emission rice scheme. Type: gov.",Phan dau dua Viet Nam dat muc tieu phat thai rong bang 0 vao nam 2050,MAE news,14 Jan 2026,https://mae.gov.vn/SMPT_Publishing_UC/KhaiThac/TinTuc/pInTinTuc.aspx?ItemID=20777&UrlList=,,gov/statistics,2026-09-24,Type as given: gov,wave3,wave3/climate/climate.md
CLM-05,CLM,CLIMATE,"VnEconomy. ""Vietnam to implement its NDC 3.0"". 11 Jan 2026. https://en.vneconomy.vn/vietnam-to-implement-its-ndc-30.htm . Accessed 2026-09-24. Supports: draft 2035 energy cap 380.2 to 519.1 MtCO2e; agriculture pathways to be updated. Type: press.",Vietnam to implement its NDC 3.0,VnEconomy,11 Jan 2026,https://en.vneconomy.vn/vietnam-to-implement-its-ndc-30.htm,,press,2026-09-24,Type as given: press,wave3,wave3/climate/climate.md
CLM-06,CLM,CLIMATE,"Climate Action Tracker. ""Viet Nam: targets"". Updated 28 Oct 2025. https://climateactiontracker.org/countries/vietnam/targets/ . Accessed 2026-09-24. Supports: 2022 NDC levels (878 and 629 MtCO2e); net zero conditional; no NDC 3.0 listed. Type: research/advocacy.",Viet Nam: targets,Climate Action Tracker,28 Oct 2025,https://climateactiontracker.org/countries/vietnam/targets/,,advocacy,2026-09-24,Type as given: research/advocacy,wave3,wave3/climate/climate.md
CLM-07,CLM,CLIMATE,"UNFCCC NDC registry (https://unfccc.int/NDCREG), UNFCCC NDC 3.0 page (https://unfccc.int/ndc-3.0) and NDC Partnership country page (https://ndcpartnership.org/country/vnm). Accessed 2026-09-24. Supports: no Viet Nam NDC 3.0 visible in the content we could read (partial pages). Type: gov/intergovernmental.","UNFCCC NDC registry, UNFCCC NDC 3.0 page and NDC Partnership country page",,,https://unfccc.int/NDCREG,,gov/statistics,2026-09-24,Type as given: gov/intergovernmental | Other URLs: https://unfccc.int/ndc-3.0 ; https://ndcpartnership.org/country/vnm,wave3,wave3/climate/climate.md
CLM-08,CLM,CLIMATE,"Socialist Republic of Viet Nam. Nationally Determined Contribution, updated 2022. Nov 2022. https://unfccc.int/sites/default/files/NDC/2022-11/Viet%20Nam_NDC_2022_Eng.pdf . Accessed 2026-09-24. Supports: BAU by year (agriculture 104.5 MtCO2e in 2020, 112.1 in 2030); 2020 scenario temperature and sea-level figures; inundation shares; rice and maize yield losses; pig headcount; aquaculture at risk; GDP losses. Type: gov/policy.","Nationally Determined Contribution, updated 2022",Socialist Republic of Viet Nam,Nov 2022,https://unfccc.int/sites/default/files/NDC/2022-11/Viet%20Nam_NDC_2022_Eng.pdf,,gov/statistics,2026-09-24,Type as given: gov/policy | Same URL as MAC-32,wave3,wave3/climate/climate.md
CLM-09,CLM,CLIMATE,"Bao Nong nghiep va Moi truong. ""Cuc doan do thi, trong tam cua kich ban bien doi khi hau 2025"". 2 Jul 2025. https://nongnghiepmoitruong.vn/cuc-doan-do-thi--trong-tam-cua-kich-ban-bien-doi-khi-hau-2025-d760914.html . Accessed 2026-09-24. Supports: design of the 2025 scenario; release expected Q1 2026. Type: press (ministry newspaper).","Cuc doan do thi, trong tam cua kich ban bien doi khi hau 2025",Bao Nong nghiep va Moi truong,2 Jul 2025,https://nongnghiepmoitruong.vn/cuc-doan-do-thi--trong-tam-cua-kich-ban-bien-doi-khi-hau-2025-d760914.html,,press,2026-09-24,Type as given: press (ministry newspaper),wave3,wave3/climate/climate.md
CLM-10,CLM,CLIMATE,"MAE. ""Tham van kich ban bien doi khi hau, nuoc bien dang cap nhat nam 2025"". 2 Jul 2025. https://mae.gov.vn/tham-van-kich-ban-bien-doi-khi-hau-nuoc-bien-dang-cap-nhat-nam-2025-18796.htm . Accessed 2026-09-24. Supports: consultation status; resolution; features. Type: gov.","Tham van kich ban bien doi khi hau, nuoc bien dang cap nhat nam 2025",MAE,2 Jul 2025,https://mae.gov.vn/tham-van-kich-ban-bien-doi-khi-hau-nuoc-bien-dang-cap-nhat-nam-2025-18796.htm,,gov/statistics,2026-09-24,Type as given: gov,wave3,wave3/climate/climate.md
CLM-11,CLM,CLIMATE,"Bnews (VNA). ""Hoan thien kich ban bien doi khi hau Viet Nam phuc vu hieu qua quan ly cac cap"". 2 Jul 2025. https://bnews.vn/hoan-thien-kich-ban-bien-doi-khi-hau-viet-nam-phuc-vu-hieu-qua-quan-ly-cac-cap/379038.html . Accessed 2026-09-24. Supports: preliminary SSP3-7.0 warming of 2 to 3.7 °C by 2100; probabilistic sea-level method. Type: press.",Hoan thien kich ban bien doi khi hau Viet Nam phuc vu hieu qua quan ly cac cap,Bnews (VNA),2 Jul 2025,https://bnews.vn/hoan-thien-kich-ban-bien-doi-khi-hau-viet-nam-phuc-vu-hieu-qua-quan-ly-cac-cap/379038.html,,press,2026-09-24,Type as given: press,wave3,wave3/climate/climate.md
CLM-12,CLM,CLIMATE,"Minderhoud P.S.J., Coumou L., Erkens G., Middelkoop H., Stouthamer E. ""Mekong delta much lower than previously assumed in sea-level rise impact assessments"". Nature Communications 10:3847. 2019. https://doi.org/10.1038/s41467-019-11602-1 . Accessed 2026-09-24. Supports: mean elevation about 0.8 m. Type: peer-reviewed.",Mekong delta much lower than previously assumed in sea-level rise impact assessments,"Minderhoud P.S.J., Coumou L., Erkens G., Middelkoop H., Stouthamer E.",2019,https://doi.org/10.1038/s41467-019-11602-1,10.1038/s41467-019-11602-1,peer-reviewed,2026-09-24,Type as given: peer-reviewed,wave3,wave3/climate/climate.md
CLM-13,CLM,CLIMATE,"Minderhoud P.S.J. et al. ""Impacts of 25 years of groundwater extraction on subsidence in the Mekong delta, Vietnam"". Environmental Research Letters 12:064006. 2017. https://doi.org/10.1088/1748-9326/aa7146 . Accessed 2026-09-24. Supports: 1.1 cm a year average, over 2.5 cm in places; 18 cm in 25 years. Type: peer-reviewed.","Impacts of 25 years of groundwater extraction on subsidence in the Mekong delta, Vietnam",Minderhoud P.S.J. et al.,2017,https://doi.org/10.1088/1748-9326/aa7146,10.1088/1748-9326/aa7146,peer-reviewed,2026-09-24,Type as given: peer-reviewed,wave3,wave3/climate/climate.md
CLM-14,CLM,CLIMATE,"Minderhoud P.S.J., Middelkoop H., Erkens G., Stouthamer E. ""Groundwater extraction may drown mega-delta: projections of extraction-induced subsidence and elevation of the Mekong delta for the 21st century"". Environmental Research Communications 2:011005. 2020 (online Dec 2019). https://doi.org/10.1088/2515-7620/ab5e21 . Accessed 2026-09-24 (full-text excerpts). Supports: subsidence by pathway to 2100. Type: peer-reviewed.",Groundwater extraction may drown mega-delta: projections of extraction-induced subsidence and elevation of the Mekong delta for the 21st century,"Minderhoud P.S.J., Middelkoop H., Erkens G., Stouthamer E.",Dec 2019,https://doi.org/10.1088/2515-7620/ab5e21,10.1088/2515-7620/ab5e21,peer-reviewed,2026-09-24,Type as given: peer-reviewed,wave3,wave3/climate/climate.md
CLM-15,CLM,CLIMATE,"Eslami S., Hoekstra P., Minderhoud P.S.J. et al. ""Projections of salt intrusion in a mega-delta under climatic and anthropogenic stressors"". Communications Earth & Environment 2. 2021. https://doi.org/10.1038/s43247-021-00208-5 . Accessed 2026-09-24. Supports: salinity area +10 to 27% (anthropogenic) and +6 to 19% (sea-level rise); +2 to 2.5 ppt by 2040; incision rates. Type: peer-reviewed.",Projections of salt intrusion in a mega-delta under climatic and anthropogenic stressors,"Eslami S., Hoekstra P., Minderhoud P.S.J. et al.",2021,https://doi.org/10.1038/s43247-021-00208-5,10.1038/s43247-021-00208-5,peer-reviewed,2026-09-24,Type as given: peer-reviewed,wave3,wave3/climate/climate.md
CLM-16,CLM,CLIMATE,"Nguyen-Le D., Nguyen-Xuan T., Nguyen-Duy T., Trinh-Tuan L., Ngo-Duc T. ""Assessment of future heat stress in Vietnam using physically based wet-bulb globe temperature and high-resolution downscaled projections"". Environmental Research Communications 8:015017. 2026. https://doi.org/10.1088/2515-7620/ae3897 . Accessed 2026-09-24 (full text via Scite). Supports: WBGT trends by SSP; exceedance days by region. Type: peer-reviewed.",Assessment of future heat stress in Vietnam using physically based wet-bulb globe temperature and high-resolution downscaled projections,"Nguyen-Le D., Nguyen-Xuan T., Nguyen-Duy T., Trinh-Tuan L., Ngo-Duc T.",2026,https://doi.org/10.1088/2515-7620/ae3897,10.1088/2515-7620/ae3897,peer-reviewed,2026-09-24,Type as given: peer-reviewed,wave3,wave3/climate/climate.md
CLM-17,CLM,CLIMATE,"Vu N., Ngo-Duc T. ""Spatial Distribution and Trends of Heat Stress in Vietnam"". Environment and Natural Resources Journal 22(2):1 to 12. 2024. https://doi.org/10.32526/ennrj/22/20230227 . Accessed 2026-09-24 (abstract). Supports: observed wet-bulb and heat-stress-day trends 1979 to 2018. Type: peer-reviewed.",Spatial Distribution and Trends of Heat Stress in Vietnam,"Vu N., Ngo-Duc T.",2024,https://doi.org/10.32526/ennrj/22/20230227,10.32526/ennrj/22/20230227,peer-reviewed,2026-09-24,Type as given: peer-reviewed,wave3,wave3/climate/climate.md
CLM-18,CLM,CLIMATE,"World Bank. ""Key highlights: Country Climate and Development Report for Vietnam"". 1 Jul 2022. https://www.worldbank.org/en/country/vietnam/brief/key-highlights-country-climate-and-development-report-for-vietnam . Accessed 2026-09-24. Supports: 12 to 14.5% of GDP by 2050; USD 368 billion to 2040; carbon tax path USD 29 and 90. Type: multilateral.",Key highlights: Country Climate and Development Report for Vietnam,World Bank,1 Jul 2022,https://www.worldbank.org/en/country/vietnam/brief/key-highlights-country-climate-and-development-report-for-vietnam,,gov/statistics,2026-09-24,Type as given: multilateral,wave3,wave3/climate/climate.md
CLM-19,CLM,CLIMATE,"World Bank. ""Vietnam Country Climate and Development Report"". Jul 2022. https://documents1.worldbank.org/curated/en/099000007072236813/pdf/P177241053ba0a05a0811809c0a36a856da.pdf . Accessed 2026-09-24. Supports: Mekong shares of rice, fruit, aquaculture; inundation at 75 to 100 cm. Type: multilateral.",Vietnam Country Climate and Development Report,World Bank,Jul 2022,https://documents1.worldbank.org/curated/en/099000007072236813/pdf/P177241053ba0a05a0811809c0a36a856da.pdf,,gov/statistics,2026-09-24,Type as given: multilateral,wave3,wave3/climate/climate.md
CLM-20,CLM,CLIMATE,"Nguyen A.L., Dang V.H., Bosma R.H., Verreth J.A.J., Leemans R., De Silva S.S. ""Simulated impacts of climate change on current farming locations of striped catfish (Pangasianodon hypophthalmus) in the Mekong Delta, Vietnam"". Ambio 43:1059 to 1068. 2014. https://doi.org/10.1007/s13280-014-0519-6 . Accessed 2026-09-24. Supports: flood and salinity exposure of pangasius farms at +30, +50, +75 cm. Type: peer-reviewed.","Simulated impacts of climate change on current farming locations of striped catfish (Pangasianodon hypophthalmus) in the Mekong Delta, Vietnam","Nguyen A.L., Dang V.H., Bosma R.H., Verreth J.A.J., Leemans R., De Silva S.S.",2014,https://doi.org/10.1007/s13280-014-0519-6,10.1007/s13280-014-0519-6,peer-reviewed,2026-09-24,Type as given: peer-reviewed,wave3,wave3/climate/climate.md
CLM-21,CLM,CLIMATE,"Prime Minister. Decision 287/QD-TTg approving the Mekong Delta regional plan 2021 to 2030, vision 2050. 28 Feb 2022. https://thuvienphapluat.vn/van-ban/Thuong-mai/Quyet-dinh-287-QD-TTg-2022-phe-duyet-Quy-hoach-vung-dong-bang-song-Cuu-Long-505561.aspx . Accessed 2026-09-24. Supports: shift from rice to aquaculture and fruit; ecological zones; groundwater restriction. Type: law/plan.","Decision 287/QD-TTg approving the Mekong Delta regional plan 2021 to 2030, vision 2050",Prime Minister,28 Feb 2022,https://thuvienphapluat.vn/van-ban/Thuong-mai/Quyet-dinh-287-QD-TTg-2022-phe-duyet-Quy-hoach-vung-dong-bang-song-Cuu-Long-505561.aspx,,law,2026-09-24,Type as given: law/plan | Same URL as NTS-12,wave3,wave3/climate/climate.md
CLM-22,CLM,CLIMATE,"Thornton P.K., Nelson G., Mayberry D., Herrero M. ""Increases in extreme heat stress in domesticated livestock species during the twenty-first century"". Global Change Biology 27:5762 to 5772. 2021. https://doi.org/10.1111/gcb.15825 . Accessed 2026-09-24. Supports: THI-based heat-stress days by species and SSP. Type: peer-reviewed.",Increases in extreme heat stress in domesticated livestock species during the twenty-first century,"Thornton P.K., Nelson G., Mayberry D., Herrero M.",2021,https://doi.org/10.1111/gcb.15825,10.1111/gcb.15825,peer-reviewed,2026-09-24,Type as given: peer-reviewed,wave3,wave3/climate/climate.md
CLM-23,CLM,CLIMATE,"Mayorga E.J., Renaudeau D., Ramirez B.C., Ross J.W., Baumgard L.H. ""Heat stress adaptations in pigs"". Animal Frontiers 9(1):54 to 61. 2019. https://doi.org/10.1093/af/vfy035 . Accessed 2026-09-24. Supports: mechanisms of heat-stress losses; cooling as main mitigation. Type: peer-reviewed review.",Heat stress adaptations in pigs,"Mayorga E.J., Renaudeau D., Ramirez B.C., Ross J.W., Baumgard L.H.",2019,https://doi.org/10.1093/af/vfy035,10.1093/af/vfy035,peer-reviewed,2026-09-24,Type as given: peer-reviewed review,wave3,wave3/climate/climate.md
CLM-24,CLM,CLIMATE,"Tigchelaar M., Battisti D.S., Naylor R.L., Ray D.K. ""Future warming increases probability of globally synchronized maize production shocks"". PNAS 115:6644 to 6649. 2018. https://doi.org/10.1073/pnas.1718031115 . Accessed 2026-09-24. Supports: 7% (2 °C) and 86% (4 °C) probabilities. Type: peer-reviewed.",Future warming increases probability of globally synchronized maize production shocks,"Tigchelaar M., Battisti D.S., Naylor R.L., Ray D.K.",2018,https://doi.org/10.1073/pnas.1718031115,10.1073/pnas.1718031115,peer-reviewed,2026-09-24,Type as given: peer-reviewed,wave3,wave3/climate/climate.md
CLM-25,CLM,CLIMATE,"Jagermeyr J. et al. ""Climate impacts on global agriculture emerge earlier in new generation of climate and crop models"". Nature Food 2:873 to 885. 2021. https://doi.org/10.1038/s43016-021-00400-y . Accessed 2026-09-24. Supports: maize minus 6% and minus 24%; soybean regional losses; emergence before 2040. Type: peer-reviewed.",Climate impacts on global agriculture emerge earlier in new generation of climate and crop models,Jagermeyr J. et al.,2021,https://doi.org/10.1038/s43016-021-00400-y,10.1038/s43016-021-00400-y,peer-reviewed,2026-09-24,Type as given: peer-reviewed,wave3,wave3/climate/climate.md
CLM-26,CLM,CLIMATE,"Zilli M. et al. ""The impact of climate change on Brazil's agriculture"". Science of the Total Environment 740:139384. 2020. https://doi.org/10.1016/j.scitotenv.2020.139384 . Accessed 2026-09-24 (highlights only). Supports: southward shift and Matopiba decline. Type: peer-reviewed.",The impact of climate change on Brazil's agriculture,Zilli M. et al.,2020,https://doi.org/10.1016/j.scitotenv.2020.139384,10.1016/j.scitotenv.2020.139384,peer-reviewed,2026-09-24,Type as given: peer-reviewed,wave3,wave3/climate/climate.md
CLM-27,CLM,CLIMATE,"Cai W. et al. ""Increasing frequency of extreme El Nino events due to greenhouse warming"". Nature Climate Change 4:111 to 116. 2014. https://doi.org/10.1038/nclimate2100 . Accessed 2026-09-24 (metadata; doubling figure from prior knowledge of the paper). Supports: doubling of extreme El Nino frequency. Type: peer-reviewed.",Increasing frequency of extreme El Nino events due to greenhouse warming,Cai W. et al.,2014,https://doi.org/10.1038/nclimate2100,10.1038/nclimate2100,peer-reviewed,2026-09-24,Type as given: peer-reviewed,wave3,wave3/climate/climate.md
CLM-28,CLM,CLIMATE,IPCC. Climate Change 2021: The Physical Science Basis. Summary for Policymakers. 2021. https://www.ipcc.ch/report/ar6/wg1/chapter/summary-for-policymakers/ . Accessed 2026-09-24. Supports: sea-level rise to 2100 by SSP; ENSO rainfall variability very likely amplified. Type: intergovernmental assessment.,Climate Change 2021: The Physical Science Basis,IPCC,2021,https://www.ipcc.ch/report/ar6/wg1/chapter/summary-for-policymakers/,,gov/statistics,2026-09-24,Type as given: intergovernmental assessment,wave3,wave3/climate/climate.md
CLM-29,CLM,CLIMATE,"Brochier T. et al. ""Climate change scenarios experiments predict a future reduction in small pelagic fish recruitment in the Humboldt Current system"". Global Change Biology 19:1841 to 1853. 2013. https://doi.org/10.1111/gcb.12184 . Accessed 2026-09-24. Supports: reduced anchoveta recruitment capacity under 2x and 4x CO2. Type: peer-reviewed.",Climate change scenarios experiments predict a future reduction in small pelagic fish recruitment in the Humboldt Current system,Brochier T. et al.,2013,https://doi.org/10.1111/gcb.12184,10.1111/gcb.12184,peer-reviewed,2026-09-24,Type as given: peer-reviewed,wave3,wave3/climate/climate.md
CLM-30,CLM,CLIMATE,"Uke A. et al. ""Cassava mosaic disease and its management in Southeast Asia"". Plant Molecular Biology 109:301 to 311. 2021. https://doi.org/10.1007/s11103-021-01168-2 . Accessed 2026-09-24. Supports: CMD spread 2015 to 2019; 16 to 33% yield loss; KU50 area; clean-seed systems. Type: peer-reviewed.",Cassava mosaic disease and its management in Southeast Asia,Uke A. et al.,2021,https://doi.org/10.1007/s11103-021-01168-2,10.1007/s11103-021-01168-2,peer-reviewed,2026-09-24,Type as given: peer-reviewed,wave3,wave3/climate/climate.md
CLM-31,CLM,CLIMATE,"Jarvis A., Ramirez-Villegas J., Herrera Campo B.V., Navarro-Racines C. ""Is cassava the answer to African climate change adaptation?"". Tropical Plant Biology 5:9 to 29. 2012. https://doi.org/10.1007/s12042-012-9096-7 . Accessed 2026-09-24 (metadata; findings recalled). Supports: cassava climate resilience relative to other crops; pest and vector risks. Type: peer-reviewed.",Is cassava the answer to African climate change adaptation?,"Jarvis A., Ramirez-Villegas J., Herrera Campo B.V., Navarro-Racines C.",2012,https://doi.org/10.1007/s12042-012-9096-7,10.1007/s12042-012-9096-7,peer-reviewed,2026-09-24,Type as given: peer-reviewed,wave3,wave3/climate/climate.md
CLM-32,CLM,CLIMATE,"Kondolf G.M., Rubin Z.K., Minear J.T. ""Dams on the Mekong: cumulative sediment starvation"". Water Resources Research 50. 2014. https://doi.org/10.1002/2013WR014651 . Accessed 2026-09-24 (partial abstract; 96% figure recalled). Supports: sediment trapping at full build-out. Type: peer-reviewed.",Dams on the Mekong: cumulative sediment starvation,"Kondolf G.M., Rubin Z.K., Minear J.T.",2014,https://doi.org/10.1002/2013WR014651,10.1002/2013WR014651,peer-reviewed,2026-09-24,Type as given: peer-reviewed,wave3,wave3/climate/climate.md
CLM-33,CLM,CLIMATE,"Quang Ninh Department of Agriculture and Rural Development. Summary of Plan 1693/KH-BNN-KHCN (MARD, 28 Apr 2023) on GHG mitigation in agriculture and rural development to 2030, orientation 2050. https://www.quangninh.gov.vn/So/sonongnghiepptnt/Trang/ChiTietTinTuc.aspx?nid=7526 . Accessed 2026-09-24. Supports: 121.9 MtCO2e reduction; 42.85 from crops and livestock; 79.1 from forestry; agricultural methane cap 45.9 MtCO2e. Type: gov (provincial summary).","Summary of Plan 1693/KH-BNN-KHCN (MARD, 28 Apr 2023) on GHG mitigation in agriculture and rural development to 2030, orientation 2050",Quang Ninh Department of Agriculture and Rural Development,28 Apr 2023,https://www.quangninh.gov.vn/So/sonongnghiepptnt/Trang/ChiTietTinTuc.aspx?nid=7526,,gov/statistics,2026-09-24,Type as given: gov (provincial summary),wave3,wave3/climate/climate.md
CLM-34,CLM,CLIMATE,"Mai Van Trinh, Ngo Duc Minh (GIZ). ""Viet Nam NDC sectoral report: Agriculture"". Jul 2021. https://www.climatechange.vn/wp-content/uploads/2023/09/Vietnam-NDC-Sectoral-Report-Agriculture.pdf . Accessed 2026-09-24. Supports: livestock 27.2 MtCO2e (2014), BAU 30.9 (2020) and 36.3 (2030); rice 44.3, 41.9, 41.5. Type: donor-funded technical report.",Viet Nam NDC sectoral report: Agriculture,"Mai Van Trinh, Ngo Duc Minh (GIZ)",Jul 2021,https://www.climatechange.vn/wp-content/uploads/2023/09/Vietnam-NDC-Sectoral-Report-Agriculture.pdf,,other,2026-09-24,Type as given: donor-funded technical report,wave3,wave3/climate/climate.md
CLM-35,CLM,CLIMATE,"Moi truong va Cuoc song. ""Viet Nam quyet liet giam phat thai khi me-tan trong chan nuoi den nam 2030"". Sep 2025. https://moitruong.net.vn/viet-nam-quyet-liet-giam-phat-thai-khi-me-tan-trong-chan-nuoi-den-nam-2030-85988.html . Accessed 2026-09-24. Supports: agriculture about 50% of methane; livestock measures (biogas, rations). Type: press.",Viet Nam quyet liet giam phat thai khi me-tan trong chan nuoi den nam 2030,Moi truong va Cuoc song,Sep 2025,https://moitruong.net.vn/viet-nam-quyet-liet-giam-phat-thai-khi-me-tan-trong-chan-nuoi-den-nam-2030-85988.html,,press,2026-09-24,Type as given: press,wave3,wave3/climate/climate.md
CLM-36,CLM,CLIMATE,"VnExpress. ""Xam nhap man tai DBSCL ngay cang gay gat, bat thuong"". 25 Apr 2024. https://vnexpress.net/xam-nhap-man-tai-dbscl-ngay-cang-gay-gat-bat-thuong-4738770.html . Accessed 2026-09-24. Supports: 2024 event impacts; dam counts. Type: press.","Xam nhap man tai DBSCL ngay cang gay gat, bat thuong",VnExpress,25 Apr 2024,https://vnexpress.net/xam-nhap-man-tai-dbscl-ngay-cang-gay-gat-bat-thuong-4738770.html,,press,2026-09-24,Type as given: press,wave3,wave3/climate/climate.md
CLM-37,CLM,CLIMATE,"Nhan Dan. ""Dot han, man nghiem trong nhat trong lich su DBSCL"". 20 Jun 2020. https://nhandan.vn/dot-han-man-nghiem-trong-nhat-trong-lich-su-dbscl-post475180.html . Accessed 2026-09-24. Supports: 2019 to 2020 event area and losses. Type: press (party newspaper).","Dot han, man nghiem trong nhat trong lich su DBSCL",Nhan Dan,20 Jun 2020,https://nhandan.vn/dot-han-man-nghiem-trong-nhat-trong-lich-su-dbscl-post475180.html,,press,2026-09-24,Type as given: press (party newspaper),wave3,wave3/climate/climate.md
CLM-38,CLM,CLIMATE,"HVACDesign.vn, ""Thap giai nhiet la gi? Cach tinh chon thap giai nhiet he thong chiller"" (https://hvacdesign.vn/blogs/cam-nang-kien-thuc/thap-giai-nhiet/) and Coolingtower.vn, ""Khai niem ve nhiet do bau uot thap giai nhiet"" (https://www.coolingtower.vn/tin-tuc/2/104/khai-niem-ve-nhiet-do-bau-uot-thap-giai-nhiet.html). Undated. Accessed 2026-09-24. Supports: 37/32 °C typical cooling-water design; 3 to 6 K approach. Type: practitioner/company.",Thap giai nhiet la gi? Cach tinh chon thap giai nhiet he thong chiller,HVACDesign.vn,undated,https://hvacdesign.vn/blogs/cam-nang-kien-thuc/thap-giai-nhiet/,,company,2026-09-24,Type as given: practitioner/company | Other URLs: https://www.coolingtower.vn/tin-tuc/2/104/khai-niem-ve-nhiet-do-bau-uot-thap-giai-nhiet.html,wave3,wave3/climate/climate.md
CLM-39,CLM,CLIMATE,"IMHEN. ""Xay dung kich ban bien doi khi hau cho Viet Nam"". 21 Nov 2024. https://imh.ac.vn/xay-dung-kich-ban-bien-doi-khi-hau-cho-viet-nam/ . Accessed 2026-09-24. Supports: 2025 scenario uses CMIP6, SSP1-2.6, SSP2-4.5, SSP3-7.0, warming levels, district sea-level rise. Type: gov research institute.",Xay dung kich ban bien doi khi hau cho Viet Nam,IMHEN,21 Nov 2024,https://imh.ac.vn/xay-dung-kich-ban-bien-doi-khi-hau-cho-viet-nam/,,gov/statistics,2026-09-24,Type as given: gov research institute,wave3,wave3/climate/climate.md
CLM-40,CLM,CLIMATE,"Braun G. et al. ""Pesticides and antibiotics in permanent rice, alternating rice-shrimp and permanent shrimp systems of the coastal Mekong Delta, Vietnam"". Environment International. 2019. https://doi.org/10.1016/j.envint.2019.03.038 . Accessed 2026-09-24 (abstract). Supports: farmer shift to rice-shrimp and shrimp as salinity rises. Type: peer-reviewed.","Pesticides and antibiotics in permanent rice, alternating rice-shrimp and permanent shrimp systems of the coastal Mekong Delta, Vietnam",Braun G. et al.,2019,https://doi.org/10.1016/j.envint.2019.03.038,10.1016/j.envint.2019.03.038,peer-reviewed,2026-09-24,Type as given: peer-reviewed,wave3,wave3/climate/climate.md
CLM-41,CLM,CLIMATE,"Bao Nong nghiep va Moi truong. ""NDC 3.0: Co hoi chuyen doi nong nghiep ben vung, phat thai thap"". 24 Jun 2025. https://nongnghiepmoitruong.vn/tri-thuc-nong-dan/san-xuat-co-trach-nhiem-dong-gop-vao-muc-tieu-ndc-30-d759489.html . Accessed 2026-09-24. Supports: claim that agriculture met its unconditional target (unverified). Type: press (ministry newspaper).","NDC 3.0: Co hoi chuyen doi nong nghiep ben vung, phat thai thap",Bao Nong nghiep va Moi truong,24 Jun 2025,https://nongnghiepmoitruong.vn/tri-thuc-nong-dan/san-xuat-co-trach-nhiem-dong-gop-vao-muc-tieu-ndc-30-d759489.html,,press,2026-09-24,Type as given: press (ministry newspaper),wave3,wave3/climate/climate.md
CLM-42,CLM,CLIMATE,"VietnamNet. ""NDC 3.0 the hien no luc cao cua Viet Nam trong ung pho bien doi khi hau toan cau"". 1 Nov 2025. https://vietnamnet.vn/ndc-3-0-the-hien-no-luc-cao-cua-viet-nam-trong-ung-pho-bien-doi-khi-hau-toan-cau-2477268.html . Accessed 2026-09-24. Supports: technical consultation on 31 Oct 2025; no targets published. Type: press.",NDC 3.0 the hien no luc cao cua Viet Nam trong ung pho bien doi khi hau toan cau,VietnamNet,1 Nov 2025,https://vietnamnet.vn/ndc-3-0-the-hien-no-luc-cao-cua-viet-nam-trong-ung-pho-bien-doi-khi-hau-toan-cau-2477268.html,,press,2026-09-24,Type as given: press,wave3,wave3/climate/climate.md
CLM-43,CLM,CLIMATE,"Moi truong va Cuoc song. ""Viet Nam ung dung AI trong cap nhat kich ban bien doi khi hau"". 4 Jul 2025. https://moitruong.net.vn/viet-nam-ung-dung-ai-trong-cap-nhat-kich-ban-bien-doi-khi-hau-84065.html . Accessed 2026-09-24. Supports: release expected Q1 2026; fifth edition. Type: press.",Viet Nam ung dung AI trong cap nhat kich ban bien doi khi hau,Moi truong va Cuoc song,4 Jul 2025,https://moitruong.net.vn/viet-nam-ung-dung-ai-trong-cap-nhat-kich-ban-bien-doi-khi-hau-84065.html,,press,2026-09-24,Type as given: press,wave3,wave3/climate/climate.md
QNT-01,QNT,BALANCE_MODEL,"OECD and FAO. OECD-FAO Agricultural Outlook 2026-2035, data via the OECD SDMX API, dataflow OECD.TAD.ATM DSD_AGR@DF_OUTLOOK_2026_2035 version 1.1. Published June 2026. https://sdmx.oecd.org/public/rest/data/OECD.TAD.ATM,DSD_AGR@DF_OUTLOOK_2026_2035,1.1/VNM.A.CPC_EX_PK.QP+QC+FO_PC+IM+EX..?startPeriod=2024&endPeriod=2035 (the report PDF at https://www.oecd.org/content/dam/oecd/en/publications/reports/2026/06/oecd-fao-agricultural-outlook-2026-2035_5610f218/47874669-en.pdf was blocked by robots.txt). Country projections for meat, fish, protein meal, fishmeal, maize, soybean and milk, plus yields. Type: intergovernmental model projection.","OECD-FAO Agricultural Outlook 2026-2035, data via the OECD SDMX API, dataflow OECD.TAD.ATM DSD_AGR@DF_OUTLOOK_2026_2035 version 1.1",OECD and FAO,June 2026,"https://sdmx.oecd.org/public/rest/data/OECD.TAD.ATM,DSD_AGR@DF_OUTLOOK_2026_2035,1.1/VNM.A.CPC_EX_PK.QP+QC+FO_PC+IM+EX..?startPeriod=2024&endPeriod=2035",,gov/statistics,2026-09-24,Type as given: intergovernmental model projection | Other URLs: https://www.oecd.org/content/dam/oecd/en/publications/reports/2026/06/oecd-fao-agricultural-outlook-2026-2035_5610f218/47874669-en.pdf | Access problem noted in citation,wave3,wave3/balance_model/balance_model.md
QNT-02,QNT,BALANCE_MODEL,"USDA Office of the Chief Economist. USDA Agricultural Projections to 2035, OCE-2026-1, 13 February 2026. https://ers.usda.gov/publications/pub-details?pubid=113816 (PDF at https://ers.usda.gov/media/20856/oce-2026-1.pdf?v=16321; only the macro tables were read). Vietnam GDP growth assumption. Type: government model projection.","USDA Agricultural Projections to 2035, OCE-2026-1",USDA Office of the Chief Economist,13 February 2026,https://ers.usda.gov/publications/pub-details?pubid=113816,,gov/statistics,2026-09-24,Type as given: government model projection | Other URLs: https://ers.usda.gov/media/20856/oce-2026-1.pdf?v=16321,wave3,wave3/balance_model/balance_model.md
QNT-03,QNT,BALANCE_MODEL,"Hoang, H. and Meyers, W.H. (2015). Food demand in Vietnam: structural changes and projections to 2030. AgEcon Search. doi 10.22004/ag.econ.212456. Abstract only; direction of meat demand. Type: peer-reviewed conference paper.",Food demand in Vietnam: structural changes and projections to 2030,"Hoang, H. and Meyers, W.H.",2015,https://doi.org/10.22004/ag.econ.212456,10.22004/ag.econ.212456,peer-reviewed,2026-09-24,Type as given: peer-reviewed conference paper,wave3,wave3/balance_model/balance_model.md
QNT-04,QNT,BALANCE_MODEL,"Quach, V.D., Yabe, M., Nomura, H. and Takahashi, Y. (2022). Structural changes in meat consumption in Vietnam: evidence from household survey data. Journal of Agribusiness in Developing and Emerging Economies 13(4): 590-612. doi 10.1108/jadee-08-2021-0206. Abstract only; poultry and beef gaining share. Type: peer-reviewed.",Structural changes in meat consumption in Vietnam: evidence from household survey data,"Quach, V.D., Yabe, M., Nomura, H. and Takahashi, Y.",2022,https://doi.org/10.1108/jadee-08-2021-0206,10.1108/jadee-08-2021-0206,peer-reviewed,2026-09-24,Type as given: peer-reviewed,wave3,wave3/balance_model/balance_model.md
QNT-05,QNT,BALANCE_MODEL,"Falcon, W.P., Naylor, R.L. and Shankar, N.D. (2022). Rethinking global food demand for 2050. Population and Development Review. doi 10.1111/padr.12508. Abstract; global demand +50 to 60%, shift to poultry. Type: peer-reviewed.",Rethinking global food demand for 2050,"Falcon, W.P., Naylor, R.L. and Shankar, N.D.",2022,https://doi.org/10.1111/padr.12508,10.1111/padr.12508,peer-reviewed,2026-09-24,Type as given: peer-reviewed,wave3,wave3/balance_model/balance_model.md
QNT-06,QNT,BALANCE_MODEL,"Prime Minister of Vietnam. Decision 339/QD-TTg of 11 March 2021 approving the fisheries development strategy to 2030, vision 2045. Read via Tap chi Thuy san Viet Nam, https://thuysanvietnam.com.vn/phe-duyet-chien-luoc-phat-trien-thuy-san-den-nam-2030/ (official text at https://chinhphu.vn/default.aspx?pageid=27160&docid=202798, not opened). Targets for aquaculture, capture and exports in 2030. Type: law or policy (secondary reading).","Decision 339/QD-TTg of 11 March 2021 approving the fisheries development strategy to 2030, vision 2045",Prime Minister of Vietnam,11 March 2021,https://thuysanvietnam.com.vn/phe-duyet-chien-luoc-phat-trien-thuy-san-den-nam-2030/,,law,2026-09-24,Type as given: law or policy (secondary reading) | Other URLs: https://chinhphu.vn/default.aspx?pageid=27160&docid=202798 | Access problem noted in citation,wave3,wave3/balance_model/balance_model.md
QNT-07,QNT,BALANCE_MODEL,"USDA Foreign Agricultural Service. Oilseeds: World Markets and Trade, September 2026. https://apps.fas.usda.gov/psdonline/circulars/oilseeds.pdf. Vietnam MY2026/27 soybean and soybean-meal imports. Type: government statistics and forecast.",Oilseeds: World Markets and Trade,USDA Foreign Agricultural Service,September 2026,https://apps.fas.usda.gov/psdonline/circulars/oilseeds.pdf,,gov/statistics,2026-09-24,Type as given: government statistics and forecast,wave3,wave3/balance_model/balance_model.md
QNT-08,QNT,BALANCE_MODEL,"USDA Foreign Agricultural Service. World Agricultural Production, September 2026. https://apps.fas.usda.gov/psdonline/circulars/production.pdf. Corn yields in Argentina, Brazil and the United States. Type: government statistics.",World Agricultural Production,USDA Foreign Agricultural Service,September 2026,https://apps.fas.usda.gov/psdonline/circulars/production.pdf,,gov/statistics,2026-09-24,Type as given: government statistics,wave3,wave3/balance_model/balance_model.md
QNT-09,QNT,BALANCE_MODEL,"Leger, D., Matassa, S., Noor, E., Shepon, A., Milo, R. and Bar-Even, A. (2021). Photovoltaic-driven microbial protein production can use land and sunlight more efficiently than conventional crops. PNAS 118(26): e2015025118. doi 10.1073/pnas.2015025118. CO2 and NH3 per kg of biomass, protein share, cost per kg of protein, land ratio. Type: peer-reviewed.",Photovoltaic-driven microbial protein production can use land and sunlight more efficiently than conventional crops,"Leger, D., Matassa, S., Noor, E., Shepon, A., Milo, R. and Bar-Even, A.",2021,https://doi.org/10.1073/pnas.2015025118,10.1073/pnas.2015025118,peer-reviewed,2026-09-24,Type as given: peer-reviewed | Same DOI as FTG-02,wave3,wave3/balance_model/balance_model.md
QNT-10,QNT,BALANCE_MODEL,"Sillman, J., Uusitalo, V., Ruuskanen, V. and others (2020). A life cycle environmental sustainability analysis of microbial protein production via power-to-food approaches. International Journal of Life Cycle Assessment 25: 2190-2203. doi 10.1007/s11367-020-01771-3 (correction doi 10.1007/s11367-021-01962-6, not checked). Electricity per kg of biomass and per kg H2. Type: peer-reviewed.",A life cycle environmental sustainability analysis of microbial protein production via power-to-food approaches,"Sillman, J., Uusitalo, V., Ruuskanen, V. and others",2020,https://doi.org/10.1007/s11367-020-01771-3,10.1007/s11367-020-01771-3,peer-reviewed,2026-09-24,Type as given: peer-reviewed | Other DOIs: 10.1007/s11367-021-01962-6,wave3,wave3/balance_model/balance_model.md
QNT-11,QNT,BALANCE_MODEL,"Jean, A.B. and Brown, R.C. (2024). Techno-economic analysis of gas fermentation for the production of single cell protein. Environmental Science and Technology 58(8): 3823-3829. doi 10.1021/acs.est.3c10312. Abstract; carbon intensities of SCP, SBM and fishmeal; land ratio. Same study as edition 1.0 COST-45. Type: peer-reviewed.",Techno-economic analysis of gas fermentation for the production of single cell protein,"Jean, A.B. and Brown, R.C.",2024,https://doi.org/10.1021/acs.est.3c10312,10.1021/acs.est.3c10312,peer-reviewed,2026-09-24,Type as given: peer-reviewed | Same DOI as COST-45,wave3,wave3/balance_model/balance_model.md
QNT-12,QNT,BALANCE_MODEL,"Komarek, A.M., Dunston, S., Enahoro, D. and others (2021). Income, consumer preferences, and the future of livestock-derived food demand. Global Environmental Change 70: 102343. doi 10.1016/j.gloenvcha.2021.102343. Abstract; IMPACT SSP2 global and regional changes to 2050. Type: peer-reviewed.","Income, consumer preferences, and the future of livestock-derived food demand","Komarek, A.M., Dunston, S., Enahoro, D. and others",2021,https://doi.org/10.1016/j.gloenvcha.2021.102343,10.1016/j.gloenvcha.2021.102343,peer-reviewed,2026-09-24,Type as given: peer-reviewed,wave3,wave3/balance_model/balance_model.md
QNT-13,QNT,BALANCE_MODEL,VietnamPlus (30 March 2026). Nganh chan nuoi tu chu nguyen lieu doi pho bien dong toan cau. https://www.vietnamplus.vn/nganh-chan-nuoi-tu-chu-nguyen-lieu-ung-pho-bien-dong-toan-cau-post1101719.vnp. Official quote: over 65% of feed raw materials and over 90% of additives imported. Type: press.,Nganh chan nuoi tu chu nguyen lieu doi pho bien dong toan cau,VietnamPlus,30 March 2026,https://www.vietnamplus.vn/nganh-chan-nuoi-tu-chu-nguyen-lieu-ung-pho-bien-dong-toan-cau-post1101719.vnp,,press,2026-09-24,Type as given: press,wave3,wave3/balance_model/balance_model.md
QNT-14,QNT,BALANCE_MODEL,"Garcia Martinez, J.B. and others (2021). Potential of microbial protein from hydrogen for preventing mass starvation in catastrophic scenarios. Sustainable Production and Consumption. doi 10.1016/j.spc.2020.08.011. Table value of 2.41 kg H2 per kg SCP (citing Sefton 2018), used only in the disagreements log (excerpt via Scite). Type: peer-reviewed.",Potential of microbial protein from hydrogen for preventing mass starvation in catastrophic scenarios,"Garcia Martinez, J.B. and others",2021,https://doi.org/10.1016/j.spc.2020.08.011,10.1016/j.spc.2020.08.011,peer-reviewed,2026-09-24,Type as given: peer-reviewed,wave3,wave3/balance_model/balance_model.md
QNT-15,QNT,BALANCE_MODEL,ABARES (2012). Food demand to 2050: opportunities for Australian agriculture. https://www.agriculture.gov.au/sites/default/files/sitecollectiondocuments/abares/publications/Outlook2012FoodDemand2050.pdf. No Vietnam projection; not used. Type: government.,Food demand to 2050: opportunities for Australian agriculture,ABARES,2012,https://www.agriculture.gov.au/sites/default/files/sitecollectiondocuments/abares/publications/Outlook2012FoodDemand2050.pdf,,gov/statistics,2026-09-24,Type as given: government,wave3,wave3/balance_model/balance_model.md
QNT-model,QNT,BALANCE_MODEL,"AltProtein Vietnam QNT balance model (this work): model.py, assumptions.csv, outputs.csv, sensitivity.csv, 24 September 2026. Type: our estimate.","AltProtein Vietnam QNT balance model (this work): model.py, assumptions.csv, outputs.csv, sensitivity.csv, 24 September 2026",AltProtein Vietnam,24 September 2026,,,other,2026-09-24,Type as given: our estimate,wave3,wave3/balance_model/balance_model.md
GEO-01,GEO,GEO_MACRO,"Vietnam Briefing (Dezan Shira and Associates). ""US Supreme Court Blocks Trump's Tariffs: Impacts on Vietnam-US Trade."" February 2026. https://www.vietnam-briefing.com/news/us-supreme-court-blocks-trumps-tariffs-implications-for-vietnam-us-trade.html/ . Accessed 2026-09-24. Supreme Court ruling of 20 Feb 2026; Section 122 at 10%. Type: consultancy press.",US Supreme Court Blocks Trump's Tariffs: Impacts on Vietnam-US Trade,Vietnam Briefing (Dezan Shira and Associates),February 2026,https://www.vietnam-briefing.com/news/us-supreme-court-blocks-trumps-tariffs-implications-for-vietnam-us-trade.html/,,press,2026-09-24,Type as given: consultancy press,wave3,wave3/geo_macro/geo_macro.md
GEO-02,GEO,GEO_MACRO,"The White House. ""Joint Statement on United States-Vietnam Framework for an Agreement on Reciprocal, Fair, and Balanced Trade."" 26 Oct 2025. https://www.whitehouse.gov/briefings-statements/2025/10/joint-statement-on-united-states-vietnam-framework-for-an-agreement-on-reciprocal-fair-and-balanced-trade/ . Accessed 2026-09-24. 20% rate maintained; agricultural barriers; 20 MOUs over USD 2.9 bn. Type: gov.","Joint Statement on United States-Vietnam Framework for an Agreement on Reciprocal, Fair, and Balanced Trade",The White House,26 Oct 2025,https://www.whitehouse.gov/briefings-statements/2025/10/joint-statement-on-united-states-vietnam-framework-for-an-agreement-on-reciprocal-fair-and-balanced-trade/,,gov/statistics,2026-09-24,Type as given: gov,wave3,wave3/geo_macro/geo_macro.md
GEO-03,GEO,GEO_MACRO,"Global Trade Alert. ""From IEEPA to Section 122: What Changed on 20 February 2026."" 2026. https://globaltradealert.org/blog/from-ieepa-to-section-122 . Accessed 2026-09-24. Section 122 surcharge, 150 days from 24 Feb 2026 to 24 Jul 2026; planned Section 301 cases. Type: research organisation.",From IEEPA to Section 122: What Changed on 20 February 2026,Global Trade Alert,2026,https://globaltradealert.org/blog/from-ieepa-to-section-122,,other,2026-09-24,Type as given: research organisation,wave3,wave3/geo_macro/geo_macro.md
GEO-04,GEO,GEO_MACRO,"Office of the United States Trade Representative. ""Notice of Actions in Section 301 Investigations of Acts, Policies and Practices of Various Economies."" Federal Register document 2026-15181, 28 Jul 2026. https://www.federalregister.gov/documents/2026/07/28/2026-15181/notice-of-actions-in-section-301-investigations-of-acts-policies-and-practices-of-various-economies . Accessed 2026-09-24. 12.5% on products of Vietnam from 24 Jul 2026. Type: gov/law.","Notice of Actions in Section 301 Investigations of Acts, Policies and Practices of Various Economies",Office of the United States Trade Representative,28 Jul 2026,https://www.federalregister.gov/documents/2026/07/28/2026-15181/notice-of-actions-in-section-301-investigations-of-acts-policies-and-practices-of-various-economies,,law,2026-09-24,Type as given: gov/law,wave3,wave3/geo_macro/geo_macro.md
GEO-05,GEO,GEO_MACRO,"Federal Register API search results: ""Initiation of Section 301 Investigation: Vietnam's [IP] Protection"" (3 Jun 2026) and ""Initiation of Section 301 Investigations: Structural Excess Capacity"" (17 Mar 2026). https://www.federalregister.gov/api/v1/documents.json?conditions[term]=%22Section%20301%22%20Vietnam&order=newest . Accessed 2026-09-24. Titles and abstracts only. Type: gov.",Initiation of Section 301 Investigation: Vietnam's [IP] Protection,Federal Register API search results,3 Jun 2026,https://www.federalregister.gov/api/v1/documents.json?conditions[term]=%22Section%20301%22%20Vietnam&order=newest,,gov/statistics,2026-09-24,Type as given: gov,wave3,wave3/geo_macro/geo_macro.md
GEO-06,GEO,GEO_MACRO,"The White House. ""Fact Sheet: President Donald J. Trump Strikes Deal on Economic and Trade Relations with China."" 1 Nov 2025. https://www.whitehouse.gov/fact-sheets/2025/11/fact-sheet-president-donald-j-trump-strikes-deal-on-economic-and-trade-relations-with-china/ . Accessed 2026-09-24. Soybean purchase commitments 2025 to 2028. Type: gov (party to the deal; claims).",Fact Sheet: President Donald J. Trump Strikes Deal on Economic and Trade Relations with China,The White House,1 Nov 2025,https://www.whitehouse.gov/fact-sheets/2025/11/fact-sheet-president-donald-j-trump-strikes-deal-on-economic-and-trade-relations-with-china/,,gov/statistics,2026-09-24,Type as given: gov (party to the deal; claims),wave3,wave3/geo_macro/geo_macro.md
GEO-07,GEO,GEO_MACRO,"Council of the European Union. ""Deforestation: Council signs off targeted revision to simplify and postpone the regulation."" 18 Dec 2025. https://www.consilium.europa.eu/en/press/press-releases/2025/12/18/deforestation-council-signs-off-targeted-revision-to-simplify-and-postpone-the-regulation/ . Accessed 2026-09-24. EUDR dates; simplification review by 30 Apr 2026. Type: gov.",Deforestation: Council signs off targeted revision to simplify and postpone the regulation,Council of the European Union,18 Dec 2025,https://www.consilium.europa.eu/en/press/press-releases/2025/12/18/deforestation-council-signs-off-targeted-revision-to-simplify-and-postpone-the-regulation/,,gov/statistics,2026-09-24,Type as given: gov,wave3,wave3/geo_macro/geo_macro.md
GEO-08,GEO,GEO_MACRO,"European Commission, DG Environment. ""Commission updates product scope and tools to support EUDR."" 13 Jul 2026. https://environment.ec.europa.eu/news/commission-updates-product-scope-and-tools-support-eudr-2026-07-13_en . Accessed 2026-09-24. Scope changes; application dates. Type: gov.",Commission updates product scope and tools to support EUDR,"European Commission, DG Environment",13 Jul 2026,https://environment.ec.europa.eu/news/commission-updates-product-scope-and-tools-support-eudr-2026-07-13_en,,gov/statistics,2026-09-24,Type as given: gov,wave3,wave3/geo_macro/geo_macro.md
GEO-09,GEO,GEO_MACRO,"European Parliamentary Research Service. ""Extension of CBAM scope to downstream goods and anti-circumvention measures."" At a glance, September 2026, ATA(2026)791461. https://eprs.europarl.europa.eu/contents/publications/EPRS/2026/09/EPRS_ATA(2026)791461.html . Accessed 2026-09-24. CBAM sectors; downstream proposals; annual review from 2028. Type: gov research.",Extension of CBAM scope to downstream goods and anti-circumvention measures,European Parliamentary Research Service,September 2026,https://eprs.europarl.europa.eu/contents/publications/EPRS/2026/09/EPRS_ATA(2026)791461.html,,gov/statistics,2026-09-24,Type as given: gov research,wave3,wave3/geo_macro/geo_macro.md
GEO-10,GEO,GEO_MACRO,"farmdoc daily (University of Illinois). ""Can China Reduce Soybean Import Demand? Evaluating Soybean Meal Reduction Efforts."" December 2025. https://farmdocdaily.illinois.edu/2025/12/can-china-reduce-soybean-import-demand-evaluating-soybean-meal-reduction-efforts.html . Accessed 2026-09-24. MARA plan targets; official vs USDA shares; imports above 100 Mt. Type: academic extension.",Can China Reduce Soybean Import Demand? Evaluating Soybean Meal Reduction Efforts,farmdoc daily (University of Illinois),December 2025,https://farmdocdaily.illinois.edu/2025/12/can-china-reduce-soybean-import-demand-evaluating-soybean-meal-reduction-efforts.html,,other,2026-09-24,Type as given: academic extension,wave3,wave3/geo_macro/geo_macro.md
GEO-11,GEO,GEO_MACRO,"South China Morning Post. ""China failed to hit 2025 soybean meal dependence target. US deal makes it harder."" 9 Feb 2026. https://www.scmp.com/economy/china-economy/article/3342864/china-failed-hit-soybean-meal-dependence-targets-last-year-us-deal-makes-it-harder . Accessed 2026-09-24. 13.4% in 2025; 10% target for 2030. Type: press.",China failed to hit 2025 soybean meal dependence target. US deal makes it harder,South China Morning Post,9 Feb 2026,https://www.scmp.com/economy/china-economy/article/3342864/china-failed-hit-soybean-meal-dependence-targets-last-year-us-deal-makes-it-harder,,press,2026-09-24,Type as given: press,wave3,wave3/geo_macro/geo_macro.md
GEO-12,GEO,GEO_MACRO,"Wikipedia. ""15th Five-Year Plan."" Revision read 2026-09-24. https://en.wikipedia.org/wiki/15th_Five-Year_Plan . Adoption 12 Mar 2026; grain capacity above 1.45 trillion jin by 2030. Type: encyclopaedia (secondary; Low to Medium).",15th Five-Year Plan,Wikipedia,2026-09-24,https://en.wikipedia.org/wiki/15th_Five-Year_Plan,,other,2026-09-24,Type as given: encyclopaedia (secondary; Low to Medium),wave3,wave3/geo_macro/geo_macro.md
GEO-13,GEO,GEO_MACRO,"Xinhua via english.www.gov.cn. ""Key recommendations document outlines priorities in China's next five-year blueprint."" 25 Oct 2025. https://english.www.gov.cn/news/202510/25/content_WS68fc10abc6d00ca5f9a0703e.html . Accessed 2026-09-24. Biomanufacturing among ""future industries"". Type: gov press.",Key recommendations document outlines priorities in China's next five-year blueprint,Xinhua via english.www.gov.cn,25 Oct 2025,https://english.www.gov.cn/news/202510/25/content_WS68fc10abc6d00ca5f9a0703e.html,,press,2026-09-24,Type as given: gov press,wave3,wave3/geo_macro/geo_macro.md
GEO-14,GEO,GEO_MACRO,"Nguyen-Thi T., Pham-Thi-Ngoc L., Nguyen-Ngoc Q., et al. ""An Assessment of the Economic Impacts of the 2019 African Swine Fever Outbreaks in Vietnam."" Frontiers in Veterinary Science 8:686038. 2021. https://doi.org/10.3389/fvets.2021.686038 . Accessed 2026-09-24 (via Scite). Same as MAC-37. Nearly 6 M pigs; price rises by sector; traded volume halved. Type: peer-reviewed.",An Assessment of the Economic Impacts of the 2019 African Swine Fever Outbreaks in Vietnam,"Nguyen-Thi T., Pham-Thi-Ngoc L., Nguyen-Ngoc Q., et al.",2021,https://doi.org/10.3389/fvets.2021.686038,10.3389/fvets.2021.686038,peer-reviewed,2026-09-24,Type as given: peer-reviewed | Same DOI as MAC-37,wave3,wave3/geo_macro/geo_macro.md
GEO-15,GEO,GEO_MACRO,"Chuong V.D., Schambow R.A., Nguyen D., et al. ""Epidemiology and Control of African Swine Fever in Vietnam: A Scoping Review."" Pathogens 14(4):329. 2025. https://doi.org/10.3390/pathogens14040329 . Accessed 2026-09-24. Outbreak counts 2019 to 2024; structure shift; vaccine doses. Type: peer-reviewed.",Epidemiology and Control of African Swine Fever in Vietnam: A Scoping Review,"Chuong V.D., Schambow R.A., Nguyen D., et al.",2025,https://doi.org/10.3390/pathogens14040329,10.3390/pathogens14040329,peer-reviewed,2026-09-24,Type as given: peer-reviewed,wave3,wave3/geo_macro/geo_macro.md
GEO-16,GEO,GEO_MACRO,"Le V.P., Nguyen V.T., Le T.B., et al. ""Detection of Recombinant African Swine Fever Virus Strains of p72 Genotypes I and II in Domestic Pigs, Vietnam, 2023."" Emerging Infectious Diseases 30(5). 2024. https://doi.org/10.3201/eid3005.231775 . Accessed 2026-09-24 (abstract via OpenAlex). Six northern provinces. Type: peer-reviewed.","Detection of Recombinant African Swine Fever Virus Strains of p72 Genotypes I and II in Domestic Pigs, Vietnam, 2023","Le V.P., Nguyen V.T., Le T.B., et al.",2024,https://doi.org/10.3201/eid3005.231775,10.3201/eid3005.231775,peer-reviewed,2026-09-24,Type as given: peer-reviewed,wave3,wave3/geo_macro/geo_macro.md
GEO-17,GEO,GEO_MACRO,"Nguyen T.V.H., Kim Y.-H., Nguyen V.D., et al. ""Rapid Spread of Recombinant African Swine Fever Virus Genotypes I and II, Vietnam, 2023-2024."" Emerging Infectious Diseases 32(4). 2026. https://doi.org/10.3201/eid3204.251688 . Accessed 2026-09-24 (abstract via OpenAlex; CDC page blocked to fetch). 14.1% to 42.2%; vaccine resistance. Type: peer-reviewed.","Rapid Spread of Recombinant African Swine Fever Virus Genotypes I and II, Vietnam, 2023-2024","Nguyen T.V.H., Kim Y.-H., Nguyen V.D., et al.",2026,https://doi.org/10.3201/eid3204.251688,10.3201/eid3204.251688,peer-reviewed,2026-09-24,Type as given: peer-reviewed | Access problem noted in citation,wave3,wave3/geo_macro/geo_macro.md
GEO-18,GEO,GEO_MACRO,"Diep N.V., Duc N.V., Ngoc N.T.H., et al. ""Genotype II Live-Attenuated ASFV Vaccine Strains Unable to Completely Protect Pigs against the Emerging Recombinant ASFV Genotype I/II Strain in Vietnam."" Vaccines 12(10):1114. 2024. https://doi.org/10.3390/vaccines12101114 . Accessed 2026-09-24 (abstract). Type: peer-reviewed.",Genotype II Live-Attenuated ASFV Vaccine Strains Unable to Completely Protect Pigs against the Emerging Recombinant ASFV Genotype I/II Strain in Vietnam,"Diep N.V., Duc N.V., Ngoc N.T.H., et al.",2024,https://doi.org/10.3390/vaccines12101114,10.3390/vaccines12101114,peer-reviewed,2026-09-24,Type as given: peer-reviewed,wave3,wave3/geo_macro/geo_macro.md
GEO-19,GEO,GEO_MACRO,"Ngo T.T.N., Oh T., Do D.T. ""The Prospects and Challenges of Live Attenuated Vaccines Against African Swine Fever Virus in Vietnam."" Vaccines 14(3):284. 2026. https://doi.org/10.3390/vaccines14030284 . Accessed 2026-09-24 (abstract and full-text excerpts via Scite). Licensed vaccines and concerns. Type: peer-reviewed review.",The Prospects and Challenges of Live Attenuated Vaccines Against African Swine Fever Virus in Vietnam,"Ngo T.T.N., Oh T., Do D.T.",2026,https://doi.org/10.3390/vaccines14030284,10.3390/vaccines14030284,peer-reviewed,2026-09-24,Type as given: peer-reviewed review | Same DOI as HSC-31,wave3,wave3/geo_macro/geo_macro.md
GEO-20,GEO,GEO_MACRO,"Nguyen D.M., Deguchi H., Ichikawa M. ""Agent-based simulation on avian influenza in Vietnam."" 7th International Conference on Service Systems and Service Management. 2010. https://doi.org/10.1109/icsssm.2010.5530215 . Accessed 2026-09-24 (abstract). Cites World Bank 2005: 45 M poultry, 0.1 point of GDP. Type: conference paper (secondary citation).",Agent-based simulation on avian influenza in Vietnam,"Nguyen D.M., Deguchi H., Ichikawa M.",2010,https://doi.org/10.1109/icsssm.2010.5530215,10.1109/icsssm.2010.5530215,peer-reviewed,2026-09-24,Type as given: conference paper (secondary citation),wave3,wave3/geo_macro/geo_macro.md
GEO-21,GEO,GEO_MACRO,"Nguyen T.-Q., Hutter C.R., Markin A., et al. ""Emergence and interstate spread of highly pathogenic avian influenza A(H5N1) in dairy cattle in the United States."" Science. 2025. https://doi.org/10.1126/science.adq0900 . Accessed 2026-09-24 (abstract). Single spillover; cattle-movement spread. Type: peer-reviewed.",Emergence and interstate spread of highly pathogenic avian influenza A(H5N1) in dairy cattle in the United States,"Nguyen T.-Q., Hutter C.R., Markin A., et al.",2025,https://doi.org/10.1126/science.adq0900,10.1126/science.adq0900,peer-reviewed,2026-09-24,Type as given: peer-reviewed,wave3,wave3/geo_macro/geo_macro.md
GEO-22,GEO,GEO_MACRO,"Chang Y.-Y., Arias Gonzáles J.L., Rattenborg E., de Jong M.C.M., Conrady B. ""Modeling the spillover risk of highly pathogenic avian influenza from wild birds to cattle in Denmark."" Preventive Veterinary Medicine. 2026. https://doi.org/10.1016/j.prevetmed.2026.106844 . Accessed 2026-09-24 (abstract). More than 1,000 US herds. Type: peer-reviewed.",Modeling the spillover risk of highly pathogenic avian influenza from wild birds to cattle in Denmark,"Chang Y.-Y., Arias Gonzáles J.L., Rattenborg E., de Jong M.C.M., Conrady B.",2026,https://doi.org/10.1016/j.prevetmed.2026.106844,10.1016/j.prevetmed.2026.106844,peer-reviewed,2026-09-24,Type as given: peer-reviewed,wave3,wave3/geo_macro/geo_macro.md
GEO-23,GEO,GEO_MACRO,"US Centers for Disease Control and Prevention. ""H5 Bird Flu: Current Situation."" Updated 6 Mar 2026. https://www.cdc.gov/bird-flu/situation-summary/index.html . Accessed 2026-09-24. 71 human cases since Feb 2024; risk ""low"". Type: gov.",H5 Bird Flu: Current Situation,US Centers for Disease Control and Prevention,6 Mar 2026,https://www.cdc.gov/bird-flu/situation-summary/index.html,,gov/statistics,2026-09-24,Type as given: gov | Same URL as HSC-26,wave3,wave3/geo_macro/geo_macro.md
GEO-24,GEO,GEO_MACRO,"Sài Gòn Giải Phóng. ""Từ năm 2026 cấm sử dụng kháng sinh trong chăn nuôi ở Việt Nam."" 5 Dec 2023. https://www.sggp.org.vn/tu-nam-2026-cam-su-dung-khang-sinh-trong-chan-nuoi-o-viet-nam-post717015.html . Accessed 2026-09-24. Ban on prophylactic antibiotics from 1 Jan 2026 (Decree 13/2020); growth promoters banned since 2018. Type: press reporting MARD.",Từ năm 2026 cấm sử dụng kháng sinh trong chăn nuôi ở Việt Nam,Sài Gòn Giải Phóng,5 Dec 2023,https://www.sggp.org.vn/tu-nam-2026-cam-su-dung-khang-sinh-trong-chan-nuoi-o-viet-nam-post717015.html,,press,2026-09-24,Type as given: press reporting MARD,wave3,wave3/geo_macro/geo_macro.md
GEO-25,GEO,GEO_MACRO,"Mulchandani R., Wang Y., Gilbert M., Van Boeckel T.P. ""Global trends in antimicrobial use in food-producing animals: 2020 to 2030."" PLOS Global Public Health 3(2):e0001305. 2023. https://doi.org/10.1371/journal.pgph.0001305 . Accessed 2026-09-24 (via Scite). 99,502 t to 107,472 t. Type: peer-reviewed.",Global trends in antimicrobial use in food-producing animals: 2020 to 2030,"Mulchandani R., Wang Y., Gilbert M., Van Boeckel T.P.",2023,https://doi.org/10.1371/journal.pgph.0001305,10.1371/journal.pgph.0001305,peer-reviewed,2026-09-24,Type as given: peer-reviewed,wave3,wave3/geo_macro/geo_macro.md
GEO-26,GEO,GEO_MACRO,"Prime Minister. Decision 768/QD-TTg approving the revised National Power Development Plan 2021 to 2030, vision 2050. 15 Apr 2025. https://thuvienphapluat.vn/van-ban/Tai-nguyen-Moi-truong/Quyet-dinh-768-QD-TTg-2025-Dieu-chinh-Quy-hoach-phat-trien-dien-luc-quoc-gia-thoi-ky-2021-2030-651977.aspx . Accessed 2026-09-24. 2030 fossil and nuclear capacity; 2050 LNG and converted coal; growth assumptions. Same as FTG-15. Type: law.","Decision 768/QD-TTg approving the revised National Power Development Plan 2021 to 2030, vision 2050",Prime Minister,15 Apr 2025,https://thuvienphapluat.vn/van-ban/Tai-nguyen-Moi-truong/Quyet-dinh-768-QD-TTg-2025-Dieu-chinh-Quy-hoach-phat-trien-dien-luc-quoc-gia-thoi-ky-2021-2030-651977.aspx,,law,2026-09-24,"Type as given: law | Same URL as GT-11, FTG-15, NTS-26, HUB-01",wave3,wave3/geo_macro/geo_macro.md
GEO-27,GEO,GEO_MACRO,"World Nuclear Association. ""Nuclear Power in Vietnam."" Country profile, 2026 update. https://world-nuclear.org/information-library/country-profiles/countries-t-z/vietnam . Accessed 2026-09-24. 2023 generation mix; nuclear restart; Ninh Thuan 1 and 2 status. Type: industry association.",Nuclear Power in Vietnam,World Nuclear Association,2026,https://world-nuclear.org/information-library/country-profiles/countries-t-z/vietnam,,other,2026-09-24,Type as given: industry association,wave3,wave3/geo_macro/geo_macro.md
GEO-28,GEO,GEO_MACRO,"World Nuclear News. ""Vietnam, Russia sign agreement on new nuclear plant."" March 2026. https://www.world-nuclear-news.org/articles/vietnam-russia-intergovernmental-agreement-on-new-nuclear . Accessed 2026-09-24. Agreement of 23 Mar 2026; two VVER-1200; end-2030 target. Type: trade press.","Vietnam, Russia sign agreement on new nuclear plant",World Nuclear News,March 2026,https://www.world-nuclear-news.org/articles/vietnam-russia-intergovernmental-agreement-on-new-nuclear,,press,2026-09-24,Type as given: trade press,wave3,wave3/geo_macro/geo_macro.md
GEO-29,GEO,GEO_MACRO,"Global Energy Monitor. ""Thi Vai LNG Terminal."" GEM.wiki, 2026. https://www.gem.wiki/Thi_Vai_LNG_Terminal . Accessed 2026-09-24. Capacity, first cargo, April 2026 upgrade. Type: NGO database.",Thi Vai LNG Terminal,Global Energy Monitor,2026,https://www.gem.wiki/Thi_Vai_LNG_Terminal,,database,2026-09-24,Type as given: NGO database,wave3,wave3/geo_macro/geo_macro.md
GEO-30,GEO,GEO_MACRO,"Ministry of Industry and Trade. ""Điều chỉnh giá bán lẻ điện bình quân từ ngày 10/5/2025."" May 2025. https://moit.gov.vn/tin-tuc/phat-trien-nang-luong/dieu-chinh-gia-ban-le-dien-binh-quan-tu-ngay-10-5-2025.html . Accessed 2026-09-24. VND 2,204.0655 per kWh; +4.8%; cost reasons. Type: gov.",Điều chỉnh giá bán lẻ điện bình quân từ ngày 10/5/2025,Ministry of Industry and Trade,May 2025,https://moit.gov.vn/tin-tuc/phat-trien-nang-luong/dieu-chinh-gia-ban-le-dien-binh-quan-tu-ngay-10-5-2025.html,,gov/statistics,2026-09-24,Type as given: gov,wave3,wave3/geo_macro/geo_macro.md
GEO-31,GEO,GEO_MACRO,"UN DESA, World Population Prospects 2024, medium variant, via Our World in Data grapher ""population-by-age-group-with-projections"" (filtered CSV for Vietnam). https://ourworldindata.org/grapher/population-by-age-group-with-projections . Accessed 2026-09-24. Age groups 2015 to 2050. Type: statistics (re-published).","UN DESA, World Population Prospects 2024, medium variant, via Our World in Data grapher population-by-age-group-with-projections (filtered CSV for Vietnam)",,2024,https://ourworldindata.org/grapher/population-by-age-group-with-projections,,gov/statistics,2026-09-24,Type as given: statistics (re-published),wave3,wave3/geo_macro/geo_macro.md
GEO-32,GEO,GEO_MACRO,"UN DESA, World Urbanization Prospects, via Our World in Data grapher ""urban-and-rural-population-2050"" (filtered CSV for Vietnam). https://ourworldindata.org/grapher/urban-and-rural-population-2050 . Accessed 2026-09-24. Urban and rural population 2020 to 2050. Type: statistics (re-published).","UN DESA, World Urbanization Prospects, via Our World in Data grapher urban-and-rural-population-2050 (filtered CSV for Vietnam)",,,https://ourworldindata.org/grapher/urban-and-rural-population-2050,,gov/statistics,2026-09-24,Type as given: statistics (re-published),wave3,wave3/geo_macro/geo_macro.md
GEO-33,GEO,GEO_MACRO,"Communist Party of Vietnam portal (daihoidang.vn). ""Các mục tiêu, chỉ tiêu phát triển kinh tế chủ yếu 5 năm 2026-2030."" 23 Feb 2026. https://daihoidang.vn/cac-muc-tieu-chi-tieu-phat-trien-kinh-te-chu-yeu-5-nam-2026-2030-post6969.html . Accessed 2026-09-24. 14th Congress targets: growth 10% or more; GDP per capita about USD 8,500 in 2030. Type: official.","Các mục tiêu, chỉ tiêu phát triển kinh tế chủ yếu 5 năm 2026-2030",Communist Party of Vietnam portal (daihoidang.vn),23 Feb 2026,https://daihoidang.vn/cac-muc-tieu-chi-tieu-phat-trien-kinh-te-chu-yeu-5-nam-2026-2030-post6969.html,,gov/statistics,2026-09-24,Type as given: official,wave3,wave3/geo_macro/geo_macro.md
GEO-34,GEO,GEO_MACRO,"World Bank. ""World Bank Report Outlines Path to High Income for Viet Nam Through Higher Value Trade and Economic Reforms."" Press release, 21 Nov 2024. https://www.worldbank.org/en/news/press-release/2024/11/21/world-bank-report-outlines-path-to-high-income-for-viet-nam-through-higher-value-trade-and-economic-reforms . Accessed 2026-09-24. About 6% per-capita growth needed; half of GDP export-linked. Type: international organisation.",World Bank Report Outlines Path to High Income for Viet Nam Through Higher Value Trade and Economic Reforms,World Bank,21 Nov 2024,https://www.worldbank.org/en/news/press-release/2024/11/21/world-bank-report-outlines-path-to-high-income-for-viet-nam-through-higher-value-trade-and-economic-reforms,,gov/statistics,2026-09-24,Type as given: international organisation,wave3,wave3/geo_macro/geo_macro.md
GEO-35,GEO,GEO_MACRO,"World Bank. ""Viet Nam 2045: Trading Up in a Changing World. Pathways to a High-Income Future."" November 2024. Full text: https://documents1.worldbank.org/curated/en/099111424204523679/txt/P178784-e07719d0-909c-43d9-9b24-81b4dcb14765.txt . Accessed 2026-09-24. ""More than tripling"" income; 6% a year for twenty years. Type: international organisation.",Viet Nam 2045: Trading Up in a Changing World. Pathways to a High-Income Future,World Bank,November 2024,https://documents1.worldbank.org/curated/en/099111424204523679/txt/P178784-e07719d0-909c-43d9-9b24-81b4dcb14765.txt,,gov/statistics,2026-09-24,Type as given: international organisation,wave3,wave3/geo_macro/geo_macro.md
GEO-36,GEO,GEO_MACRO,"National Statistics Office (NSO). ""Thông cáo báo chí một số kết quả chính thức của Tổng điều tra nông thôn, nông nghiệp năm 2025."" April 2026. https://www.nso.gov.vn/tin-tuc-thong-ke/2026/04/thong-cao-bao-chi-mot-so-ket-qua-chinh-thuc-cua-tong-dieu-tra-nong-thon-nong-nghiep-nam-2025/ . Accessed 2026-09-24. Rural households, farm workers, scale shares, farms. Type: gov/statistics.","Thông cáo báo chí một số kết quả chính thức của Tổng điều tra nông thôn, nông nghiệp năm 2025",National Statistics Office (NSO),April 2026,https://www.nso.gov.vn/tin-tuc-thong-ke/2026/04/thong-cao-bao-chi-mot-so-ket-qua-chinh-thuc-cua-tong-dieu-tra-nong-thon-nong-nghiep-nam-2025/,,gov/statistics,2026-09-24,Type as given: gov/statistics,wave3,wave3/geo_macro/geo_macro.md
GEO-37,GEO,GEO_MACRO,"OECD and FAO. Agricultural Outlook 2026-2035, dataflow DSD_AGR@DF_OUTLOOK_2026_2035 (SDMX API), series for BRA, ARG, CHN, USA; soybeans (CPC_0141), maize (CPC_0112), protein meal (CPC_21920). https://sdmx.oecd.org/public/rest/data/OECD.TAD.ATM,DSD_AGR@DF_OUTLOOK_2026_2035,1.1/BRA+ARG+CHN.A.CPC_0141+CPC_0112+CPC_21920.QP+EX+IM..?startPeriod=2025&endPeriod=2035 . Accessed 2026-09-24. Read through a summarising fetch tool; annual sequences are smooth. Type: international model projection.","Agricultural Outlook 2026-2035, dataflow DSD_AGR@DF_OUTLOOK_2026_2035 (SDMX API), series for BRA, ARG, CHN, USA; soybeans (CPC_0141), maize (CPC_0112), protein meal (CPC_21920)",OECD and FAO,,"https://sdmx.oecd.org/public/rest/data/OECD.TAD.ATM,DSD_AGR@DF_OUTLOOK_2026_2035,1.1/BRA+ARG+CHN.A.CPC_0141+CPC_0112+CPC_21920.QP+EX+IM..?startPeriod=2025&endPeriod=2035",,gov/statistics,2026-09-24,Type as given: international model projection,wave3,wave3/geo_macro/geo_macro.md
GEO-38,GEO,GEO_MACRO,"Beccar Varela. ""Reducción de derechos de exportación para el sector agroindustrial: Decreto N° 423/2026."" June 2026. https://beccarvarela.com/novedades/reduccion-de-derechos-de-exportacion-para-el-sector-agroindustrial-decreto-n-423-2026/ . Accessed 2026-09-24. Duty schedule to Dec 2028. Type: law-firm summary of a decree.",Reducción de derechos de exportación para el sector agroindustrial: Decreto N° 423/2026,Beccar Varela,June 2026,https://beccarvarela.com/novedades/reduccion-de-derechos-de-exportacion-para-el-sector-agroindustrial-decreto-n-423-2026/,,other,2026-09-24,Type as given: law-firm summary of a decree,wave3,wave3/geo_macro/geo_macro.md
GEO-39,GEO,GEO_MACRO,"Infobae. ""Argentina raises export duties on soybean oil and flour from 31 to 33."" 19 Mar 2022. https://www.infobae.com/en/2022/03/19/argentina-raises-export-duties-on-soybean-oil-and-flour-from-31-to-33 . Accessed 2026-09-24 (search-result title only). Type: press (Low).",Argentina raises export duties on soybean oil and flour from 31 to 33,Infobae,19 Mar 2022,https://www.infobae.com/en/2022/03/19/argentina-raises-export-duties-on-soybean-oil-and-flour-from-31-to-33,,press,2026-09-24,Type as given: press (Low),wave3,wave3/geo_macro/geo_macro.md
GEO-40,GEO,GEO_MACRO,"Bailey R., Wellesley L. ""Chokepoints and Vulnerabilities in Global Food Trade."" Chatham House, June 2017. https://www.chathamhouse.org/2017/06/chokepoints-and-vulnerabilities-global-food-trade . Accessed 2026-09-24. 14 chokepoints; 54%; Malacca and soy. Related peer-reviewed version: Wellesley et al. 2017, https://doi.org/10.1016/j.rtbm.2017.07.007 . Type: think tank.",Chokepoints and Vulnerabilities in Global Food Trade,"Bailey R., Wellesley L.",June 2017,https://www.chathamhouse.org/2017/06/chokepoints-and-vulnerabilities-global-food-trade,10.1016/j.rtbm.2017.07.007,other,2026-09-24,Type as given: think tank,wave3,wave3/geo_macro/geo_macro.md
GEO-41,GEO,GEO_MACRO,UNCTAD. Review of Maritime Transport 2024. https://doi.org/10.18356/9789211065923 . Accessed 2026-09-24 (abstract via OpenAlex). Suez and Panama vulnerability. Type: international organisation.,Review of Maritime Transport 2024,UNCTAD,2024,https://doi.org/10.18356/9789211065923,10.18356/9789211065923,gov/statistics,2026-09-24,Type as given: international organisation,wave3,wave3/geo_macro/geo_macro.md
GEO-42,GEO,GEO_MACRO,"Mamun A., Laborde D. ""Role of International Price and Domestic Inflation in Triggering Export Restrictions on Food Commodities."" Agricultural Economics 56(6):905 to 923. 2025. https://doi.org/10.1111/agec.70041 . Accessed 2026-09-24 (abstract via Scite). Drivers of export restrictions over four crises. Type: peer-reviewed.",Role of International Price and Domestic Inflation in Triggering Export Restrictions on Food Commodities,"Mamun A., Laborde D.",2025,https://doi.org/10.1111/agec.70041,10.1111/agec.70041,peer-reviewed,2026-09-24,Type as given: peer-reviewed,wave3,wave3/geo_macro/geo_macro.md
GEO-43,GEO,GEO_MACRO,"Meadows A.J., Stephenson N., Madhav N.K., Oppenheim B. ""Historical trends demonstrate a pattern of increasingly frequent and severe spillover events of high-consequence zoonotic viruses."" BMJ Global Health 8(11):e012026. 2023. https://doi.org/10.1136/bmjgh-2023-012026 . Accessed 2026-09-24. +4.98% events and +8.7% deaths a year. Authors at a biotechnology firm. Type: peer-reviewed.",Historical trends demonstrate a pattern of increasingly frequent and severe spillover events of high-consequence zoonotic viruses,"Meadows A.J., Stephenson N., Madhav N.K., Oppenheim B.",2023,https://doi.org/10.1136/bmjgh-2023-012026,10.1136/bmjgh-2023-012026,peer-reviewed,2026-09-24,Type as given: peer-reviewed,wave3,wave3/geo_macro/geo_macro.md
GEO-44,GEO,GEO_MACRO,"Marani M., Katul G.G., Pan W.K., Parolari A.J. ""Intensity and frequency of extreme novel epidemics."" PNAS 118(35). 2021. https://doi.org/10.1073/pnas.2105482118 . Accessed 2026-09-24. Extreme epidemic probability up to threefold. A correction was published in 2023 (https://doi.org/10.1073/pnas.2302169120; not read). Type: peer-reviewed.",Intensity and frequency of extreme novel epidemics,"Marani M., Katul G.G., Pan W.K., Parolari A.J.",2021,https://doi.org/10.1073/pnas.2105482118,10.1073/pnas.2105482118,peer-reviewed,2026-09-24,Type as given: peer-reviewed | Other URLs: https://doi.org/10.1073/pnas.2302169120 | Other DOIs: 10.1073/pnas.2302169120 | Access problem noted in citation,wave3,wave3/geo_macro/geo_macro.md
GEO-45,GEO,GEO_MACRO,"Naja F., Hazim K., Alameddine M.S. ""Food security amid the US Iran war: a food system analysis and a framework for coordinated multilevel action."" Global Food Security 49:100919. 2026. https://doi.org/10.1016/j.gfs.2026.100919 . Accessed 2026-09-24 (title and metadata only; closed access). Type: peer-reviewed (not read).",Food security amid the US Iran war: a food system analysis and a framework for coordinated multilevel action,"Naja F., Hazim K., Alameddine M.S.",2026,https://doi.org/10.1016/j.gfs.2026.100919,10.1016/j.gfs.2026.100919,peer-reviewed,2026-09-24,Type as given: peer-reviewed (not read) | Access problem noted in citation,wave3,wave3/geo_macro/geo_macro.md
GEO-46,GEO,GEO_MACRO,"Amano M., Nguyen T.T.N., Nguyen L.K.H., et al. ""Tiger deaths in Vietnam due to infection with H5N1 highly pathogenic avian influenza virus bearing mutations associated with mammalian host adaptation."" Emerging Microbes and Infections. 2025. https://doi.org/10.1080/22221751.2025.2582252 . Accessed 2026-09-24 (abstract). 47 tigers and 3 leopards, Aug to Oct 2024. Type: peer-reviewed.",Tiger deaths in Vietnam due to infection with H5N1 highly pathogenic avian influenza virus bearing mutations associated with mammalian host adaptation,"Amano M., Nguyen T.T.N., Nguyen L.K.H., et al.",2025,https://doi.org/10.1080/22221751.2025.2582252,10.1080/22221751.2025.2582252,peer-reviewed,2026-09-24,Type as given: peer-reviewed,wave3,wave3/geo_macro/geo_macro.md
GEO-47,GEO,GEO_MACRO,"Nhân Dân. ""Ngành chăn nuôi đứng trước những thách thức về chuyển đổi cơ cấu sản xuất."" 14 Aug 2024. https://nhandan.vn/nganh-chan-nuoi-dung-truoc-nhung-thach-thuc-ve-chuyen-doi-co-cau-san-xuat-post824249.html . Accessed 2026-09-24. Household livestock share falling 5 to 7% a year; pig market shares by owner type. Type: press (official conference).",Ngành chăn nuôi đứng trước những thách thức về chuyển đổi cơ cấu sản xuất,Nhân Dân,14 Aug 2024,https://nhandan.vn/nganh-chan-nuoi-dung-truoc-nhung-thach-thuc-ve-chuyen-doi-co-cau-san-xuat-post824249.html,,press,2026-09-24,Type as given: press (official conference),wave3,wave3/geo_macro/geo_macro.md
GEO-48,GEO,GEO_MACRO,"Tariffstool.com. ""Vietnam Tariff 2026."" 2026. https://www.tariffstool.com/tariffs-from-vietnam . Accessed 2026-09-24. Used only in the disagreements log; claims a 46% rate applied until Feb 2026, contradicted by GEO-02. Type: commercial website (Low).",Vietnam Tariff 2026,Tariffstool.com,2026,https://www.tariffstool.com/tariffs-from-vietnam,,other,2026-09-24,Type as given: commercial website (Low),wave3,wave3/geo_macro/geo_macro.md
ECF-01,ECF,ECON_POLICY,"Vasilakou K., Nimmegeers P., Thomassen G., Billen P., Van Passel S. ""Assessing the future of second-generation bioethanol by 2030: a techno-economic assessment integrating technology learning curves."" Applied Energy 344 (2023) 121263. doi:10.1016/j.apenergy.2023.121263. Accessed 2026-09-24 (full-text excerpts via Scite). Learning rates for US corn (13%) and Brazil sugarcane (19%) ethanol as cited; EIA 10 to 25% assumption. Peer-reviewed.",Assessing the future of second-generation bioethanol by 2030: a techno-economic assessment integrating technology learning curves,"Vasilakou K., Nimmegeers P., Thomassen G., Billen P., Van Passel S.",2023,https://doi.org/10.1016/j.apenergy.2023.121263,10.1016/j.apenergy.2023.121263,peer-reviewed,2026-09-24,Type as given: Peer-reviewed,wave3,wave3/econ_policy/econ_policy.md
ECF-02,ECF,ECON_POLICY,"Chen X., Khanna M., Yeh S. ""Stimulating learning-by-doing in advanced biofuels: effectiveness of alternative policies."" Environmental Research Letters 7 (2012) 045907. doi:10.1088/1748-9326/7/4/045907. Accessed 2026-09-24 (full-text excerpts). Sugarcane ethanol progress ratio 0.80; 40% and 70% cost falls; ex-ante 0.99 and 0.98; rapeseed biodiesel 0.97. Peer-reviewed.",Stimulating learning-by-doing in advanced biofuels: effectiveness of alternative policies,"Chen X., Khanna M., Yeh S.",2012,https://doi.org/10.1088/1748-9326/7/4/045907,10.1088/1748-9326/7/4/045907,peer-reviewed,2026-09-24,Type as given: Peer-reviewed,wave3,wave3/econ_policy/econ_policy.md
ECF-03,ECF,ECON_POLICY,"Hettinga W. et al. ""Understanding the reductions in US corn ethanol production costs: an experience curve approach."" Energy Policy 37(1) (2009) 190 to 203. doi:10.1016/j.enpol.2008.08.002. Accessed 2026-09-24 (metadata only). Primary source for corn ethanol rate. Peer-reviewed.",Understanding the reductions in US corn ethanol production costs: an experience curve approach,Hettinga W. et al.,2009,https://doi.org/10.1016/j.enpol.2008.08.002,10.1016/j.enpol.2008.08.002,peer-reviewed,2026-09-24,Type as given: Peer-reviewed,wave3,wave3/econ_policy/econ_policy.md
ECF-04,ECF,ECON_POLICY,"Lieberman M.B. ""The learning curve and pricing in the chemical processing industries."" RAND Journal of Economics (1984). doi:10.2307/2555676. Accessed 2026-09-24 (abstract). 37 chemical products; learning tied to cumulative output and investment. Peer-reviewed.",The learning curve and pricing in the chemical processing industries,Lieberman M.B.,1984,https://doi.org/10.2307/2555676,10.2307/2555676,peer-reviewed,2026-09-24,Type as given: Peer-reviewed,wave3,wave3/econ_policy/econ_policy.md
ECF-05,ECF,ECON_POLICY,"Way R., Ives M.C., Mealy P., Farmer J.D. ""Empirically grounded technology forecasts and the energy transition."" Joule 6(9) (2022) 2057 to 2082. doi:10.1016/j.joule.2022.08.009. Accessed 2026-09-24 (abstract and excerpts). Near 10% a year cost declines; Li-ion production +30% and cost minus 12% a year, 1995 to 2018. Peer-reviewed.",Empirically grounded technology forecasts and the energy transition,"Way R., Ives M.C., Mealy P., Farmer J.D.",2022,https://doi.org/10.1016/j.joule.2022.08.009,10.1016/j.joule.2022.08.009,peer-reviewed,2026-09-24,Type as given: Peer-reviewed,wave3,wave3/econ_policy/econ_policy.md
ECF-06,ECF,ECON_POLICY,"Sampat B.N. ""Intellectual property rights and pharmaceuticals: the case of antibiotics."" SSRN (2023). doi:10.2139/ssrn.4434179. Accessed 2026-09-24 (excerpts). Penicillin titre 4 to 900 units per ml, 1941 to 1944 (citing Neushul 1993). Working paper.",Intellectual property rights and pharmaceuticals: the case of antibiotics,Sampat B.N.,2023,https://doi.org/10.2139/ssrn.4434179,10.2139/ssrn.4434179,other,2026-09-24,Type as given: Working paper,wave3,wave3/econ_policy/econ_policy.md
ECF-07,ECF,ECON_POLICY,"Malla S. et al. ""A novel efficient L-lysine exporter identified by functional metagenomics."" Frontiers in Microbiology 13 (2022) 855736. doi:10.3389/fmicb.2022.855736. Accessed 2026-09-24 (excerpts). Lysine about 3.0 Mt and USD 5.6 billion (2022, market report cited); titres above 1.2 M. Peer-reviewed (market figure secondary).",A novel efficient L-lysine exporter identified by functional metagenomics,Malla S. et al.,2022,https://doi.org/10.3389/fmicb.2022.855736,10.3389/fmicb.2022.855736,peer-reviewed,2026-09-24,Type as given: Peer-reviewed (market figure secondary),wave3,wave3/econ_policy/econ_policy.md
ECF-08,ECF,ECON_POLICY,"Klein-Marcuschamer D., Oleskowicz-Popiel P., Simmons B.A., Blanch H.W. ""The challenge of enzyme cost in the production of lignocellulosic biofuels."" Biotechnology and Bioengineering (2012). doi:10.1002/bit.24370. Accessed 2026-09-24 (abstract). Enzyme cost higher than assumed. Peer-reviewed.",The challenge of enzyme cost in the production of lignocellulosic biofuels,"Klein-Marcuschamer D., Oleskowicz-Popiel P., Simmons B.A., Blanch H.W.",2012,https://doi.org/10.1002/bit.24370,10.1002/bit.24370,peer-reviewed,2026-09-24,Type as given: Peer-reviewed,wave3,wave3/econ_policy/econ_policy.md
ECF-09,ECF,ECON_POLICY,"OpenAlex query by ECF, run 2026-09-24: works where title/abstract has ((""learning curve"" or ""learning rate"" or ""experience curve"" or ""learning-by-doing"") and (""cultivated meat"" or ""cultured meat"" or ""cell-based meat"" or ""precision fermentation"" or ""single cell protein"" or ""single-cell protein"" or ""microbial protein"" or ""mycoprotein"" or ""alternative protein"" or ""meat analogue"" or ""plant-based meat"")) and year >= 2015. 9 results, none an empirical learning rate. Bibliometric query.","OpenAlex query by ECF, run 2026-09-24",,2026-09-24,,,database,2026-09-24,Type as given: Bibliometric query,wave3,wave3/econ_policy/econ_policy.md
ECF-10,ECF,ECON_POLICY,"Malhotra A., Schmidt T.S. ""Accelerating low-carbon innovation."" Joule 4(11) (2020) 2259 to 2267. doi:10.1016/j.joule.2020.09.004. Accessed 2026-09-24 (excerpts). Complexity and customisation slow learning. Peer-reviewed.",Accelerating low-carbon innovation,"Malhotra A., Schmidt T.S.",2020,https://doi.org/10.1016/j.joule.2020.09.004,10.1016/j.joule.2020.09.004,peer-reviewed,2026-09-24,Type as given: Peer-reviewed,wave3,wave3/econ_policy/econ_policy.md
ECF-11,ECF,ECON_POLICY,"Wilson C., Grubler A., Bento N. et al. ""Granular technologies to accelerate decarbonization."" Science 368 (2020) 36 to 39. doi:10.1126/science.aaz8060. Accessed 2026-09-24 (abstract). Granular technologies learn faster. Peer-reviewed.",Granular technologies to accelerate decarbonization,"Wilson C., Grubler A., Bento N. et al.",2020,https://doi.org/10.1126/science.aaz8060,10.1126/science.aaz8060,peer-reviewed,2026-09-24,Type as given: Peer-reviewed,wave3,wave3/econ_policy/econ_policy.md
ECF-12,ECF,ECON_POLICY,"Người Quan Sát. ""Thị trường tín chỉ carbon lộ diện, doanh nghiệp phát thải lớn đứng trước 'bài toán chi phí mới'."" 10 Feb 2026. https://nguoiquansat.vn/thi-truong-tin-chi-carbon-lo-dien-doanh-nghiep-phat-thai-lon-dung-truoc-bai-toan-chi-phi-moi-273699.html. Accessed 2026-09-24. Quota approval 9 Feb 2026; 110 facilities; 243 and 268 Mt; pilot trading end-2026 to 2028. Press.","Thị trường tín chỉ carbon lộ diện, doanh nghiệp phát thải lớn đứng trước 'bài toán chi phí mới'",Người Quan Sát,10 Feb 2026,https://nguoiquansat.vn/thi-truong-tin-chi-carbon-lo-dien-doanh-nghiep-phat-thai-lon-dung-truoc-bai-toan-chi-phi-moi-273699.html,,press,2026-09-24,Type as given: Press,wave3,wave3/econ_policy/econ_policy.md
ECF-13,ECF,ECON_POLICY,"Ministry of Agriculture and Environment (MAE). News item on carbon market readiness, 10 Apr 2026. https://mae.gov.vn/SMPT_Publishing_UC/KhaiThac/TinTuc/pInTinTuc.aspx?ItemID=21376 . Accessed 2026-09-24. Decree 29/2026/ND-CP; Decision 263/QD-TTg; offsets up to 30%; surrender by 31 Dec 2027; trading at HNX expected Q2 2026. Government.",News item on carbon market readiness,Ministry of Agriculture and Environment (MAE),10 Apr 2026,https://mae.gov.vn/SMPT_Publishing_UC/KhaiThac/TinTuc/pInTinTuc.aspx?ItemID=21376,,gov/statistics,2026-09-24,Type as given: Government,wave3,wave3/econ_policy/econ_policy.md
ECF-14,ECF,ECON_POLICY,"ICAP. ""Emissions Trading Worldwide: ICAP Status Report 2026."" April 2026. https://icapcarbonaction.com/en/publications/emissions-trading-worldwide-icap-status-report-2026 . Accessed 2026-09-24. 41 ETSs, 26% of emissions; Japan, India, Vietnam launching 2026. Research organisation.",Emissions Trading Worldwide: ICAP Status Report 2026,ICAP,April 2026,https://icapcarbonaction.com/en/publications/emissions-trading-worldwide-icap-status-report-2026,,other,2026-09-24,Type as given: Research organisation,wave3,wave3/econ_policy/econ_policy.md
ECF-15,ECF,ECON_POLICY,"ICAP. ""EU Emissions Trading System (EU ETS)"" factsheet. https://icapcarbonaction.com/en/ets/eu-emissions-trading-system-eu-ets . Accessed 2026-09-24. 2025 average prices; ETS2 delay; CBAM definitive stage 2026. Research organisation.",EU Emissions Trading System (EU ETS),ICAP,,https://icapcarbonaction.com/en/ets/eu-emissions-trading-system-eu-ets,,other,2026-09-24,Type as given: Research organisation,wave3,wave3/econ_policy/econ_policy.md
ECF-16,ECF,ECON_POLICY,"ICAP. ""China National ETS"" factsheet. https://icapcarbonaction.com/en/ets/china-national-ets . Accessed 2026-09-24. 2025 average CNY 70.78; sector expansion; absolute-cap roadmap. Research organisation.",China National ETS,ICAP,,https://icapcarbonaction.com/en/ets/china-national-ets,,other,2026-09-24,Type as given: Research organisation,wave3,wave3/econ_policy/econ_policy.md
ECF-17,ECF,ECON_POLICY,"ICAP. ""Korea Emissions Trading System (K-ETS)"" factsheet. https://icapcarbonaction.com/en/ets/korea-emissions-trading-system-k-ets . Accessed 2026-09-24. 2025 prices; phase 4 auctioning. Research organisation.",Korea Emissions Trading System (K-ETS),ICAP,,https://icapcarbonaction.com/en/ets/korea-emissions-trading-system-k-ets,,other,2026-09-24,Type as given: Research organisation,wave3,wave3/econ_policy/econ_policy.md
ECF-18,ECF,ECON_POLICY,"ICAP. ""Japan transitions its GX-ETS to the mandatory phase."" 2026. https://icapcarbonaction.com/en/news/japan-transitions-its-gx-ets-mandatory-phase . Accessed 2026-09-24. Start 1 Apr 2026; FY2027 ceiling and floor. Research organisation.",Japan transitions its GX-ETS to the mandatory phase,ICAP,2026,https://icapcarbonaction.com/en/news/japan-transitions-its-gx-ets-mandatory-phase,,other,2026-09-24,Type as given: Research organisation,wave3,wave3/econ_policy/econ_policy.md
ECF-19,ECF,ECON_POLICY,"National Climate Change Secretariat, Singapore. ""Carbon Tax."" https://www.nccs.gov.sg/singapores-climate-action/mitigation-efforts/carbontax/ . Accessed 2026-09-24. S$5, S$25, S$45, S$50 to 80 by 2030; 5% credit limit. Government.",Carbon Tax,"National Climate Change Secretariat, Singapore",,https://www.nccs.gov.sg/singapores-climate-action/mitigation-efforts/carbontax/,,gov/statistics,2026-09-24,Type as given: Government,wave3,wave3/econ_policy/econ_policy.md
ECF-20,ECF,ECON_POLICY,"World Bank. ""State and Trends of Carbon Pricing 2024"" (openknowledge bitstream) and ""State and Trends of Carbon Pricing 2026"" landing page. https://openknowledge.worldbank.org/server/api/core/bitstreams/d14ff4b1-823f-4d70-927c-456449772089/content ; https://www.worldbank.org/en/publication/state-and-trends-of-carbon-pricing . Accessed 2026-09-24. 2030 corridors USD 63 to 127 and 226 to 385; 2026 coverage nearly 30%; revenue over USD 107 billion (2025). Multilateral.",State and Trends of Carbon Pricing 2024,World Bank,2024,https://openknowledge.worldbank.org/server/api/core/bitstreams/d14ff4b1-823f-4d70-927c-456449772089/content,,gov/statistics,2026-09-24,Type as given: Multilateral | Other URLs: https://www.worldbank.org/en/publication/state-and-trends-of-carbon-pricing,wave3,wave3/econ_policy/econ_policy.md
ECF-21,ECF,ECON_POLICY,"Dalgaard R. et al. ""LCA of soybean meal."" International Journal of Life Cycle Assessment 13 (2008). doi:10.1065/lca2007.06.342. Value 0.721 kg CO2e per kg (Argentina, no LUC) as cited in ECF-22; not read directly. Peer-reviewed.",LCA of soybean meal,Dalgaard R. et al.,2008,https://doi.org/10.1065/lca2007.06.342,10.1065/lca2007.06.342,peer-reviewed,2026-09-24,Type as given: Peer-reviewed | Access problem noted in citation,wave3,wave3/econ_policy/econ_policy.md
ECF-22,ECF,ECON_POLICY,"Wilke V., Gickel J., Visscher C. ""Monitoring of performance-based environmental impacts of substituting soybean meal with rapeseed meal in the rye-based diet of weaned pigs."" Sustainability 15(3) (2023) 2210. doi:10.3390/su15032210. Accessed 2026-09-24 (full-text excerpts). SBM 4.42 kg CO2e per kg; GFLI 2022 Argentina 4.087; Dalgaard 0.721. Peer-reviewed.",Monitoring of performance-based environmental impacts of substituting soybean meal with rapeseed meal in the rye-based diet of weaned pigs,"Wilke V., Gickel J., Visscher C.",2023,https://doi.org/10.3390/su15032210,10.3390/su15032210,peer-reviewed,2026-09-24,Type as given: Peer-reviewed,wave3,wave3/econ_policy/econ_policy.md
ECF-23,ECF,ECON_POLICY,"Escobar N., Tizado E.J., zu Ermgassen E.K.H.J., Löfgren P., Börner J., Godar J. ""Spatially-explicit footprints of agricultural commodities: mapping carbon emissions embodied in Brazil's soy exports."" Global Environmental Change 62 (2020) 102067. doi:10.1016/j.gloenvcha.2020.102067. Accessed 2026-09-24 (publisher page). 0.69 t per t average; China 0.67, EU 0.77; Cerrado 1.00; Matopiba up to six times. Peer-reviewed.",Spatially-explicit footprints of agricultural commodities: mapping carbon emissions embodied in Brazil's soy exports,"Escobar N., Tizado E.J., zu Ermgassen E.K.H.J., Löfgren P., Börner J., Godar J.",2020,https://doi.org/10.1016/j.gloenvcha.2020.102067,10.1016/j.gloenvcha.2020.102067,peer-reviewed,2026-09-24,Type as given: Peer-reviewed,wave3,wave3/econ_policy/econ_policy.md
ECF-24,ECF,ECON_POLICY,"Deville A., Vázquez-Rowe I., Avadí A., Miranda F., Kahhat R.F. ""Identifying current trends in the environmental impacts linked to fishmeal and fish oil production in Peru."" Aquaculture 600 (2025) 742239. doi:10.1016/j.aquaculture.2025.742239. Accessed 2026-09-24 (publisher page). About 320 kg CO2e per t fishmeal; 239 kg transport to China. Peer-reviewed.",Identifying current trends in the environmental impacts linked to fishmeal and fish oil production in Peru,"Deville A., Vázquez-Rowe I., Avadí A., Miranda F., Kahhat R.F.",2025,https://doi.org/10.1016/j.aquaculture.2025.742239,10.1016/j.aquaculture.2025.742239,peer-reviewed,2026-09-24,Type as given: Peer-reviewed,wave3,wave3/econ_policy/econ_policy.md
ECF-25,ECF,ECON_POLICY,"Lansche J., Awiszus S., Latif S., Müller J. ""Potential of biogas production from processing residues to reduce environmental impacts from cassava starch and crisp production: a case study from Malaysia."" Applied Sciences 10(8) (2020) 2975. doi:10.3390/app10082975. Accessed 2026-09-24 (excerpts). Cites Thai cassava starch at about 600 and 609 to 966 kg CO2e per t. Peer-reviewed.",Potential of biogas production from processing residues to reduce environmental impacts from cassava starch and crisp production: a case study from Malaysia,"Lansche J., Awiszus S., Latif S., Müller J.",2020,https://doi.org/10.3390/app10082975,10.3390/app10082975,peer-reviewed,2026-09-24,Type as given: Peer-reviewed,wave3,wave3/econ_policy/econ_policy.md
ECF-26,ECF,ECON_POLICY,"Tran T. et al. ""A comparison of energy use, water use and carbon footprint of cassava starch production in Thailand, Vietnam and Colombia."" Resources, Conservation and Recycling 100 (2015) 31 to 40. doi:10.1016/j.resconrec.2015.04.007. 93 to 539 kg CO2e per t starch, processing only, as cited in ECF-25; paper closed access. Peer-reviewed.","A comparison of energy use, water use and carbon footprint of cassava starch production in Thailand, Vietnam and Colombia",Tran T. et al.,2015,https://doi.org/10.1016/j.resconrec.2015.04.007,10.1016/j.resconrec.2015.04.007,peer-reviewed,2026-09-24,Type as given: Peer-reviewed | Access problem noted in citation,wave3,wave3/econ_policy/econ_policy.md
ECF-27,ECF,ECON_POLICY,"WebSearch of carbon-credit methodologies for protein substitution (Verra, Gold Standard, trade press), 2026-09-24; Verra home page https://verra.org/ . No approved methodology found. Search record.","WebSearch of carbon-credit methodologies for protein substitution (Verra, Gold Standard, trade press), 2026-09-24; Verra home page",,2026-09-24,https://verra.org/,,database,2026-09-24,Type as given: Search record,wave3,wave3/econ_policy/econ_policy.md
ECF-28,ECF,ECON_POLICY,"Climate Bonds Initiative. ""Alternative Proteins"" sector criteria page. https://www.climatebonds.net/our-expertise/climate-bonds-standard-and-certification-scheme/sector-criteria/alternative-proteins . Accessed 2026-09-24. Consultation 9 Dec 2024 to 7 Feb 2025; launched. Standard-setter.",Alternative Proteins,Climate Bonds Initiative,,https://www.climatebonds.net/our-expertise/climate-bonds-standard-and-certification-scheme/sector-criteria/alternative-proteins,,other,2026-09-24,Type as given: Standard-setter,wave3,wave3/econ_policy/econ_policy.md
ECF-29,ECF,ECON_POLICY,"Gov.cn. ""China to nurture emerging, future industries."" 5 Mar 2026. https://english.www.gov.cn/2026special/2026npcandcpcc/202603/05/content_WS69a8eea9c6d00ca5f9a09891.html . Accessed 2026-09-24. Biomanufacturing a future industry in the 15th Five-Year Plan period. Government.","China to nurture emerging, future industries",Gov.cn,5 Mar 2026,https://english.www.gov.cn/2026special/2026npcandcpcc/202603/05/content_WS69a8eea9c6d00ca5f9a09891.html,,gov/statistics,2026-09-24,Type as given: Government,wave3,wave3/econ_policy/econ_policy.md
ECF-30,ECF,ECON_POLICY,"China Briefing (Dezan Shira). ""China's biomanufacturing industry: growth drivers and opportunities."" 2 Jan 2026. https://www.china-briefing.com/news/chinas-biomanufacturing-industry-opportunities/ . Accessed 2026-09-24. MIIT dedicated plan; RMB 1.1 trillion market; over 70% of world fermentation output (claim); RMB 30 billion a year investment. Consultancy/press.",China's biomanufacturing industry: growth drivers and opportunities,China Briefing (Dezan Shira),2 Jan 2026,https://www.china-briefing.com/news/chinas-biomanufacturing-industry-opportunities/,,press,2026-09-24,Type as given: Consultancy/press,wave3,wave3/econ_policy/econ_policy.md
ECF-31,ECF,ECON_POLICY,"Press Information Bureau, Government of India (Ministry of Science and Technology). ""India: A Global Bioeconomy Powerhouse."" 5 Sep 2025. https://static.pib.gov.in/WriteReadData/specificdocs/documents/2025/sep/doc202595628601.pdf . Accessed 2026-09-24. USD 165.7 bn (2024), USD 300 bn (2030), smart proteins, 21 BioEnablers. Government.",India: A Global Bioeconomy Powerhouse,"Press Information Bureau, Government of India (Ministry of Science and Technology)",5 Sep 2025,https://static.pib.gov.in/WriteReadData/specificdocs/documents/2025/sep/doc202595628601.pdf,,gov/statistics,2026-09-24,Type as given: Government,wave3,wave3/econ_policy/econ_policy.md
ECF-32,ECF,ECON_POLICY,"Cabinet Office, Japan. ""Bioeconomy Strategy."" 3 Jun 2024. https://www8.cao.go.jp/cstp/english/bio/bio_economy_en.pdf . Accessed 2026-09-24. JPY 100 trillion; biomanufacturing JPY 53.3 trillion; JPY 3 trillion a year investment by 2030. Government.",Bioeconomy Strategy,"Cabinet Office, Japan",3 Jun 2024,https://www8.cao.go.jp/cstp/english/bio/bio_economy_en.pdf,,gov/statistics,2026-09-24,Type as given: Government,wave3,wave3/econ_policy/econ_policy.md
ECF-33,ECF,ECON_POLICY,"Korea Biomedical Review. ""Korea passes world's 1st synthetic bio law."" 3 Apr 2025. https://www.koreabiomed.com/news/articleView.html?idxno=27162 . Accessed 2026-09-24. Vote 2 Apr 2025; one-year grace; biofoundries. Press.",Korea passes world's 1st synthetic bio law,Korea Biomedical Review,3 Apr 2025,https://www.koreabiomed.com/news/articleView.html?idxno=27162,,press,2026-09-24,Type as given: Press,wave3,wave3/econ_policy/econ_policy.md
ECF-34,ECF,ECON_POLICY,"BioSpectrum Asia. ""The rise of K-biotech."" 1 May 2025. https://www.biospectrumasia.com/analysis/26/25968/the-rise-of-k-biotech.html . Accessed 2026-09-24. Biotech output USD 43 bn to 149 bn (2035); 150,000 jobs by 2027. Press.",The rise of K-biotech,BioSpectrum Asia,1 May 2025,https://www.biospectrumasia.com/analysis/26/25968/the-rise-of-k-biotech.html,,press,2026-09-24,Type as given: Press,wave3,wave3/econ_policy/econ_policy.md
ECF-35,ECF,ECON_POLICY,"EuropaBio and partners. ""Joint statement on regulatory sandboxes under the Biotech Act I and the exclusion of novel foods."" 30 Mar 2026. https://www.europabio.org/joint-statement-on-regulatory-sandboxes-under-the-biotech-act-i-and-the-exclusion-of-novel-foods/ . Accessed 2026-09-24. Proposal 16 Dec 2025; Art. 56(7) excludes novel foods. Industry association.",Joint statement on regulatory sandboxes under the Biotech Act I and the exclusion of novel foods,EuropaBio and partners,30 Mar 2026,https://www.europabio.org/joint-statement-on-regulatory-sandboxes-under-the-biotech-act-i-and-the-exclusion-of-novel-foods/,,other,2026-09-24,Type as given: Industry association,wave3,wave3/econ_policy/econ_policy.md
ECF-36,ECF,ECON_POLICY,"AGRINFO. ""Biotech Act: strengthening the biotechnology sector."" https://agrinfo.eu/book-of-reports/biotech-act-strengthening-the-biotechnology-sector/ . Accessed 2026-09-24. COM(2025)1022; Biotech Act II in preparation. EU-funded information platform.",Biotech Act: strengthening the biotechnology sector,AGRINFO,,https://agrinfo.eu/book-of-reports/biotech-act-strengthening-the-biotechnology-sector/,,other,2026-09-24,Type as given: EU-funded information platform,wave3,wave3/econ_policy/econ_policy.md
ECF-37,ECF,ECON_POLICY,"Singapore Economic Development Board. ""Singapore invests S$37 billion in RIE2030 research plan."" December 2025. https://www.edb.gov.sg/en/business-insights/insights/singapore-invests-s37-billion-in-rie2030-research-plan-semiconductors-ageing-among-focus-areas.html . Accessed 2026-09-24. Government agency.",Singapore invests S$37 billion in RIE2030 research plan,Singapore Economic Development Board,December 2025,https://www.edb.gov.sg/en/business-insights/insights/singapore-invests-s37-billion-in-rie2030-research-plan-semiconductors-ageing-among-focus-areas.html,,gov/statistics,2026-09-24,Type as given: Government agency,wave3,wave3/econ_policy/econ_policy.md
ECF-38,ECF,ECON_POLICY,"Climate Policy Initiative. ""New data reveals global agrifood systems receive only 7% of total climate investment."" 14 May 2025. https://www.climatepolicyinitiative.org/press-release/new-data-reveals-global-agrifood-systems-receive-only-7-of-total-climate-investment/ . Accessed 2026-09-24. USD 95 bn (2021/22); USD 1.1 trillion a year needed by 2030. Research organisation.",New data reveals global agrifood systems receive only 7% of total climate investment,Climate Policy Initiative,14 May 2025,https://www.climatepolicyinitiative.org/press-release/new-data-reveals-global-agrifood-systems-receive-only-7-of-total-climate-investment/,,other,2026-09-24,Type as given: Research organisation,wave3,wave3/econ_policy/econ_policy.md
ECF-39,ECF,ECON_POLICY,"Ministry of Science and Technology (MOST) portal. ""Phát triển công nghệ sinh học: Bài toán nhân lực từ 'điểm nghẽn' đến động lực đột phá."" 6 Apr 2026. https://mst.gov.vn/phat-trien-cong-nghe-sinh-hoc-bai-toan-nhan-luc-tu-diem-nghen-den-dong-luc-dot-pha-197260406145346873.htm . Accessed 2026-09-24. Biotech workforce bottlenecks. Government.",Phát triển công nghệ sinh học: Bài toán nhân lực từ 'điểm nghẽn' đến động lực đột phá,Ministry of Science and Technology (MOST) portal,6 Apr 2026,https://mst.gov.vn/phat-trien-cong-nghe-sinh-hoc-bai-toan-nhan-luc-tu-diem-nghen-den-dong-luc-dot-pha-197260406145346873.htm,,gov/statistics,2026-09-24,Type as given: Government,wave3,wave3/econ_policy/econ_policy.md
ECF-40,ECF,ECON_POLICY,"Báo Công Thương. ""Phê duyệt Đề án phát triển công nghiệp sinh học thành ngành kinh tế - kỹ thuật."" 10 Jun 2026. https://congthuong.vn/phe-duyet-de-an-phat-trien-cong-nghiep-sinh-hoc-thanh-nganh-kinh-te-ky-thuat-460716.html . Accessed 2026-09-24. Decision 1355/QD-BCT (5 Jun 2026) targets. Ministry newspaper.",Phê duyệt Đề án phát triển công nghiệp sinh học thành ngành kinh tế - kỹ thuật,Báo Công Thương,10 Jun 2026,https://congthuong.vn/phe-duyet-de-an-phat-trien-cong-nghiep-sinh-hoc-thanh-nganh-kinh-te-ky-thuat-460716.html,,press,2026-09-24,Type as given: Ministry newspaper,wave3,wave3/econ_policy/econ_policy.md
ECF-41,ECF,ECON_POLICY,"Quyết định 1002/QĐ-TTg năm 2025 phê duyệt Đề án đào tạo nguồn nhân lực phục vụ phát triển công nghệ cao giai đoạn 2025 đến 2035, định hướng đến năm 2045. Prime Minister, 24 May 2025. https://thuvienphapluat.vn/van-ban/Lao-dong-Tien-luong/Quyet-dinh-1002-QD-TTg-2025-De-an-dao-tao-nguon-nhan-luc-phuc-vu-phat-trien-cong-nghe-cao-658181.aspx . Accessed 2026-09-24 (found via thuvienphapluat site search). Biotech graduate targets. Law.","Quyết định 1002/QĐ-TTg năm 2025 phê duyệt Đề án đào tạo nguồn nhân lực phục vụ phát triển công nghệ cao giai đoạn 2025 đến 2035, định hướng đến năm 2045",Prime Minister,24 May 2025,https://thuvienphapluat.vn/van-ban/Lao-dong-Tien-luong/Quyet-dinh-1002-QD-TTg-2025-De-an-dao-tao-nguon-nhan-luc-phuc-vu-phat-trien-cong-nghe-cao-658181.aspx,,law,2026-09-24,Type as given: Law,wave3,wave3/econ_policy/econ_policy.md
ECF-42,ECF,ECON_POLICY,"Federation of American Scientists. ""Translating vision into action: the NSCEB final report and the future of US biotechnology."" 2025. https://fas.org/publication/translating-vision-into-action-nsceb-final-report/ . Accessed 2026-09-24. USD 15 billion recommendation; USD 210 billion GDP and 640,000 jobs; agriculture limited attention. Think tank.",Translating vision into action: the NSCEB final report and the future of US biotechnology,Federation of American Scientists,2025,https://fas.org/publication/translating-vision-into-action-nsceb-final-report/,,other,2026-09-24,Type as given: Think tank,wave3,wave3/econ_policy/econ_policy.md
ECF-43,ECF,ECON_POLICY,"Good Food Institute. ""2026 State of Global Policy: public investment in protein diversification."" April 2026. https://gfi-apac.org/wp-content/uploads/2026/04/GFI25009_SO_Policy_report.pdf . Accessed 2026-09-24. Public investment by country; USD 2.5 bn cumulative; China, US, Korea, Thailand figures. Advocacy.",2026 State of Global Policy: public investment in protein diversification,Good Food Institute,April 2026,https://gfi-apac.org/wp-content/uploads/2026/04/GFI25009_SO_Policy_report.pdf,,advocacy,2026-09-24,Type as given: Advocacy | Same URL as VIS-06,wave3,wave3/econ_policy/econ_policy.md
ECF-44,ECF,ECON_POLICY,"Good Food Institute. ""Alternative protein investment"" data page (Net Zero Insights data). Updated August 2026. https://gfi.org/investment/ . Accessed 2026-09-24. 2025 and H1 2026 totals; over USD 19.5 bn since 2017. Advocacy (data).",Alternative protein investment,Good Food Institute,August 2026,https://gfi.org/investment/,,advocacy,2026-09-24,Type as given: Advocacy (data) | Same URL as CAP-51,wave3,wave3/econ_policy/econ_policy.md
ECF-45,ECF,ECON_POLICY,"BCG Economy Model (Thailand). ""Background."" https://www.bcg.in.th/eng/background/ . Accessed 2026-09-24. Four strategic sectors; no numeric targets on page. Government programme site.",Background,BCG Economy Model (Thailand),,https://www.bcg.in.th/eng/background/,,gov/statistics,2026-09-24,Type as given: Government programme site,wave3,wave3/econ_policy/econ_policy.md
ECF-46,ECF,ECON_POLICY,"RAND Corporation. Merrow E.W., Phillips K.E., Myers C.W. ""Understanding cost growth and performance shortfalls in pioneer process plants."" R-2569-DOE, 1981. https://www.rand.org/pubs/reports/R2569.html . Accessed 2026-09-24 (abstract only). Lead for first-of-a-kind overruns. Research report.",Understanding cost growth and performance shortfalls in pioneer process plants,RAND Corporation,1981,https://www.rand.org/pubs/reports/R2569.html,,other,2026-09-24,Type as given: Research report,wave3,wave3/econ_policy/econ_policy.md
HSC-01,HSC,HORIZON_SCAN,"OpenAlex works API, queried through the OpenAlex MCP connector (no personal identifiers sent). Own queries run 2026-09-24; every query string and canonical OQL is stored in biblio_trends_frontier.csv and vn_research_profile.csv; reproduce via https://api.openalex.org/?oql=... Individual Vietnamese works cited by DOI in section 1 were identified through these queries. Type: bibliometric data (own analysis).","OpenAlex works API, queried through the OpenAlex MCP connector (no personal identifiers sent)",,2026-09-24,https://api.openalex.org/?oql=,,database,2026-09-24,Type as given: bibliometric data (own analysis),wave3,wave3/horizon_scan/horizon_scan.md
HSC-02,HSC,HORIZON_SCAN,"GFI Europe. ""State of the European Alternative Protein R&I Ecosystem 2015-2024"" (research ecosystem and patent landscape analysis). February 2025. https://gfieurope.org/wp-content/uploads/2025/02/GFI-Europe_Research-Ecosystem-Patent-Landscape-Analysis_2025_FINAL.pdf . Not read in full; figures via HSC-03. Type: advocacy.",State of the European Alternative Protein R&I Ecosystem 2015-2024,GFI Europe,February 2025,https://gfieurope.org/wp-content/uploads/2025/02/GFI-Europe_Research-Ecosystem-Patent-Landscape-Analysis_2025_FINAL.pdf,,advocacy,2026-09-24,Type as given: advocacy | Access problem noted in citation,wave3,wave3/horizon_scan/horizon_scan.md
HSC-03,HSC,HORIZON_SCAN,"FoodNavigator. ""Alternative protein patents up 960% in ten years."" 11 March 2025. https://www.foodnavigator.com/Article/2025/03/11/alternative-protein-patents-up-960-in-ten-years/ . European patent counts by country. Type: trade press.",Alternative protein patents up 960% in ten years,FoodNavigator,11 March 2025,https://www.foodnavigator.com/Article/2025/03/11/alternative-protein-patents-up-960-in-ten-years/,,press,2026-09-24,Type as given: trade press,wave3,wave3/horizon_scan/horizon_scan.md
HSC-04,HSC,HORIZON_SCAN,"FoodNavigator. ""Alternative protein patents decline."" 19 November 2025. https://www.foodnavigator.com/Article/2025/11/19/alternative-protein-patents-decline/ . Appleyard Lees analysis of 2022 peak and 2023 fall. Type: trade press.",Alternative protein patents decline,FoodNavigator,19 November 2025,https://www.foodnavigator.com/Article/2025/11/19/alternative-protein-patents-decline/,,press,2026-09-24,Type as given: trade press,wave3,wave3/horizon_scan/horizon_scan.md
HSC-05,HSC,HORIZON_SCAN,"UnitedLex. ""From Lab to Table: Intellectual Property Trends in Alternative Proteins."" 13 June 2024. https://unitedlex.com/insights/from-lab-to-table-intellectual-property-trends-in-alternative-proteins/ . Filing geography. Type: company (legal services). Market-size figures in it are not used.",From Lab to Table: Intellectual Property Trends in Alternative Proteins,UnitedLex,13 June 2024,https://unitedlex.com/insights/from-lab-to-table-intellectual-property-trends-in-alternative-proteins/,,company,2026-09-24,Type as given: company (legal services),wave3,wave3/horizon_scan/horizon_scan.md
HSC-06,HSC,HORIZON_SCAN,"US patent application US 2020/0109428 A1, ""Process for producing high protein biomass from starch-containing cereal materials by yeast strains"", application US 16/593,544, filed 4 October 2019, published 9 April 2020; Scite patent family 70053231. https://image-ppubs.uspto.gov/dirsearch-public/print/downloadPdf/20200109428 . Type: patent (application).",Process for producing high protein biomass from starch-containing cereal materials by yeast strains,US patent application US 2020/0109428 A1,9 April 2020,https://image-ppubs.uspto.gov/dirsearch-public/print/downloadPdf/20200109428,,other,2026-09-24,Type as given: patent (application),wave3,wave3/horizon_scan/horizon_scan.md
HSC-07,HSC,HORIZON_SCAN,"VISTA portal, National Agency for Science and Technology Information (NASATI). ""Nghiên cứu sản xuất sinh khối nấm men giàu protein bằng công nghệ lên men các nguyên liệu giàu bột đường."" 7 October 2021. https://vista.gov.vn/news/ket-qua-nghien-cuu-trien-khai/nghien-cuu-san-xuat-sinh-khoi-nam-men-giau-protein-bang-cong-nghe-len-men-cac-nguyen-lieu-giau-bot-duong-4085.html . Read in the browser after WebFetch failed on a certificate error. Thai Duong Feed JSC project 2016 to 2019, report 16724/2019. Type: gov.",Nghiên cứu sản xuất sinh khối nấm men giàu protein bằng công nghệ lên men các nguyên liệu giàu bột đường,"VISTA portal, National Agency for Science and Technology Information (NASATI)",7 October 2021,https://vista.gov.vn/news/ket-qua-nghien-cuu-trien-khai/nghien-cuu-san-xuat-sinh-khoi-nam-men-giau-protein-bang-cong-nghe-len-men-cac-nguyen-lieu-giau-bot-duong-4085.html,,gov/statistics,2026-09-24,Type as given: gov | Access problem noted in citation,wave3,wave3/horizon_scan/horizon_scan.md
HSC-08,HSC,HORIZON_SCAN,"FoodNavigator. ""Cultivated meat's casualties: who is failing and why?"" 22 January 2026. https://www.foodnavigator.com/Article/2026/01/22/cultivated-meat-who-is-ceasing-operations-and-why/ . Closures and mergers. Type: trade press.",Cultivated meat's casualties: who is failing and why?,FoodNavigator,22 January 2026,https://www.foodnavigator.com/Article/2026/01/22/cultivated-meat-who-is-ceasing-operations-and-why/,,press,2026-09-24,Type as given: trade press,wave3,wave3/horizon_scan/horizon_scan.md
HSC-09,HSC,HORIZON_SCAN,"Substack newsletter (nicholasdahlapg). ""20 Alternative Protein M&A: Q1 2026 & 2H 2025."" 24 April 2026. https://nicholasdahlapg.substack.com/p/20-alternative-protein-m-and-a-q1 . Deal list. Type: blog (secondary; Low).",20 Alternative Protein M&A: Q1 2026 & 2H 2025,Substack newsletter (nicholasdahlapg),24 April 2026,https://nicholasdahlapg.substack.com/p/20-alternative-protein-m-and-a-q1,,other,2026-09-24,Type as given: blog (secondary; Low),wave3,wave3/horizon_scan/horizon_scan.md
HSC-10,HSC,HORIZON_SCAN,"Green Queen. ""Alternative Protein Funding Down by 20% in 2025, Falling Below $1B for First Time in 7 Years."" 17 February 2026. https://www.greenqueen.com.hk/alternative-protein-funding-q4-2025-plant-based-investment/ . GFI analysis of Net Zero Insights data. Type: trade press.","Alternative Protein Funding Down by 20% in 2025, Falling Below $1B for First Time in 7 Years",Green Queen,17 February 2026,https://www.greenqueen.com.hk/alternative-protein-funding-q4-2025-plant-based-investment/,,press,2026-09-24,Type as given: trade press,wave3,wave3/horizon_scan/horizon_scan.md
HSC-11,HSC,HORIZON_SCAN,"Keller and Heckman. ""Year of the Snake, Year of the Horse: China's Food Law 2025 Year-in-Review and 2026 Outlook."" Early 2026. https://www.khlaw.com/insights/year-snake-year-horse-chinas-food-law-year-review-2025 . NHC approvals and pending reviews. Type: law firm.","Year of the Snake, Year of the Horse: China's Food Law 2025 Year-in-Review and 2026 Outlook",Keller and Heckman,2026,https://www.khlaw.com/insights/year-snake-year-horse-chinas-food-law-year-review-2025,,other,2026-09-24,Type as given: law firm,wave3,wave3/horizon_scan/horizon_scan.md
HSC-12,HSC,HORIZON_SCAN,"vegconomist. ""Approvals"" news category (items dated 28 October 2025, 17 April 2026, 4 June 2026, 4 August 2026). https://vegconomist.com/category/cultivated-cell-cultured-biotechnology/approvals/ . Singapore approvals; Japan draft guidelines. Type: trade press.","Approvals news category (items dated 28 October 2025, 17 April 2026, 4 June 2026, 4 August 2026)",vegconomist,28 October 2025,https://vegconomist.com/category/cultivated-cell-cultured-biotechnology/approvals/,,press,2026-09-24,Type as given: trade press,wave3,wave3/horizon_scan/horizon_scan.md
HSC-13,HSC,HORIZON_SCAN,"GFI APAC. ""China repurposing pharma mega-factories to make novel foods, GFI report reveals"" (China Biomanufacturing Study Report). About July 2026 (page image dated 23 July 2026). https://gfi-apac.org/china-repurposing-pharma-mega-factories-to-make-novel-foods-gfi-report-reveals/ . Chinese capacity and build cost. Type: advocacy.","China repurposing pharma mega-factories to make novel foods, GFI report reveals",GFI APAC,23 July 2026,https://gfi-apac.org/china-repurposing-pharma-mega-factories-to-make-novel-foods-gfi-report-reveals/,,advocacy,2026-09-24,Type as given: advocacy | Same URL as RGN-23,wave3,wave3/horizon_scan/horizon_scan.md
HSC-14,HSC,HORIZON_SCAN,"Green Queen. ""Angel Yeast Opens Giant Fermented Protein Factory to Boost China's Biomanufacturing Prowess."" 5 November 2025. https://www.greenqueen.com.hk/angel-yeast-protein-fermentation-facility-china-biomanufacturing/ . 11,000 t yeast-protein plant. Type: trade press.",Angel Yeast Opens Giant Fermented Protein Factory to Boost China's Biomanufacturing Prowess,Green Queen,5 November 2025,https://www.greenqueen.com.hk/angel-yeast-protein-fermentation-facility-china-biomanufacturing/,,press,2026-09-24,Type as given: trade press,wave3,wave3/horizon_scan/horizon_scan.md
HSC-15,HSC,HORIZON_SCAN,"Better Bioeconomy newsletter, issue 83. ""China's First Precision-Fermented Lactoferrin Approval, $73M for AI-Driven Protein Development, and 3D-Printed Cultivated Fish Fillet."" Date not shown. https://www.betterbioeconomy.com/p/chinas-first-precision-fermented . Company claims. Type: newsletter (Low).","China's First Precision-Fermented Lactoferrin Approval, $73M for AI-Driven Protein Development, and 3D-Printed Cultivated Fish Fillet","Better Bioeconomy newsletter, issue 83",undated,https://www.betterbioeconomy.com/p/chinas-first-precision-fermented,,press,2026-09-24,Type as given: newsletter (Low),wave3,wave3/horizon_scan/horizon_scan.md
HSC-16,HSC,HORIZON_SCAN,"CafeF. ""Phát minh của Trung Quốc làm rung chuyển ngành thực phẩm: Tạo ra nấm biến đổi gen kết cấu giống thịt..."" 24 January 2026. https://cafef.vn/phat-minh-cua-trung-quoc-lam-rung-chuyen-nganh-thuc-pham-che-tao-ra-nam-bien-doi-gen-vi-giong-thit-su-dung-it-hon-70-dat-so-voi-chan-nuoi-truyen-thong-188260124011328899.chn . Jiangnan University gene-edited Fusarium (claims). Type: press.",Phát minh của Trung Quốc làm rung chuyển ngành thực phẩm: Tạo ra nấm biến đổi gen kết cấu giống thịt,CafeF,24 January 2026,https://cafef.vn/phat-minh-cua-trung-quoc-lam-rung-chuyen-nganh-thuc-pham-che-tao-ra-nam-bien-doi-gen-vi-giong-thit-su-dung-it-hon-70-dat-so-voi-chan-nuoi-truyen-thong-188260124011328899.chn,,press,2026-09-24,Type as given: press,wave3,wave3/horizon_scan/horizon_scan.md
HSC-17,HSC,HORIZON_SCAN,"FoodNavigator. ""Where countries stand on cultivated meat regulation in 2026."" 18 February 2026. https://www.foodnavigator.com/Article/2026/02/18/cultivated-meat-regulation-where-countries-stand-in-2026/ . Approval status by country. Type: trade press.",Where countries stand on cultivated meat regulation in 2026,FoodNavigator,18 February 2026,https://www.foodnavigator.com/Article/2026/02/18/cultivated-meat-regulation-where-countries-stand-in-2026/,,press,2026-09-24,Type as given: trade press | Same URL as FTB-45,wave3,wave3/horizon_scan/horizon_scan.md
HSC-18,HSC,HORIZON_SCAN,"Rethink Priorities. ""Forecasts estimate limited cultured meat production through 2050."" 22 March 2022, updated 25 October 2024. https://rethinkpriorities.org/research-area/forecasts-estimate-limited-cultured-meat-production-through-2050/ . Panel forecasts with probabilities. Type: research nonprofit.",Forecasts estimate limited cultured meat production through 2050,Rethink Priorities,22 March 2022,https://rethinkpriorities.org/research-area/forecasts-estimate-limited-cultured-meat-production-through-2050/,,other,2026-09-24,Type as given: research nonprofit,wave3,wave3/horizon_scan/horizon_scan.md
HSC-19,HSC,HORIZON_SCAN,"Rethink Priorities. ""Cultured meat predictions were overly optimistic."" 15 September 2021. https://rethinkpriorities.org/publications/cultured-meat-predictions-were-overly-optimistic . Retrospective of 273 predictions. Type: research nonprofit.",Cultured meat predictions were overly optimistic,Rethink Priorities,15 September 2021,https://rethinkpriorities.org/publications/cultured-meat-predictions-were-overly-optimistic,,other,2026-09-24,Type as given: research nonprofit,wave3,wave3/horizon_scan/horizon_scan.md
HSC-20,HSC,HORIZON_SCAN,"Metaculus. Question 14276, ""Cultured Meat for Sale in US."" https://www.metaculus.com/questions/14276/cultured-meat-for-sale-in-us/ . Read in the browser (no login); resolved No. Also the Cultured Meat Tournament page (runs 29 March 2022 to 30 December 2045), questions not readable without an account. Type: crowd forecast.",Cultured Meat for Sale in US,Metaculus,,https://www.metaculus.com/questions/14276/cultured-meat-for-sale-in-us/,,other,2026-09-24,Type as given: crowd forecast | Access problem noted in citation,wave3,wave3/horizon_scan/horizon_scan.md
HSC-21,HSC,HORIZON_SCAN,"McKinsey and Company. ""Cultivated meat: Out of the lab, into the frying pan."" 16 June 2021. https://www.mckinsey.com/industries/agriculture/our-insights/cultivated-meat-out-of-the-lab-into-the-frying-pan . 2030 projection. Type: consultancy.","Cultivated meat: Out of the lab, into the frying pan",McKinsey and Company,16 June 2021,https://www.mckinsey.com/industries/agriculture/our-insights/cultivated-meat-out-of-the-lab-into-the-frying-pan,,market-research,2026-09-24,Type as given: consultancy,wave3,wave3/horizon_scan/horizon_scan.md
HSC-22,HSC,HORIZON_SCAN,"FoodIngredientsFirst. ""Slaughter-free is the future: By 2040, 60 percent of meat products will be cultured or plant-based, predicts new report."" 13 June 2019. https://www.foodingredientsfirst.com/news/slaughter-free-is-the-future-cultured-meat-will-dominate-long-term-while-plant-based-products-continue-to-disrupt-predicts-new-report.html . Reports Kearney forecast. Type: trade press (consultancy forecast).","Slaughter-free is the future: By 2040, 60 percent of meat products will be cultured or plant-based, predicts new report",FoodIngredientsFirst,13 June 2019,https://www.foodingredientsfirst.com/news/slaughter-free-is-the-future-cultured-meat-will-dominate-long-term-while-plant-based-products-continue-to-disrupt-predicts-new-report.html,,press,2026-09-24,Type as given: trade press (consultancy forecast),wave3,wave3/horizon_scan/horizon_scan.md
HSC-23,HSC,HORIZON_SCAN,"Boston Consulting Group. ""The benefits of plant-based meats"" (reports ""Food for Thought: The Protein Transformation"", BCG and Blue Horizon). March 2021. https://www.bcg.com/publications/2021/the-benefits-of-plant-based-meats . 2035 scenarios. Type: consultancy.",The benefits of plant-based meats,Boston Consulting Group,March 2021,https://www.bcg.com/publications/2021/the-benefits-of-plant-based-meats,,market-research,2026-09-24,Type as given: consultancy,wave3,wave3/horizon_scan/horizon_scan.md
HSC-24,HSC,HORIZON_SCAN,"Potsdam Institute for Climate Impact Research. ""EAT-Lancet report: food systems breach planetary boundaries, transformation can deliver health and equity."" 3 October 2025. https://www.pik-potsdam.de/en/news/latest-news/eat-lancet-report . EAT-Lancet 2.0 headline figures. Type: research institute.","EAT-Lancet report: food systems breach planetary boundaries, transformation can deliver health and equity",Potsdam Institute for Climate Impact Research,3 October 2025,https://www.pik-potsdam.de/en/news/latest-news/eat-lancet-report,,other,2026-09-24,Type as given: research institute,wave3,wave3/horizon_scan/horizon_scan.md
HSC-25,HSC,HORIZON_SCAN,"EAT Forum. ""Food Planet Health: Healthy Diets From Sustainable Food Systems"" (EAT-Lancet Commission 2019 summary report; file hosted September 2025). https://eatforum.org/wp-content/uploads/2025/09/EAT-Lancet_Commission_Summary_Report.pdf . 2019 figures only. Type: research commission.",Food Planet Health: Healthy Diets From Sustainable Food Systems,EAT Forum,September 2025,https://eatforum.org/wp-content/uploads/2025/09/EAT-Lancet_Commission_Summary_Report.pdf,,other,2026-09-24,Type as given: research commission,wave3,wave3/horizon_scan/horizon_scan.md
HSC-26,HSC,HORIZON_SCAN,"US CDC. ""H5 Bird Flu: Current Situation."" Updated 6 March 2026. https://www.cdc.gov/bird-flu/situation-summary/index.html . US case count and risk. Type: gov.",H5 Bird Flu: Current Situation,US CDC,6 March 2026,https://www.cdc.gov/bird-flu/situation-summary/index.html,,gov/statistics,2026-09-24,Type as given: gov | Same URL as GEO-23,wave3,wave3/horizon_scan/horizon_scan.md
HSC-27,HSC,HORIZON_SCAN,"US CDC. ""Global Summary of Human Cases of H5N1 Bird Flu from August 2025 to June 2026."" 26 June 2026. https://www.cdc.gov/bird-flu/spotlights/global-summary-06262026.html . Global cases by country. Type: gov.",Global Summary of Human Cases of H5N1 Bird Flu from August 2025 to June 2026,US CDC,26 June 2026,https://www.cdc.gov/bird-flu/spotlights/global-summary-06262026.html,,gov/statistics,2026-09-24,Type as given: gov,wave3,wave3/horizon_scan/horizon_scan.md
HSC-28,HSC,HORIZON_SCAN,"NOAA Climate Prediction Center. ""ENSO Diagnostic Discussion."" Issued 10 September 2026. https://www.cpc.ncep.noaa.gov/products/analysis_monitoring/enso_advisory/ensodisc.shtml . El Niño Advisory and published probabilities. Type: gov.",ENSO Diagnostic Discussion,NOAA Climate Prediction Center,10 September 2026,https://www.cpc.ncep.noaa.gov/products/analysis_monitoring/enso_advisory/ensodisc.shtml,,gov/statistics,2026-09-24,Type as given: gov,wave3,wave3/horizon_scan/horizon_scan.md
HSC-29,HSC,HORIZON_SCAN,"SeafoodSource. ""Peru extends anchovy fishing suspension again, threatening global fishmeal supply."" 12 June 2026. https://www.seafoodsource.com/news/supply-trade/peru-extends-anchovy-fishing-suspension-again-threatening-global-fishmeal-supply . Quota, landings, IFFO output. Type: trade press.","Peru extends anchovy fishing suspension again, threatening global fishmeal supply",SeafoodSource,12 June 2026,https://www.seafoodsource.com/news/supply-trade/peru-extends-anchovy-fishing-suspension-again-threatening-global-fishmeal-supply,,press,2026-09-24,Type as given: trade press,wave3,wave3/horizon_scan/horizon_scan.md
HSC-30,HSC,HORIZON_SCAN,"SeafoodSource. ""Peru ends North-Central anchovy season after lengthy pause."" 21 August 2026. https://www.seafoodsource.com/news/peru-ends-north-central-anchovy-season-after-lengthy-pause . Season closure. Type: trade press.",Peru ends North-Central anchovy season after lengthy pause,SeafoodSource,21 August 2026,https://www.seafoodsource.com/news/peru-ends-north-central-anchovy-season-after-lengthy-pause,,press,2026-09-24,Type as given: trade press,wave3,wave3/horizon_scan/horizon_scan.md
HSC-31,HSC,HORIZON_SCAN,"Ngo, T.T.N., Oh, T., Do, D.T. (2026). ""The Prospects and Challenges of Live Attenuated Vaccines Against African Swine Fever Virus in Vietnam."" Vaccines 14(3): 284. Published 23 March 2026. https://doi.org/10.3390/vaccines14030284 . Abstract and metadata via OpenAlex (the PMC copy returned a CAPTCHA, which was not attempted). Type: peer-reviewed (review).",The Prospects and Challenges of Live Attenuated Vaccines Against African Swine Fever Virus in Vietnam,"Ngo, T.T.N., Oh, T., Do, D.T.",23 March 2026,https://doi.org/10.3390/vaccines14030284,10.3390/vaccines14030284,peer-reviewed,2026-09-24,Type as given: peer-reviewed (review) | Access problem noted in citation | Same DOI as GEO-19,wave3,wave3/horizon_scan/horizon_scan.md
HSC-32,HSC,HORIZON_SCAN,"European Commission, Taxation and Customs Union. ""Carbon Border Adjustment Mechanism."" https://taxation-customs.ec.europa.eu/carbon-border-adjustment-mechanism_en . Sector scope and definitive phase. Type: gov.",Carbon Border Adjustment Mechanism,"European Commission, Taxation and Customs Union",,https://taxation-customs.ec.europa.eu/carbon-border-adjustment-mechanism_en,,gov/statistics,2026-09-24,Type as given: gov,wave3,wave3/horizon_scan/horizon_scan.md
HSC-33,HSC,HORIZON_SCAN,"CSIS ChinaPower. ""How Much Trade Transits the South China Sea?"" 2 August 2017, updated 6 July 2026. https://chinapower.csis.org/much-trade-transits-south-china-sea/ . USD 3.4 trillion (2016). Type: think tank.",How Much Trade Transits the South China Sea?,CSIS ChinaPower,2 August 2017,https://chinapower.csis.org/much-trade-transits-south-china-sea/,,other,2026-09-24,Type as given: think tank,wave3,wave3/horizon_scan/horizon_scan.md
HSC-34,HSC,HORIZON_SCAN,"US FDA. ""Investigation of Adverse Event Reports: French Lentil & Leek Crumbles (June 2022)."" Updated October 2022. https://www.fda.gov/food/outbreaks-foodborne-illness/investigation-adverse-event-reports-french-lentil-leek-crumbles-june-2022 . 393 illnesses, 133 hospitalisations; cause not named on the page. Type: gov.",Investigation of Adverse Event Reports: French Lentil & Leek Crumbles (June 2022),US FDA,October 2022,https://www.fda.gov/food/outbreaks-foodborne-illness/investigation-adverse-event-reports-french-lentil-leek-crumbles-june-2022,,gov/statistics,2026-09-24,Type as given: gov,wave3,wave3/horizon_scan/horizon_scan.md
HSC-35,HSC,HORIZON_SCAN,"National Agricultural Law Center. ""Alternative Protein Laws State Compilation."" Updated 7 April 2026. https://nationalaglawcenter.org/state-compilations/alternative-protein-laws-state-compilation/ . State bans and labelling laws with citations. Type: academic legal database.",Alternative Protein Laws State Compilation,National Agricultural Law Center,7 April 2026,https://nationalaglawcenter.org/state-compilations/alternative-protein-laws-state-compilation/,,database,2026-09-24,Type as given: academic legal database,wave3,wave3/horizon_scan/horizon_scan.md
HSC-36,HSC,HORIZON_SCAN,"Green Queen. ""Singapore Food Security Plan Drops '30 By 30' Policy & Lab-Grown Meat."" 6 November 2025, updated 20 January 2026. https://www.greenqueen.com.hk/singapore-30-by-30-cultivated-meat-food-security-policy/ . Singapore Food Story 2 targets and minister's quote. Type: trade press.",Singapore Food Security Plan Drops '30 By 30' Policy & Lab-Grown Meat,Green Queen,6 November 2025,https://www.greenqueen.com.hk/singapore-30-by-30-cultivated-meat-food-security-policy/,,press,2026-09-24,"Type as given: trade press | Same URL as RGN-09, VIS-25",wave3,wave3/horizon_scan/horizon_scan.md
HSC-37,HSC,HORIZON_SCAN,"The Online Citizen. ""Global fertiliser disruption poses food security risk, Singapore monitoring situation closely."" 5 May 2026. https://theonlinecitizen.com/2026/05/05/global-fertiliser-disruption-poses-food-security-risk-singapore-monitoring-situation-closely . Middle East conflict and input costs. Type: press (Low).","Global fertiliser disruption poses food security risk, Singapore monitoring situation closely",The Online Citizen,5 May 2026,https://theonlinecitizen.com/2026/05/05/global-fertiliser-disruption-poses-food-security-risk-singapore-monitoring-situation-closely,,press,2026-09-24,Type as given: press (Low),wave3,wave3/horizon_scan/horizon_scan.md
NTS-01,NTS,NATIONAL_TARGETS,Party Central Committee. Nghị quyết 36-NQ/TW về phát triển và ứng dụng công nghệ sinh học phục vụ phát triển bền vững đất nước trong tình hình mới. 30 Jan 2023. https://thuvienphapluat.vn/van-ban/Cong-nghe-thong-tin/Nghi-quyet-36-NQ-TW-2023-phat-trien-cong-nghe-sinh-hoc-phuc-vu-phat-trien-dat-nuoc-553957.aspx . Biotech targets 2030 and 2045. Type: law (Party resolution).,Nghị quyết 36-NQ/TW về phát triển và ứng dụng công nghệ sinh học phục vụ phát triển bền vững đất nước trong tình hình mới,Party Central Committee,30 Jan 2023,https://thuvienphapluat.vn/van-ban/Cong-nghe-thong-tin/Nghi-quyet-36-NQ-TW-2023-phat-trien-cong-nghe-sinh-hoc-phuc-vu-phat-trien-dat-nuoc-553957.aspx,,law,2026-09-24,Type as given: law (Party resolution) | Same URL as REG-51,wave3,wave3/national_targets/national_targets.md
NTS-02,NTS,NATIONAL_TARGETS,"Government. Nghị quyết 189/NQ-CP, Chương trình hành động thực hiện Nghị quyết 36-NQ/TW. 16 Nov 2023. https://thuvienphapluat.vn/van-ban/Tai-nguyen-Moi-truong/Nghi-quyet-189-NQ-CP-2023-thuc-hien-Nghi-quyet-36-NQ-TW-ung-dung-cong-nghe-sinh-hoc-587024.aspx . Scheme list and deadlines; no numbers. Type: law.","Nghị quyết 189/NQ-CP, Chương trình hành động thực hiện Nghị quyết 36-NQ/TW",Government,16 Nov 2023,https://thuvienphapluat.vn/van-ban/Tai-nguyen-Moi-truong/Nghi-quyet-189-NQ-CP-2023-thuc-hien-Nghi-quyet-36-NQ-TW-ung-dung-cong-nghe-sinh-hoc-587024.aspx,,law,2026-09-24,Type as given: law | Same URL as REG-52,wave3,wave3/national_targets/national_targets.md
NTS-03,NTS,NATIONAL_TARGETS,"Politburo. Nghị quyết 57-NQ/TW về đột phá phát triển khoa học, công nghệ, đổi mới sáng tạo và chuyển đổi số quốc gia. 22 Dec 2024. https://thuvienphapluat.vn/van-ban/Cong-nghe-thong-tin/Nghi-quyet-57-NQ-TW-2024-dot-pha-phat-trien-khoa-hoc-cong-nghe-doi-moi-sang-tao-637245.aspx . 2030 and 2045 S&T targets. Type: law.","Nghị quyết 57-NQ/TW về đột phá phát triển khoa học, công nghệ, đổi mới sáng tạo và chuyển đổi số quốc gia",Politburo,22 Dec 2024,https://thuvienphapluat.vn/van-ban/Cong-nghe-thong-tin/Nghi-quyet-57-NQ-TW-2024-dot-pha-phat-trien-khoa-hoc-cong-nghe-doi-moi-sang-tao-637245.aspx,,law,2026-09-24,Type as given: law | Same URL as REG-50,wave3,wave3/national_targets/national_targets.md
NTS-04,NTS,NATIONAL_TARGETS,"Party Central Committee. Nghị quyết 19-NQ/TW về nông nghiệp, nông dân, nông thôn đến năm 2030, tầm nhìn đến năm 2045. 16 Jun 2022. https://thuvienphapluat.vn/van-ban/Linh-vuc-khac/Nghi-quyet-19-NQ-TW-2022-nong-nghiep-nong-dan-nong-thon-tam-nhin-den-2045-518922.aspx . Agriculture targets; 35 Mt paddy floor; feed self-reliance. Type: law.","Nghị quyết 19-NQ/TW về nông nghiệp, nông dân, nông thôn đến năm 2030, tầm nhìn đến năm 2045",Party Central Committee,16 Jun 2022,https://thuvienphapluat.vn/van-ban/Linh-vuc-khac/Nghi-quyet-19-NQ-TW-2022-nong-nghiep-nong-dan-nong-thon-tam-nhin-den-2045-518922.aspx,,law,2026-09-24,Type as given: law,wave3,wave3/national_targets/national_targets.md
NTS-05,NTS,NATIONAL_TARGETS,"Government. Nghị quyết 85/NQ-CP, Chương trình hành động thực hiện Kết luận 219-KL/TW (26 Nov 2025). 4 Apr 2026. https://thuvienphapluat.vn/van-ban/Linh-vuc-khac/Nghi-quyet-85-NQ-CP-2026-Chuong-trinh-hanh-dong-thuc-hien-Ket-luan-219-KL-TW-700504.aspx . Continuation of Res 19; 25 tasks incl. water strategy to 2050. Type: law.","Nghị quyết 85/NQ-CP, Chương trình hành động thực hiện Kết luận 219-KL/TW (26 Nov 2025)",Government,4 Apr 2026,https://thuvienphapluat.vn/van-ban/Linh-vuc-khac/Nghi-quyet-85-NQ-CP-2026-Chuong-trinh-hanh-dong-thuc-hien-Ket-luan-219-KL-TW-700504.aspx,,law,2026-09-24,Type as given: law,wave3,wave3/national_targets/national_targets.md
NTS-06,NTS,NATIONAL_TARGETS,"Prime Minister. Quyết định 150/QĐ-TTg, Chiến lược phát triển nông nghiệp và nông thôn bền vững 2021 to 2030, tầm nhìn 2050. 28 Jan 2022. https://thuvienphapluat.vn/van-ban/Linh-vuc-khac/Quyet-dinh-150-QD-TTg-2022-Chien-luoc-phat-trien-nong-nghiep-va-nong-thon-ben-vung-502104.aspx . Type: law.","Quyết định 150/QĐ-TTg, Chiến lược phát triển nông nghiệp và nông thôn bền vững 2021 to 2030, tầm nhìn 2050",Prime Minister,28 Jan 2022,https://thuvienphapluat.vn/van-ban/Linh-vuc-khac/Quyet-dinh-150-QD-TTg-2022-Chien-luoc-phat-trien-nong-nghiep-va-nong-thon-ben-vung-502104.aspx,,law,2026-09-24,Type as given: law,wave3,wave3/national_targets/national_targets.md
NTS-07,NTS,NATIONAL_TARGETS,"Prime Minister. Quyết định 1520/QĐ-TTg, Chiến lược phát triển chăn nuôi 2021 to 2030, tầm nhìn 2045. 6 Oct 2020. https://thuvienphapluat.vn/van-ban/Linh-vuc-khac/Quyet-dinh-1520-QD-TTg-2020-phe-duyet-chien-luoc-phat-trien-chan-nuoi-giai-doan-2021-2030-454658.aspx . 2045 vision; by-product list. Type: law.","Quyết định 1520/QĐ-TTg, Chiến lược phát triển chăn nuôi 2021 to 2030, tầm nhìn 2045",Prime Minister,6 Oct 2020,https://thuvienphapluat.vn/van-ban/Linh-vuc-khac/Quyet-dinh-1520-QD-TTg-2020-phe-duyet-chien-luoc-phat-trien-chan-nuoi-giai-doan-2021-2030-454658.aspx,,law,2026-09-24,Type as given: law | Same URL as REG-54,wave3,wave3/national_targets/national_targets.md
NTS-08,NTS,NATIONAL_TARGETS,"Prime Minister. Quyết định 339/QĐ-TTg, Chiến lược phát triển thủy sản Việt Nam đến năm 2030, tầm nhìn 2045. 11 Mar 2021. https://thuvienphapluat.vn/van-ban/Tai-nguyen-Moi-truong/Quyet-dinh-339-QD-TTg-2021-phe-duyet-Chien-luoc-phat-trien-thuy-san-Viet-Nam-den-2030-467332.aspx . Aquaculture and capture 2030; 2045 vision. Type: law.","Quyết định 339/QĐ-TTg, Chiến lược phát triển thủy sản Việt Nam đến năm 2030, tầm nhìn 2045",Prime Minister,11 Mar 2021,https://thuvienphapluat.vn/van-ban/Tai-nguyen-Moi-truong/Quyet-dinh-339-QD-TTg-2021-phe-duyet-Chien-luoc-phat-trien-thuy-san-Viet-Nam-den-2030-467332.aspx,,law,2026-09-24,Type as given: law | Same URL as AQF-28,wave3,wave3/national_targets/national_targets.md
NTS-09,NTS,NATIONAL_TARGETS,"Prime Minister. Quyết định 1658/QĐ-TTg, Chiến lược quốc gia về tăng trưởng xanh 2021 to 2030, tầm nhìn 2050. 1 Oct 2021. https://thuvienphapluat.vn/van-ban/Tai-nguyen-Moi-truong/Quyet-dinh-1658-QD-TTg-2021-phe-duyet-Chien-luoc-quoc-gia-ve-tang-truong-xanh-489788.aspx . Type: law.","Quyết định 1658/QĐ-TTg, Chiến lược quốc gia về tăng trưởng xanh 2021 to 2030, tầm nhìn 2050",Prime Minister,1 Oct 2021,https://thuvienphapluat.vn/van-ban/Tai-nguyen-Moi-truong/Quyet-dinh-1658-QD-TTg-2021-phe-duyet-Chien-luoc-quoc-gia-ve-tang-truong-xanh-489788.aspx,,law,2026-09-24,Type as given: law,wave3,wave3/national_targets/national_targets.md
NTS-10,NTS,NATIONAL_TARGETS,"Prime Minister. Quyết định 300/QĐ-TTg, Kế hoạch hành động quốc gia chuyển đổi hệ thống lương thực thực phẩm đến 2030. 28 Mar 2023. https://thuvienphapluat.vn/van-ban/The-thao-Y-te/Quyet-dinh-300-QD-TTg-2023-chuyen-doi-he-thong-luong-thuc-thuc-pham-minh-bach-560858.aspx . Type: law.","Quyết định 300/QĐ-TTg, Kế hoạch hành động quốc gia chuyển đổi hệ thống lương thực thực phẩm đến 2030",Prime Minister,28 Mar 2023,https://thuvienphapluat.vn/van-ban/The-thao-Y-te/Quyet-dinh-300-QD-TTg-2023-chuyen-doi-he-thong-luong-thuc-thuc-pham-minh-bach-560858.aspx,,law,2026-09-24,Type as given: law | Same URL as REG-55,wave3,wave3/national_targets/national_targets.md
NTS-11,NTS,NATIONAL_TARGETS,"Prime Minister. Quyết định 222/QĐ-TTg, Kế hoạch hành động quốc gia thực hiện kinh tế tuần hoàn đến năm 2035. 23 Jan 2025. https://thuvienphapluat.vn/van-ban/Thuong-mai/Quyet-dinh-222-QD-TTg-2025-Ke-hoach-hanh-dong-quoc-gia-thuc-hien-kinh-te-tuan-hoan-den-2035-641483.aspx . Type: law.","Quyết định 222/QĐ-TTg, Kế hoạch hành động quốc gia thực hiện kinh tế tuần hoàn đến năm 2035",Prime Minister,23 Jan 2025,https://thuvienphapluat.vn/van-ban/Thuong-mai/Quyet-dinh-222-QD-TTg-2025-Ke-hoach-hanh-dong-quoc-gia-thuc-hien-kinh-te-tuan-hoan-den-2035-641483.aspx,,law,2026-09-24,Type as given: law,wave3,wave3/national_targets/national_targets.md
NTS-12,NTS,NATIONAL_TARGETS,"Prime Minister. Quyết định 287/QĐ-TTg, Quy hoạch vùng đồng bằng sông Cửu Long 2021 to 2030, tầm nhìn 2050. 28 Feb 2022. https://thuvienphapluat.vn/van-ban/Thuong-mai/Quyet-dinh-287-QD-TTg-2022-phe-duyet-Quy-hoach-vung-dong-bang-song-Cuu-Long-505561.aspx . Type: law (plan).","Quyết định 287/QĐ-TTg, Quy hoạch vùng đồng bằng sông Cửu Long 2021 to 2030, tầm nhìn 2050",Prime Minister,28 Feb 2022,https://thuvienphapluat.vn/van-ban/Thuong-mai/Quyet-dinh-287-QD-TTg-2022-phe-duyet-Quy-hoach-vung-dong-bang-song-Cuu-Long-505561.aspx,,law,2026-09-24,Type as given: law (plan) | Same URL as CLM-21,wave3,wave3/national_targets/national_targets.md
NTS-13,NTS,NATIONAL_TARGETS,"National Assembly. Nghị quyết 81/2023/QH15 về Quy hoạch tổng thể quốc gia 2021 to 2030, tầm nhìn 2050. 9 Jan 2023. https://thuvienphapluat.vn/van-ban/Xay-dung-Do-thi/Nghi-quyet-81-2023-QH15-Quy-hoach-tong-the-quoc-gia-thoi-ky-2021-2030-551296.aspx . Type: law.","Nghị quyết 81/2023/QH15 về Quy hoạch tổng thể quốc gia 2021 to 2030, tầm nhìn 2050",National Assembly,9 Jan 2023,https://thuvienphapluat.vn/van-ban/Xay-dung-Do-thi/Nghi-quyet-81-2023-QH15-Quy-hoach-tong-the-quoc-gia-thoi-ky-2021-2030-551296.aspx,,law,2026-09-24,Type as given: law,wave3,wave3/national_targets/national_targets.md
NTS-14,NTS,NATIONAL_TARGETS,National Assembly. Nghị quyết 252/2025/QH15 sửa đổi Nghị quyết 81/2023/QH15. 10 Dec 2025. https://thuvienphapluat.vn/van-ban/Xay-dung-Do-thi/Nghi-quyet-252-2025-QH15-sua-doi-Nghi-quyet-81-2023-QH15-Quy-hoach-tong-the-quoc-gia-2021-2030-685525.aspx . Revised growth and income targets; six regions. Type: law.,Nghị quyết 252/2025/QH15 sửa đổi Nghị quyết 81/2023/QH15,National Assembly,10 Dec 2025,https://thuvienphapluat.vn/van-ban/Xay-dung-Do-thi/Nghi-quyet-252-2025-QH15-sua-doi-Nghi-quyet-81-2023-QH15-Quy-hoach-tong-the-quoc-gia-2021-2030-685525.aspx,,law,2026-09-24,Type as given: law,wave3,wave3/national_targets/national_targets.md
NTS-15,NTS,NATIONAL_TARGETS,"Prime Minister. Quyết định 1177/QĐ-TTg điều chỉnh Quy hoạch sử dụng đất quốc gia 2021 to 2030, tầm nhìn 2050. 30 Jun 2026. https://thuvienphapluat.vn/van-ban/Bat-dong-san/Quyet-dinh-1177-QD-TTg-2026-dieu-chinh-Quy-hoach-su-dung-dat-quoc-gia-thoi-ky-2021-2030-712955.aspx . Rice and agricultural land 2030. Type: law (plan).","Quyết định 1177/QĐ-TTg điều chỉnh Quy hoạch sử dụng đất quốc gia 2021 to 2030, tầm nhìn 2050",Prime Minister,30 Jun 2026,https://thuvienphapluat.vn/van-ban/Bat-dong-san/Quyet-dinh-1177-QD-TTg-2026-dieu-chinh-Quy-hoach-su-dung-dat-quoc-gia-thoi-ky-2021-2030-712955.aspx,,law,2026-09-24,Type as given: law (plan),wave3,wave3/national_targets/national_targets.md
NTS-16,NTS,NATIONAL_TARGETS,"Prime Minister. Quyết định 02/QĐ-TTg, Chiến lược quốc gia về dinh dưỡng 2021 to 2030, tầm nhìn 2045. 5 Jan 2022. https://thuvienphapluat.vn/van-ban/The-thao-Y-te/Quyet-dinh-02-QD-TTg-2022-phe-duyet-Chien-luoc-Quoc-gia-ve-dinh-duong-2021-2030-499683.aspx . No protein target. Type: law.","Quyết định 02/QĐ-TTg, Chiến lược quốc gia về dinh dưỡng 2021 to 2030, tầm nhìn 2045",Prime Minister,5 Jan 2022,https://thuvienphapluat.vn/van-ban/The-thao-Y-te/Quyet-dinh-02-QD-TTg-2022-phe-duyet-Chien-luoc-Quoc-gia-ve-dinh-duong-2021-2030-499683.aspx,,law,2026-09-24,Type as given: law,wave3,wave3/national_targets/national_targets.md
NTS-17,NTS,NATIONAL_TARGETS,"Politburo. Nghị quyết 72-NQ/TW về giải pháp đột phá bảo vệ, chăm sóc và nâng cao sức khỏe nhân dân. Sep 2025 (day not verified). https://thuvienphapluat.vn/van-ban/The-thao-Y-te/Nghi-quyet-72-NQ-TW-2025-giai-phap-dot-pha-tang-cuong-bao-ve-cham-soc-suc-khoe-Nhan-dan-672389.aspx . Type: law.","Nghị quyết 72-NQ/TW về giải pháp đột phá bảo vệ, chăm sóc và nâng cao sức khỏe nhân dân",Politburo,Sep 2025,https://thuvienphapluat.vn/van-ban/The-thao-Y-te/Nghi-quyet-72-NQ-TW-2025-giai-phap-dot-pha-tang-cuong-bao-ve-cham-soc-suc-khoe-Nhan-dan-672389.aspx,,law,2026-09-24,Type as given: law,wave3,wave3/national_targets/national_targets.md
NTS-18,NTS,NATIONAL_TARGETS,Politburo. Nghị quyết 68-NQ/TW về phát triển kinh tế tư nhân. 4 May 2025. https://thuvienphapluat.vn/van-ban/Thuong-mai/Nghi-quyet-68-NQ-TW-2025-phat-trien-kinh-te-tu-nhan-655260.aspx . Type: law.,Nghị quyết 68-NQ/TW về phát triển kinh tế tư nhân,Politburo,4 May 2025,https://thuvienphapluat.vn/van-ban/Thuong-mai/Nghi-quyet-68-NQ-TW-2025-phat-trien-kinh-te-tu-nhan-655260.aspx,,law,2026-09-24,Type as given: law,wave3,wave3/national_targets/national_targets.md
NTS-19,NTS,NATIONAL_TARGETS,"Politburo. Nghị quyết 70-NQ/TW về bảo đảm an ninh năng lượng quốc gia đến năm 2030, tầm nhìn 2045. 20 Aug 2025. https://thuvienphapluat.vn/van-ban/Tai-nguyen-Moi-truong/Nghi-quyet-70-NQ-TW-2025-bao-dam-an-ninh-nang-luong-quoc-gia-den-2030-tam-nhin-2045-671390.aspx . Type: law.","Nghị quyết 70-NQ/TW về bảo đảm an ninh năng lượng quốc gia đến năm 2030, tầm nhìn 2045",Politburo,20 Aug 2025,https://thuvienphapluat.vn/van-ban/Tai-nguyen-Moi-truong/Nghi-quyet-70-NQ-TW-2025-bao-dam-an-ninh-nang-luong-quoc-gia-den-2030-tam-nhin-2045-671390.aspx,,law,2026-09-24,Type as given: law,wave3,wave3/national_targets/national_targets.md
NTS-20,NTS,NATIONAL_TARGETS,Prime Minister. Quyết định 808/QĐ-TTg giao nhiệm vụ phát triển công nghệ chiến lược. 6 May 2026. https://thuvienphapluat.vn/van-ban/Linh-vuc-khac/Quyet-dinh-808-QD-TTg-2026-giao-nhiem-vu-phat-trien-cong-nghe-chien-luoc-704939.aspx . Type: law.,Quyết định 808/QĐ-TTg giao nhiệm vụ phát triển công nghệ chiến lược,Prime Minister,6 May 2026,https://thuvienphapluat.vn/van-ban/Linh-vuc-khac/Quyet-dinh-808-QD-TTg-2026-giao-nhiem-vu-phat-trien-cong-nghe-chien-luoc-704939.aspx,,law,2026-09-24,Type as given: law,wave3,wave3/national_targets/national_targets.md
NTS-21,NTS,NATIONAL_TARGETS,"Prime Minister. Quyết định 604/QĐ-TTg điều chỉnh Chiến lược phát triển khoa học, công nghệ và đổi mới sáng tạo đến năm 2030. 2 Apr 2026. https://thuvienphapluat.vn/van-ban/Linh-vuc-khac/Quyet-dinh-604-QD-TTg-2026-dieu-chinh-Chien-luoc-phat-trien-khoa-hoc-cong-nghe-va-doi-moi-sang-tao-700112.aspx . Type: law.","Quyết định 604/QĐ-TTg điều chỉnh Chiến lược phát triển khoa học, công nghệ và đổi mới sáng tạo đến năm 2030",Prime Minister,2 Apr 2026,https://thuvienphapluat.vn/van-ban/Linh-vuc-khac/Quyet-dinh-604-QD-TTg-2026-dieu-chinh-Chien-luoc-phat-trien-khoa-hoc-cong-nghe-va-doi-moi-sang-tao-700112.aspx,,law,2026-09-24,Type as given: law,wave3,wave3/national_targets/national_targets.md
NTS-22,NTS,NATIONAL_TARGETS,"Prime Minister. Quyết định 1748/QĐ-TTg, Chiến lược phát triển trồng trọt đến năm 2030, tầm nhìn 2050. 30 Dec 2023. https://thuvienphapluat.vn/van-ban/Linh-vuc-khac/Quyet-dinh-1748-QD-TTg-2023-Chien-luoc-phat-trien-trong-trot-den-2030-tam-nhin-2050-593337.aspx . Type: law.","Quyết định 1748/QĐ-TTg, Chiến lược phát triển trồng trọt đến năm 2030, tầm nhìn 2050",Prime Minister,30 Dec 2023,https://thuvienphapluat.vn/van-ban/Linh-vuc-khac/Quyet-dinh-1748-QD-TTg-2023-Chien-luoc-phat-trien-trong-trot-den-2030-tam-nhin-2050-593337.aspx,,law,2026-09-24,Type as given: law,wave3,wave3/national_targets/national_targets.md
NTS-23,NTS,NATIONAL_TARGETS,"Prime Minister. Quyết định 1625/QĐ-TTg, Đề án Phát triển công nghiệp chế biến thức ăn chăn nuôi đến năm 2030. 15 Dec 2023. https://thuvienphapluat.vn/van-ban/Thuong-mai/Quyet-dinh-1625-QD-TTg-2023-De-an-Phat-trien-cong-nghiep-che-bien-thuc-an-chan-nuoi-den-2030-591117.aspx . Feed and additive targets; budget. Type: law.","Quyết định 1625/QĐ-TTg, Đề án Phát triển công nghiệp chế biến thức ăn chăn nuôi đến năm 2030",Prime Minister,15 Dec 2023,https://thuvienphapluat.vn/van-ban/Thuong-mai/Quyet-dinh-1625-QD-TTg-2023-De-an-Phat-trien-cong-nghiep-che-bien-thuc-an-chan-nuoi-den-2030-591117.aspx,,law,2026-09-24,Type as given: law,wave3,wave3/national_targets/national_targets.md
NTS-24,NTS,NATIONAL_TARGETS,"Prime Minister. Quyết định 896/QĐ-TTg, Chiến lược quốc gia về biến đổi khí hậu giai đoạn đến năm 2050. 26 Jul 2022. https://thuvienphapluat.vn/van-ban/Tai-nguyen-Moi-truong/Quyet-dinh-896-QD-TTg-2022-phe-duyet-Chien-luoc-quoc-gia-bien-doi-khi-hau-den-2050-523527.aspx . Re-read for Vietnamese quotes; caps as in CLM-01. Type: law.","Quyết định 896/QĐ-TTg, Chiến lược quốc gia về biến đổi khí hậu giai đoạn đến năm 2050",Prime Minister,26 Jul 2022,https://thuvienphapluat.vn/van-ban/Tai-nguyen-Moi-truong/Quyet-dinh-896-QD-TTg-2022-phe-duyet-Chien-luoc-quoc-gia-bien-doi-khi-hau-den-2050-523527.aspx,,law,2026-09-24,Type as given: law | Same URL as CLM-01,wave3,wave3/national_targets/national_targets.md
NTS-25,NTS,NATIONAL_TARGETS,"Prime Minister. Quyết định 165/QĐ-TTg, Chiến lược phát triển năng lượng hydrogen của Việt Nam đến năm 2030, tầm nhìn 2050. 7 Feb 2024. https://thuvienphapluat.vn/van-ban/Tai-nguyen-Moi-truong/Quyet-dinh-165-QD-TTg-2024-Chien-luoc-phat-trien-nang-luong-hydrogen-Viet-Nam-den-2030-tam-nhin-2050-598438.aspx . Same as FTG-16. Type: law.","Quyết định 165/QĐ-TTg, Chiến lược phát triển năng lượng hydrogen của Việt Nam đến năm 2030, tầm nhìn 2050",Prime Minister,7 Feb 2024,https://thuvienphapluat.vn/van-ban/Tai-nguyen-Moi-truong/Quyet-dinh-165-QD-TTg-2024-Chien-luoc-phat-trien-nang-luong-hydrogen-Viet-Nam-den-2030-tam-nhin-2050-598438.aspx,,law,2026-09-24,Type as given: law | Same URL as FTG-16,wave3,wave3/national_targets/national_targets.md
NTS-26,NTS,NATIONAL_TARGETS,"Prime Minister. Quyết định 768/QĐ-TTg, Điều chỉnh Quy hoạch phát triển điện lực quốc gia 2021 to 2030, tầm nhìn 2050. 15 Apr 2025. https://thuvienphapluat.vn/van-ban/Tai-nguyen-Moi-truong/Quyet-dinh-768-QD-TTg-2025-Dieu-chinh-Quy-hoach-phat-trien-dien-luc-quoc-gia-thoi-ky-2021-2030-651977.aspx . Same as FTG-15 and GT-11; biomass power figures added. Type: law (plan).","Quyết định 768/QĐ-TTg, Điều chỉnh Quy hoạch phát triển điện lực quốc gia 2021 to 2030, tầm nhìn 2050",Prime Minister,15 Apr 2025,https://thuvienphapluat.vn/van-ban/Tai-nguyen-Moi-truong/Quyet-dinh-768-QD-TTg-2025-Dieu-chinh-Quy-hoach-phat-trien-dien-luc-quoc-gia-thoi-ky-2021-2030-651977.aspx,,law,2026-09-24,"Type as given: law (plan) | Same URL as GT-11, FTG-15, GEO-26, HUB-01",wave3,wave3/national_targets/national_targets.md
NTS-27,NTS,NATIONAL_TARGETS,"UNDP Climate Promise. ""Viet Nam"" country page. Undated (accessed 2026-09-24). https://climatepromise.undp.org/what-we-do/where-we-work/viet-nam . Latest submitted NDC is the November 2022 update. Type: intergovernmental.",Viet Nam,UNDP Climate Promise,undated,https://climatepromise.undp.org/what-we-do/where-we-work/viet-nam,,gov/statistics,2026-09-24,Type as given: intergovernmental,wave3,wave3/national_targets/national_targets.md
NTS-28,NTS,NATIONAL_TARGETS,"Government. Nghị quyết 41/NQ-CP (11 Mar 2026) and 109/NQ-CP (16 Apr 2026), Chương trình hành động thực hiện Nghị quyết Đại hội XIV. https://thuvienphapluat.vn/van-ban/Dau-tu/Nghi-quyet-109-NQ-CP-2026-cap-nhat-Chuong-trinh-thuc-hien-Nghi-quyet-Dai-hoi-Dai-bieu-toan-quoc-702957.aspx ; https://thuvienphapluat.vn/van-ban/Bo-may-hanh-chinh/Nghi-quyet-41-NQ-CP-2026-Chuong-trinh-hanh-dong-thuc-hien-Nghi-quyet-Dai-hoi-dai-bieu-toan-quoc-lan-thu-XIV-697462.aspx . Only 109 read. Type: law.","Nghị quyết 41/NQ-CP (11 Mar 2026) and 109/NQ-CP (16 Apr 2026), Chương trình hành động thực hiện Nghị quyết Đại hội XIV",Government,11 Mar 2026,https://thuvienphapluat.vn/van-ban/Dau-tu/Nghi-quyet-109-NQ-CP-2026-cap-nhat-Chuong-trinh-thuc-hien-Nghi-quyet-Dai-hoi-Dai-bieu-toan-quoc-702957.aspx,,law,2026-09-24,Type as given: law | Other URLs: https://thuvienphapluat.vn/van-ban/Bo-may-hanh-chinh/Nghi-quyet-41-NQ-CP-2026-Chuong-trinh-hanh-dong-thuc-hien-Nghi-quyet-Dai-hoi-dai-bieu-toan-quoc-lan-thu-XIV-697462.aspx,wave3,wave3/national_targets/national_targets.md
NTS-29,NTS,NATIONAL_TARGETS,"Prime Minister. Quyết định 1622/QĐ-TTg, Quy hoạch tài nguyên nước 2021 to 2030, tầm nhìn 2050. 27 Dec 2022. https://thuvienphapluat.vn/van-ban/Tai-nguyen-Moi-truong/Quyet-dinh-1622-QD-TTg-2022-phe-duyet-Quy-hoach-tai-nguyen-nuoc-thoi-ky-2021-2030-547707.aspx . Type: law (plan).","Quyết định 1622/QĐ-TTg, Quy hoạch tài nguyên nước 2021 to 2030, tầm nhìn 2050",Prime Minister,27 Dec 2022,https://thuvienphapluat.vn/van-ban/Tai-nguyen-Moi-truong/Quyet-dinh-1622-QD-TTg-2022-phe-duyet-Quy-hoach-tai-nguyen-nuoc-thoi-ky-2021-2030-547707.aspx,,law,2026-09-24,Type as given: law (plan),wave3,wave3/national_targets/national_targets.md
NTS-30,NTS,NATIONAL_TARGETS,"Government. Nghị quyết 86/NQ-CP, Chiến lược quốc gia về khởi nghiệp sáng tạo. 5 Apr 2026. https://thuvienphapluat.vn/van-ban/Linh-vuc-khac/Nghi-quyet-86-NQ-CP-2026-Chien-luoc-quoc-gia-ve-khoi-nghiep-sang-tao-700630.aspx . Type: law.","Nghị quyết 86/NQ-CP, Chiến lược quốc gia về khởi nghiệp sáng tạo",Government,5 Apr 2026,https://thuvienphapluat.vn/van-ban/Linh-vuc-khac/Nghi-quyet-86-NQ-CP-2026-Chien-luoc-quoc-gia-ve-khoi-nghiep-sang-tao-700630.aspx,,law,2026-09-24,Type as given: law,wave3,wave3/national_targets/national_targets.md
NTS-31,NTS,NATIONAL_TARGETS,"Prime Minister. Quyết định 687/QĐ-TTg, Đề án phát triển kinh tế tuần hoàn ở Việt Nam. 7 Jun 2022. https://thuvienphapluat.vn/van-ban/Thuong-mai/Quyet-dinh-687-QD-TTg-2022-De-an-phat-trien-kinh-te-tuan-hoan-o-Viet-Nam-516231.aspx . Type: law.","Quyết định 687/QĐ-TTg, Đề án phát triển kinh tế tuần hoàn ở Việt Nam",Prime Minister,7 Jun 2022,https://thuvienphapluat.vn/van-ban/Thuong-mai/Quyet-dinh-687-QD-TTg-2022-De-an-phat-trien-kinh-te-tuan-hoan-o-Viet-Nam-516231.aspx,,law,2026-09-24,Type as given: law,wave3,wave3/national_targets/national_targets.md
NTS-32,NTS,NATIONAL_TARGETS,"Prime Minister. Quyết định 1490/QĐ-TTg, Đề án phát triển bền vững một triệu héc-ta chuyên canh lúa chất lượng cao và phát thải thấp vùng ĐBSCL đến năm 2030. 27 Nov 2023. https://thuvienphapluat.vn/van-ban/Tai-nguyen-Moi-truong/Quyet-dinh-1490-QD-TTg-2023-Phat-trien-ben-vung-mot-trieu-hec-ta-chuyen-canh-lua-chat-luong-cao-588273.aspx . Type: law.","Quyết định 1490/QĐ-TTg, Đề án phát triển bền vững một triệu héc-ta chuyên canh lúa chất lượng cao và phát thải thấp vùng ĐBSCL đến năm 2030",Prime Minister,27 Nov 2023,https://thuvienphapluat.vn/van-ban/Tai-nguyen-Moi-truong/Quyet-dinh-1490-QD-TTg-2023-Phat-trien-ben-vung-mot-trieu-hec-ta-chuyen-canh-lua-chat-luong-cao-588273.aspx,,law,2026-09-24,Type as given: law,wave3,wave3/national_targets/national_targets.md
NTS-33,NTS,NATIONAL_TARGETS,"Prime Minister. Quyết định 429/QĐ-TTg, Đề án phát triển công nghiệp sinh học ngành nông nghiệp đến năm 2030. 24 Mar 2021. https://thuvienphapluat.vn/van-ban/Linh-vuc-khac/Quyet-dinh-429-QD-TTg-2021-phat-trien-cong-nghiep-sinh-hoc-nganh-nong-nghiep-den-2030-468663.aspx . Now replaced by 1466. Type: law.","Quyết định 429/QĐ-TTg, Đề án phát triển công nghiệp sinh học ngành nông nghiệp đến năm 2030",Prime Minister,24 Mar 2021,https://thuvienphapluat.vn/van-ban/Linh-vuc-khac/Quyet-dinh-429-QD-TTg-2021-phat-trien-cong-nghiep-sinh-hoc-nganh-nong-nghiep-den-2030-468663.aspx,,law,2026-09-24,Type as given: law | Same URL as REG-53,wave3,wave3/national_targets/national_targets.md
NTS-34,NTS,NATIONAL_TARGETS,"thuvienphapluat.vn site search (https://thuvienphapluat.vn/page/tim-van-ban.aspx), queries run 2026-09-24 for each instrument and for 2025 to 2026 replacements. Used to establish presence and absence of instruments. Type: database search.","thuvienphapluat.vn site search, queries run 2026-09-24 for each instrument and for 2025 to 2026 replacements",,2026-09-24,https://thuvienphapluat.vn/page/tim-van-ban.aspx,,database,2026-09-24,Type as given: database search | Same URL as REG2-22,wave3,wave3/national_targets/national_targets.md
NTS-35,NTS,NATIONAL_TARGETS,"Prime Minister. Quyết định 1466/QĐ-TTg phê duyệt Kế hoạch phát triển công nghiệp sinh học ngành nông nghiệp và môi trường. 31 Jul 2026. https://thuvienphapluat.vn/van-ban/Tai-nguyen-Moi-truong/Quyet-dinh-1466-QD-TTg-2026-phat-trien-cong-nghiep-sinh-hoc-nganh-nong-nghiep-va-moi-truong-717567.aspx . 2030, 2031 to 2035 and 2045 biotech targets. Type: law.",Quyết định 1466/QĐ-TTg phê duyệt Kế hoạch phát triển công nghiệp sinh học ngành nông nghiệp và môi trường,Prime Minister,31 Jul 2026,https://thuvienphapluat.vn/van-ban/Tai-nguyen-Moi-truong/Quyet-dinh-1466-QD-TTg-2026-phat-trien-cong-nghiep-sinh-hoc-nganh-nong-nghiep-va-moi-truong-717567.aspx,,law,2026-09-24,Type as given: law,wave3,wave3/national_targets/national_targets.md
NTS-36,NTS,NATIONAL_TARGETS,"Dân Việt. ""Việt Nam tham vọng làm chủ công nghệ sinh học thế hệ mới, công nghệ chỉnh sửa gen vào năm 2045"". 2026. https://danviet.vn/viet-nam-tham-vong-lam-chu-cong-nghe-sinh-hoc-the-he-moi-cong-nghe-chinh-sua-gen-vao-nam-2045-d1447894.html . Lead to Decision 1466. Type: press (ministry-affiliated newspaper).","Việt Nam tham vọng làm chủ công nghệ sinh học thế hệ mới, công nghệ chỉnh sửa gen vào năm 2045",Dân Việt,2026,https://danviet.vn/viet-nam-tham-vong-lam-chu-cong-nghe-sinh-hoc-the-he-moi-cong-nghe-chinh-sua-gen-vao-nam-2045-d1447894.html,,press,2026-09-24,Type as given: press (ministry-affiliated newspaper),wave3,wave3/national_targets/national_targets.md
NTS-37,NTS,NATIONAL_TARGETS,"Báo Chính phủ. ""Chỉ thị của Thủ tướng Chính phủ về việc tập trung phát triển, ứng dụng hiệu quả công nghệ sinh học thành ngành kinh tế - kỹ thuật quan trọng ..."" (Directive 13/CT-TTg, 21 Apr 2026, full text). 23 Apr 2026. https://baochinhphu.vn/chi-thi-cua-thu-tuong-chinh-phu-ve-viec-tap-trung-phat-trien-ung-dung-hieu-qua-cong-nghe-sinh-hoc-thanh-nganh-kinh-te-ky-thuat-quan-trong-phuc-vu-su-nghiep-xay-dung-va-bao-ve-to-quoc-102260423165352859.htm . Type: gov.","Chỉ thị của Thủ tướng Chính phủ về việc tập trung phát triển, ứng dụng hiệu quả công nghệ sinh học thành ngành kinh tế - kỹ thuật quan trọng",Báo Chính phủ,21 Apr 2026,https://baochinhphu.vn/chi-thi-cua-thu-tuong-chinh-phu-ve-viec-tap-trung-phat-trien-ung-dung-hieu-qua-cong-nghe-sinh-hoc-thanh-nganh-kinh-te-ky-thuat-quan-trong-phuc-vu-su-nghiep-xay-dung-va-bao-ve-to-quoc-102260423165352859.htm,,gov/statistics,2026-09-24,Type as given: gov,wave3,wave3/national_targets/national_targets.md
NTS-38,NTS,NATIONAL_TARGETS,"Ministry of Industry and Trade. Quyết định 1355/QĐ-BCT, phát triển công nghiệp sinh học thành ngành kinh tế - kỹ thuật trong lĩnh vực Công Thương. 5 Jun 2026. https://thuvienphapluat.vn/van-ban/Cong-nghe-thong-tin/Quyet-dinh-1355-QD-BCT-2026-phat-trien-cong-nghiep-sinh-hoc-thanh-nganh-kinh-te-linh-vuc-Cong-Thuong-710204.aspx . Type: law (ministerial decision).","Quyết định 1355/QĐ-BCT, phát triển công nghiệp sinh học thành ngành kinh tế - kỹ thuật trong lĩnh vực Công Thương",Ministry of Industry and Trade,5 Jun 2026,https://thuvienphapluat.vn/van-ban/Cong-nghe-thong-tin/Quyet-dinh-1355-QD-BCT-2026-phat-trien-cong-nghiep-sinh-hoc-thanh-nganh-kinh-te-linh-vuc-Cong-Thuong-710204.aspx,,law,2026-09-24,Type as given: law (ministerial decision),wave3,wave3/national_targets/national_targets.md
NGF-01,NGF,NEXT_GEN_FEEDSTOCKS,"Cuong, T.T., Le, H.A., Khai, N.M. and others (2021). Renewable energy from biomass surplus resource: potential of power generation from rice straw in Vietnam. Scientific Reports 11: 792. doi 10.1038/s41598-020-80678-3. Straw 54 Mt (2019 basis), ratio 1.19, 50% surplus, 2,565 MW potential, plant parameters. Type: peer-reviewed.",Renewable energy from biomass surplus resource: potential of power generation from rice straw in Vietnam,"Cuong, T.T., Le, H.A., Khai, N.M. and others",2021,https://doi.org/10.1038/s41598-020-80678-3,10.1038/s41598-020-80678-3,peer-reviewed,2026-09-24,Type as given: peer-reviewed | Same DOI as HUB-27,wave4,wave3/next_gen_feedstocks/next_gen_feedstocks.md
NGF-02,NGF,NEXT_GEN_FEEDSTOCKS,"Hung, N.V., Nguyen, C.D., Tran, T.V. and others (2016). Energy efficiency, greenhouse gas emissions, and cost of rice straw collection in the Mekong River Delta of Vietnam. Field Crops Research 198: 16-22. doi 10.1016/j.fcr.2016.08.024. 4.72 t straw per ha; collection USD 12 to 18 per t; 12.4% moisture. Type: peer-reviewed (abstract).","Energy efficiency, greenhouse gas emissions, and cost of rice straw collection in the Mekong River Delta of Vietnam","Hung, N.V., Nguyen, C.D., Tran, T.V. and others",2016,https://doi.org/10.1016/j.fcr.2016.08.024,10.1016/j.fcr.2016.08.024,peer-reviewed,2026-09-24,Type as given: peer-reviewed (abstract) | Same DOI as HUB-28,wave4,wave3/next_gen_feedstocks/next_gen_feedstocks.md
NGF-03,NGF,NEXT_GEN_FEEDSTOCKS,"Arai, H., Hosen, Y., Pham Hong, V.N. and others (2015). Greenhouse gas emissions from rice straw burning and straw-mushroom cultivation in a triple rice cropping system in the Mekong Delta. Soil Science and Plant Nutrition 61. doi 10.1080/00380768.2015.1041862. 21 Mt paddy, 24 Mt straw, one quarter burned. Type: peer-reviewed (abstract).",Greenhouse gas emissions from rice straw burning and straw-mushroom cultivation in a triple rice cropping system in the Mekong Delta,"Arai, H., Hosen, Y., Pham Hong, V.N. and others",2015,https://doi.org/10.1080/00380768.2015.1041862,10.1080/00380768.2015.1041862,peer-reviewed,2026-09-24,Type as given: peer-reviewed (abstract),wave4,wave3/next_gen_feedstocks/next_gen_feedstocks.md
NGF-04,NGF,NEXT_GEN_FEEDSTOCKS,Kim Anh (8 Apr 2025). Làm sao tiêu thụ hết 14 triệu tấn rơm rạ từ một triệu hecta. Ministry of Agriculture and Environment news portal. https://mae.gov.vn/SMPT_Publishing_UC/KhaiThac/TinTuc/pInTinTuc.aspx?ItemID=17785&UrlList= . 14 Mt from 1 M ha; 30% collected; targets. Type: gov (ministry news).,Làm sao tiêu thụ hết 14 triệu tấn rơm rạ từ một triệu hecta,Kim Anh,8 Apr 2025,https://mae.gov.vn/SMPT_Publishing_UC/KhaiThac/TinTuc/pInTinTuc.aspx?ItemID=17785&UrlList=,,gov/statistics,2026-09-24,Type as given: gov (ministry news),wave4,wave3/next_gen_feedstocks/next_gen_feedstocks.md
NGF-05,NGF,NEXT_GEN_FEEDSTOCKS,"Hung, N.V., Maguyon-Detras, M.C., Migo-Sumagang, M.V. and others (2020). Rice Straw Overview: Availability, Properties, and Management Practices. In Gummert, M., Hung, N.V., Chivenge, P., Douthwaite, B. (eds.), Sustainable Rice Straw Management, Springer. doi 10.1007/978-3-030-32373-8_1. Composition; mushroom yield and profit; soil-incorporation emissions. Type: peer-reviewed book chapter (excerpts).","Rice Straw Overview: Availability, Properties, and Management Practices","Hung, N.V., Maguyon-Detras, M.C., Migo-Sumagang, M.V. and others",2020,https://doi.org/10.1007/978-3-030-32373-8_1,10.1007/978-3-030-32373-8_1,peer-reviewed,2026-09-24,Type as given: peer-reviewed book chapter (excerpts),wave4,wave3/next_gen_feedstocks/next_gen_feedstocks.md
NGF-06,NGF,NEXT_GEN_FEEDSTOCKS,"Chen, X., Shekiro, J., Pschorn, T. and others (2015). Techno-economic analysis of the deacetylation and disk refining process. Biotechnology for Biofuels 8: 173. doi 10.1186/s13068-015-0358-0. MSSP USD 0.191 to 0.212 per lb. Type: peer-reviewed (abstract).",Techno-economic analysis of the deacetylation and disk refining process,"Chen, X., Shekiro, J., Pschorn, T. and others",2015,https://doi.org/10.1186/s13068-015-0358-0,10.1186/s13068-015-0358-0,peer-reviewed,2026-09-24,Type as given: peer-reviewed (abstract),wave4,wave3/next_gen_feedstocks/next_gen_feedstocks.md
NGF-07,NGF,NEXT_GEN_FEEDSTOCKS,"Ou, L., Dou, C., Yu, J.H. and others (2021). Techno-economic analysis of sugar production from lignocellulosic biomass with utilization of hemicellulose and lignin for high-value co-products. Biofuels, Bioproducts and Biorefining 15(2): 404-415. doi 10.1002/bbb.2170. MSSP USD 446; 342 to 347 per t. Type: peer-reviewed (abstract).",Techno-economic analysis of sugar production from lignocellulosic biomass with utilization of hemicellulose and lignin for high-value co-products,"Ou, L., Dou, C., Yu, J.H. and others",2021,https://doi.org/10.1002/bbb.2170,10.1002/bbb.2170,peer-reviewed,2026-09-24,Type as given: peer-reviewed (abstract),wave4,wave3/next_gen_feedstocks/next_gen_feedstocks.md
NGF-08,NGF,NEXT_GEN_FEEDSTOCKS,"Baral, P., Munagala, M., Shastri, Y., Kumar, V., Agrawal, D. (2021). Cost reduction approaches for fermentable sugar production from sugarcane bagasse and its impact on techno-economics and the environment. Cellulose 28: 6305-6322. doi 10.1007/s10570-021-03940-5. USD 1.32 per kg sugar; 1.57 kg CO2e per kg. Type: peer-reviewed (abstract).",Cost reduction approaches for fermentable sugar production from sugarcane bagasse and its impact on techno-economics and the environment,"Baral, P., Munagala, M., Shastri, Y., Kumar, V., Agrawal, D.",2021,https://doi.org/10.1007/s10570-021-03940-5,10.1007/s10570-021-03940-5,peer-reviewed,2026-09-24,Type as given: peer-reviewed (abstract),wave4,wave3/next_gen_feedstocks/next_gen_feedstocks.md
NGF-09,NGF,NEXT_GEN_FEEDSTOCKS,"Benova, D., Mares, K., Hutla, P. and others (2021). Energy Potential of Agri Residual Biomass in Southeast Asia with the Focus on Vietnam. Agronomy 11(1): 169. doi 10.3390/agronomy11010169. Residue ratios (straw 2.2, bagasse 0.3, trash 0.2). Type: peer-reviewed.",Energy Potential of Agri Residual Biomass in Southeast Asia with the Focus on Vietnam,"Benova, D., Mares, K., Hutla, P. and others",2021,https://doi.org/10.3390/agronomy11010169,10.3390/agronomy11010169,peer-reviewed,2026-09-24,Type as given: peer-reviewed,wave4,wave3/next_gen_feedstocks/next_gen_feedstocks.md
NGF-10,NGF,NEXT_GEN_FEEDSTOCKS,"Informist Media (27 Nov 2024). Govt's 2G ethanol plans in limbo as sole IOC Panipat plant lies inactive. https://informistmedia.com/MoneyWire/22664/Ethanol-Plans-Govt-s-2G-ethanol-plans-in-limbo-as-sole-IOC-Panipat-plant-lies-inactive . Design, problems, paused plants. Type: press.",Govt's 2G ethanol plans in limbo as sole IOC Panipat plant lies inactive,Informist Media,27 Nov 2024,https://informistmedia.com/MoneyWire/22664/Ethanol-Plans-Govt-s-2G-ethanol-plans-in-limbo-as-sole-IOC-Panipat-plant-lies-inactive,,press,2026-09-24,Type as given: press,wave4,wave3/next_gen_feedstocks/next_gen_feedstocks.md
NGF-11,NGF,NEXT_GEN_FEEDSTOCKS,"ChiniMandi (2026, reporting a Lok Sabha answer; exact date not shown in the extract). India's first 2G ethanol plant at Panipat costs INR 984 crore, government tells Lok Sabha. https://www.chinimandi.com/indias-first-2g-ethanol-plant-at-panipat-costs-%E2%82%B9984-crore-government-tells-lok-sabha/ . Cost; 62% use in December 2025; silica and moisture issues. Type: press (reporting a parliamentary answer).","India's first 2G ethanol plant at Panipat costs INR 984 crore, government tells Lok Sabha",ChiniMandi,2026,https://www.chinimandi.com/indias-first-2g-ethanol-plant-at-panipat-costs-%E2%82%B9984-crore-government-tells-lok-sabha/,,press,2026-09-24,Type as given: press (reporting a parliamentary answer),wave4,wave3/next_gen_feedstocks/next_gen_feedstocks.md
NGF-12,NGF,NEXT_GEN_FEEDSTOCKS,IRENA and Methanol Institute (2021). Innovation Outlook: Renewable Methanol. https://www.irena.org/-/media/Files/IRENA/Agency/Publication/2021/Jan/IRENA_Innovation_Renewable_Methanol_2021.pdf . Bio- and e-methanol costs now and in 2050. Type: intergovernmental.,Innovation Outlook: Renewable Methanol,IRENA and Methanol Institute,2021,https://www.irena.org/-/media/Files/IRENA/Agency/Publication/2021/Jan/IRENA_Innovation_Renewable_Methanol_2021.pdf,,gov/statistics,2026-09-24,Type as given: intergovernmental,wave4,wave3/next_gen_feedstocks/next_gen_feedstocks.md
NGF-13,NGF,NEXT_GEN_FEEDSTOCKS,"Meng, J., Liu, S., Gao, L., Hong, K., Liu, S., Wu, X. (2023). Economical production of Pichia pastoris single cell protein from methanol at industrial pilot scale. Microbial Cell Factories 22: 198. doi 10.1186/s12934-023-02198-9. 0.43 g DCW per g methanol; 50.6% protein; 33 C. Type: peer-reviewed (abstract).",Economical production of Pichia pastoris single cell protein from methanol at industrial pilot scale,"Meng, J., Liu, S., Gao, L., Hong, K., Liu, S., Wu, X.",2023,https://doi.org/10.1186/s12934-023-02198-9,10.1186/s12934-023-02198-9,peer-reviewed,2026-09-24,Type as given: peer-reviewed (abstract),wave4,wave3/next_gen_feedstocks/next_gen_feedstocks.md
NGF-14,NGF,NEXT_GEN_FEEDSTOCKS,"European Union. Regulation (EC) No 767/2009 on the placing on the market and use of feed, consolidated text of 26 Dec 2018, Annex III Chapter 1 and footnote 9. https://eur-lex.europa.eu/legal-content/EN/TXT/HTML/?uri=CELEX:02009R0767-20181226 (read through the browser fallback). Type: law.","Regulation (EC) No 767/2009 on the placing on the market and use of feed, consolidated text of 26 Dec 2018, Annex III Chapter 1 and footnote 9",European Union,26 Dec 2018,https://eur-lex.europa.eu/legal-content/EN/TXT/HTML/?uri=CELEX:02009R0767-20181226,,law,2026-09-24,Type as given: law,wave4,wave3/next_gen_feedstocks/next_gen_feedstocks.md
NGF-15,NGF,NEXT_GEN_FEEDSTOCKS,"Jusakulvijit, P., Bezama, A., Thran, D. (2021). The Availability and Assessment of Potential Agricultural Residues for the Regional Development of Second-Generation Bioethanol in Thailand. Waste and Biomass Valorization 12. doi 10.1007/s12649-021-01424-y. 174.1 Mt residues; straw ratio 0.7 to 1.4. Type: peer-reviewed (excerpts).",The Availability and Assessment of Potential Agricultural Residues for the Regional Development of Second-Generation Bioethanol in Thailand,"Jusakulvijit, P., Bezama, A., Thran, D.",2021,https://doi.org/10.1007/s12649-021-01424-y,10.1007/s12649-021-01424-y,peer-reviewed,2026-09-24,Type as given: peer-reviewed (excerpts),wave4,wave3/next_gen_feedstocks/next_gen_feedstocks.md
NGF-16,NGF,NEXT_GEN_FEEDSTOCKS,"Global Green Chemicals (11 Aug 2021). GGC and KTIS continue on the second phase construction of ""Nakhonsawan BioComplex"" project. https://www.ggcplc.com/en/newsroom/press-releases/162/ggc-and-ktis-continue-on-the-second-phase-construction-of-nakhonsawan-biocomplex-project-after-natureworks-llc-decided-to-invest-in-a-bioplastic-manufacturing-factory . Phase 2 scope. Type: company.",GGC and KTIS continue on the second phase construction of Nakhonsawan BioComplex project,Global Green Chemicals,11 Aug 2021,https://www.ggcplc.com/en/newsroom/press-releases/162/ggc-and-ktis-continue-on-the-second-phase-construction-of-nakhonsawan-biocomplex-project-after-natureworks-llc-decided-to-invest-in-a-bioplastic-manufacturing-factory,,company,2026-09-24,Type as given: company,wave4,wave3/next_gen_feedstocks/next_gen_feedstocks.md
NGF-17,NGF,NEXT_GEN_FEEDSTOCKS,"AgFunderNews (3 Jun 2025). Enifer to make mycoprotein in Brazil from corn ethanol side streams. https://agfundernews.com/enifer-partners-with-ethanol-giant-fs-for-mycoprotein-production-in-brazil . Plant sizes, feedstocks, PEKILO history. Type: press (company claims).",Enifer to make mycoprotein in Brazil from corn ethanol side streams,AgFunderNews,3 Jun 2025,https://agfundernews.com/enifer-partners-with-ethanol-giant-fs-for-mycoprotein-production-in-brazil,,press,2026-09-24,Type as given: press (company claims),wave4,wave3/next_gen_feedstocks/next_gen_feedstocks.md
NGF-18,NGF,NEXT_GEN_FEEDSTOCKS,National Statistics Office (9 Apr 2026). Chuyển đổi cơ cấu cây trồng trên đất lúa vụ đông xuân năm 2026: những kết quả tích cực. https://www.nso.gov.vn/du-lieu-va-so-lieu-thong-ke/2026/04/chuyen-doi-co-cau-cay-trong-tren-dat-lua-vu-dong-xuan-nam-2026-nhung-ket-qua-tich-cuc/ . Rice-land conversion by use. Type: gov statistics.,Chuyển đổi cơ cấu cây trồng trên đất lúa vụ đông xuân năm 2026: những kết quả tích cực,National Statistics Office,9 Apr 2026,https://www.nso.gov.vn/du-lieu-va-so-lieu-thong-ke/2026/04/chuyen-doi-co-cau-cay-trong-tren-dat-lua-vu-dong-xuan-nam-2026-nhung-ket-qua-tich-cuc/,,gov/statistics,2026-09-24,Type as given: gov statistics,wave4,wave3/next_gen_feedstocks/next_gen_feedstocks.md
NGF-19,NGF,NEXT_GEN_FEEDSTOCKS,"Báo Chính phủ (12 Sep 2024). Quy định mới về chuyển đổi cơ cấu cây trồng, vật nuôi trên đất trồng lúa (Decree 112/2024/ND-CP). https://baochinhphu.vn/quy-dinh-moi-ve-chuyen-doi-co-cau-cay-trong-vat-nuoi-tren-dat-trong-lua-102240912111455559.htm . Type: gov (secondary reading of a decree).","Quy định mới về chuyển đổi cơ cấu cây trồng, vật nuôi trên đất trồng lúa (Decree 112/2024/ND-CP)",Báo Chính phủ,12 Sep 2024,https://baochinhphu.vn/quy-dinh-moi-ve-chuyen-doi-co-cau-cay-trong-vat-nuoi-tren-dat-trong-lua-102240912111455559.htm,,gov/statistics,2026-09-24,Type as given: gov (secondary reading of a decree),wave4,wave3/next_gen_feedstocks/next_gen_feedstocks.md
NGF-20,NGF,NEXT_GEN_FEEDSTOCKS,"Prime Minister. Decision 1177/QD-TTg (30 Jun 2026) adjusting the national land use plan, re-read for the changes in agricultural and non-agricultural land against Resolution 39/2021. Same URL as NTS-15. Type: law (plan).","Decision 1177/QD-TTg (30 Jun 2026) adjusting the national land use plan, re-read for the changes in agricultural and non-agricultural land against Resolution 39/2021",Prime Minister,30 Jun 2026,,,law,2026-09-24,Type as given: law (plan),wave4,wave3/next_gen_feedstocks/next_gen_feedstocks.md
NGF-21,NGF,NEXT_GEN_FEEDSTOCKS,"Islam, M.R., Garcia, S.C., Sarker, N.R., Islam, M.A., Clark, C.E.F. (2023). Napier grass (Pennisetum purpureum Schum) management strategies for dairy and meat production in the tropics and subtropics: yield and nutritive value. Frontiers in Plant Science 14: 1269976. doi 10.3389/fpls.2023.1269976. Type: peer-reviewed (abstract).",Napier grass (Pennisetum purpureum Schum) management strategies for dairy and meat production in the tropics and subtropics: yield and nutritive value,"Islam, M.R., Garcia, S.C., Sarker, N.R., Islam, M.A., Clark, C.E.F.",2023,https://doi.org/10.3389/fpls.2023.1269976,10.3389/fpls.2023.1269976,peer-reviewed,2026-09-24,Type as given: peer-reviewed (abstract),wave4,wave3/next_gen_feedstocks/next_gen_feedstocks.md
NGF-22,NGF,NEXT_GEN_FEEDSTOCKS,"Devlamynck, R., Fernandes de Souza, M., Michels, E. and others (2021). Agronomic and Environmental Performance of Lemna minor Cultivated on Agricultural Wastewater Streams: A Practical Approach. Sustainability 13(3): 1570. doi 10.3390/su13031570. Type: peer-reviewed (abstract).",Agronomic and Environmental Performance of Lemna minor Cultivated on Agricultural Wastewater Streams: A Practical Approach,"Devlamynck, R., Fernandes de Souza, M., Michels, E. and others",2021,https://doi.org/10.3390/su13031570,10.3390/su13031570,peer-reviewed,2026-09-24,Type as given: peer-reviewed (abstract),wave4,wave3/next_gen_feedstocks/next_gen_feedstocks.md
NGF-23,NGF,NEXT_GEN_FEEDSTOCKS,"Roman, B., Brennan, R.A., Lambert, J.D. (2021). Duckweed protein supports the growth and organ development of mice: a feeding study comparison to conventional casein protein. Journal of Food Science. doi 10.1111/1750-3841.15635. Claim of 5 to 10 times crop protein yields. Type: peer-reviewed (abstract claim).",Duckweed protein supports the growth and organ development of mice: a feeding study comparison to conventional casein protein,"Roman, B., Brennan, R.A., Lambert, J.D.",2021,https://doi.org/10.1111/1750-3841.15635,10.1111/1750-3841.15635,peer-reviewed,2026-09-24,Type as given: peer-reviewed (abstract claim),wave4,wave3/next_gen_feedstocks/next_gen_feedstocks.md
NGF-24,NGF,NEXT_GEN_FEEDSTOCKS,"Lerdlattaporn, R., Phalakornkule, C., Trakulvichean, S. and others (2020). Implementing Circular Economy Concept by Converting Cassava Pulp and Wastewater to Biogas for Sustainable Production in Starch Industry. Research Square preprint. doi 10.21203/rs.3.rs-103700/v1. Plant data (6,560 m3 per day; COD 12,184 mg per L; biogas); Thai national biogas 2014; COD range. Type: preprint (excerpts).",Implementing Circular Economy Concept by Converting Cassava Pulp and Wastewater to Biogas for Sustainable Production in Starch Industry,"Lerdlattaporn, R., Phalakornkule, C., Trakulvichean, S. and others",2020,https://doi.org/10.21203/rs.3.rs-103700/v1,10.21203/rs.3.rs-103700/v1,peer-reviewed,2026-09-24,Type as given: preprint (excerpts),wave4,wave3/next_gen_feedstocks/next_gen_feedstocks.md
NGF-25,NGF,NEXT_GEN_FEEDSTOCKS,"Zhu, W., Lestander, T.A., Orberg, H. and others (2015, online 2013). Cassava stems: a new resource to increase food and fuel production. GCB Bioenergy 7(1): 72-83. doi 10.1111/gcbb.12112. Type: peer-reviewed (abstract).",Cassava stems: a new resource to increase food and fuel production,"Zhu, W., Lestander, T.A., Orberg, H. and others",2015,https://doi.org/10.1111/gcbb.12112,10.1111/gcbb.12112,peer-reviewed,2026-09-24,Type as given: peer-reviewed (abstract),wave4,wave3/next_gen_feedstocks/next_gen_feedstocks.md
NGF-26,NGF,NEXT_GEN_FEEDSTOCKS,"Wei, M., Zhu, W., Xie, H., Lestander, T.A., Xiong, S. (2015). Cassava stem wastes as potential feedstock for fuel ethanol production: a basic parameter study. Renewable Energy 83: 970-978. doi 10.1016/j.renene.2015.05.054. Type: peer-reviewed (abstract).",Cassava stem wastes as potential feedstock for fuel ethanol production: a basic parameter study,"Wei, M., Zhu, W., Xie, H., Lestander, T.A., Xiong, S.",2015,https://doi.org/10.1016/j.renene.2015.05.054,10.1016/j.renene.2015.05.054,peer-reviewed,2026-09-24,Type as given: peer-reviewed (abstract),wave4,wave3/next_gen_feedstocks/next_gen_feedstocks.md
NGF-27,NGF,NEXT_GEN_FEEDSTOCKS,"Kaewwinud, N., Khokhajaikiat, P., Boonma, A. (2017). Effect of moisture and region of cut on cassava stalk properties in biomass applications. Research in Agricultural Engineering 63(1): 23-28. doi 10.17221/70/2015-rae. 30% of stalks kept for planting (citing FAO 2008). Type: peer-reviewed (abstract).",Effect of moisture and region of cut on cassava stalk properties in biomass applications,"Kaewwinud, N., Khokhajaikiat, P., Boonma, A.",2017,https://doi.org/10.17221/70/2015-rae,10.17221/70/2015-rae,peer-reviewed,2026-09-24,Type as given: peer-reviewed (abstract),wave4,wave3/next_gen_feedstocks/next_gen_feedstocks.md
NGF-28,NGF,NEXT_GEN_FEEDSTOCKS,"Ngan, D.T.M., Ghi, T.N., Tien, H.V. (2024). Drivers of Food Waste Habits at Household Level in Vietnam. International Journal of Sustainable Development and Planning 19(7). doi 10.18280/ijsdp.190713. Cites UNEP Food Waste Index 2021: 76 kg per person per year. Type: peer-reviewed (citation snippet).",Drivers of Food Waste Habits at Household Level in Vietnam,"Ngan, D.T.M., Ghi, T.N., Tien, H.V.",2024,https://doi.org/10.18280/ijsdp.190713,10.18280/ijsdp.190713,peer-reviewed,2026-09-24,Type as given: peer-reviewed (citation snippet),wave4,wave3/next_gen_feedstocks/next_gen_feedstocks.md
NGF-29,NGF,NEXT_GEN_FEEDSTOCKS,"Prayitno, P., Rulianah, S. (2022). Production of biogas using AnF2B reactor from cassava starch wastewater with consortium bacteria as biocatalyst. IOP Conference Series: Earth and Environmental Science 969: 012003. doi 10.1088/1755-1315/969/1/012003. COD 7,000 to 30,000 mg per L. Type: conference paper.",Production of biogas using AnF2B reactor from cassava starch wastewater with consortium bacteria as biocatalyst,"Prayitno, P., Rulianah, S.",2022,https://doi.org/10.1088/1755-1315/969/1/012003,10.1088/1755-1315/969/1/012003,peer-reviewed,2026-09-24,Type as given: conference paper,wave4,wave3/next_gen_feedstocks/next_gen_feedstocks.md
NGF-30,NGF,NEXT_GEN_FEEDSTOCKS,"Ninh Binh rural development coordination office (31 May 2019). Sử dụng thức ăn thừa để chăn nuôi lợn, nguy cơ lây lan dịch bệnh cao. https://vpdpnongthonmoi.ninhbinh.gov.vn/nha-nong-can-biet/su-dung-thuc-an-thua-de-chan-nuoi-lon-nguy-co-lay-lan-dich-benh-cao-243.html . Veterinary Department advice; no legal ban. Type: gov (provincial).","Sử dụng thức ăn thừa để chăn nuôi lợn, nguy cơ lây lan dịch bệnh cao",Ninh Binh rural development coordination office,31 May 2019,https://vpdpnongthonmoi.ninhbinh.gov.vn/nha-nong-can-biet/su-dung-thuc-an-thua-de-chan-nuoi-lon-nguy-co-lay-lan-dich-benh-cao-243.html,,gov/statistics,2026-09-24,Type as given: gov (provincial),wave4,wave3/next_gen_feedstocks/next_gen_feedstocks.md
NGF-31,NGF,NEXT_GEN_FEEDSTOCKS,Nông nghiệp và Môi trường (30 Jun 2026). Nhiên liệu xanh đưa nông nghiệp vào chuỗi giá trị mới. https://nongnghiepmoitruong.vn/nhien-lieu-xanh-dua-nong-nghiep-vao-chuoi-gia-tri-moi-d819098.html . E10 rollout; E15 and E20; residues as future feedstock; enzyme cost. Type: press (ministry-affiliated).,Nhiên liệu xanh đưa nông nghiệp vào chuỗi giá trị mới,Nông nghiệp và Môi trường,30 Jun 2026,https://nongnghiepmoitruong.vn/nhien-lieu-xanh-dua-nong-nghiep-vao-chuoi-gia-tri-moi-d819098.html,,press,2026-09-24,Type as given: press (ministry-affiliated),wave4,wave3/next_gen_feedstocks/next_gen_feedstocks.md
NGF-32,NGF,NEXT_GEN_FEEDSTOCKS,Tạp chí Công Thương (29 Mar 2017). Bài toán nguyên liệu cho sản xuất cồn ethanol. https://tapchicongthuong.vn/bai-toan-nguyen-lieu-cho-san-xuat-con-ethanol-46864.htm . 2G ethanol potential 10.9 billion litres. Type: press (MOIT journal).,Bài toán nguyên liệu cho sản xuất cồn ethanol,Tạp chí Công Thương,29 Mar 2017,https://tapchicongthuong.vn/bai-toan-nguyen-lieu-cho-san-xuat-con-ethanol-46864.htm,,press,2026-09-24,Type as given: press (MOIT journal),wave4,wave3/next_gen_feedstocks/next_gen_feedstocks.md
NGF-33,NGF,NEXT_GEN_FEEDSTOCKS,C&EN (December 2023). Clariant is latest firm to pull out of cellulosic ethanol. https://cen.acs.org/business/biobased-chemicals/Clariant-latest-firm-pull-cellulosic/101/web/2023/12 . Podari capacity and cost; earlier exits. Type: trade press.,Clariant is latest firm to pull out of cellulosic ethanol,C&EN,December 2023,https://cen.acs.org/business/biobased-chemicals/Clariant-latest-firm-pull-cellulosic/101/web/2023/12,,press,2026-09-24,Type as given: trade press,wave4,wave3/next_gen_feedstocks/next_gen_feedstocks.md
NGF-34,NGF,NEXT_GEN_FEEDSTOCKS,Clariant (6 Dec 2023). Clariant shuts its sunliquid bioethanol plant in Romania. https://www.clariant.com/en/Corporate/News/2023/12/Clariant-shuts-its-sunliquid-bioethanol-plant-in-Romania . Reasons; CHF 110 M impairment. Type: company.,Clariant shuts its sunliquid bioethanol plant in Romania,Clariant,6 Dec 2023,https://www.clariant.com/en/Corporate/News/2023/12/Clariant-shuts-its-sunliquid-bioethanol-plant-in-Romania,,company,2026-09-24,Type as given: company,wave4,wave3/next_gen_feedstocks/next_gen_feedstocks.md
NGF-35,NGF,NEXT_GEN_FEEDSTOCKS,"van der Kley, D. (January 2026). China publishes model project list for ""Non-Grain Bio-based Materials Industry"". Substack newsletter. https://dirkvanderkley.substack.com/p/china-publishes-model-project-list . Summary of the MIIT and MARA list. Type: secondary analysis (newsletter).",China publishes model project list for Non-Grain Bio-based Materials Industry,"van der Kley, D.",January 2026,https://dirkvanderkley.substack.com/p/china-publishes-model-project-list,,press,2026-09-24,Type as given: secondary analysis (newsletter),wave4,wave3/next_gen_feedstocks/next_gen_feedstocks.md
NGF-36,NGF,NEXT_GEN_FEEDSTOCKS,"Diep, N.Q., Sakanishi, K., Nakagoshi, N., Fujimoto, S., Minowa, T. (2015). Potential for rice straw ethanol production in the Mekong Delta, Vietnam. Renewable Energy 74: 456-463. doi 10.1016/j.renene.2014.08.051. Lead only (closed access). Type: peer-reviewed.","Potential for rice straw ethanol production in the Mekong Delta, Vietnam","Diep, N.Q., Sakanishi, K., Nakagoshi, N., Fujimoto, S., Minowa, T.",2015,https://doi.org/10.1016/j.renene.2014.08.051,10.1016/j.renene.2014.08.051,peer-reviewed,2026-09-24,Type as given: peer-reviewed | Access problem noted in citation,wave4,wave3/next_gen_feedstocks/next_gen_feedstocks.md
NGF-37,NGF,NEXT_GEN_FEEDSTOCKS,"Nguyen, T.H., Doan, Q.V., Khan, A. and others (2024). The potential of agricultural and livestock wastes as a source of biogas in Vietnam: energetic, economic and environmental evaluation. Renewable and Sustainable Energy Reviews 199: 114440. doi 10.1016/j.rser.2024.114440. Lead only (closed access). Type: peer-reviewed.","The potential of agricultural and livestock wastes as a source of biogas in Vietnam: energetic, economic and environmental evaluation","Nguyen, T.H., Doan, Q.V., Khan, A. and others",2024,https://doi.org/10.1016/j.rser.2024.114440,10.1016/j.rser.2024.114440,peer-reviewed,2026-09-24,Type as given: peer-reviewed | Access problem noted in citation,wave4,wave3/next_gen_feedstocks/next_gen_feedstocks.md
NGF-38,NGF,NEXT_GEN_FEEDSTOCKS,"Ding, K., Liu, D., Chen, X. and others (2024). Scalable lignocellulosic biorefineries: technoeconomic review for efficient fermentable sugars production. Renewable and Sustainable Energy Reviews 202: 114692. doi 10.1016/j.rser.2024.114692. Lead only (closed access). Type: peer-reviewed review.",Scalable lignocellulosic biorefineries: technoeconomic review for efficient fermentable sugars production,"Ding, K., Liu, D., Chen, X. and others",2024,https://doi.org/10.1016/j.rser.2024.114692,10.1016/j.rser.2024.114692,peer-reviewed,2026-09-24,Type as given: peer-reviewed review | Access problem noted in citation,wave4,wave3/next_gen_feedstocks/next_gen_feedstocks.md
NGF-39,NGF,NEXT_GEN_FEEDSTOCKS,"Người Lao Động, via Tuổi Trẻ (15 Sep 2025). Tiềm năng phát điện từ khí sinh học. https://tuoitre.vn/nld/tiem-nang-phat-dien-tu-khi-sinh-hoc-196250914210402823.htm . No national biogas figure; large farms over 21% of the herd in Thanh Hoa; generator cost about USD 2,000 per kW. Type: press.",Tiềm năng phát điện từ khí sinh học,"Người Lao Động, via Tuổi Trẻ",15 Sep 2025,https://tuoitre.vn/nld/tiem-nang-phat-dien-tu-khi-sinh-hoc-196250914210402823.htm,,press,2026-09-24,Type as given: press,wave4,wave3/next_gen_feedstocks/next_gen_feedstocks.md
NGF-calc,NGF,NEXT_GEN_FEEDSTOCKS,"AltProtein Vietnam NGF arithmetic (this work): ngf_calc.py, 24 September 2026. Type: our estimate.","AltProtein Vietnam NGF arithmetic (this work): ngf_calc.py, 24 September 2026",AltProtein Vietnam,24 September 2026,,,other,2026-09-24,Type as given: our estimate,wave4,wave3/next_gen_feedstocks/next_gen_feedstocks.md
AQF-01,AQF,AQUACULTURE_FUTURES,"Prime Minister. Quyết định 1664/QĐ-TTg phê duyệt Đề án phát triển nuôi trồng thủy sản trên biển đến năm 2030, tầm nhìn đến năm 2045. 4 Oct 2021. https://thuvienphapluat.vn/van-ban/Tai-nguyen-Moi-truong/Quyet-dinh-1664-QD-TTg-2021-phe-duyet-De-an-phat-trien-nuoi-trong-thuy-san-tren-bien-den-2030-490005.aspx . Marine aquaculture targets 2025 and 2030 by species and inshore or offshore; 2045 vision. Type: law.","Quyết định 1664/QĐ-TTg phê duyệt Đề án phát triển nuôi trồng thủy sản trên biển đến năm 2030, tầm nhìn đến năm 2045",Prime Minister,4 Oct 2021,https://thuvienphapluat.vn/van-ban/Tai-nguyen-Moi-truong/Quyet-dinh-1664-QD-TTg-2021-phe-duyet-De-an-phat-trien-nuoi-trong-thuy-san-tren-bien-den-2030-490005.aspx,,law,2026-09-24,Type as given: law,wave4,wave3/aquaculture_futures/aquaculture_futures.md
AQF-02,AQF,AQUACULTURE_FUTURES,"OECD and FAO. OECD-FAO Agricultural Outlook 2026-2035, SDMX API, dataflow OECD.TAD.ATM DSD_AGR@DF_OUTLOOK_2026_2035 version 1.1. June 2026. Queries: .../VNM.A.CPC_EX_AC+CPC_21233+CPC_04.QP+QC+FE+EX+IM.., .../W+PER+CHN.A.CPC_21233.QP.., .../W.A.CPC_21525+CPC_EX_AC+CPC_04.QP.., .../VNM.A.CPC_0141+CPC_0112.QP+YLD+AH+IM.. at https://sdmx.oecd.org/public/rest/data/OECD.TAD.ATM,DSD_AGR@DF_OUTLOOK_2026_2035,1.1/ . Aquaculture, fish, fishmeal, fish oil, soybean and maize projections. Type: intergovernmental model projection.","OECD-FAO Agricultural Outlook 2026-2035, SDMX API, dataflow OECD.TAD.ATM DSD_AGR@DF_OUTLOOK_2026_2035 version 1.1",OECD and FAO,June 2026,"https://sdmx.oecd.org/public/rest/data/OECD.TAD.ATM,DSD_AGR@DF_OUTLOOK_2026_2035,1.1/",,gov/statistics,2026-09-24,Type as given: intergovernmental model projection,wave4,wave3/aquaculture_futures/aquaculture_futures.md
AQF-03,AQF,AQUACULTURE_FUTURES,"FAO. ""SOFIA 2026: Global fisheries and aquaculture production reaches new highs."" 16 Jun 2026. https://www.fao.org/newsroom/detail/sofia-2026--global-fisheries-and-aquaculture-production-reaches-new-highs/en . 2024 production and 2034 projection. Type: intergovernmental.",SOFIA 2026: Global fisheries and aquaculture production reaches new highs,FAO,16 Jun 2026,https://www.fao.org/newsroom/detail/sofia-2026--global-fisheries-and-aquaculture-production-reaches-new-highs/en,,gov/statistics,2026-09-24,Type as given: intergovernmental,wave4,wave3/aquaculture_futures/aquaculture_futures.md
AQF-04,AQF,AQUACULTURE_FUTURES,"IFFO, The Marine Ingredients Organisation. ""Update on by-product marine ingredients."" March 2026. https://www.iffo.com/by-product . By-product shares of fishmeal and fish oil; pangasius shares; 12 Mt uncollected. Type: industry association.",Update on by-product marine ingredients,"IFFO, The Marine Ingredients Organisation",March 2026,https://www.iffo.com/by-product,,other,2026-09-24,Type as given: industry association,wave4,wave3/aquaculture_futures/aquaculture_futures.md
AQF-05,AQF,AQUACULTURE_FUTURES,"Edwards, P., Le Anh Tuan and Allan, G.L. (2004). A survey of marine trash fish and fish meal as aquaculture feed ingredients in Vietnam. ACIAR Working Paper 57. https://www.aciar.gov.au/sites/default/files/legacy/node/554/wp57.pdf (doi 10.22004/ag.econ.118373). Trash-fish volumes, uses and FCRs, 2001 to 2002. Type: research report.",A survey of marine trash fish and fish meal as aquaculture feed ingredients in Vietnam,"Edwards, P., Le Anh Tuan and Allan, G.L.",2004,https://www.aciar.gov.au/sites/default/files/legacy/node/554/wp57.pdf,10.22004/ag.econ.118373,other,2026-09-24,Type as given: research report,wave4,wave3/aquaculture_futures/aquaculture_futures.md
AQF-06,AQF,AQUACULTURE_FUTURES,"Leadbitter, D. (2019). Driving change in South East Asian trawl fisheries, fishmeal supply, and aquafeed. IFFO and Global Aquaculture Alliance, August 2019. https://www.iffo.com/system/files/downloads/Full%20Report%20on%20South%20East%20Asia.pdf . Vietnam trawler numbers, fishmeal factories and capacity. Type: industry-commissioned report.","Driving change in South East Asian trawl fisheries, fishmeal supply, and aquafeed","Leadbitter, D.",2019,https://www.iffo.com/system/files/downloads/Full%20Report%20on%20South%20East%20Asia.pdf,,other,2026-09-24,Type as given: industry-commissioned report,wave4,wave3/aquaculture_futures/aquaculture_futures.md
AQF-07,AQF,AQUACULTURE_FUTURES,"Mariculture in Southern Central Region, Vietnam: Status and Orientation Toward Sustainable Development. Journal of Agriculture and Ecology Research International, 2021. doi 10.9734/jaeri/2021/v22i530200 (authors not captured in our retrieval; excerpt via Scite). Share of stakeholders using trash fish and pellets; lobster FCR. Type: peer-reviewed (open-access journal of mixed reputation).","Mariculture in Southern Central Region, Vietnam: Status and Orientation Toward Sustainable Development",Journal of Agriculture and Ecology Research International,2021,https://doi.org/10.9734/jaeri/2021/v22i530200,10.9734/jaeri/2021/v22i530200,peer-reviewed,2026-09-24,Type as given: peer-reviewed (open-access journal of mixed reputation),wave4,wave3/aquaculture_futures/aquaculture_futures.md
AQF-08,AQF,AQUACULTURE_FUTURES,"Bioeconomics of mud crab, Scylla paramamosain, culture in Vietnam. Reviews in Aquaculture, 2013. doi 10.1111/j.1753-5131.2012.01073.x (authors not captured in our retrieval; excerpt via Scite). Trash-fish use and price by region. Type: peer-reviewed.","Bioeconomics of mud crab, Scylla paramamosain, culture in Vietnam",Reviews in Aquaculture,2013,https://doi.org/10.1111/j.1753-5131.2012.01073.x,10.1111/j.1753-5131.2012.01073.x,peer-reviewed,2026-09-24,Type as given: peer-reviewed,wave4,wave3/aquaculture_futures/aquaculture_futures.md
AQF-09,AQF,AQUACULTURE_FUTURES,"Tạp chí Thủy sản Việt Nam. ""Thức ăn cho nuôi thủy sản trên biển."" 9 Nov 2022. https://thuysanvietnam.com.vn/thuc-an-cho-nuoi-thuy-san-tren-bien/ . Marine-fish feed capacity and market shares. Type: trade press.",Thức ăn cho nuôi thủy sản trên biển,Tạp chí Thủy sản Việt Nam,9 Nov 2022,https://thuysanvietnam.com.vn/thuc-an-cho-nuoi-thuy-san-tren-bien/,,press,2026-09-24,Type as given: trade press,wave4,wave3/aquaculture_futures/aquaculture_futures.md
AQF-10,AQF,AQUACULTURE_FUTURES,"Khoa Thủy sản, Học viện Nông nghiệp Việt Nam (VNUA). ""Thực trạng và hướng phát triển bền vững nuôi cá biển."" 21 Oct 2024. https://khoathuysan.vnua.edu.vn/thuc-trang-va-huong-phat-trien-ben-vung-nuoi-ca-bien.html . Species, cage types, trash-fish use. Type: university.",Thực trạng và hướng phát triển bền vững nuôi cá biển,"Khoa Thủy sản, Học viện Nông nghiệp Việt Nam (VNUA)",21 Oct 2024,https://khoathuysan.vnua.edu.vn/thuc-trang-va-huong-phat-trien-ben-vung-nuoi-ca-bien.html,,other,2026-09-24,Type as given: university,wave4,wave3/aquaculture_futures/aquaculture_futures.md
AQF-11,AQF,AQUACULTURE_FUTURES,"VnEconomy. ""Phấn đấu sản lượng thủy sản nuôi biển đạt 1,4 triệu tấn vào năm 2030."" 12 May 2022. https://vneconomy.vn/phan-dau-san-luong-thuy-san-nuoi-bien-dat-1-4-trieu-tan-vao-nam-2030.htm . Marine aquaculture 2021. Type: press.","Phấn đấu sản lượng thủy sản nuôi biển đạt 1,4 triệu tấn vào năm 2030",VnEconomy,12 May 2022,https://vneconomy.vn/phan-dau-san-luong-thuy-san-nuoi-bien-dat-1-4-trieu-tan-vao-nam-2030.htm,,press,2026-09-24,Type as given: press,wave4,wave3/aquaculture_futures/aquaculture_futures.md
AQF-12,AQF,AQUACULTURE_FUTURES,"Báo Chính phủ. ""Đưa tôm hùm thành mặt hàng 'tỷ đô'."" 7 Jul 2026. https://baochinhphu.vn/dua-tom-hum-thanh-mat-hang-ty-do-102260707144128457.htm . Lobster exports 2025 and 2026. Type: government press.",Đưa tôm hùm thành mặt hàng 'tỷ đô',Báo Chính phủ,7 Jul 2026,https://baochinhphu.vn/dua-tom-hum-thanh-mat-hang-ty-do-102260707144128457.htm,,press,2026-09-24,Type as given: government press,wave4,wave3/aquaculture_futures/aquaculture_futures.md
AQF-13,AQF,AQUACULTURE_FUTURES,"Người Lao Động (Tuổi Trẻ). ""Khánh Hòa công bố đề án thí điểm nuôi biển công nghệ cao."" 7 Mar 2025. https://tuoitre.vn/nld/khanh-hoa-cong-bo-de-an-thi-diem-nuoi-bien-cong-nghe-cao-196250307155403262.htm . Decision 231/QD-TTg pilot. Type: press.",Khánh Hòa công bố đề án thí điểm nuôi biển công nghệ cao,Người Lao Động (Tuổi Trẻ),7 Mar 2025,https://tuoitre.vn/nld/khanh-hoa-cong-bo-de-an-thi-diem-nuoi-bien-cong-nghe-cao-196250307155403262.htm,,press,2026-09-24,Type as given: press,wave4,wave3/aquaculture_futures/aquaculture_futures.md
AQF-14,AQF,AQUACULTURE_FUTURES,"Báo Khánh Hòa. ""Vươn khơi nuôi biển, Kỳ 1: Thúc đẩy phát triển nuôi biển công nghệ cao."" 3 Sep 2025. https://baokhanhhoa.vn/phong-su/202509/vuon-khoi-nuoi-bien-ky-1thuc-day-phat-trien-nuoi-bien-cong-nghe-cao-88e692c/ . Offshore pilot at 6 nautical miles; typhoon losses. Type: provincial press.","Vươn khơi nuôi biển, Kỳ 1: Thúc đẩy phát triển nuôi biển công nghệ cao",Báo Khánh Hòa,3 Sep 2025,https://baokhanhhoa.vn/phong-su/202509/vuon-khoi-nuoi-bien-ky-1thuc-day-phat-trien-nuoi-bien-cong-nghe-cao-88e692c/,,press,2026-09-24,Type as given: provincial press,wave4,wave3/aquaculture_futures/aquaculture_futures.md
AQF-15,AQF,AQUACULTURE_FUTURES,"Prime Minister. Quyết định 389/QĐ-TTg Quy hoạch bảo vệ và khai thác nguồn lợi thủy sản thời kỳ 2021-2030, tầm nhìn đến năm 2050. 9 May 2024. https://thuvienphapluat.vn/van-ban/Tai-nguyen-Moi-truong/Quyet-dinh-389-QD-TTg-2024-Quy-hoach-bao-ve-khai-thac-nguon-loi-thuy-san-thoi-ky-2021-2030-609370.aspx . Fleet cap, gear mix, labour, MPAs. Type: law.","Quyết định 389/QĐ-TTg Quy hoạch bảo vệ và khai thác nguồn lợi thủy sản thời kỳ 2021-2030, tầm nhìn đến năm 2050",Prime Minister,9 May 2024,https://thuvienphapluat.vn/van-ban/Tai-nguyen-Moi-truong/Quyet-dinh-389-QD-TTg-2024-Quy-hoach-bao-ve-khai-thac-nguon-loi-thuy-san-thoi-ky-2021-2030-609370.aspx,,law,2026-09-24,Type as given: law,wave4,wave3/aquaculture_futures/aquaculture_futures.md
AQF-16,AQF,AQUACULTURE_FUTURES,"Tocher, D.R., Betancor, M.B., Sprague, M., Olsen, R.E. and Napier, J.A. (2019). Omega-3 long-chain polyunsaturated fatty acids, EPA and DHA: bridging the gap between supply and demand. Nutrients 11(1): 89. doi 10.3390/nu11010089. Global EPA plus DHA supply and gap; Veramaris; transgenic oilseeds. Type: peer-reviewed review.","Omega-3 long-chain polyunsaturated fatty acids, EPA and DHA: bridging the gap between supply and demand","Tocher, D.R., Betancor, M.B., Sprague, M., Olsen, R.E. and Napier, J.A.",2019,https://doi.org/10.3390/nu11010089,10.3390/nu11010089,peer-reviewed,2026-09-24,Type as given: peer-reviewed review,wave4,wave3/aquaculture_futures/aquaculture_futures.md
AQF-17,AQF,AQUACULTURE_FUTURES,"Cottrell, R.S., Blanchard, J.L., Halpern, B.S., Métian, M. and Froehlich, H.E. (2020). Global adoption of novel aquaculture feeds could substantially reduce forage fish demand by 2030. Nature Food 1: 301-308. doi 10.1038/s43016-020-0078-x. Title-level finding only; full text not readable. Type: peer-reviewed.",Global adoption of novel aquaculture feeds could substantially reduce forage fish demand by 2030,"Cottrell, R.S., Blanchard, J.L., Halpern, B.S., Métian, M. and Froehlich, H.E.",2020,https://doi.org/10.1038/s43016-020-0078-x,10.1038/s43016-020-0078-x,peer-reviewed,2026-09-24,Type as given: peer-reviewed | Access problem noted in citation,wave4,wave3/aquaculture_futures/aquaculture_futures.md
AQF-18,AQF,AQUACULTURE_FUTURES,"Vagner, M., Lacoue-Labarthe, T., Zambonino-Infante, J.-L. and others (2015). Depletion of essential fatty acids in the food source affects aerobic capacities of the golden grey mullet Liza aurata in a warming seawater context. PLoS ONE 10(6): e0126489. doi 10.1371/journal.pone.0126489. About 1% EPA plus DHA on dry matter as a standard marine-fish level. Type: peer-reviewed.",Depletion of essential fatty acids in the food source affects aerobic capacities of the golden grey mullet Liza aurata in a warming seawater context,"Vagner, M., Lacoue-Labarthe, T., Zambonino-Infante, J.-L. and others",2015,https://doi.org/10.1371/journal.pone.0126489,10.1371/journal.pone.0126489,peer-reviewed,2026-09-24,Type as given: peer-reviewed,wave4,wave3/aquaculture_futures/aquaculture_futures.md
AQF-19,AQF,AQUACULTURE_FUTURES,"Vo, L.L.G., Galkanda-Arachchige, H.S.C., Iassonova, D.R. and Davis, D.A. (2021). Efficacy of modified canola oil to replace fish oil in practical diets of Pacific white shrimp Litopenaeus vannamei. Aquaculture Research 52(6): 2446-2459. doi 10.1111/are.15094. Full fish-oil replacement in low-fishmeal diets. Type: peer-reviewed (one co-author from Cargill).",Efficacy of modified canola oil to replace fish oil in practical diets of Pacific white shrimp Litopenaeus vannamei,"Vo, L.L.G., Galkanda-Arachchige, H.S.C., Iassonova, D.R. and Davis, D.A.",2021,https://doi.org/10.1111/are.15094,10.1111/are.15094,peer-reviewed,2026-09-24,Type as given: peer-reviewed (one co-author from Cargill),wave4,wave3/aquaculture_futures/aquaculture_futures.md
AQF-20,AQF,AQUACULTURE_FUTURES,"VnEconomy. ""Ngành đậu tương có nhiều 'nút thắt' cần tháo gỡ."" 7 Nov 2024. https://vneconomy.vn/nganh-dau-tuong-co-nhieu-nut-that-can-thao-go.htm . Soybean area, yield, prices, proposal. Type: press.",Ngành đậu tương có nhiều 'nút thắt' cần tháo gỡ,VnEconomy,7 Nov 2024,https://vneconomy.vn/nganh-dau-tuong-co-nhieu-nut-that-can-thao-go.htm,,press,2026-09-24,Type as given: press,wave4,wave3/aquaculture_futures/aquaculture_futures.md
AQF-21,AQF,AQUACULTURE_FUTURES,"USDA Foreign Agricultural Service. Biotechnology and Other New Production Technologies Annual, Vietnam, VM2025-0045. 1 Dec 2025. https://apps.fas.usda.gov/newgainapi/api/Report/DownloadReportByFileName?fileName=Biotechnology+and+Other+New+Production+Technologies+Annual_Hanoi_Vietnam_VM2025-0045.pdf . GE approvals, GE maize area, gene editing. Type: government report.","Biotechnology and Other New Production Technologies Annual, Vietnam, VM2025-0045",USDA Foreign Agricultural Service,1 Dec 2025,https://apps.fas.usda.gov/newgainapi/api/Report/DownloadReportByFileName?fileName=Biotechnology+and+Other+New+Production+Technologies+Annual_Hanoi_Vietnam_VM2025-0045.pdf,,gov/statistics,2026-09-24,Type as given: government report,wave4,wave3/aquaculture_futures/aquaculture_futures.md
AQF-22,AQF,AQUACULTURE_FUTURES,"ISAAA Crop Biotech Update. ""Vietnam updates regulatory framework for agricultural biotechnology."" 29 Apr 2026, summarising USDA GAIN VM2026-0013. https://www.isaaa.org/kc/cropbiotechupdate/article/default.asp?ID=21798 (USDA page https://www.fas.usda.gov/data/gain/2026/04/vietnam-vietnam-updates-regulatory-framework-agricultural-biotechnology returned 403). Decree 43/2026/ND-CP. Type: secondary summary of a government report.",Vietnam updates regulatory framework for agricultural biotechnology,ISAAA Crop Biotech Update,29 Apr 2026,https://www.isaaa.org/kc/cropbiotechupdate/article/default.asp?ID=21798,,gov/statistics,2026-09-24,Type as given: secondary summary of a government report | Other URLs: https://www.fas.usda.gov/data/gain/2026/04/vietnam-vietnam-updates-regulatory-framework-agricultural-biotechnology | Access problem noted in citation | Same URL as REG-20,wave4,wave3/aquaculture_futures/aquaculture_futures.md
AQF-23,AQF,AQUACULTURE_FUTURES,"Veramaris. ""Veramaris opens US$200m facility for EPA and DHA omega-3 algal oil."" 10 Jul 2019. https://www.veramaris.com/media-resources-detail/veramaris-opens-us200m-facility-for-epa-dha-omega-3-algal-oil-to-support-sustainable-growth-in-aquaculture . Capacity claims. Type: company claim.",Veramaris opens US$200m facility for EPA and DHA omega-3 algal oil,Veramaris,10 Jul 2019,https://www.veramaris.com/media-resources-detail/veramaris-opens-us200m-facility-for-epa-dha-omega-3-algal-oil-to-support-sustainable-growth-in-aquaculture,,company,2026-09-24,Type as given: company claim,wave4,wave3/aquaculture_futures/aquaculture_futures.md
AQF-24,AQF,AQUACULTURE_FUTURES,"Feed Strategy. ""Plant-based fish oil alternatives growing fast in aquafeed."" 1 Jun 2021, updated 17 Sep 2025. https://www.feedstrategy.com/animal-feed-manufacturing/article/15442231/plantbased-fish-oil-alternatives-growing-fast-in-aquafeed . Algal and canola omega-3 adoption; company claims. Type: trade press.",Plant-based fish oil alternatives growing fast in aquafeed,Feed Strategy,1 Jun 2021,https://www.feedstrategy.com/animal-feed-manufacturing/article/15442231/plantbased-fish-oil-alternatives-growing-fast-in-aquafeed,,press,2026-09-24,Type as given: trade press,wave4,wave3/aquaculture_futures/aquaculture_futures.md
AQF-25,AQF,AQUACULTURE_FUTURES,"Chan, C.Y., Tran, N., Dao, D.C., Sulser, T.B., Phillips, M.J. and others (2017). Fish to 2050 in the ASEAN region. WorldFish and IFPRI Working Paper 2017-01. https://digitalarchive.worldfishcenter.org/bitstreams/dd94e6b1-49e3-4c10-b147-16e664381520/download . IMPACT business-as-usual projections for ASEAN. Type: research report (model projection).",Fish to 2050 in the ASEAN region,"Chan, C.Y., Tran, N., Dao, D.C., Sulser, T.B., Phillips, M.J. and others",2017,https://digitalarchive.worldfishcenter.org/bitstreams/dd94e6b1-49e3-4c10-b147-16e664381520/download,,other,2026-09-24,Type as given: research report (model projection),wave4,wave3/aquaculture_futures/aquaculture_futures.md
AQF-26,AQF,AQUACULTURE_FUTURES,"Tran, N., Chan, C.Y. and Aung, Y.M. (2022). Future scenarios of climate change impacts on fisheries and aquaculture in Vietnam. Preprint, doi 10.31235/osf.io/72har (excerpts via Scite). Qualitative scenarios for tuna, pangasius, tilapia and shrimp. Type: preprint.",Future scenarios of climate change impacts on fisheries and aquaculture in Vietnam,"Tran, N., Chan, C.Y. and Aung, Y.M.",2022,https://doi.org/10.31235/osf.io/72har,10.31235/osf.io/72har,peer-reviewed,2026-09-24,Type as given: preprint,wave4,wave3/aquaculture_futures/aquaculture_futures.md
AQF-27,AQF,AQUACULTURE_FUTURES,"bestmar.vn. ""Kế hoạch phát triển ngành tôm nước lợ bền vững năm 2025."" Undated (2025). https://bestmar.vn/ke-hoach-phat-trien-nganh-tom-nuoc-lo-ben-vung-nam-2025 . National and provincial shrimp targets for 2025; issuing document not shown. Type: trade website (Low).",Kế hoạch phát triển ngành tôm nước lợ bền vững năm 2025,bestmar.vn,2025,https://bestmar.vn/ke-hoach-phat-trien-nganh-tom-nuoc-lo-ben-vung-nam-2025,,other,2026-09-24,Type as given: trade website (Low),wave4,wave3/aquaculture_futures/aquaculture_futures.md
AQF-28,AQF,AQUACULTURE_FUTURES,"Prime Minister. Quyết định 339/QĐ-TTg (11 Mar 2021), re-read for species-level targets. https://thuvienphapluat.vn/van-ban/Tai-nguyen-Moi-truong/Quyet-dinh-339-QD-TTg-2021-phe-duyet-Chien-luoc-phat-trien-thuy-san-Viet-Nam-den-2030-467332.aspx . Same text as NTS-08. Type: law.","Quyết định 339/QĐ-TTg (11 Mar 2021), re-read for species-level targets",Prime Minister,11 Mar 2021,https://thuvienphapluat.vn/van-ban/Tai-nguyen-Moi-truong/Quyet-dinh-339-QD-TTg-2021-phe-duyet-Chien-luoc-phat-trien-thuy-san-Viet-Nam-den-2030-467332.aspx,,law,2026-09-24,Type as given: law | Same URL as NTS-08,wave4,wave3/aquaculture_futures/aquaculture_futures.md
AQF-29,AQF,AQUACULTURE_FUTURES,"Aryani, N., Suharman, I. and Heltonika, B. (2023). Changes in the fatty acid profile of fish oil derived from Pangasius catfish (Pangasianodon hypophthalmus) processing waste due to variations in fish size and heating temperatures. F1000Research 12: 1255 (version 2). doi 10.12688/f1000research.141714.2. EPA and DHA in pangasius oil. Type: peer-reviewed (open post-publication review).",Changes in the fatty acid profile of fish oil derived from Pangasius catfish (Pangasianodon hypophthalmus) processing waste due to variations in fish size and heating temperatures,"Aryani, N., Suharman, I. and Heltonika, B.",2023,https://doi.org/10.12688/f1000research.141714.2,10.12688/f1000research.141714.2,peer-reviewed,2026-09-24,Type as given: peer-reviewed (open post-publication review),wave4,wave3/aquaculture_futures/aquaculture_futures.md
AQF-30,AQF,AQUACULTURE_FUTURES,"Lumpkin, T.A. (1985). Advances in Chinese research on Azolla. Proceedings of the Royal Society of Edinburgh B. doi 10.1017/s0269727000008095; and Lumpkin, T.A. and Bartholomew, D.P. (1986). Predictive models for the growth response of eight Azolla accessions to climatic variables. Crop Science. doi 10.2135/cropsci1986.0011183x002600010026x. Traditional azolla use in Vietnam (abstracts). Type: peer-reviewed.",Advances in Chinese research on Azolla,"Lumpkin, T.A.",1985,https://doi.org/10.1017/s0269727000008095,10.1017/s0269727000008095,peer-reviewed,2026-09-24,Type as given: peer-reviewed | Other DOIs: 10.2135/cropsci1986.0011183x002600010026x,wave4,wave3/aquaculture_futures/aquaculture_futures.md
AQF-31,AQF,AQUACULTURE_FUTURES,"Men, B.X., Ogle, B. and Lindberg, J.E. (2002). Effect of diet and management system on growing duck performance in the Mekong Delta of Vietnam. Journal of Sustainable Agriculture 20(3). doi 10.1300/j064v20n03_04. Duckweed in duck diets (abstract). Type: peer-reviewed.",Effect of diet and management system on growing duck performance in the Mekong Delta of Vietnam,"Men, B.X., Ogle, B. and Lindberg, J.E.",2002,https://doi.org/10.1300/j064v20n03_04,10.1300/j064v20n03_04,peer-reviewed,2026-09-24,Type as given: peer-reviewed,wave4,wave3/aquaculture_futures/aquaculture_futures.md
AQF-32,AQF,AQUACULTURE_FUTURES,"VASEP. ""Tổng quan ngành cá tra."" Undated page with 2025 data. https://vasep.com.vn/san-pham-xuat-khau/ca-tra/tong-quan-nganh-ca-tra . Pangasius area and output fell over 2020 to 2025; exports USD 2.2 bn (2025). Type: industry association.",Tổng quan ngành cá tra,VASEP,2025,https://vasep.com.vn/san-pham-xuat-khau/ca-tra/tong-quan-nganh-ca-tra,,other,2026-09-24,Type as given: industry association,wave4,wave3/aquaculture_futures/aquaculture_futures.md
AQF-33,AQF,AQUACULTURE_FUTURES,"Hasan, M.R. (2012). Transition from low-value fish to compound feeds in marine cage farming in Asia. FAO Fisheries and Aquaculture Technical Paper (TCP/RAS/3203). OpenAlex W608313878. Not read; lead. Type: intergovernmental.",Transition from low-value fish to compound feeds in marine cage farming in Asia,"Hasan, M.R.",2012,,,gov/statistics,2026-09-24,Type as given: intergovernmental | Access problem noted in citation,wave4,wave3/aquaculture_futures/aquaculture_futures.md
AQF-34,AQF,AQUACULTURE_FUTURES,"Horsnell, C. (2019). From fish to fish: evaluating the socio-environmental consequences of the Vietnamese fishmeal industry. Chalmers University of Technology thesis. http://studentarbeten.chalmers.se/publication/256496 . Abstract only: Vietnamese fishmeal mostly from trash fish. Type: thesis.",From fish to fish: evaluating the socio-environmental consequences of the Vietnamese fishmeal industry,"Horsnell, C.",2019,http://studentarbeten.chalmers.se/publication/256496,,other,2026-09-24,Type as given: thesis,wave4,wave3/aquaculture_futures/aquaculture_futures.md
AQF-35,AQF,AQUACULTURE_FUTURES,"Kinh tế Nông thôn. ""Giải pháp để ngành cá tra phát triển bền vững."" 9 Oct 2023. https://kinhtenongthon.vn/Giai-phap-de-nganh-Ca-tra-phat-trien-ben-vung-post58947.html . Checked for a national pangasius plan; none found. Type: press.",Giải pháp để ngành cá tra phát triển bền vững,Kinh tế Nông thôn,9 Oct 2023,https://kinhtenongthon.vn/Giai-phap-de-nganh-Ca-tra-phat-trien-ben-vung-post58947.html,,press,2026-09-24,Type as given: press,wave4,wave3/aquaculture_futures/aquaculture_futures.md
AQF-calc,AQF,AQUACULTURE_FUTURES,"AltProtein Vietnam AQF calculations (this work): aqf_calc.py, 24 September 2026. Type: our estimate.","AltProtein Vietnam AQF calculations (this work): aqf_calc.py, 24 September 2026",AltProtein Vietnam,24 September 2026,,,other,2026-09-24,Type as given: our estimate,wave4,wave3/aquaculture_futures/aquaculture_futures.md
HUB-01,HUB,SPATIAL_HUBS,"Prime Minister. Quyết định 768/QĐ-TTg phê duyệt Điều chỉnh Quy hoạch phát triển điện lực quốc gia thời kỳ 2021-2030, tầm nhìn đến năm 2050. 15 Apr 2025. https://thuvienphapluat.vn/van-ban/Tai-nguyen-Moi-truong/Quyet-dinh-768-QD-TTg-2025-Dieu-chinh-Quy-hoach-phat-trien-dien-luc-quoc-gia-thoi-ky-2021-2030-651977.aspx . Two inter-regional renewable centres by 2030 (regions only); offshore wind for new energy; HVDC after 2030. Type: law.","Quyết định 768/QĐ-TTg phê duyệt Điều chỉnh Quy hoạch phát triển điện lực quốc gia thời kỳ 2021-2030, tầm nhìn đến năm 2050",Prime Minister,15 Apr 2025,https://thuvienphapluat.vn/van-ban/Tai-nguyen-Moi-truong/Quyet-dinh-768-QD-TTg-2025-Dieu-chinh-Quy-hoach-phat-trien-dien-luc-quoc-gia-thoi-ky-2021-2030-651977.aspx,,law,2026-09-24,"Type as given: law | Same URL as GT-11, FTG-15, GEO-26, NTS-26",wave4,wave3/spatial_hubs/spatial_hubs.md
HUB-02,HUB,SPATIAL_HUBS,"Tạp chí Năng lượng Việt Nam. ""Phê duyệt Kế hoạch thực hiện Điều chỉnh Quy hoạch điện VIII."" 2025 (date not captured). https://nangluongvietnam.vn/phe-duyet-ke-hoach-thuc-hien-dieu-chinh-quy-hoach-dien-viii-34293.html . Decision 1509/QD-BCT (30 May 2025); locations of the centres; offshore wind 6 GW and 17.032 GW. Type: sector journal.",Phê duyệt Kế hoạch thực hiện Điều chỉnh Quy hoạch điện VIII,Tạp chí Năng lượng Việt Nam,2025,https://nangluongvietnam.vn/phe-duyet-ke-hoach-thuc-hien-dieu-chinh-quy-hoach-dien-viii-34293.html,,press,2026-09-24,Type as given: sector journal,wave4,wave3/spatial_hubs/spatial_hubs.md
HUB-03,HUB,SPATIAL_HUBS,"Ministry of Industry and Trade. ""Bộ Công Thương ban hành Kế hoạch triển khai Quy hoạch điện VIII điều chỉnh."" 2025 (date not captured). https://moit.gov.vn/tin-tuc/phat-trien-nang-luong/bo-cong-thuong-ban-hanh-ke-hoach-trien-khai-quy-hoach-dien-viii-dieu-chinh.html . Verbatim locations of the northern and southern centres. Type: government.",Bộ Công Thương ban hành Kế hoạch triển khai Quy hoạch điện VIII điều chỉnh,Ministry of Industry and Trade,2025,https://moit.gov.vn/tin-tuc/phat-trien-nang-luong/bo-cong-thuong-ban-hanh-ke-hoach-trien-khai-quy-hoach-dien-viii-dieu-chinh.html,,gov/statistics,2026-09-24,Type as given: government,wave4,wave3/spatial_hubs/spatial_hubs.md
HUB-04,HUB,SPATIAL_HUBS,"VnEconomy. ""Nhu cầu chưa có là 'nút thắt' phát triển năng lượng hydrogen xanh."" 24 Jun 2025. https://vneconomy.vn/nhu-cau-chua-co-la-nut-that-phat-trien-nang-luong-hydrogen-xanh.htm . Hydrogen project list with capacities and dates; demand bottleneck. Type: press.",Nhu cầu chưa có là 'nút thắt' phát triển năng lượng hydrogen xanh,VnEconomy,24 Jun 2025,https://vneconomy.vn/nhu-cau-chua-co-la-nut-that-phat-trien-nang-luong-hydrogen-xanh.htm,,press,2026-09-24,Type as given: press,wave4,wave3/spatial_hubs/spatial_hubs.md
HUB-05,HUB,SPATIAL_HUBS,"CafeLand (from Thanh Niên Việt). ""Tiến độ mới nhất về nhà máy sản xuất hydro xanh hơn 7.800 tỷ tại Vĩnh Long."" 7 May 2026. https://cafeland.vn/tin-tuc/tien-do-moi-nhat-ve-nha-may-san-xuat-hydro-xanh-hon-7800-ty-tai-vinh-long-151248.html . Tra Vinh plant site, design, progress and obstacles (read via browser after a 403). Type: press.",Tiến độ mới nhất về nhà máy sản xuất hydro xanh hơn 7.800 tỷ tại Vĩnh Long,CafeLand (from Thanh Niên Việt),7 May 2026,https://cafeland.vn/tin-tuc/tien-do-moi-nhat-ve-nha-may-san-xuat-hydro-xanh-hon-7800-ty-tai-vinh-long-151248.html,,press,2026-09-24,Type as given: press | Access problem noted in citation,wave4,wave3/spatial_hubs/spatial_hubs.md
HUB-06,HUB,SPATIAL_HUBS,"Báo Công Thương. ""TP. Hồ Chí Minh: Thành lập Khu thương mại tự do gắn với cảng biển Cái Mép Hạ."" 23 Jul 2026. https://congthuong.vn/tp-ho-chi-minh-thanh-lap-khu-thuong-mai-tu-do-gan-voi-cang-bien-cai-mep-ha-466503.html . Decision 4560/QD-UBND; area and sub-zones. Type: press (ministry newspaper).",TP. Hồ Chí Minh: Thành lập Khu thương mại tự do gắn với cảng biển Cái Mép Hạ,Báo Công Thương,23 Jul 2026,https://congthuong.vn/tp-ho-chi-minh-thanh-lap-khu-thuong-mai-tu-do-gan-voi-cang-bien-cai-mep-ha-466503.html,,press,2026-09-24,Type as given: press (ministry newspaper),wave4,wave3/spatial_hubs/spatial_hubs.md
HUB-07,HUB,SPATIAL_HUBS,"Thanh Niên. ""Năm 2026 lập khu thương mại tự do tại TP.HCM, Đà Nẵng, Hải Phòng."" 5 Dec 2025. https://thanhnien.vn/nam-2026-lap-khu-thuong-mai-tu-do-tai-tphcm-da-nang-hai-phong-185251205161235711.htm . MOF expects free trade zones in 2026. Type: press.","Năm 2026 lập khu thương mại tự do tại TP.HCM, Đà Nẵng, Hải Phòng",Thanh Niên,5 Dec 2025,https://thanhnien.vn/nam-2026-lap-khu-thuong-mai-tu-do-tai-tphcm-da-nang-hai-phong-185251205161235711.htm,,press,2026-09-24,Type as given: press,wave4,wave3/spatial_hubs/spatial_hubs.md
HUB-08,HUB,SPATIAL_HUBS,"VietnamNet. ""Dự kiến năm 2026 thành lập khu thương mại tự do tại Đà Nẵng, Hải Phòng, TPHCM."" Dec 2025. https://vietnamnet.vn/du-kien-nam-2026-thanh-lap-khu-thuong-mai-tu-do-tai-da-nang-hai-phong-tphcm-2469765.html . Da Nang zone linked to Lien Chieu port; not yet established at the time. Type: press.","Dự kiến năm 2026 thành lập khu thương mại tự do tại Đà Nẵng, Hải Phòng, TPHCM",VietnamNet,Dec 2025,https://vietnamnet.vn/du-kien-nam-2026-thanh-lap-khu-thuong-mai-tu-do-tai-da-nang-hai-phong-tphcm-2469765.html,,press,2026-09-24,Type as given: press,wave4,wave3/spatial_hubs/spatial_hubs.md
HUB-09,HUB,SPATIAL_HUBS,"Ministry of Science and Technology portal. ""Công nghiệp sinh học mở rộng dư địa đóng góp cho nông nghiệp và môi trường."" 21 Aug 2026. https://mst.gov.vn/cong-nghiep-sinh-hoc-mo-rong-du-dia-dong-gop-cho-nong-nghiep-va-moi-truong-197260821105446038.htm . On Decision 1466/QD-TTg; no cluster locations. Type: government.",Công nghiệp sinh học mở rộng dư địa đóng góp cho nông nghiệp và môi trường,Ministry of Science and Technology portal,21 Aug 2026,https://mst.gov.vn/cong-nghiep-sinh-hoc-mo-rong-du-dia-dong-gop-cho-nong-nghiep-va-moi-truong-197260821105446038.htm,,gov/statistics,2026-09-24,Type as given: government,wave4,wave3/spatial_hubs/spatial_hubs.md
HUB-10,HUB,SPATIAL_HUBS,"Ministry of Agriculture and Environment portal. ""Bộ Nông nghiệp và Môi trường hướng tới 5 trung tâm đổi mới sáng tạo..."" 7 Jul 2026. https://mae.gov.vn/SMPT_Publishing_UC/KhaiThac/TinTuc/pInTinTuc.aspx?ItemID=22238 . At least 5 innovation centres for 2026 to 2030; no locations. Type: government.",Bộ Nông nghiệp và Môi trường hướng tới 5 trung tâm đổi mới sáng tạo,Ministry of Agriculture and Environment portal,7 Jul 2026,https://mae.gov.vn/SMPT_Publishing_UC/KhaiThac/TinTuc/pInTinTuc.aspx?ItemID=22238,,gov/statistics,2026-09-24,Type as given: government,wave4,wave3/spatial_hubs/spatial_hubs.md
HUB-11,HUB,SPATIAL_HUBS,"Báo Xây dựng. ""Gỡ vướng cho Khu nông nghiệp ứng dụng công nghệ cao phát triển tôm Bạc Liêu."" 13 May 2026. https://baoxaydung.vn/go-vuong-cho-khu-nong-nghiep-ung-dung-cong-nghe-cao-phat-trien-tom-bac-lieu-192260513180737308.htm . Decision 694/QD-TTg; status and problems. Type: press.",Gỡ vướng cho Khu nông nghiệp ứng dụng công nghệ cao phát triển tôm Bạc Liêu,Báo Xây dựng,13 May 2026,https://baoxaydung.vn/go-vuong-cho-khu-nong-nghiep-ung-dung-cong-nghe-cao-phat-trien-tom-bac-lieu-192260513180737308.htm,,press,2026-09-24,Type as given: press,wave4,wave3/spatial_hubs/spatial_hubs.md
HUB-12,HUB,SPATIAL_HUBS,"Vietnam Academy of Agricultural Sciences (VAAS). ""Phát huy hiệu quả các khu nông nghiệp ứng dụng công nghệ cao."" 17 Apr 2023. https://vaas.vn/vi/khoa-hoc-cong-nghe/phat-huy-hieu-qua-cac-khu-nong-nghiep-ung-dung-cong-nghe-cao . Hau Giang and Bac Lieu zones: areas, scope and take-up. Type: public research institute.",Phát huy hiệu quả các khu nông nghiệp ứng dụng công nghệ cao,Vietnam Academy of Agricultural Sciences (VAAS),17 Apr 2023,https://vaas.vn/vi/khoa-hoc-cong-nghe/phat-huy-hieu-qua-cac-khu-nong-nghiep-ung-dung-cong-nghe-cao,,gov/statistics,2026-09-24,Type as given: public research institute,wave4,wave3/spatial_hubs/spatial_hubs.md
HUB-13,HUB,SPATIAL_HUBS,"VnEconomy. ""Ngành cá tra chuyển tư duy từ 'sản lượng' sang 'giá trị cao'."" 31 Dec 2025. https://vneconomy.vn/nganh-ca-tra-chuyen-tu-duy-tu-san-luong-sang-gia-tri-cao . Pangasius area, output and exports for 2025; 2026 to 2030 public investment provinces. Type: press.",Ngành cá tra chuyển tư duy từ 'sản lượng' sang 'giá trị cao',VnEconomy,31 Dec 2025,https://vneconomy.vn/nganh-ca-tra-chuyen-tu-duy-tu-san-luong-sang-gia-tri-cao,,press,2026-09-24,Type as given: press,wave4,wave3/spatial_hubs/spatial_hubs.md
HUB-14,HUB,SPATIAL_HUBS,"Nhân Dân. ""Bước chuyển bền vững cho ngành hàng thủy sản chiến lược."" 7 Jun 2026. https://nhandan.vn/buoc-chuyen-ben-vung-cho-nganh-hang-thuy-san-chien-luoc-post967518.html . Dong Thap about 35% of pangasius output. Type: press (Party newspaper).",Bước chuyển bền vững cho ngành hàng thủy sản chiến lược,Nhân Dân,7 Jun 2026,https://nhandan.vn/buoc-chuyen-ben-vung-cho-nganh-hang-thuy-san-chien-luoc-post967518.html,,press,2026-09-24,Type as given: press (Party newspaper),wave4,wave3/spatial_hubs/spatial_hubs.md
HUB-15,HUB,SPATIAL_HUBS,"VASEP. ""Cà Mau: Sản lượng tôm đạt gần 600.000 tấn, vượt kế hoạch năm 2025."" 13 Dec 2025. https://vasep.com.vn/san-pham-xuat-khau/tom/nguyen-lieu/san-xuat/ca-mau-san-luong-tom-dat-gan-600-000-tan-vuot-ke-hoach-nam-2025-35579.html . Ca Mau shrimp output of 594,851 t. Type: industry association.","Cà Mau: Sản lượng tôm đạt gần 600.000 tấn, vượt kế hoạch năm 2025",VASEP,13 Dec 2025,https://vasep.com.vn/san-pham-xuat-khau/tom/nguyen-lieu/san-xuat/ca-mau-san-luong-tom-dat-gan-600-000-tan-vuot-ke-hoach-nam-2025-35579.html,,other,2026-09-24,Type as given: industry association,wave4,wave3/spatial_hubs/spatial_hubs.md
HUB-16,HUB,SPATIAL_HUBS,"Dân Việt. ""Cà Mau chiếm 40% diện tích nuôi, gần 50% giá trị xuất khẩu, hướng tới trở thành trung tâm công nghiệp tôm của cả nước."" Date not captured (probably 2025). https://danviet.vn/ca-mau-chiem-40-dien-tich-nuoi-gan-50-gia-tri-xuat-khau-huong-toi-tro-thanh-trung-tam-cong-nghiep-tom-cua-ca-nuoc-d1392671.html . Area and export shares. Type: press.","Cà Mau chiếm 40% diện tích nuôi, gần 50% giá trị xuất khẩu, hướng tới trở thành trung tâm công nghiệp tôm của cả nước",Dân Việt,2025,https://danviet.vn/ca-mau-chiem-40-dien-tich-nuoi-gan-50-gia-tri-xuat-khau-huong-toi-tro-thanh-trung-tam-cong-nghiep-tom-cua-ca-nuoc-d1392671.html,,press,2026-09-24,Type as given: press,wave4,wave3/spatial_hubs/spatial_hubs.md
HUB-17,HUB,SPATIAL_HUBS,"VnExpress. ""C.P. Việt Nam mở rộng năng lực sản xuất thức ăn thủy sản."" 14 Aug 2026. https://vnexpress.net/c-p-viet-nam-mo-rong-nang-luc-san-xuat-thuc-an-thuy-san-5109211.html . Ca Mau aquafeed plant; C.P. total aquafeed capacity. Type: press.",C.P. Việt Nam mở rộng năng lực sản xuất thức ăn thủy sản,VnExpress,14 Aug 2026,https://vnexpress.net/c-p-viet-nam-mo-rong-nang-luc-san-xuat-thuc-an-thuy-san-5109211.html,,press,2026-09-24,Type as given: press | Same URL as IND-42,wave4,wave3/spatial_hubs/spatial_hubs.md
HUB-18,HUB,SPATIAL_HUBS,"VCCI WTO Centre. ""Việt Nam ngày càng thu hút các nhà sản xuất thức ăn chăn nuôi."" Page dated 23 Sep 2026; content older. https://trungtamwto.vn/thi-truong-duc/24758-viet-nam-ngay-cang-thu-hut-cac-nha-san-xuat-thuc-an-chan-nuoi . Cargill mill locations; De Heus plants. Type: business association.",Việt Nam ngày càng thu hút các nhà sản xuất thức ăn chăn nuôi,VCCI WTO Centre,23 Sep 2026,https://trungtamwto.vn/thi-truong-duc/24758-viet-nam-ngay-cang-thu-hut-cac-nha-san-xuat-thuc-an-chan-nuoi,,other,2026-09-24,Type as given: business association | Same URL as MAC-30,wave4,wave3/spatial_hubs/spatial_hubs.md
HUB-19,HUB,SPATIAL_HUBS,"Báo Chính phủ. ""Thành lập Khu Công nghệ cao sinh học Hà Nội."" 30 Sep 2024. https://baochinhphu.vn/thanh-lap-khu-cong-nghe-cao-sinh-hoc-ha-noi-102240930095019514.htm . Decision 1054/QD-TTg; 199.03 ha; wards. Type: government newspaper.",Thành lập Khu Công nghệ cao sinh học Hà Nội,Báo Chính phủ,30 Sep 2024,https://baochinhphu.vn/thanh-lap-khu-cong-nghe-cao-sinh-hoc-ha-noi-102240930095019514.htm,,press,2026-09-24,Type as given: government newspaper,wave4,wave3/spatial_hubs/spatial_hubs.md
HUB-20,HUB,SPATIAL_HUBS,"VietnamPlus. ""Hà Nội phê duyệt Quy hoạch phân khu xây dựng Khu công nghệ cao Sinh học."" 4 Jun 2025. https://www.vietnamplus.vn/ha-noi-phe-duyet-quy-hoach-phan-khu-xay-dung-khu-cong-nghe-cao-sinh-hoc-post1042448.vnp . Zoning functions and density. Type: press (state news agency).",Hà Nội phê duyệt Quy hoạch phân khu xây dựng Khu công nghệ cao Sinh học,VietnamPlus,4 Jun 2025,https://www.vietnamplus.vn/ha-noi-phe-duyet-quy-hoach-phan-khu-xay-dung-khu-cong-nghe-cao-sinh-hoc-post1042448.vnp,,press,2026-09-24,Type as given: press (state news agency),wave4,wave3/spatial_hubs/spatial_hubs.md
HUB-21,HUB,SPATIAL_HUBS,"Báo Chính phủ. ""Thúc đẩy phát triển ngành công nghiệp năng lượng tái tạo, năng lượng mới"" (on Decision 458/QD-TTg). 23 Mar 2026. https://baochinhphu.vn/thuc-day-phat-trien-nganh-cong-nghiep-nang-luong-tai-tao-nang-luong-moi-102260323162312653.htm . Two centres by 2030; other figures unverified (see disagreements). Type: government newspaper.","Thúc đẩy phát triển ngành công nghiệp năng lượng tái tạo, năng lượng mới",Báo Chính phủ,23 Mar 2026,https://baochinhphu.vn/thuc-day-phat-trien-nganh-cong-nghiep-nang-luong-tai-tao-nang-luong-moi-102260323162312653.htm,,press,2026-09-24,Type as given: government newspaper,wave4,wave3/spatial_hubs/spatial_hubs.md
HUB-22,HUB,SPATIAL_HUBS,"VietnamPlus. ""Cà Mau vươn ra biển lớn: Khai mở 'kho báu điện gió', lựa chọn phát triển xanh."" 25 Aug 2026. https://www.vietnamplus.vn/ca-mau-vuon-ra-bien-lon-khai-mo-kho-bau-dien-gio-lua-chon-phat-trien-xanh-post1132226.vnp . Ca Mau wind approvals and potential; hydrogen value chain. Type: press (state news agency).","Cà Mau vươn ra biển lớn: Khai mở 'kho báu điện gió', lựa chọn phát triển xanh",VietnamPlus,25 Aug 2026,https://www.vietnamplus.vn/ca-mau-vuon-ra-bien-lon-khai-mo-kho-bau-dien-gio-lua-chon-phat-trien-xanh-post1132226.vnp,,press,2026-09-24,Type as given: press (state news agency),wave4,wave3/spatial_hubs/spatial_hubs.md
HUB-23,HUB,SPATIAL_HUBS,"Nông nghiệp và Môi trường. ""Thủ phủ tôm giống công nghệ cao: [Bài 1] Chiếm hơn 30% sản lượng con giống cả nước."" 15 May 2025. https://nongnghiepmoitruong.vn/thu-phu-tom-giong-cong-nghe-cao-bai-1-chiem-hon-30-san-luong-con-giong-ca-nuoc-d750489.html . Ninh Thuan postlarvae output, hatcheries and zones. Type: press (MAE newspaper).",Thủ phủ tôm giống công nghệ cao: [Bài 1] Chiếm hơn 30% sản lượng con giống cả nước,Nông nghiệp và Môi trường,15 May 2025,https://nongnghiepmoitruong.vn/thu-phu-tom-giong-cong-nghe-cao-bai-1-chiem-hon-30-san-luong-con-giong-ca-nuoc-d750489.html,,press,2026-09-24,Type as given: press (MAE newspaper),wave4,wave3/spatial_hubs/spatial_hubs.md
HUB-24,HUB,SPATIAL_HUBS,"Người Quan Sát. ""Chưa xác định được thời điểm cung cấp khí từ mỏ Cá Voi Xanh, nhiều dự án điện ở Quảng Ngãi bị ảnh hưởng."" 25 Jul 2026. https://nguoiquansat.vn/chua-xac-dinh-duoc-thoi-diem-cung-cap-khi-tu-mo-ca-voi-xanh-nhieu-du-an-dien-o-quang-ngai-bi-anh-huong-306220.html . Ca Voi Xanh first gas undetermined. Type: press.","Chưa xác định được thời điểm cung cấp khí từ mỏ Cá Voi Xanh, nhiều dự án điện ở Quảng Ngãi bị ảnh hưởng",Người Quan Sát,25 Jul 2026,https://nguoiquansat.vn/chua-xac-dinh-duoc-thoi-diem-cung-cap-khi-tu-mo-ca-voi-xanh-nhieu-du-an-dien-o-quang-ngai-bi-anh-huong-306220.html,,press,2026-09-24,Type as given: press,wave4,wave3/spatial_hubs/spatial_hubs.md
HUB-25,HUB,SPATIAL_HUBS,"Báo Đầu tư. ""Quảng Ngãi gỡ điểm nghẽn, thúc tiến độ loạt dự án năng lượng quy mô lớn."" 23 Jul 2026. https://baodautu.vn/quang-ngai-go-diem-nghen-thuc-tien-do-loat-du-an-nang-luong-quy-mo-lon-d650665.html . Quang Ngai power pipeline; refining and energy centre proposal. Type: press.","Quảng Ngãi gỡ điểm nghẽn, thúc tiến độ loạt dự án năng lượng quy mô lớn",Báo Đầu tư,23 Jul 2026,https://baodautu.vn/quang-ngai-go-diem-nghen-thuc-tien-do-loat-du-an-nang-luong-quy-mo-lon-d650665.html,,press,2026-09-24,Type as given: press,wave4,wave3/spatial_hubs/spatial_hubs.md
HUB-26,HUB,SPATIAL_HUBS,"Government. Nghị định 263/2026/NĐ-CP về khu nông nghiệp ứng dụng công nghệ cao. 1 Jul 2026. https://thuvienphapluat.vn/van-ban/Linh-vuc-khac/Nghi-dinh-263-2026-ND-CP-khu-nong-nghiep-ung-dung-cong-nghe-cao-713724.aspx . Articles 4, 6, 8, 10 and 11 (read through a summarising fetch; verify articles). Type: law.",Nghị định 263/2026/NĐ-CP về khu nông nghiệp ứng dụng công nghệ cao,Government,1 Jul 2026,https://thuvienphapluat.vn/van-ban/Linh-vuc-khac/Nghi-dinh-263-2026-ND-CP-khu-nong-nghiep-ung-dung-cong-nghe-cao-713724.aspx,,law,2026-09-24,Type as given: law | Same URL as INF-23,wave4,wave3/spatial_hubs/spatial_hubs.md
HUB-27,HUB,SPATIAL_HUBS,"Cuong, T.T., Le, H.A., Khai, N.M. et al. ""Renewable energy from biomass surplus resource: potential of power generation from rice straw in Vietnam."" Scientific Reports 11:792. 2021. doi:10.1038/s41598-020-80678-3 . Provincial rice-straw potential from 2019 Sentinel-1 mapping. Type: peer-reviewed.",Renewable energy from biomass surplus resource: potential of power generation from rice straw in Vietnam,"Cuong, T.T., Le, H.A., Khai, N.M. et al.",2021,https://doi.org/10.1038/s41598-020-80678-3,10.1038/s41598-020-80678-3,peer-reviewed,2026-09-24,Type as given: peer-reviewed | Same DOI as NGF-01,wave4,wave3/spatial_hubs/spatial_hubs.md
HUB-28,HUB,SPATIAL_HUBS,"Hung, N.V., Nguyen, C.D., Tran, T.V. et al. ""Energy efficiency, greenhouse gas emissions, and cost of rice straw collection in the Mekong River Delta of Vietnam."" Field Crops Research 198:16 to 22. 2016. doi:10.1016/j.fcr.2016.08.024 . Straw yield, baling cost and current uses. Type: peer-reviewed.","Energy efficiency, greenhouse gas emissions, and cost of rice straw collection in the Mekong River Delta of Vietnam","Hung, N.V., Nguyen, C.D., Tran, T.V. et al.",2016,https://doi.org/10.1016/j.fcr.2016.08.024,10.1016/j.fcr.2016.08.024,peer-reviewed,2026-09-24,Type as given: peer-reviewed | Same DOI as NGF-02,wave4,wave3/spatial_hubs/spatial_hubs.md
HUB-29,HUB,SPATIAL_HUBS,"Báo Chính phủ. ""Đề xuất xây dựng 2 trung tâm công nghiệp, dịch vụ năng lượng tái tạo liên vùng."" 31 May 2025. https://baochinhphu.vn/de-xuat-xay-dung-2-trung-tam-cong-nghiep-dich-vu-nang-luong-tai-tao-lien-vung-102250531090643853.htm . Centre locations and components; 15 GW for H2 and NH3 ""chủ yếu là nguồn điện gió ngoài khơi"". Type: government newspaper.","Đề xuất xây dựng 2 trung tâm công nghiệp, dịch vụ năng lượng tái tạo liên vùng",Báo Chính phủ,31 May 2025,https://baochinhphu.vn/de-xuat-xay-dung-2-trung-tam-cong-nghiep-dich-vu-nang-luong-tai-tao-lien-vung-102250531090643853.htm,,press,2026-09-24,Type as given: government newspaper,wave4,wave3/spatial_hubs/spatial_hubs.md
VIS-01,VIS,VISION_BENCHMARKS,"Ministry of Food, Agriculture and Fisheries of Denmark. ""Danish Action Plan for Plant-based Foods."" October 2023. https://en.fvm.dk/Media/638484294982868221/Danish-Action-Plan-for-Plant-based-Foods.pdf . Plan text, fund DKK 675 M (2023 to 2030), no KPIs. Type: government.",Danish Action Plan for Plant-based Foods,"Ministry of Food, Agriculture and Fisheries of Denmark",October 2023,https://en.fvm.dk/Media/638484294982868221/Danish-Action-Plan-for-Plant-based-Foods.pdf,,gov/statistics,2026-09-24,Type as given: government,wave5,wave3/vision_benchmarks/vision_benchmarks.md
VIS-02,VIS,VISION_BENCHMARKS,"Wikipedia. ""Plant-based action plan."" https://en.wikipedia.org/wiki/Plant-based_action_plan . Fund expanded to DKK 812 M; Korea 2023 plan mention. Type: encyclopedia (secondary).",Plant-based action plan,Wikipedia,,https://en.wikipedia.org/wiki/Plant-based_action_plan,,other,2026-09-24,Type as given: encyclopedia (secondary),wave5,wave3/vision_benchmarks/vision_benchmarks.md
VIS-03,VIS,VISION_BENCHMARKS,"World Resources Institute. ""Denmark's Agriculture and Climate Policy Sets Strong Example."" 12 Nov 2024. https://www.wri.org/insights/denmark-agriculture-climate-policy . Green Tripartite; tax; land commitments; DKK 40 bn fund. Type: think tank.",Denmark's Agriculture and Climate Policy Sets Strong Example,World Resources Institute,12 Nov 2024,https://www.wri.org/insights/denmark-agriculture-climate-policy,,other,2026-09-24,Type as given: think tank,wave5,wave3/vision_benchmarks/vision_benchmarks.md
VIS-04,VIS,VISION_BENCHMARKS,"The Plant Base. ""Denmark confirms details of world-first tax on agricultural emissions, commits to long-term plant-based food advocacy."" 21 Nov 2024. https://www.theplantbasemag.com/news/denmark-confirms-details-of-world-first-tax-on-agricultural-emissions-commits-to-long-term-plant-ba . Tax rates DKK 300 and 750; grant made permanent. Type: trade press.","Denmark confirms details of world-first tax on agricultural emissions, commits to long-term plant-based food advocacy",The Plant Base,21 Nov 2024,https://www.theplantbasemag.com/news/denmark-confirms-details-of-world-first-tax-on-agricultural-emissions-commits-to-long-term-plant-ba,,press,2026-09-24,Type as given: trade press,wave5,wave3/vision_benchmarks/vision_benchmarks.md
VIS-05,VIS,VISION_BENCHMARKS,"Boterman W.R. ""The promissory narratives of the Dutch National Protein Strategy."" Geographica Helvetica 81, 311 (2026), published 17 Jun 2026. https://gh.copernicus.org/articles/81/311/2026/ . Strategy aims, 50:50 ambition, no official quantitative targets, 2024 reframing; critique. Type: peer-reviewed.",The promissory narratives of the Dutch National Protein Strategy,Boterman W.R.,17 Jun 2026,https://gh.copernicus.org/articles/81/311/2026/,,peer-reviewed,2026-09-24,Type as given: peer-reviewed,wave5,wave3/vision_benchmarks/vision_benchmarks.md
VIS-06,VIS,VISION_BENCHMARKS,"Good Food Institute. ""2026 State of Global Policy: public investment in protein diversification."" April 2026. https://gfi-apac.org/wp-content/uploads/2026/04/GFI25009_SO_Policy_report.pdf . Same document as ECF-43; re-read for Canada, Germany, Flanders, Thailand, Korea figures. Type: advocacy.",2026 State of Global Policy: public investment in protein diversification,Good Food Institute,April 2026,https://gfi-apac.org/wp-content/uploads/2026/04/GFI25009_SO_Policy_report.pdf,,advocacy,2026-09-24,Type as given: advocacy | Same URL as ECF-43,wave5,wave3/vision_benchmarks/vision_benchmarks.md
VIS-07,VIS,VISION_BENCHMARKS,"USDA Foreign Agricultural Service. ""Netherlands: Dutch Ministry of Agriculture Launches National Protein Strategy."" GAIN summary, report dated Jan 2021 (strategy 22 Dec 2020). https://www.fas.usda.gov/data/netherlands-dutch-ministry-agriculture-launches-national-protein-strategy . About 80% of vegetable protein imported. Type: government (foreign).",Netherlands: Dutch Ministry of Agriculture Launches National Protein Strategy,USDA Foreign Agricultural Service,22 Dec 2020,https://www.fas.usda.gov/data/netherlands-dutch-ministry-agriculture-launches-national-protein-strategy,,gov/statistics,2026-09-24,Type as given: government (foreign),wave5,wave3/vision_benchmarks/vision_benchmarks.md
VIS-08,VIS,VISION_BENCHMARKS,"Protein Industries Canada. ""A Long-Term Roadmap for the Development of Canada's Plant-Based Food, Feed and Ingredient Sector."" July 2021. https://www.proteinindustriescanada.ca/uploads/PIC-Sector-Roadmap.pdf . CAD 25 bn by 2035; 10% of global market. Type: industry-government supercluster.","A Long-Term Roadmap for the Development of Canada's Plant-Based Food, Feed and Ingredient Sector",Protein Industries Canada,July 2021,https://www.proteinindustriescanada.ca/uploads/PIC-Sector-Roadmap.pdf,,gov/statistics,2026-09-24,Type as given: industry-government supercluster,wave5,wave3/vision_benchmarks/vision_benchmarks.md
VIS-09,VIS,VISION_BENCHMARKS,"Protein Industries Canada. ""2025 to 26 Objectives and Actions."" https://www.proteinindustriescanada.ca/annual-report-2025/objectives . Goal restated with 17,000 jobs. Type: industry-government supercluster.",2025 to 26 Objectives and Actions,Protein Industries Canada,,https://www.proteinindustriescanada.ca/annual-report-2025/objectives,,gov/statistics,2026-09-24,Type as given: industry-government supercluster,wave5,wave3/vision_benchmarks/vision_benchmarks.md
VIS-10,VIS,VISION_BENCHMARKS,"Protein Industries Canada. ""The Road to $25 Billion."" https://theroadto25billion.ca/ . ""Nearly half a billion dollars"" invested since 2018 (claim); no progress data. Type: industry-government supercluster.",The Road to $25 Billion,Protein Industries Canada,,https://theroadto25billion.ca/,,gov/statistics,2026-09-24,Type as given: industry-government supercluster,wave5,wave3/vision_benchmarks/vision_benchmarks.md
VIS-11,VIS,VISION_BENCHMARKS,"MAFF Japan. ""Summary of the Basic Plan for Food, Agriculture and Rural Areas."" March 2020. https://www.maff.go.jp/e/policies/law_plan/attach/pdf/index-13.pdf . Feed self-sufficiency 25% (FY2018) to 34% (FY2030); feed rice and soybean targets. Type: government.","Summary of the Basic Plan for Food, Agriculture and Rural Areas",MAFF Japan,March 2020,https://www.maff.go.jp/e/policies/law_plan/attach/pdf/index-13.pdf,,gov/statistics,2026-09-24,Type as given: government,wave5,wave3/vision_benchmarks/vision_benchmarks.md
VIS-12,VIS,VISION_BENCHMARKS,"MAFF Japan. ""飼料をめぐる情勢（データ版）"" (Feed situation, data version). August 2026. https://www.maff.go.jp/j/chikusan/sinko/lin/l_siryo/attach/pdf/index-1589.pdf . Feed self-sufficiency series FY2000 to FY2025; 28% target; feed-rice area; ecofeed. Type: government.",飼料をめぐる情勢（データ版）,MAFF Japan,August 2026,https://www.maff.go.jp/j/chikusan/sinko/lin/l_siryo/attach/pdf/index-1589.pdf,,gov/statistics,2026-09-24,Type as given: government,wave5,wave3/vision_benchmarks/vision_benchmarks.md
VIS-13,VIS,VISION_BENCHMARKS,"MAFF Japan. ""First Basic Plan for Food, Agriculture, and Rural Areas"" (reference). May 2025. https://www.maff.go.jp/e/policies/law_plan/attach/pdf/BasicPlan_2025_reference.pdf . Calorie self-sufficiency 45% (FY2030); KPIs verified yearly. Type: government.","First Basic Plan for Food, Agriculture, and Rural Areas",MAFF Japan,May 2025,https://www.maff.go.jp/e/policies/law_plan/attach/pdf/BasicPlan_2025_reference.pdf,,gov/statistics,2026-09-24,Type as given: government,wave5,wave3/vision_benchmarks/vision_benchmarks.md
VIS-14,VIS,VISION_BENCHMARKS,"FoodNavigator. ""Japan, Korea pour billions into bid for food-tech dominance."" 22 Jul 2026. https://www.foodnavigator.com/Article/2026/07/22/japan-korea-pour-billions-into-bid-for-food-tech-dominance/ . Korea master plan funds; Japan roadmap to 2040. Type: trade press.","Japan, Korea pour billions into bid for food-tech dominance",FoodNavigator,22 Jul 2026,https://www.foodnavigator.com/Article/2026/07/22/japan-korea-pour-billions-into-bid-for-food-tech-dominance/,,press,2026-09-24,Type as given: trade press,wave5,wave3/vision_benchmarks/vision_benchmarks.md
VIS-15,VIS,VISION_BENCHMARKS,"European Commission. ""Action Plan for resilience, strategic autonomy and sustainability of the EU protein system."" COM(2026) 355 final, 7 Jul 2026. https://webgate.ec.europa.eu/circabc-ewpp/d/d/workspace/SpacesStore/ef70a412-028e-49c0-b966-7344a46952f1/download . 35% target for 2035; balance sheet; benchmark; funding sources. Type: government (EU).","Action Plan for resilience, strategic autonomy and sustainability of the EU protein system",European Commission,7 Jul 2026,https://webgate.ec.europa.eu/circabc-ewpp/d/d/workspace/SpacesStore/ef70a412-028e-49c0-b966-7344a46952f1/download,,gov/statistics,2026-09-24,Type as given: government (EU),wave5,wave3/vision_benchmarks/vision_benchmarks.md
VIS-16,VIS,VISION_BENCHMARKS,"European Commission, DG AGRI. ""Reducing the plant protein deficit of the EU."" https://agriculture.ec.europa.eu/farming/crop-productions-and-plant-based-products/cereals/reducing-plant-protein-deficit-eu_en . 2018 report reference; 2023/24 protein figures. Type: government (EU).",Reducing the plant protein deficit of the EU,"European Commission, DG AGRI",,https://agriculture.ec.europa.eu/farming/crop-productions-and-plant-based-products/cereals/reducing-plant-protein-deficit-eu_en,,gov/statistics,2026-09-24,Type as given: government (EU),wave5,wave3/vision_benchmarks/vision_benchmarks.md
VIS-17,VIS,VISION_BENCHMARKS,"FEFAC. ""EU Protein Plan."" https://fefac.eu/priorities/markets-trade/eu-protein-plan/ . Self-sufficiency 78% total feed protein, 26% high-protein feed. Type: industry association.",EU Protein Plan,FEFAC,,https://fefac.eu/priorities/markets-trade/eu-protein-plan/,,other,2026-09-24,Type as given: industry association,wave5,wave3/vision_benchmarks/vision_benchmarks.md
VIS-18,VIS,VISION_BENCHMARKS,"Aas T.S., Åsgård T., Ytrestøyl T. ""Utilization of feed resources in the production of Atlantic salmon (Salmo salar) in Norway: An update for 2020."" Aquaculture Reports 26 (2022) 101316. doi:10.1016/j.aqrep.2022.101316 . Marine 22.4%; novel 0.4% (8,126 t); Norwegian 8.3%. Type: peer-reviewed.",Utilization of feed resources in the production of Atlantic salmon (Salmo salar) in Norway: An update for 2020,"Aas T.S., Åsgård T., Ytrestøyl T.",2022,https://doi.org/10.1016/j.aqrep.2022.101316,10.1016/j.aqrep.2022.101316,peer-reviewed,2026-09-24,Type as given: peer-reviewed,wave5,wave3/vision_benchmarks/vision_benchmarks.md
VIS-19,VIS,VISION_BENCHMARKS,"Ytrestøyl T., Aas T.S., Åsgård T. ""Utilisation of feed resources in production of Atlantic salmon (Salmo salar) in Norway."" Aquaculture 448 (2015). doi:10.1016/j.aquaculture.2015.06.023 . Marine share 90% (1990) to about 30% (2013). Type: peer-reviewed.",Utilisation of feed resources in production of Atlantic salmon (Salmo salar) in Norway,"Ytrestøyl T., Aas T.S., Åsgård T.",2015,https://doi.org/10.1016/j.aquaculture.2015.06.023,10.1016/j.aquaculture.2015.06.023,peer-reviewed,2026-09-24,Type as given: peer-reviewed,wave5,wave3/vision_benchmarks/vision_benchmarks.md
VIS-20,VIS,VISION_BENCHMARKS,"Nofima. ""Salmon feed is slowly changing."" 19 Apr 2022. https://nofima.com/results/salmon-feed-is-slowly-changing/ . Composition 2020; government goal of sustainable feed by 2030. Type: research institute.",Salmon feed is slowly changing,Nofima,19 Apr 2022,https://nofima.com/results/salmon-feed-is-slowly-changing/,,other,2026-09-24,Type as given: research institute,wave5,wave3/vision_benchmarks/vision_benchmarks.md
VIS-21,VIS,VISION_BENCHMARKS,"Skavang P.K., Strand A.V. ""Conceptualization of the Norwegian feed system of farmed Atlantic salmon."" Frontiers in Marine Science (4 Apr 2024). doi:10.3389/fmars.2024.1378970 . 92% imported; no numeric national targets. Type: peer-reviewed.",Conceptualization of the Norwegian feed system of farmed Atlantic salmon,"Skavang P.K., Strand A.V.",4 Apr 2024,https://doi.org/10.3389/fmars.2024.1378970,10.3389/fmars.2024.1378970,peer-reviewed,2026-09-24,Type as given: peer-reviewed,wave5,wave3/vision_benchmarks/vision_benchmarks.md
VIS-22,VIS,VISION_BENCHMARKS,"Israel Innovation Authority. ""Infrastructure for Fermentation of Microorganisms for Nutrients."" 3 Jan 2023. https://innovationisrael.org.il/en/press_release/infrastructure-for-fermentation-of-microorganisms-for-nutrients/ . NIS 230 M foodtech, NIS 140 M alt protein; national operational plan. Type: government.",Infrastructure for Fermentation of Microorganisms for Nutrients,Israel Innovation Authority,3 Jan 2023,https://innovationisrael.org.il/en/press_release/infrastructure-for-fermentation-of-microorganisms-for-nutrients/,,gov/statistics,2026-09-24,Type as given: government,wave5,wave3/vision_benchmarks/vision_benchmarks.md
VIS-23,VIS,VISION_BENCHMARKS,"Green Queen. ""Alternative Proteins Could Bring $2.5B to Israel Economy: Report."" 21 May 2024. https://www.greenqueen.com.hk/israel-alternative-protein-gfi-wef-innovation-authority-report/ . IIA, WEF C4IR and GFI Israel projection to 2030. Type: trade press (reporting an advocacy and government report).",Alternative Proteins Could Bring $2.5B to Israel Economy: Report,Green Queen,21 May 2024,https://www.greenqueen.com.hk/israel-alternative-protein-gfi-wef-innovation-authority-report/,,press,2026-09-24,Type as given: trade press (reporting an advocacy and government report),wave5,wave3/vision_benchmarks/vision_benchmarks.md
VIS-24,VIS,VISION_BENCHMARKS,"BMEL (German Federal Ministry of Food and Agriculture). ""Eiweißpflanzenstrategie."" https://www.bmel.de/DE/themen/landwirtschaft/pflanzenbau/ackerbau/eiweisspflanzenstrategie.html . EUR 6 M a year since 2016; pulses 191,700 ha (2018). Type: government.",Eiweißpflanzenstrategie,BMEL (German Federal Ministry of Food and Agriculture),,https://www.bmel.de/DE/themen/landwirtschaft/pflanzenbau/ackerbau/eiweisspflanzenstrategie.html,,gov/statistics,2026-09-24,Type as given: government,wave5,wave3/vision_benchmarks/vision_benchmarks.md
VIS-25,VIS,VISION_BENCHMARKS,"Green Queen. ""Singapore Food Security Plan Drops '30 By 30' Policy & Lab-Grown Meat."" 6 Nov 2025, updated 20 Jan 2026. https://www.greenqueen.com.hk/singapore-30-by-30-cultivated-meat-food-security-policy/ . Same as HSC-36 and RGN-09; re-read for achieved shares (26% protein, 8% fibre) and reasons. Type: trade press.",Singapore Food Security Plan Drops '30 By 30' Policy & Lab-Grown Meat,Green Queen,6 Nov 2025,https://www.greenqueen.com.hk/singapore-30-by-30-cultivated-meat-food-security-policy/,,press,2026-09-24,"Type as given: trade press | Same URL as RGN-09, HSC-36",wave5,wave3/vision_benchmarks/vision_benchmarks.md
VIS-26,VIS,VISION_BENCHMARKS,MAFF Japan. Food self-sufficiency ratio page. https://www.maff.go.jp/j/zyukyu/zikyu_ritu/012.html . Calorie basis 37% and production value 66% for FY2024. Type: government.,Food self-sufficiency ratio page,MAFF Japan,,https://www.maff.go.jp/j/zyukyu/zikyu_ritu/012.html,,gov/statistics,2026-09-24,Type as given: government,wave5,wave3/vision_benchmarks/vision_benchmarks.md
VIS-27,VIS,VISION_BENCHMARKS,"JIRCAS. ""Trends and Outlook of Food Self-Sufficiency Ratio: Toward Revision of the Basic Law on Food, Agriculture and Rural Areas."" Blog 948, 31 Jan 2024. https://www.jircas.go.jp/en/program/proc/blog/20240131 . Calorie 38% (FY2022); targets missed. Type: government research institute.","Trends and Outlook of Food Self-Sufficiency Ratio: Toward Revision of the Basic Law on Food, Agriculture and Rural Areas",JIRCAS,31 Jan 2024,https://www.jircas.go.jp/en/program/proc/blog/20240131,,gov/statistics,2026-09-24,Type as given: government research institute,wave5,wave3/vision_benchmarks/vision_benchmarks.md
VIS-28,VIS,VISION_BENCHMARKS,"Grand Pinnacle Tribune (evrimagaci.org). ""South Korea Launches Ambitious FoodTech Master Plan."" 6 Jul 2026. https://evrimagaci.org/gpt/south-korea-launches-ambitious-foodtech-master-plan-542235 . 1st Basic Plan details. Type: press (low tier).",South Korea Launches Ambitious FoodTech Master Plan,Grand Pinnacle Tribune (evrimagaci.org),6 Jul 2026,https://evrimagaci.org/gpt/south-korea-launches-ambitious-foodtech-master-plan-542235,,press,2026-09-24,Type as given: press (low tier),wave5,wave3/vision_benchmarks/vision_benchmarks.md
VIS-29,VIS,VISION_BENCHMARKS,"USDA FAS GAIN. ""Grain and Feed Annual, Seoul, Korea"" (KS2025-0014). 2025. https://apps.fas.usda.gov/newgainapi/api/Report/DownloadReportByFileName?fileName=Grain+and+Feed+Annual_Seoul_Korea+-+Republic+of_KS2025-0014.pdf . Self-sufficiency targets; feed volumes; DDGS. Type: government (foreign).","Grain and Feed Annual, Seoul, Korea",USDA FAS GAIN,2025,https://apps.fas.usda.gov/newgainapi/api/Report/DownloadReportByFileName?fileName=Grain+and+Feed+Annual_Seoul_Korea+-+Republic+of_KS2025-0014.pdf,,gov/statistics,2026-09-24,Type as given: government (foreign),wave5,wave3/vision_benchmarks/vision_benchmarks.md
VIS-30,VIS,VISION_BENCHMARKS,"NXPO. ""Future food emerges as Thailand's new economic driver."" 16 Nov 2023. https://www.nxpo.or.th/th/en/20741/ . Exports THB 140 bn to 350 bn by 2027. Type: government agency.",Future food emerges as Thailand's new economic driver,NXPO,16 Nov 2023,https://www.nxpo.or.th/th/en/20741/,,gov/statistics,2026-09-24,Type as given: government agency,wave5,wave3/vision_benchmarks/vision_benchmarks.md
VIS-31,VIS,VISION_BENCHMARKS,"NXPO. ""NXPO highlights the role of foresight in shaping Thailand's future."" 29 May 2026. https://www.nxpo.or.th/th/en/46136/ . Methods; APEC CTF (1998); Thailand Foresight Alliance. Type: government agency.",NXPO highlights the role of foresight in shaping Thailand's future,NXPO,29 May 2026,https://www.nxpo.or.th/th/en/46136/,,gov/statistics,2026-09-24,Type as given: government agency,wave5,wave3/vision_benchmarks/vision_benchmarks.md
VIS-32,VIS,VISION_BENCHMARKS,"FAO. ""The future of food and agriculture: Drivers and triggers for transformation. In Brief."" 2022. https://www.fao.org/3/cc1024en/cc1024en.pdf (full report doi:10.4060/cc0959en) . Four scenarios, 18 drivers, four triggers, method. Type: intergovernmental.",The future of food and agriculture: Drivers and triggers for transformation. In Brief,FAO,2022,https://www.fao.org/3/cc1024en/cc1024en.pdf,10.4060/cc0959en,gov/statistics,2026-09-24,Type as given: intergovernmental,wave5,wave3/vision_benchmarks/vision_benchmarks.md
VIS-33,VIS,VISION_BENCHMARKS,"FAO. ""Future of Food and Agriculture (FOFA)"" series page. https://www.fao.org/global-perspectives-studies/fofa/en/ . 2018 report: three scenarios to 2050. Type: intergovernmental.",Future of Food and Agriculture (FOFA),FAO,,https://www.fao.org/global-perspectives-studies/fofa/en/,,gov/statistics,2026-09-24,Type as given: intergovernmental,wave5,wave3/vision_benchmarks/vision_benchmarks.md
VIS-34,VIS,VISION_BENCHMARKS,"Beddington J. ""The future of food and farming."" 2011. doi:10.22004/ag.econ.149777 (https://ageconsearch.umn.edu/record/149777/files/02-Beddington.pdf) . Summary of UK Foresight 2011: two years, several hundred experts, 2050. Type: article by UK Government Chief Scientist.",The future of food and farming,Beddington J.,2011,https://ageconsearch.umn.edu/record/149777/files/02-Beddington.pdf,10.22004/ag.econ.149777,gov/statistics,2026-09-24,Type as given: article by UK Government Chief Scientist,wave5,wave3/vision_benchmarks/vision_benchmarks.md
VIS-35,VIS,VISION_BENCHMARKS,"Bock A.-K., Bontoux L. ""Food safety and nutrition: how to prepare for a challenging future? New approaches for using scenarios for policy-making."" European Journal of Futures Research 5, 10 (2017). doi:10.1007/s40309-017-0119-3 . JRC four scenarios; 9 drivers; 29 challenges, 8 common. Type: peer-reviewed.",Food safety and nutrition: how to prepare for a challenging future? New approaches for using scenarios for policy-making,"Bock A.-K., Bontoux L.",2017,https://doi.org/10.1007/s40309-017-0119-3,10.1007/s40309-017-0119-3,peer-reviewed,2026-09-24,Type as given: peer-reviewed,wave5,wave3/vision_benchmarks/vision_benchmarks.md
VIS-36,VIS,VISION_BENCHMARKS,"Riera A., Duluins O., Antier C., Baret P.V. ""Which types of quantitative foresight scenarios to frame the future of food systems? A review."" Agricultural Systems 225 (2025) 104270. doi:10.1016/j.agsy.2025.104270 . 36 studies; four scenario types. Type: peer-reviewed.",Which types of quantitative foresight scenarios to frame the future of food systems? A review,"Riera A., Duluins O., Antier C., Baret P.V.",2025,https://doi.org/10.1016/j.agsy.2025.104270,10.1016/j.agsy.2025.104270,peer-reviewed,2026-09-24,Type as given: peer-reviewed,wave5,wave3/vision_benchmarks/vision_benchmarks.md
VIS-37,VIS,VISION_BENCHMARKS,"Quist J., Vergragt P. ""Past and future of backcasting: The shift to stakeholder participation and a proposal for a methodological framework."" Futures 38(9) (2006) 1027 to 1045. doi:10.1016/j.futures.2006.02.010 . Metadata only (closed). Type: peer-reviewed.",Past and future of backcasting: The shift to stakeholder participation and a proposal for a methodological framework,"Quist J., Vergragt P.",2006,https://doi.org/10.1016/j.futures.2006.02.010,10.1016/j.futures.2006.02.010,peer-reviewed,2026-09-24,Type as given: peer-reviewed,wave5,wave3/vision_benchmarks/vision_benchmarks.md
VIS-38,VIS,VISION_BENCHMARKS,"Quist J., Thissen W., Vergragt P.J. ""The impact and spin-off of participatory backcasting: From vision to niche."" Technological Forecasting and Social Change 78(5) (2011) 883 to 897. doi:10.1016/j.techfore.2011.01.011 . Metadata only (closed). Type: peer-reviewed.",The impact and spin-off of participatory backcasting: From vision to niche,"Quist J., Thissen W., Vergragt P.J.",2011,https://doi.org/10.1016/j.techfore.2011.01.011,10.1016/j.techfore.2011.01.011,peer-reviewed,2026-09-24,Type as given: peer-reviewed,wave5,wave3/vision_benchmarks/vision_benchmarks.md
VIS-39,VIS,VISION_BENCHMARKS,"Remans R. et al. ""Backcasting supports cross-sectoral collaboration and social-technical innovation bundling: case studies in agri-food systems."" Frontiers in Sustainable Food Systems (14 Aug 2024). doi:10.3389/fsufs.2024.1378883 . Four steps; six cases; lessons. Type: peer-reviewed.",Backcasting supports cross-sectoral collaboration and social-technical innovation bundling: case studies in agri-food systems,Remans R. et al.,14 Aug 2024,https://doi.org/10.3389/fsufs.2024.1378883,10.3389/fsufs.2024.1378883,peer-reviewed,2026-09-24,Type as given: peer-reviewed,wave5,wave3/vision_benchmarks/vision_benchmarks.md
VIS-40,VIS,VISION_BENCHMARKS,"Manners R., Blanco-Gutiérrez I., Varela-Ortega C., Tarquis A.M. ""Transitioning European Protein-Rich Food Consumption and Production towards More Sustainable Patterns: Strategies and Policy Suggestions."" Sustainability 12(5) (2020) 1962. doi:10.3390/su12051962 . Participatory backcasting to 2030. Type: peer-reviewed.",Transitioning European Protein-Rich Food Consumption and Production towards More Sustainable Patterns: Strategies and Policy Suggestions,"Manners R., Blanco-Gutiérrez I., Varela-Ortega C., Tarquis A.M.",2020,https://doi.org/10.3390/su12051962,10.3390/su12051962,peer-reviewed,2026-09-24,Type as given: peer-reviewed,wave5,wave3/vision_benchmarks/vision_benchmarks.md
VIS-41,VIS,VISION_BENCHMARKS,"Jongen W.M.F., Meerdink G. ""Pea proteins based food products as meat replacers: The Profetas concept."" Nahrung/Food 45(6) (2001) 402. doi:10.1002/1521-3803(20011001)45:6<402::AID-FOOD402>3.0.CO;2-N . Profetas programme aim. Type: peer-reviewed.",Pea proteins based food products as meat replacers: The Profetas concept,"Jongen W.M.F., Meerdink G.",2001,https://doi.org/10.1002/1521-3803(20011001)45:6,10.1002/1521-3803(20011001)45:6,peer-reviewed,2026-09-24,Type as given: peer-reviewed,wave5,wave3/vision_benchmarks/vision_benchmarks.md
VIS-42,VIS,VISION_BENCHMARKS,"Institute of Technology Assessment, Austrian Academy of Sciences. Habilitation thesis ""Sustainable Technology: Studies on User Innovation, Social Learning and Innovation Networks."" 2016. doi:10.1553/ita-pa-mo-10-1 . Cites the novel protein food case as successful follow-up (via Quist and Vergragt 2006). Type: academic thesis.","Habilitation thesis Sustainable Technology: Studies on User Innovation, Social Learning and Innovation Networks. 2016","Institute of Technology Assessment, Austrian Academy of Sciences",2016,https://doi.org/10.1553/ita-pa-mo-10-1,10.1553/ita-pa-mo-10-1,other,2026-09-24,Type as given: academic thesis,wave5,wave3/vision_benchmarks/vision_benchmarks.md
VIS-43,VIS,VISION_BENCHMARKS,"Centre for Strategic Futures, Singapore. ""Who we are."" https://www.csf.gov.sg/who-we-are/ . Scenario Planning Office 1995; SPO 2003; CSF 2009. Type: government.",Who we are,"Centre for Strategic Futures, Singapore",,https://www.csf.gov.sg/who-we-are/,,gov/statistics,2026-09-24,Type as given: government,wave5,wave3/vision_benchmarks/vision_benchmarks.md
VIS-44,VIS,VISION_BENCHMARKS,"Finnish Government. ""Foresight activities and work on the future."" https://valtioneuvosto.fi/en/foresight-activities-and-work-on-the-future . Report on the Future each electoral term; national network. Type: government.",Foresight activities and work on the future,Finnish Government,,https://valtioneuvosto.fi/en/foresight-activities-and-work-on-the-future,,gov/statistics,2026-09-24,Type as given: government,wave5,wave3/vision_benchmarks/vision_benchmarks.md
VIS-45,VIS,VISION_BENCHMARKS,"NASATI (vista.gov.vn). ""Dự báo và lựa chọn những lĩnh vực công nghệ ưu tiên phục vụ xây dựng Chiến lược phát triển khoa học, công nghệ và đổi mới sáng tạo của Việt Nam giai đoạn 2021-2030."" 12 Feb 2023 (NISTPASS study, report no. 18040/2020). https://vista.gov.vn/news/ket-qua-nghien-cuu-trien-khai/du-bao-va-lua-chon-nhung-linh-vuc-cong-nghe-uu-tien-phuc-vu-xay-dung-chien-luoc-phat-trien-khoa-hoc-cong-nghe-va-doi-moi-sang-tao-cua-viet-nam-giai-doan-2021-2030-6164.html . Read via browser fallback. Type: government (research summary).","Dự báo và lựa chọn những lĩnh vực công nghệ ưu tiên phục vụ xây dựng Chiến lược phát triển khoa học, công nghệ và đổi mới sáng tạo của Việt Nam giai đoạn 2021-2030",NASATI (vista.gov.vn),12 Feb 2023,https://vista.gov.vn/news/ket-qua-nghien-cuu-trien-khai/du-bao-va-lua-chon-nhung-linh-vuc-cong-nghe-uu-tien-phuc-vu-xay-dung-chien-luoc-phat-trien-khoa-hoc-cong-nghe-va-doi-moi-sang-tao-cua-viet-nam-giai-doan-2021-2030-6164.html,,gov/statistics,2026-09-24,Type as given: government (research summary),wave5,wave3/vision_benchmarks/vision_benchmarks.md
VIS-46,VIS,VISION_BENCHMARKS,"World Bank and Ministry of Planning and Investment of Vietnam. ""Vietnam 2035: Toward Prosperity, Creativity, Equity, and Democracy."" 2016. doi:10.1596/978-1-4648-0824-1 (https://openknowledge.worldbank.org/handle/10986/23724) . Summary only. Type: multilateral and government.","Vietnam 2035: Toward Prosperity, Creativity, Equity, and Democracy",World Bank and Ministry of Planning and Investment of Vietnam,2016,https://openknowledge.worldbank.org/handle/10986/23724,10.1596/978-1-4648-0824-1,gov/statistics,2026-09-24,Type as given: multilateral and government,wave5,wave3/vision_benchmarks/vision_benchmarks.md
VIS-47,VIS,VISION_BENCHMARKS,"Tô Văn Trường. ""Quy hoạch 100 năm: Giữ quyền lựa chọn cho tương lai."" IASVN, 14 Aug 2026. https://iasvn.org/quy-hoach-100-nam-giu-quyen-lua-chon-cho-tuong-lai . Three-layer long-range planning. Type: expert commentary (government research institute site).",Quy hoạch 100 năm: Giữ quyền lựa chọn cho tương lai,Tô Văn Trường,14 Aug 2026,https://iasvn.org/quy-hoach-100-nam-giu-quyen-lua-chon-cho-tuong-lai,,other,2026-09-24,Type as given: expert commentary (government research institute site),wave5,wave3/vision_benchmarks/vision_benchmarks.md
VIS-48,VIS,VISION_BENCHMARKS,"National Food Strategy (independent review for England). Website and ""The Plan."" July 2021. https://www.nationalfoodstrategy.org/ . Numbers not extracted. Type: independent review.",Website and The Plan,National Food Strategy (independent review for England),July 2021,https://www.nationalfoodstrategy.org/,,other,2026-09-24,Type as given: independent review,wave5,wave3/vision_benchmarks/vision_benchmarks.md
VIS-49,VIS,VISION_BENCHMARKS,"MAFF Japan. ""MIDORI Strategy for Sustainable Food Systems."" 12 May 2021. https://www.maff.go.jp/e/policies/env/env_policy/midori.html . 2050 KPIs. Type: government.",MIDORI Strategy for Sustainable Food Systems,MAFF Japan,12 May 2021,https://www.maff.go.jp/e/policies/env/env_policy/midori.html,,gov/statistics,2026-09-24,Type as given: government,wave5,wave3/vision_benchmarks/vision_benchmarks.md
VIS-50,VIS,VISION_BENCHMARKS,"European Commission JRC. ""Future transitions for the Bioeconomy towards Sustainable Development and a Climate-Neutral Economy: Foresight Scenarios for the EU bioeconomy in 2050"" (JRC123532, 2021). https://publications.jrc.ec.europa.eu/repository/handle/JRC123532 . Title and ""four foresight scenarios"" from search results only (pages 403). Type: government (EU).",Future transitions for the Bioeconomy towards Sustainable Development and a Climate-Neutral Economy: Foresight Scenarios for the EU bioeconomy in 2050,European Commission JRC,2021,https://publications.jrc.ec.europa.eu/repository/handle/JRC123532,,gov/statistics,2026-09-24,Type as given: government (EU),wave5,wave3/vision_benchmarks/vision_benchmarks.md
