scenario,year,indicator,value,unit,foresight_type,evidence_label,confidence,source_ids,notes
S-BASE,2025,population,101.6,million,calibration (2025 base),VN-direct,Medium,QNT model (assumptions.csv),Calibrated to 2025 anchors; identical in all scenarios.
S-BASE,2025,pc_pork_demand_kg_cwe,39.907,"kg per person, carcass weight",calibration (2025 base),VN-direct,Medium,QNT model (assumptions.csv),Calibrated to 2025 anchors; identical in all scenarios.
S-BASE,2025,prod_pork_kt_lw,5389.2,kt live weight,calibration (2025 base),VN-direct,Medium,QNT model (assumptions.csv),Calibrated to 2025 anchors; identical in all scenarios.
S-BASE,2025,prod_pork_kt_cwe,3896.4,kt carcass weight,calibration (2025 base),VN-direct,Medium,QNT model (assumptions.csv),Calibrated to 2025 anchors; identical in all scenarios.
S-BASE,2025,pc_poultry_demand_kg_cwe,20.487,"kg per person, carcass weight",calibration (2025 base),VN-direct,Medium,QNT model (assumptions.csv),Calibrated to 2025 anchors; identical in all scenarios.
S-BASE,2025,prod_poultry_kt_lw,2601.9,kt live weight,calibration (2025 base),VN-direct,Medium,QNT model (assumptions.csv),Calibrated to 2025 anchors; identical in all scenarios.
S-BASE,2025,prod_poultry_kt_cwe,1821.3,kt carcass weight,calibration (2025 base),VN-direct,Medium,QNT model (assumptions.csv),Calibrated to 2025 anchors; identical in all scenarios.
S-BASE,2025,pc_ruminant_demand_kg_cwe,6.062,"kg per person, carcass weight",calibration (2025 base),VN-direct,Medium,QNT model (assumptions.csv),Calibrated to 2025 anchors; identical in all scenarios.
S-BASE,2025,prod_ruminant_kt_lw,624.3,kt live weight,calibration (2025 base),VN-direct,Medium,QNT model (assumptions.csv),Calibrated to 2025 anchors; identical in all scenarios.
S-BASE,2025,prod_ruminant_kt_cwe,321.5,kt carcass weight,calibration (2025 base),VN-direct,Medium,QNT model (assumptions.csv),Calibrated to 2025 anchors; identical in all scenarios.
S-BASE,2025,pc_meat_demand_kg_cwe,66.456,"kg per person, carcass weight",calibration (2025 base),VN-direct,Medium,QNT model (assumptions.csv),Calibrated to 2025 anchors; identical in all scenarios.
S-BASE,2025,meat_consumption_animal_kt_cwe,6752.0,kt carcass weight (after S-ALT substitution),calibration (2025 base),VN-direct,Medium,QNT model (assumptions.csv),Calibrated to 2025 anchors; identical in all scenarios.
S-BASE,2025,meat_production_kt_cwe,6039.2,kt carcass weight,calibration (2025 base),VN-direct,Medium,QNT model (assumptions.csv),Calibrated to 2025 anchors; identical in all scenarios.
S-BASE,2025,pc_eggs_number,210.6,eggs per person,calibration (2025 base),VN-direct,Medium,QNT model (assumptions.csv),Calibrated to 2025 anchors; identical in all scenarios.
S-BASE,2025,prod_eggs_bn,21.4,billion eggs,calibration (2025 base),VN-direct,Medium,QNT model (assumptions.csv),Calibrated to 2025 anchors; identical in all scenarios.
S-BASE,2025,prod_milk_kt,1300.0,kt fresh milk,calibration (2025 base),VN-direct,Medium,QNT model (assumptions.csv),Calibrated to 2025 anchors; identical in all scenarios.
S-BASE,2025,pc_milk_domestic_kg,12.795,kg domestic fresh milk per person,calibration (2025 base),VN-direct,Medium,QNT model (assumptions.csv),Calibrated to 2025 anchors; identical in all scenarios.
S-BASE,2025,prod_aq_pangasius_kt,1938.8,kt live weight,calibration (2025 base),VN-direct,Medium,QNT model (assumptions.csv),Calibrated to 2025 anchors; identical in all scenarios.
S-BASE,2025,prod_aq_whiteleg_kt,994.4,kt live weight,calibration (2025 base),VN-direct,Medium,QNT model (assumptions.csv),Calibrated to 2025 anchors; identical in all scenarios.
S-BASE,2025,prod_aq_othershrimp_kt,387.3,kt live weight,calibration (2025 base),VN-direct,Medium,QNT model (assumptions.csv),Calibrated to 2025 anchors; identical in all scenarios.
S-BASE,2025,prod_aq_otherfish_kt,2096.2,kt live weight,calibration (2025 base),VN-direct,Medium,QNT model (assumptions.csv),Calibrated to 2025 anchors; identical in all scenarios.
S-BASE,2025,prod_aq_nonfed_kt,700.1,kt live weight,calibration (2025 base),VN-direct,Medium,QNT model (assumptions.csv),Calibrated to 2025 anchors; identical in all scenarios.
S-BASE,2025,prod_aquaculture_kt,6116.8,kt live weight,calibration (2025 base),VN-direct,Medium,QNT model (assumptions.csv),Calibrated to 2025 anchors; identical in all scenarios.
S-BASE,2025,aquaculture_exports_kt_lwe,3142.8,kt live-weight equivalent,calibration (2025 base),VN-direct,Medium,QNT model (assumptions.csv),Calibrated to 2025 anchors; identical in all scenarios.
S-BASE,2025,aquaculture_export_share,0.5138,share,calibration (2025 base),VN-direct,Medium,QNT model (assumptions.csv),Calibrated to 2025 anchors; identical in all scenarios.
S-BASE,2025,pc_farmed_aquatic_domestic_kg,29.272,kg live weight per person,calibration (2025 base),VN-direct,Medium,QNT model (assumptions.csv),Calibrated to 2025 anchors; identical in all scenarios.
S-BASE,2025,feed_pig_mt,12.166,Mt compound feed,calibration (2025 base),VN-direct,Medium,QNT model (assumptions.csv),Calibrated to 2025 anchors; identical in all scenarios.
S-BASE,2025,feed_poultry_mt,8.998,Mt compound feed,calibration (2025 base),VN-direct,Medium,QNT model (assumptions.csv),Calibrated to 2025 anchors; identical in all scenarios.
S-BASE,2025,feed_other_livestock_mt,0.814,Mt compound feed,calibration (2025 base),VN-direct,Medium,QNT model (assumptions.csv),Calibrated to 2025 anchors; identical in all scenarios.
S-BASE,2025,feed_pangasius_mt,2.902,Mt compound feed,calibration (2025 base),VN-direct,Medium,QNT model (assumptions.csv),Calibrated to 2025 anchors; identical in all scenarios.
S-BASE,2025,feed_whiteleg_mt,1.29,Mt compound feed,calibration (2025 base),VN-direct,Medium,QNT model (assumptions.csv),Calibrated to 2025 anchors; identical in all scenarios.
S-BASE,2025,feed_othershrimp_mt,0.1739,Mt compound feed,calibration (2025 base),VN-direct,Medium,QNT model (assumptions.csv),Calibrated to 2025 anchors; identical in all scenarios.
S-BASE,2025,feed_otherfish_mt,2.134,Mt compound feed,calibration (2025 base),VN-direct,Medium,QNT model (assumptions.csv),Calibrated to 2025 anchors; identical in all scenarios.
S-BASE,2025,feed_livestock_mt,21.978,"Mt compound feed (pigs, poultry, other livestock)",calibration (2025 base),VN-direct,Medium,QNT model (assumptions.csv),Calibrated to 2025 anchors; identical in all scenarios.
S-BASE,2025,feed_aquafeed_mt,6.5,Mt compound feed,calibration (2025 base),VN-direct,Medium,QNT model (assumptions.csv),Calibrated to 2025 anchors; identical in all scenarios.
S-BASE,2025,feed_total_mt,28.478,Mt compound feed,calibration (2025 base),VN-direct,Medium,QNT model (assumptions.csv),Calibrated to 2025 anchors; identical in all scenarios.
S-BASE,2025,compound_share_pig,0.8062,share,calibration (2025 base),VN-direct,Medium,QNT model (assumptions.csv),Calibrated to 2025 anchors; identical in all scenarios.
S-BASE,2025,sbm_demand_mt,7.2,Mt soybean meal,calibration (2025 base),VN-direct,Medium,QNT model (assumptions.csv),Calibrated to 2025 anchors; identical in all scenarios.
S-BASE,2025,sbm_import_need_mt,7.2,"Mt soybean meal (as meal, or as beans crushed in Vietnam)",calibration (2025 base),VN-direct,Medium,QNT model (assumptions.csv),Calibrated to 2025 anchors; identical in all scenarios.
S-BASE,2025,sbm_import_need_bean_eq_mt,9.231,Mt soybeans equivalent,calibration (2025 base),VN-direct,Medium,QNT model (assumptions.csv),Calibrated to 2025 anchors; identical in all scenarios.
S-BASE,2025,fishmeal_demand_kt,261.7,kt fishmeal,calibration (2025 base),VN-direct,Medium,QNT model (assumptions.csv),Calibrated to 2025 anchors; identical in all scenarios.
S-BASE,2025,other_meals_sbmeq_mt,2.43,Mt soybean-meal equivalent,calibration (2025 base),VN-direct,Medium,QNT model (assumptions.csv),Calibrated to 2025 anchors; identical in all scenarios.
S-BASE,2025,protein_meal_demand_sbmeq_mt,10.0,Mt soybean-meal equivalent (46% CP),calibration (2025 base),VN-direct,Medium,QNT model (assumptions.csv),Calibrated to 2025 anchors; identical in all scenarios.
S-BASE,2025,sbm_intensity_kg_per_t_feed,252.8,kg soybean meal per t compound feed,calibration (2025 base),VN-direct,Medium,QNT model (assumptions.csv),Calibrated to 2025 anchors; identical in all scenarios.
S-BASE,2025,maize_compound_feed_mt,10.9,Mt maize,calibration (2025 base),VN-direct,Medium,QNT model (assumptions.csv),Calibrated to 2025 anchors; identical in all scenarios.
S-BASE,2025,maize_total_use_mt,16.01,Mt maize,calibration (2025 base),VN-direct,Medium,QNT model (assumptions.csv),Calibrated to 2025 anchors; identical in all scenarios.
S-BASE,2025,maize_production_mt,4.1,Mt maize,calibration (2025 base),VN-direct,Medium,QNT model (assumptions.csv),Calibrated to 2025 anchors; identical in all scenarios.
S-BASE,2025,maize_import_need_mt,11.91,Mt maize,calibration (2025 base),VN-direct,Medium,QNT model (assumptions.csv),Calibrated to 2025 anchors; identical in all scenarios.
S-BASE,2025,soy_land_abroad_mha,2.337,million ha (mass allocation to meal),calibration (2025 base),VN-direct,Medium,QNT model (assumptions.csv),Calibrated to 2025 anchors; identical in all scenarios.
S-BASE,2025,maize_land_abroad_mha,1.636,million ha,calibration (2025 base),VN-direct,Medium,QNT model (assumptions.csv),Calibrated to 2025 anchors; identical in all scenarios.
S-BASE,2030,population,104.2,million,estimate,VN-direct,Low,QNT model (assumptions.csv),"Our estimate for horizon year 2030; scenario, not forecast."
S-BASE,2030,pc_pork_demand_kg_cwe,43.307,"kg per person, carcass weight",estimate,VN-direct,Low,QNT model (assumptions.csv),"Our estimate for horizon year 2030; scenario, not forecast."
S-BASE,2030,prod_pork_kt_lw,6000.9,kt live weight,estimate,VN-direct,Low,QNT model (assumptions.csv),"Our estimate for horizon year 2030; scenario, not forecast."
S-BASE,2030,prod_pork_kt_cwe,4338.7,kt carcass weight,estimate,VN-direct,Low,QNT model (assumptions.csv),"Our estimate for horizon year 2030; scenario, not forecast."
S-BASE,2030,pc_poultry_demand_kg_cwe,25.54,"kg per person, carcass weight",estimate,VN-direct,Low,QNT model (assumptions.csv),"Our estimate for horizon year 2030; scenario, not forecast."
S-BASE,2030,prod_poultry_kt_lw,3328.1,kt live weight,estimate,VN-direct,Low,QNT model (assumptions.csv),"Our estimate for horizon year 2030; scenario, not forecast."
S-BASE,2030,prod_poultry_kt_cwe,2329.7,kt carcass weight,estimate,VN-direct,Low,QNT model (assumptions.csv),"Our estimate for horizon year 2030; scenario, not forecast."
S-BASE,2030,pc_ruminant_demand_kg_cwe,6.543,"kg per person, carcass weight",estimate,VN-direct,Low,QNT model (assumptions.csv),"Our estimate for horizon year 2030; scenario, not forecast."
S-BASE,2030,prod_ruminant_kt_lw,691.4,kt live weight,estimate,VN-direct,Low,QNT model (assumptions.csv),"Our estimate for horizon year 2030; scenario, not forecast."
S-BASE,2030,prod_ruminant_kt_cwe,356.1,kt carcass weight,estimate,VN-direct,Low,QNT model (assumptions.csv),"Our estimate for horizon year 2030; scenario, not forecast."
S-BASE,2030,pc_meat_demand_kg_cwe,75.389,"kg per person, carcass weight",estimate,VN-direct,Low,QNT model (assumptions.csv),"Our estimate for horizon year 2030; scenario, not forecast."
S-BASE,2030,meat_consumption_animal_kt_cwe,7859.3,kt carcass weight (after S-ALT substitution),estimate,VN-direct,Low,QNT model (assumptions.csv),"Our estimate for horizon year 2030; scenario, not forecast."
S-BASE,2030,meat_production_kt_cwe,7024.4,kt carcass weight,estimate,VN-direct,Low,QNT model (assumptions.csv),"Our estimate for horizon year 2030; scenario, not forecast."
S-BASE,2030,pc_eggs_number,235.1,eggs per person,estimate,VN-direct,Low,QNT model (assumptions.csv),"Our estimate for horizon year 2030; scenario, not forecast."
S-BASE,2030,prod_eggs_bn,24.505,billion eggs,estimate,VN-direct,Low,QNT model (assumptions.csv),"Our estimate for horizon year 2030; scenario, not forecast."
S-BASE,2030,prod_milk_kt,1598.4,kt fresh milk,estimate,VN-direct,Low,QNT model (assumptions.csv),"Our estimate for horizon year 2030; scenario, not forecast."
S-BASE,2030,pc_milk_domestic_kg,15.332,kg domestic fresh milk per person,estimate,VN-direct,Low,QNT model (assumptions.csv),"Our estimate for horizon year 2030; scenario, not forecast."
S-BASE,2030,prod_aq_pangasius_kt,2085.8,kt live weight,estimate,VN-direct,Low,QNT model (assumptions.csv),"Our estimate for horizon year 2030; scenario, not forecast."
S-BASE,2030,prod_aq_whiteleg_kt,1069.8,kt live weight,estimate,VN-direct,Low,QNT model (assumptions.csv),"Our estimate for horizon year 2030; scenario, not forecast."
S-BASE,2030,prod_aq_othershrimp_kt,416.7,kt live weight,estimate,VN-direct,Low,QNT model (assumptions.csv),"Our estimate for horizon year 2030; scenario, not forecast."
S-BASE,2030,prod_aq_otherfish_kt,2255.1,kt live weight,estimate,VN-direct,Low,QNT model (assumptions.csv),"Our estimate for horizon year 2030; scenario, not forecast."
S-BASE,2030,prod_aq_nonfed_kt,753.2,kt live weight,estimate,VN-direct,Low,QNT model (assumptions.csv),"Our estimate for horizon year 2030; scenario, not forecast."
S-BASE,2030,prod_aquaculture_kt,6580.5,kt live weight,estimate,VN-direct,Low,QNT model (assumptions.csv),"Our estimate for horizon year 2030; scenario, not forecast."
S-BASE,2030,aquaculture_exports_kt_lwe,3381.0,kt live-weight equivalent,estimate,VN-direct,Low,QNT model (assumptions.csv),"Our estimate for horizon year 2030; scenario, not forecast."
S-BASE,2030,aquaculture_export_share,0.5138,share,estimate,VN-direct,Low,QNT model (assumptions.csv),"Our estimate for horizon year 2030; scenario, not forecast."
S-BASE,2030,pc_farmed_aquatic_domestic_kg,30.69,kg live weight per person,estimate,VN-direct,Low,QNT model (assumptions.csv),"Our estimate for horizon year 2030; scenario, not forecast."
S-BASE,2030,feed_pig_mt,14.493,Mt compound feed,estimate,VN-direct,Low,QNT model (assumptions.csv),"Our estimate for horizon year 2030; scenario, not forecast."
S-BASE,2030,feed_poultry_mt,10.986,Mt compound feed,estimate,VN-direct,Low,QNT model (assumptions.csv),"Our estimate for horizon year 2030; scenario, not forecast."
S-BASE,2030,feed_other_livestock_mt,0.9494,Mt compound feed,estimate,VN-direct,Low,QNT model (assumptions.csv),"Our estimate for horizon year 2030; scenario, not forecast."
S-BASE,2030,feed_pangasius_mt,3.076,Mt compound feed,estimate,VN-direct,Low,QNT model (assumptions.csv),"Our estimate for horizon year 2030; scenario, not forecast."
S-BASE,2030,feed_whiteleg_mt,1.367,Mt compound feed,estimate,VN-direct,Low,QNT model (assumptions.csv),"Our estimate for horizon year 2030; scenario, not forecast."
S-BASE,2030,feed_othershrimp_mt,0.215,Mt compound feed,estimate,VN-direct,Low,QNT model (assumptions.csv),"Our estimate for horizon year 2030; scenario, not forecast."
S-BASE,2030,feed_otherfish_mt,2.42,Mt compound feed,estimate,VN-direct,Low,QNT model (assumptions.csv),"Our estimate for horizon year 2030; scenario, not forecast."
S-BASE,2030,feed_livestock_mt,26.428,"Mt compound feed (pigs, poultry, other livestock)",estimate,VN-direct,Low,QNT model (assumptions.csv),"Our estimate for horizon year 2030; scenario, not forecast."
S-BASE,2030,feed_aquafeed_mt,7.077,Mt compound feed,estimate,VN-direct,Low,QNT model (assumptions.csv),"Our estimate for horizon year 2030; scenario, not forecast."
S-BASE,2030,feed_total_mt,33.506,Mt compound feed,estimate,VN-direct,Low,QNT model (assumptions.csv),"Our estimate for horizon year 2030; scenario, not forecast."
S-BASE,2030,compound_share_pig,0.88,share,estimate,VN-direct,Low,QNT model (assumptions.csv),"Our estimate for horizon year 2030; scenario, not forecast."
S-BASE,2030,sbm_demand_mt,8.456,Mt soybean meal,estimate,VN-direct,Low,QNT model (assumptions.csv),"Our estimate for horizon year 2030; scenario, not forecast."
S-BASE,2030,sbm_import_need_mt,8.456,"Mt soybean meal (as meal, or as beans crushed in Vietnam)",estimate,VN-direct,Low,QNT model (assumptions.csv),"Our estimate for horizon year 2030; scenario, not forecast."
S-BASE,2030,sbm_import_need_bean_eq_mt,10.841,Mt soybeans equivalent,estimate,VN-direct,Low,QNT model (assumptions.csv),"Our estimate for horizon year 2030; scenario, not forecast."
S-BASE,2030,fishmeal_demand_kt,264.5,kt fishmeal,estimate,VN-direct,Low,QNT model (assumptions.csv),"Our estimate for horizon year 2030; scenario, not forecast."
S-BASE,2030,other_meals_sbmeq_mt,2.859,Mt soybean-meal equivalent,estimate,VN-direct,Low,QNT model (assumptions.csv),"Our estimate for horizon year 2030; scenario, not forecast."
S-BASE,2030,protein_meal_demand_sbmeq_mt,11.689,Mt soybean-meal equivalent (46% CP),estimate,VN-direct,Low,QNT model (assumptions.csv),"Our estimate for horizon year 2030; scenario, not forecast."
S-BASE,2030,sbm_intensity_kg_per_t_feed,252.4,kg soybean meal per t compound feed,estimate,VN-direct,Low,QNT model (assumptions.csv),"Our estimate for horizon year 2030; scenario, not forecast."
S-BASE,2030,maize_compound_feed_mt,13.086,Mt maize,estimate,VN-direct,Low,QNT model (assumptions.csv),"Our estimate for horizon year 2030; scenario, not forecast."
S-BASE,2030,maize_total_use_mt,17.062,Mt maize,estimate,VN-direct,Low,QNT model (assumptions.csv),"Our estimate for horizon year 2030; scenario, not forecast."
S-BASE,2030,maize_production_mt,4.1,Mt maize,estimate,VN-direct,Low,QNT model (assumptions.csv),"Our estimate for horizon year 2030; scenario, not forecast."
S-BASE,2030,maize_import_need_mt,12.962,Mt maize,estimate,VN-direct,Low,QNT model (assumptions.csv),"Our estimate for horizon year 2030; scenario, not forecast."
S-BASE,2030,soy_land_abroad_mha,2.664,million ha (mass allocation to meal),estimate,VN-direct,Low,QNT model (assumptions.csv),"Our estimate for horizon year 2030; scenario, not forecast."
S-BASE,2030,maize_land_abroad_mha,1.754,million ha,estimate,VN-direct,Low,QNT model (assumptions.csv),"Our estimate for horizon year 2030; scenario, not forecast."
S-BASE,2035,population,106.5,million,estimate,VN-direct,Low,QNT model (assumptions.csv),"Our estimate for horizon year 2035; scenario, not forecast."
S-BASE,2035,pc_pork_demand_kg_cwe,43.909,"kg per person, carcass weight",estimate,VN-direct,Low,QNT model (assumptions.csv),"Our estimate for horizon year 2035; scenario, not forecast."
S-BASE,2035,prod_pork_kt_lw,6217.5,kt live weight,estimate,VN-direct,Low,QNT model (assumptions.csv),"Our estimate for horizon year 2035; scenario, not forecast."
S-BASE,2035,prod_pork_kt_cwe,4495.2,kt carcass weight,estimate,VN-direct,Low,QNT model (assumptions.csv),"Our estimate for horizon year 2035; scenario, not forecast."
S-BASE,2035,pc_poultry_demand_kg_cwe,31.043,"kg per person, carcass weight",estimate,VN-direct,Low,QNT model (assumptions.csv),"Our estimate for horizon year 2035; scenario, not forecast."
S-BASE,2035,prod_poultry_kt_lw,4133.7,kt live weight,estimate,VN-direct,Low,QNT model (assumptions.csv),"Our estimate for horizon year 2035; scenario, not forecast."
S-BASE,2035,prod_poultry_kt_cwe,2893.6,kt carcass weight,estimate,VN-direct,Low,QNT model (assumptions.csv),"Our estimate for horizon year 2035; scenario, not forecast."
S-BASE,2035,pc_ruminant_demand_kg_cwe,6.983,"kg per person, carcass weight",estimate,VN-direct,Low,QNT model (assumptions.csv),"Our estimate for horizon year 2035; scenario, not forecast."
S-BASE,2035,prod_ruminant_kt_lw,754.0,kt live weight,estimate,VN-direct,Low,QNT model (assumptions.csv),"Our estimate for horizon year 2035; scenario, not forecast."
S-BASE,2035,prod_ruminant_kt_cwe,388.3,kt carcass weight,estimate,VN-direct,Low,QNT model (assumptions.csv),"Our estimate for horizon year 2035; scenario, not forecast."
S-BASE,2035,pc_meat_demand_kg_cwe,81.934,"kg per person, carcass weight",estimate,VN-direct,Low,QNT model (assumptions.csv),"Our estimate for horizon year 2035; scenario, not forecast."
S-BASE,2035,meat_consumption_animal_kt_cwe,8728.5,kt carcass weight (after S-ALT substitution),estimate,VN-direct,Low,QNT model (assumptions.csv),"Our estimate for horizon year 2035; scenario, not forecast."
S-BASE,2035,meat_production_kt_cwe,7777.1,kt carcass weight,estimate,VN-direct,Low,QNT model (assumptions.csv),"Our estimate for horizon year 2035; scenario, not forecast."
S-BASE,2035,pc_eggs_number,247.5,eggs per person,estimate,VN-direct,Low,QNT model (assumptions.csv),"Our estimate for horizon year 2035; scenario, not forecast."
S-BASE,2035,prod_eggs_bn,26.365,billion eggs,estimate,VN-direct,Low,QNT model (assumptions.csv),"Our estimate for horizon year 2035; scenario, not forecast."
S-BASE,2035,prod_milk_kt,1947.9,kt fresh milk,estimate,VN-direct,Low,QNT model (assumptions.csv),"Our estimate for horizon year 2035; scenario, not forecast."
S-BASE,2035,pc_milk_domestic_kg,18.285,kg domestic fresh milk per person,estimate,VN-direct,Low,QNT model (assumptions.csv),"Our estimate for horizon year 2035; scenario, not forecast."
S-BASE,2035,prod_aq_pangasius_kt,2325.6,kt live weight,estimate,VN-direct,Low,QNT model (assumptions.csv),"Our estimate for horizon year 2035; scenario, not forecast."
S-BASE,2035,prod_aq_whiteleg_kt,1192.8,kt live weight,estimate,VN-direct,Low,QNT model (assumptions.csv),"Our estimate for horizon year 2035; scenario, not forecast."
S-BASE,2035,prod_aq_othershrimp_kt,464.6,kt live weight,estimate,VN-direct,Low,QNT model (assumptions.csv),"Our estimate for horizon year 2035; scenario, not forecast."
S-BASE,2035,prod_aq_otherfish_kt,2514.4,kt live weight,estimate,VN-direct,Low,QNT model (assumptions.csv),"Our estimate for horizon year 2035; scenario, not forecast."
S-BASE,2035,prod_aq_nonfed_kt,839.8,kt live weight,estimate,VN-direct,Low,QNT model (assumptions.csv),"Our estimate for horizon year 2035; scenario, not forecast."
S-BASE,2035,prod_aquaculture_kt,7337.1,kt live weight,estimate,VN-direct,Low,QNT model (assumptions.csv),"Our estimate for horizon year 2035; scenario, not forecast."
S-BASE,2035,aquaculture_exports_kt_lwe,3769.7,kt live-weight equivalent,estimate,VN-direct,Low,QNT model (assumptions.csv),"Our estimate for horizon year 2035; scenario, not forecast."
S-BASE,2035,aquaculture_export_share,0.5138,share,estimate,VN-direct,Low,QNT model (assumptions.csv),"Our estimate for horizon year 2035; scenario, not forecast."
S-BASE,2035,pc_farmed_aquatic_domestic_kg,33.487,kg live weight per person,estimate,VN-direct,Low,QNT model (assumptions.csv),"Our estimate for horizon year 2035; scenario, not forecast."
S-BASE,2035,feed_pig_mt,15.22,Mt compound feed,estimate,VN-direct,Low,QNT model (assumptions.csv),"Our estimate for horizon year 2035; scenario, not forecast."
S-BASE,2035,feed_poultry_mt,12.94,Mt compound feed,estimate,VN-direct,Low,QNT model (assumptions.csv),"Our estimate for horizon year 2035; scenario, not forecast."
S-BASE,2035,feed_other_livestock_mt,1.098,Mt compound feed,estimate,VN-direct,Low,QNT model (assumptions.csv),"Our estimate for horizon year 2035; scenario, not forecast."
S-BASE,2035,feed_pangasius_mt,3.378,Mt compound feed,estimate,VN-direct,Low,QNT model (assumptions.csv),"Our estimate for horizon year 2035; scenario, not forecast."
S-BASE,2035,feed_whiteleg_mt,1.502,Mt compound feed,estimate,VN-direct,Low,QNT model (assumptions.csv),"Our estimate for horizon year 2035; scenario, not forecast."
S-BASE,2035,feed_othershrimp_mt,0.2699,Mt compound feed,estimate,VN-direct,Low,QNT model (assumptions.csv),"Our estimate for horizon year 2035; scenario, not forecast."
S-BASE,2035,feed_otherfish_mt,2.782,Mt compound feed,estimate,VN-direct,Low,QNT model (assumptions.csv),"Our estimate for horizon year 2035; scenario, not forecast."
S-BASE,2035,feed_livestock_mt,29.258,"Mt compound feed (pigs, poultry, other livestock)",estimate,VN-direct,Low,QNT model (assumptions.csv),"Our estimate for horizon year 2035; scenario, not forecast."
S-BASE,2035,feed_aquafeed_mt,7.932,Mt compound feed,estimate,VN-direct,Low,QNT model (assumptions.csv),"Our estimate for horizon year 2035; scenario, not forecast."
S-BASE,2035,feed_total_mt,37.189,Mt compound feed,estimate,VN-direct,Low,QNT model (assumptions.csv),"Our estimate for horizon year 2035; scenario, not forecast."
S-BASE,2035,compound_share_pig,0.91,share,estimate,VN-direct,Low,QNT model (assumptions.csv),"Our estimate for horizon year 2035; scenario, not forecast."
S-BASE,2035,sbm_demand_mt,9.467,Mt soybean meal,estimate,VN-direct,Low,QNT model (assumptions.csv),"Our estimate for horizon year 2035; scenario, not forecast."
S-BASE,2035,sbm_import_need_mt,9.467,"Mt soybean meal (as meal, or as beans crushed in Vietnam)",estimate,VN-direct,Low,QNT model (assumptions.csv),"Our estimate for horizon year 2035; scenario, not forecast."
S-BASE,2035,sbm_import_need_bean_eq_mt,12.137,Mt soybeans equivalent,estimate,VN-direct,Low,QNT model (assumptions.csv),"Our estimate for horizon year 2035; scenario, not forecast."
S-BASE,2035,fishmeal_demand_kt,274.4,kt fishmeal,estimate,VN-direct,Low,QNT model (assumptions.csv),"Our estimate for horizon year 2035; scenario, not forecast."
S-BASE,2035,other_meals_sbmeq_mt,3.173,Mt soybean-meal equivalent,estimate,VN-direct,Low,QNT model (assumptions.csv),"Our estimate for horizon year 2035; scenario, not forecast."
S-BASE,2035,protein_meal_demand_sbmeq_mt,13.028,Mt soybean-meal equivalent (46% CP),estimate,VN-direct,Low,QNT model (assumptions.csv),"Our estimate for horizon year 2035; scenario, not forecast."
S-BASE,2035,sbm_intensity_kg_per_t_feed,254.6,kg soybean meal per t compound feed,estimate,VN-direct,Low,QNT model (assumptions.csv),"Our estimate for horizon year 2035; scenario, not forecast."
S-BASE,2035,maize_compound_feed_mt,14.54,Mt maize,estimate,VN-direct,Low,QNT model (assumptions.csv),"Our estimate for horizon year 2035; scenario, not forecast."
S-BASE,2035,maize_total_use_mt,17.952,Mt maize,estimate,VN-direct,Low,QNT model (assumptions.csv),"Our estimate for horizon year 2035; scenario, not forecast."
S-BASE,2035,maize_production_mt,4.1,Mt maize,estimate,VN-direct,Low,QNT model (assumptions.csv),"Our estimate for horizon year 2035; scenario, not forecast."
S-BASE,2035,maize_import_need_mt,13.852,Mt maize,estimate,VN-direct,Low,QNT model (assumptions.csv),"Our estimate for horizon year 2035; scenario, not forecast."
S-BASE,2035,soy_land_abroad_mha,2.894,million ha (mass allocation to meal),estimate,VN-direct,Low,QNT model (assumptions.csv),"Our estimate for horizon year 2035; scenario, not forecast."
S-BASE,2035,maize_land_abroad_mha,1.847,million ha,estimate,VN-direct,Low,QNT model (assumptions.csv),"Our estimate for horizon year 2035; scenario, not forecast."
S-BASE,2040,population,108.4,million,estimate,VN-direct,Low,QNT model (assumptions.csv),"Our estimate for horizon year 2040; scenario, not forecast."
S-BASE,2040,pc_pork_demand_kg_cwe,44.348,"kg per person, carcass weight",estimate,VN-direct,Low,QNT model (assumptions.csv),"Our estimate for horizon year 2040; scenario, not forecast."
S-BASE,2040,prod_pork_kt_lw,6392.2,kt live weight,estimate,VN-direct,Low,QNT model (assumptions.csv),"Our estimate for horizon year 2040; scenario, not forecast."
S-BASE,2040,prod_pork_kt_cwe,4621.6,kt carcass weight,estimate,VN-direct,Low,QNT model (assumptions.csv),"Our estimate for horizon year 2040; scenario, not forecast."
S-BASE,2040,pc_poultry_demand_kg_cwe,32.626,"kg per person, carcass weight",estimate,VN-direct,Low,QNT model (assumptions.csv),"Our estimate for horizon year 2040; scenario, not forecast."
S-BASE,2040,prod_poultry_kt_lw,4422.5,kt live weight,estimate,VN-direct,Low,QNT model (assumptions.csv),"Our estimate for horizon year 2040; scenario, not forecast."
S-BASE,2040,prod_poultry_kt_cwe,3095.7,kt carcass weight,estimate,VN-direct,Low,QNT model (assumptions.csv),"Our estimate for horizon year 2040; scenario, not forecast."
S-BASE,2040,pc_ruminant_demand_kg_cwe,7.339,"kg per person, carcass weight",estimate,VN-direct,Low,QNT model (assumptions.csv),"Our estimate for horizon year 2040; scenario, not forecast."
S-BASE,2040,prod_ruminant_kt_lw,806.7,kt live weight,estimate,VN-direct,Low,QNT model (assumptions.csv),"Our estimate for horizon year 2040; scenario, not forecast."
S-BASE,2040,prod_ruminant_kt_cwe,415.4,kt carcass weight,estimate,VN-direct,Low,QNT model (assumptions.csv),"Our estimate for horizon year 2040; scenario, not forecast."
S-BASE,2040,pc_meat_demand_kg_cwe,84.313,"kg per person, carcass weight",estimate,VN-direct,Low,QNT model (assumptions.csv),"Our estimate for horizon year 2040; scenario, not forecast."
S-BASE,2040,meat_consumption_animal_kt_cwe,9143.0,kt carcass weight (after S-ALT substitution),estimate,VN-direct,Low,QNT model (assumptions.csv),"Our estimate for horizon year 2040; scenario, not forecast."
S-BASE,2040,meat_production_kt_cwe,8132.7,kt carcass weight,estimate,VN-direct,Low,QNT model (assumptions.csv),"Our estimate for horizon year 2040; scenario, not forecast."
S-BASE,2040,pc_eggs_number,260.1,eggs per person,estimate,VN-direct,Low,QNT model (assumptions.csv),"Our estimate for horizon year 2040; scenario, not forecast."
S-BASE,2040,prod_eggs_bn,28.208,billion eggs,estimate,VN-direct,Low,QNT model (assumptions.csv),"Our estimate for horizon year 2040; scenario, not forecast."
S-BASE,2040,prod_milk_kt,2258.2,kt fresh milk,estimate,VN-direct,Low,QNT model (assumptions.csv),"Our estimate for horizon year 2040; scenario, not forecast."
S-BASE,2040,pc_milk_domestic_kg,20.825,kg domestic fresh milk per person,estimate,VN-direct,Low,QNT model (assumptions.csv),"Our estimate for horizon year 2040; scenario, not forecast."
S-BASE,2040,prod_aq_pangasius_kt,2444.2,kt live weight,estimate,VN-direct,Low,QNT model (assumptions.csv),"Our estimate for horizon year 2040; scenario, not forecast."
S-BASE,2040,prod_aq_whiteleg_kt,1253.6,kt live weight,estimate,VN-direct,Low,QNT model (assumptions.csv),"Our estimate for horizon year 2040; scenario, not forecast."
S-BASE,2040,prod_aq_othershrimp_kt,488.3,kt live weight,estimate,VN-direct,Low,QNT model (assumptions.csv),"Our estimate for horizon year 2040; scenario, not forecast."
S-BASE,2040,prod_aq_otherfish_kt,2642.7,kt live weight,estimate,VN-direct,Low,QNT model (assumptions.csv),"Our estimate for horizon year 2040; scenario, not forecast."
S-BASE,2040,prod_aq_nonfed_kt,882.6,kt live weight,estimate,VN-direct,Low,QNT model (assumptions.csv),"Our estimate for horizon year 2040; scenario, not forecast."
S-BASE,2040,prod_aquaculture_kt,7711.4,kt live weight,estimate,VN-direct,Low,QNT model (assumptions.csv),"Our estimate for horizon year 2040; scenario, not forecast."
S-BASE,2040,aquaculture_exports_kt_lwe,3962.1,kt live-weight equivalent,estimate,VN-direct,Low,QNT model (assumptions.csv),"Our estimate for horizon year 2040; scenario, not forecast."
S-BASE,2040,aquaculture_export_share,0.5138,share,estimate,VN-direct,Low,QNT model (assumptions.csv),"Our estimate for horizon year 2040; scenario, not forecast."
S-BASE,2040,pc_farmed_aquatic_domestic_kg,34.576,kg live weight per person,estimate,VN-direct,Low,QNT model (assumptions.csv),"Our estimate for horizon year 2040; scenario, not forecast."
S-BASE,2040,feed_pig_mt,15.843,Mt compound feed,estimate,VN-direct,Low,QNT model (assumptions.csv),"Our estimate for horizon year 2040; scenario, not forecast."
S-BASE,2040,feed_poultry_mt,13.639,Mt compound feed,estimate,VN-direct,Low,QNT model (assumptions.csv),"Our estimate for horizon year 2040; scenario, not forecast."
S-BASE,2040,feed_other_livestock_mt,1.221,Mt compound feed,estimate,VN-direct,Low,QNT model (assumptions.csv),"Our estimate for horizon year 2040; scenario, not forecast."
S-BASE,2040,feed_pangasius_mt,3.498,Mt compound feed,estimate,VN-direct,Low,QNT model (assumptions.csv),"Our estimate for horizon year 2040; scenario, not forecast."
S-BASE,2040,feed_whiteleg_mt,1.555,Mt compound feed,estimate,VN-direct,Low,QNT model (assumptions.csv),"Our estimate for horizon year 2040; scenario, not forecast."
S-BASE,2040,feed_othershrimp_mt,0.3144,Mt compound feed,estimate,VN-direct,Low,QNT model (assumptions.csv),"Our estimate for horizon year 2040; scenario, not forecast."
S-BASE,2040,feed_otherfish_mt,3.034,Mt compound feed,estimate,VN-direct,Low,QNT model (assumptions.csv),"Our estimate for horizon year 2040; scenario, not forecast."
S-BASE,2040,feed_livestock_mt,30.702,"Mt compound feed (pigs, poultry, other livestock)",estimate,VN-direct,Low,QNT model (assumptions.csv),"Our estimate for horizon year 2040; scenario, not forecast."
S-BASE,2040,feed_aquafeed_mt,8.401,Mt compound feed,estimate,VN-direct,Low,QNT model (assumptions.csv),"Our estimate for horizon year 2040; scenario, not forecast."
S-BASE,2040,feed_total_mt,39.104,Mt compound feed,estimate,VN-direct,Low,QNT model (assumptions.csv),"Our estimate for horizon year 2040; scenario, not forecast."
S-BASE,2040,compound_share_pig,0.94,share,estimate,VN-direct,Low,QNT model (assumptions.csv),"Our estimate for horizon year 2040; scenario, not forecast."
S-BASE,2040,sbm_demand_mt,9.953,Mt soybean meal,estimate,VN-direct,Low,QNT model (assumptions.csv),"Our estimate for horizon year 2040; scenario, not forecast."
S-BASE,2040,sbm_import_need_mt,9.953,"Mt soybean meal (as meal, or as beans crushed in Vietnam)",estimate,VN-direct,Low,QNT model (assumptions.csv),"Our estimate for horizon year 2040; scenario, not forecast."
S-BASE,2040,sbm_import_need_bean_eq_mt,12.76,Mt soybeans equivalent,estimate,VN-direct,Low,QNT model (assumptions.csv),"Our estimate for horizon year 2040; scenario, not forecast."
S-BASE,2040,fishmeal_demand_kt,268.9,kt fishmeal,estimate,VN-direct,Low,QNT model (assumptions.csv),"Our estimate for horizon year 2040; scenario, not forecast."
S-BASE,2040,other_meals_sbmeq_mt,3.337,Mt soybean-meal equivalent,estimate,VN-direct,Low,QNT model (assumptions.csv),"Our estimate for horizon year 2040; scenario, not forecast."
S-BASE,2040,protein_meal_demand_sbmeq_mt,13.669,Mt soybean-meal equivalent (46% CP),estimate,VN-direct,Low,QNT model (assumptions.csv),"Our estimate for horizon year 2040; scenario, not forecast."
S-BASE,2040,sbm_intensity_kg_per_t_feed,254.5,kg soybean meal per t compound feed,estimate,VN-direct,Low,QNT model (assumptions.csv),"Our estimate for horizon year 2040; scenario, not forecast."
S-BASE,2040,maize_compound_feed_mt,15.256,Mt maize,estimate,VN-direct,Low,QNT model (assumptions.csv),"Our estimate for horizon year 2040; scenario, not forecast."
S-BASE,2040,maize_total_use_mt,18.076,Mt maize,estimate,VN-direct,Low,QNT model (assumptions.csv),"Our estimate for horizon year 2040; scenario, not forecast."
S-BASE,2040,maize_production_mt,4.1,Mt maize,estimate,VN-direct,Low,QNT model (assumptions.csv),"Our estimate for horizon year 2040; scenario, not forecast."
S-BASE,2040,maize_import_need_mt,13.976,Mt maize,estimate,VN-direct,Low,QNT model (assumptions.csv),"Our estimate for horizon year 2040; scenario, not forecast."
S-BASE,2040,soy_land_abroad_mha,2.953,million ha (mass allocation to meal),estimate,VN-direct,Low,QNT model (assumptions.csv),"Our estimate for horizon year 2040; scenario, not forecast."
S-BASE,2040,maize_land_abroad_mha,1.835,million ha,estimate,VN-direct,Low,QNT model (assumptions.csv),"Our estimate for horizon year 2040; scenario, not forecast."
S-BASE,2050,population,110.0,million,estimate,VN-direct,Low,QNT model (assumptions.csv),"Our estimate for horizon year 2050; scenario, not forecast."
S-BASE,2050,pc_pork_demand_kg_cwe,45.242,"kg per person, carcass weight",estimate,VN-direct,Low,QNT model (assumptions.csv),"Our estimate for horizon year 2050; scenario, not forecast."
S-BASE,2050,prod_pork_kt_lw,6615.5,kt live weight,estimate,VN-direct,Low,QNT model (assumptions.csv),"Our estimate for horizon year 2050; scenario, not forecast."
S-BASE,2050,prod_pork_kt_cwe,4783.0,kt carcass weight,estimate,VN-direct,Low,QNT model (assumptions.csv),"Our estimate for horizon year 2050; scenario, not forecast."
S-BASE,2050,pc_poultry_demand_kg_cwe,34.296,"kg per person, carcass weight",estimate,VN-direct,Low,QNT model (assumptions.csv),"Our estimate for horizon year 2050; scenario, not forecast."
S-BASE,2050,prod_poultry_kt_lw,4716.1,kt live weight,estimate,VN-direct,Low,QNT model (assumptions.csv),"Our estimate for horizon year 2050; scenario, not forecast."
S-BASE,2050,prod_poultry_kt_cwe,3301.3,kt carcass weight,estimate,VN-direct,Low,QNT model (assumptions.csv),"Our estimate for horizon year 2050; scenario, not forecast."
S-BASE,2050,pc_ruminant_demand_kg_cwe,8.106,"kg per person, carcass weight",estimate,VN-direct,Low,QNT model (assumptions.csv),"Our estimate for horizon year 2050; scenario, not forecast."
S-BASE,2050,prod_ruminant_kt_lw,903.9,kt live weight,estimate,VN-direct,Low,QNT model (assumptions.csv),"Our estimate for horizon year 2050; scenario, not forecast."
S-BASE,2050,prod_ruminant_kt_cwe,465.5,kt carcass weight,estimate,VN-direct,Low,QNT model (assumptions.csv),"Our estimate for horizon year 2050; scenario, not forecast."
S-BASE,2050,pc_meat_demand_kg_cwe,87.645,"kg per person, carcass weight",estimate,VN-direct,Low,QNT model (assumptions.csv),"Our estimate for horizon year 2050; scenario, not forecast."
S-BASE,2050,meat_consumption_animal_kt_cwe,9641.8,kt carcass weight (after S-ALT substitution),estimate,VN-direct,Low,QNT model (assumptions.csv),"Our estimate for horizon year 2050; scenario, not forecast."
S-BASE,2050,meat_production_kt_cwe,8549.8,kt carcass weight,estimate,VN-direct,Low,QNT model (assumptions.csv),"Our estimate for horizon year 2050; scenario, not forecast."
S-BASE,2050,pc_eggs_number,275.1,eggs per person,estimate,VN-direct,Low,QNT model (assumptions.csv),"Our estimate for horizon year 2050; scenario, not forecast."
S-BASE,2050,prod_eggs_bn,30.262,billion eggs,estimate,VN-direct,Low,QNT model (assumptions.csv),"Our estimate for horizon year 2050; scenario, not forecast."
S-BASE,2050,prod_milk_kt,2752.8,kt fresh milk,estimate,VN-direct,Low,QNT model (assumptions.csv),"Our estimate for horizon year 2050; scenario, not forecast."
S-BASE,2050,pc_milk_domestic_kg,25.023,kg domestic fresh milk per person,estimate,VN-direct,Low,QNT model (assumptions.csv),"Our estimate for horizon year 2050; scenario, not forecast."
S-BASE,2050,prod_aq_pangasius_kt,2700.0,kt live weight,estimate,VN-direct,Low,QNT model (assumptions.csv),"Our estimate for horizon year 2050; scenario, not forecast."
S-BASE,2050,prod_aq_whiteleg_kt,1384.8,kt live weight,estimate,VN-direct,Low,QNT model (assumptions.csv),"Our estimate for horizon year 2050; scenario, not forecast."
S-BASE,2050,prod_aq_othershrimp_kt,539.4,kt live weight,estimate,VN-direct,Low,QNT model (assumptions.csv),"Our estimate for horizon year 2050; scenario, not forecast."
S-BASE,2050,prod_aq_otherfish_kt,2919.2,kt live weight,estimate,VN-direct,Low,QNT model (assumptions.csv),"Our estimate for horizon year 2050; scenario, not forecast."
S-BASE,2050,prod_aq_nonfed_kt,975.0,kt live weight,estimate,VN-direct,Low,QNT model (assumptions.csv),"Our estimate for horizon year 2050; scenario, not forecast."
S-BASE,2050,prod_aquaculture_kt,8518.3,kt live weight,estimate,VN-direct,Low,QNT model (assumptions.csv),"Our estimate for horizon year 2050; scenario, not forecast."
S-BASE,2050,aquaculture_exports_kt_lwe,4376.6,kt live-weight equivalent,estimate,VN-direct,Low,QNT model (assumptions.csv),"Our estimate for horizon year 2050; scenario, not forecast."
S-BASE,2050,aquaculture_export_share,0.5138,share,estimate,VN-direct,Low,QNT model (assumptions.csv),"Our estimate for horizon year 2050; scenario, not forecast."
S-BASE,2050,pc_farmed_aquatic_domestic_kg,37.648,kg live weight per person,estimate,VN-direct,Low,QNT model (assumptions.csv),"Our estimate for horizon year 2050; scenario, not forecast."
S-BASE,2050,feed_pig_mt,16.255,Mt compound feed,estimate,VN-direct,Low,QNT model (assumptions.csv),"Our estimate for horizon year 2050; scenario, not forecast."
S-BASE,2050,feed_poultry_mt,13.994,Mt compound feed,estimate,VN-direct,Low,QNT model (assumptions.csv),"Our estimate for horizon year 2050; scenario, not forecast."
S-BASE,2050,feed_other_livestock_mt,1.399,Mt compound feed,estimate,VN-direct,Low,QNT model (assumptions.csv),"Our estimate for horizon year 2050; scenario, not forecast."
S-BASE,2050,feed_pangasius_mt,3.749,Mt compound feed,estimate,VN-direct,Low,QNT model (assumptions.csv),"Our estimate for horizon year 2050; scenario, not forecast."
S-BASE,2050,feed_whiteleg_mt,1.667,Mt compound feed,estimate,VN-direct,Low,QNT model (assumptions.csv),"Our estimate for horizon year 2050; scenario, not forecast."
S-BASE,2050,feed_othershrimp_mt,0.3745,Mt compound feed,estimate,VN-direct,Low,QNT model (assumptions.csv),"Our estimate for horizon year 2050; scenario, not forecast."
S-BASE,2050,feed_otherfish_mt,3.446,Mt compound feed,estimate,VN-direct,Low,QNT model (assumptions.csv),"Our estimate for horizon year 2050; scenario, not forecast."
S-BASE,2050,feed_livestock_mt,31.648,"Mt compound feed (pigs, poultry, other livestock)",estimate,VN-direct,Low,QNT model (assumptions.csv),"Our estimate for horizon year 2050; scenario, not forecast."
S-BASE,2050,feed_aquafeed_mt,9.236,Mt compound feed,estimate,VN-direct,Low,QNT model (assumptions.csv),"Our estimate for horizon year 2050; scenario, not forecast."
S-BASE,2050,feed_total_mt,40.884,Mt compound feed,estimate,VN-direct,Low,QNT model (assumptions.csv),"Our estimate for horizon year 2050; scenario, not forecast."
S-BASE,2050,compound_share_pig,0.97,share,estimate,VN-direct,Low,QNT model (assumptions.csv),"Our estimate for horizon year 2050; scenario, not forecast."
S-BASE,2050,sbm_demand_mt,10.403,Mt soybean meal,estimate,VN-direct,Low,QNT model (assumptions.csv),"Our estimate for horizon year 2050; scenario, not forecast."
S-BASE,2050,sbm_import_need_mt,10.403,"Mt soybean meal (as meal, or as beans crushed in Vietnam)",estimate,VN-direct,Low,QNT model (assumptions.csv),"Our estimate for horizon year 2050; scenario, not forecast."
S-BASE,2050,sbm_import_need_bean_eq_mt,13.337,Mt soybeans equivalent,estimate,VN-direct,Low,QNT model (assumptions.csv),"Our estimate for horizon year 2050; scenario, not forecast."
S-BASE,2050,fishmeal_demand_kt,252.7,kt fishmeal,estimate,VN-direct,Low,QNT model (assumptions.csv),"Our estimate for horizon year 2050; scenario, not forecast."
S-BASE,2050,other_meals_sbmeq_mt,3.489,Mt soybean-meal equivalent,estimate,VN-direct,Low,QNT model (assumptions.csv),"Our estimate for horizon year 2050; scenario, not forecast."
S-BASE,2050,protein_meal_demand_sbmeq_mt,14.248,Mt soybean-meal equivalent (46% CP),estimate,VN-direct,Low,QNT model (assumptions.csv),"Our estimate for horizon year 2050; scenario, not forecast."
S-BASE,2050,sbm_intensity_kg_per_t_feed,254.4,kg soybean meal per t compound feed,estimate,VN-direct,Low,QNT model (assumptions.csv),"Our estimate for horizon year 2050; scenario, not forecast."
S-BASE,2050,maize_compound_feed_mt,15.729,Mt maize,estimate,VN-direct,Low,QNT model (assumptions.csv),"Our estimate for horizon year 2050; scenario, not forecast."
S-BASE,2050,maize_total_use_mt,17.941,Mt maize,estimate,VN-direct,Low,QNT model (assumptions.csv),"Our estimate for horizon year 2050; scenario, not forecast."
S-BASE,2050,maize_production_mt,4.1,Mt maize,estimate,VN-direct,Low,QNT model (assumptions.csv),"Our estimate for horizon year 2050; scenario, not forecast."
S-BASE,2050,maize_import_need_mt,13.841,Mt maize,estimate,VN-direct,Low,QNT model (assumptions.csv),"Our estimate for horizon year 2050; scenario, not forecast."
S-BASE,2050,soy_land_abroad_mha,2.907,million ha (mass allocation to meal),estimate,VN-direct,Low,QNT model (assumptions.csv),"Our estimate for horizon year 2050; scenario, not forecast."
S-BASE,2050,maize_land_abroad_mha,1.764,million ha,estimate,VN-direct,Low,QNT model (assumptions.csv),"Our estimate for horizon year 2050; scenario, not forecast."
S-HIGH,2025,population,101.6,million,calibration (2025 base),VN-direct,Medium,QNT model (assumptions.csv),Calibrated to 2025 anchors; identical in all scenarios.
S-HIGH,2025,pc_pork_demand_kg_cwe,39.907,"kg per person, carcass weight",calibration (2025 base),VN-direct,Medium,QNT model (assumptions.csv),Calibrated to 2025 anchors; identical in all scenarios.
S-HIGH,2025,prod_pork_kt_lw,5389.2,kt live weight,calibration (2025 base),VN-direct,Medium,QNT model (assumptions.csv),Calibrated to 2025 anchors; identical in all scenarios.
S-HIGH,2025,prod_pork_kt_cwe,3896.4,kt carcass weight,calibration (2025 base),VN-direct,Medium,QNT model (assumptions.csv),Calibrated to 2025 anchors; identical in all scenarios.
S-HIGH,2025,pc_poultry_demand_kg_cwe,20.487,"kg per person, carcass weight",calibration (2025 base),VN-direct,Medium,QNT model (assumptions.csv),Calibrated to 2025 anchors; identical in all scenarios.
S-HIGH,2025,prod_poultry_kt_lw,2601.9,kt live weight,calibration (2025 base),VN-direct,Medium,QNT model (assumptions.csv),Calibrated to 2025 anchors; identical in all scenarios.
S-HIGH,2025,prod_poultry_kt_cwe,1821.3,kt carcass weight,calibration (2025 base),VN-direct,Medium,QNT model (assumptions.csv),Calibrated to 2025 anchors; identical in all scenarios.
S-HIGH,2025,pc_ruminant_demand_kg_cwe,6.062,"kg per person, carcass weight",calibration (2025 base),VN-direct,Medium,QNT model (assumptions.csv),Calibrated to 2025 anchors; identical in all scenarios.
S-HIGH,2025,prod_ruminant_kt_lw,624.3,kt live weight,calibration (2025 base),VN-direct,Medium,QNT model (assumptions.csv),Calibrated to 2025 anchors; identical in all scenarios.
S-HIGH,2025,prod_ruminant_kt_cwe,321.5,kt carcass weight,calibration (2025 base),VN-direct,Medium,QNT model (assumptions.csv),Calibrated to 2025 anchors; identical in all scenarios.
S-HIGH,2025,pc_meat_demand_kg_cwe,66.456,"kg per person, carcass weight",calibration (2025 base),VN-direct,Medium,QNT model (assumptions.csv),Calibrated to 2025 anchors; identical in all scenarios.
S-HIGH,2025,meat_consumption_animal_kt_cwe,6752.0,kt carcass weight (after S-ALT substitution),calibration (2025 base),VN-direct,Medium,QNT model (assumptions.csv),Calibrated to 2025 anchors; identical in all scenarios.
S-HIGH,2025,meat_production_kt_cwe,6039.2,kt carcass weight,calibration (2025 base),VN-direct,Medium,QNT model (assumptions.csv),Calibrated to 2025 anchors; identical in all scenarios.
S-HIGH,2025,pc_eggs_number,210.6,eggs per person,calibration (2025 base),VN-direct,Medium,QNT model (assumptions.csv),Calibrated to 2025 anchors; identical in all scenarios.
S-HIGH,2025,prod_eggs_bn,21.4,billion eggs,calibration (2025 base),VN-direct,Medium,QNT model (assumptions.csv),Calibrated to 2025 anchors; identical in all scenarios.
S-HIGH,2025,prod_milk_kt,1300.0,kt fresh milk,calibration (2025 base),VN-direct,Medium,QNT model (assumptions.csv),Calibrated to 2025 anchors; identical in all scenarios.
S-HIGH,2025,pc_milk_domestic_kg,12.795,kg domestic fresh milk per person,calibration (2025 base),VN-direct,Medium,QNT model (assumptions.csv),Calibrated to 2025 anchors; identical in all scenarios.
S-HIGH,2025,prod_aq_pangasius_kt,1938.8,kt live weight,calibration (2025 base),VN-direct,Medium,QNT model (assumptions.csv),Calibrated to 2025 anchors; identical in all scenarios.
S-HIGH,2025,prod_aq_whiteleg_kt,994.4,kt live weight,calibration (2025 base),VN-direct,Medium,QNT model (assumptions.csv),Calibrated to 2025 anchors; identical in all scenarios.
S-HIGH,2025,prod_aq_othershrimp_kt,387.3,kt live weight,calibration (2025 base),VN-direct,Medium,QNT model (assumptions.csv),Calibrated to 2025 anchors; identical in all scenarios.
S-HIGH,2025,prod_aq_otherfish_kt,2096.2,kt live weight,calibration (2025 base),VN-direct,Medium,QNT model (assumptions.csv),Calibrated to 2025 anchors; identical in all scenarios.
S-HIGH,2025,prod_aq_nonfed_kt,700.1,kt live weight,calibration (2025 base),VN-direct,Medium,QNT model (assumptions.csv),Calibrated to 2025 anchors; identical in all scenarios.
S-HIGH,2025,prod_aquaculture_kt,6116.8,kt live weight,calibration (2025 base),VN-direct,Medium,QNT model (assumptions.csv),Calibrated to 2025 anchors; identical in all scenarios.
S-HIGH,2025,aquaculture_exports_kt_lwe,3142.8,kt live-weight equivalent,calibration (2025 base),VN-direct,Medium,QNT model (assumptions.csv),Calibrated to 2025 anchors; identical in all scenarios.
S-HIGH,2025,aquaculture_export_share,0.5138,share,calibration (2025 base),VN-direct,Medium,QNT model (assumptions.csv),Calibrated to 2025 anchors; identical in all scenarios.
S-HIGH,2025,pc_farmed_aquatic_domestic_kg,29.272,kg live weight per person,calibration (2025 base),VN-direct,Medium,QNT model (assumptions.csv),Calibrated to 2025 anchors; identical in all scenarios.
S-HIGH,2025,feed_pig_mt,12.166,Mt compound feed,calibration (2025 base),VN-direct,Medium,QNT model (assumptions.csv),Calibrated to 2025 anchors; identical in all scenarios.
S-HIGH,2025,feed_poultry_mt,8.998,Mt compound feed,calibration (2025 base),VN-direct,Medium,QNT model (assumptions.csv),Calibrated to 2025 anchors; identical in all scenarios.
S-HIGH,2025,feed_other_livestock_mt,0.814,Mt compound feed,calibration (2025 base),VN-direct,Medium,QNT model (assumptions.csv),Calibrated to 2025 anchors; identical in all scenarios.
S-HIGH,2025,feed_pangasius_mt,2.902,Mt compound feed,calibration (2025 base),VN-direct,Medium,QNT model (assumptions.csv),Calibrated to 2025 anchors; identical in all scenarios.
S-HIGH,2025,feed_whiteleg_mt,1.29,Mt compound feed,calibration (2025 base),VN-direct,Medium,QNT model (assumptions.csv),Calibrated to 2025 anchors; identical in all scenarios.
S-HIGH,2025,feed_othershrimp_mt,0.1739,Mt compound feed,calibration (2025 base),VN-direct,Medium,QNT model (assumptions.csv),Calibrated to 2025 anchors; identical in all scenarios.
S-HIGH,2025,feed_otherfish_mt,2.134,Mt compound feed,calibration (2025 base),VN-direct,Medium,QNT model (assumptions.csv),Calibrated to 2025 anchors; identical in all scenarios.
S-HIGH,2025,feed_livestock_mt,21.978,"Mt compound feed (pigs, poultry, other livestock)",calibration (2025 base),VN-direct,Medium,QNT model (assumptions.csv),Calibrated to 2025 anchors; identical in all scenarios.
S-HIGH,2025,feed_aquafeed_mt,6.5,Mt compound feed,calibration (2025 base),VN-direct,Medium,QNT model (assumptions.csv),Calibrated to 2025 anchors; identical in all scenarios.
S-HIGH,2025,feed_total_mt,28.478,Mt compound feed,calibration (2025 base),VN-direct,Medium,QNT model (assumptions.csv),Calibrated to 2025 anchors; identical in all scenarios.
S-HIGH,2025,compound_share_pig,0.8062,share,calibration (2025 base),VN-direct,Medium,QNT model (assumptions.csv),Calibrated to 2025 anchors; identical in all scenarios.
S-HIGH,2025,sbm_demand_mt,7.2,Mt soybean meal,calibration (2025 base),VN-direct,Medium,QNT model (assumptions.csv),Calibrated to 2025 anchors; identical in all scenarios.
S-HIGH,2025,sbm_import_need_mt,7.2,"Mt soybean meal (as meal, or as beans crushed in Vietnam)",calibration (2025 base),VN-direct,Medium,QNT model (assumptions.csv),Calibrated to 2025 anchors; identical in all scenarios.
S-HIGH,2025,sbm_import_need_bean_eq_mt,9.231,Mt soybeans equivalent,calibration (2025 base),VN-direct,Medium,QNT model (assumptions.csv),Calibrated to 2025 anchors; identical in all scenarios.
S-HIGH,2025,fishmeal_demand_kt,261.7,kt fishmeal,calibration (2025 base),VN-direct,Medium,QNT model (assumptions.csv),Calibrated to 2025 anchors; identical in all scenarios.
S-HIGH,2025,other_meals_sbmeq_mt,2.43,Mt soybean-meal equivalent,calibration (2025 base),VN-direct,Medium,QNT model (assumptions.csv),Calibrated to 2025 anchors; identical in all scenarios.
S-HIGH,2025,protein_meal_demand_sbmeq_mt,10.0,Mt soybean-meal equivalent (46% CP),calibration (2025 base),VN-direct,Medium,QNT model (assumptions.csv),Calibrated to 2025 anchors; identical in all scenarios.
S-HIGH,2025,sbm_intensity_kg_per_t_feed,252.8,kg soybean meal per t compound feed,calibration (2025 base),VN-direct,Medium,QNT model (assumptions.csv),Calibrated to 2025 anchors; identical in all scenarios.
S-HIGH,2025,maize_compound_feed_mt,10.9,Mt maize,calibration (2025 base),VN-direct,Medium,QNT model (assumptions.csv),Calibrated to 2025 anchors; identical in all scenarios.
S-HIGH,2025,maize_total_use_mt,16.01,Mt maize,calibration (2025 base),VN-direct,Medium,QNT model (assumptions.csv),Calibrated to 2025 anchors; identical in all scenarios.
S-HIGH,2025,maize_production_mt,4.1,Mt maize,calibration (2025 base),VN-direct,Medium,QNT model (assumptions.csv),Calibrated to 2025 anchors; identical in all scenarios.
S-HIGH,2025,maize_import_need_mt,11.91,Mt maize,calibration (2025 base),VN-direct,Medium,QNT model (assumptions.csv),Calibrated to 2025 anchors; identical in all scenarios.
S-HIGH,2025,soy_land_abroad_mha,2.337,million ha (mass allocation to meal),calibration (2025 base),VN-direct,Medium,QNT model (assumptions.csv),Calibrated to 2025 anchors; identical in all scenarios.
S-HIGH,2025,maize_land_abroad_mha,1.636,million ha,calibration (2025 base),VN-direct,Medium,QNT model (assumptions.csv),Calibrated to 2025 anchors; identical in all scenarios.
S-HIGH,2030,population,104.2,million,estimate,VN-direct,Low,QNT model (assumptions.csv),"Our estimate for horizon year 2030; scenario, not forecast."
S-HIGH,2030,pc_pork_demand_kg_cwe,45.97,"kg per person, carcass weight",estimate,VN-direct,Low,QNT model (assumptions.csv),"Our estimate for horizon year 2030; scenario, not forecast."
S-HIGH,2030,prod_pork_kt_lw,6370.0,kt live weight,estimate,VN-direct,Low,QNT model (assumptions.csv),"Our estimate for horizon year 2030; scenario, not forecast."
S-HIGH,2030,prod_pork_kt_cwe,4605.5,kt carcass weight,estimate,VN-direct,Low,QNT model (assumptions.csv),"Our estimate for horizon year 2030; scenario, not forecast."
S-HIGH,2030,pc_poultry_demand_kg_cwe,27.11,"kg per person, carcass weight",estimate,VN-direct,Low,QNT model (assumptions.csv),"Our estimate for horizon year 2030; scenario, not forecast."
S-HIGH,2030,prod_poultry_kt_lw,3532.8,kt live weight,estimate,VN-direct,Low,QNT model (assumptions.csv),"Our estimate for horizon year 2030; scenario, not forecast."
S-HIGH,2030,prod_poultry_kt_cwe,2473.0,kt carcass weight,estimate,VN-direct,Low,QNT model (assumptions.csv),"Our estimate for horizon year 2030; scenario, not forecast."
S-HIGH,2030,pc_ruminant_demand_kg_cwe,6.945,"kg per person, carcass weight",estimate,VN-direct,Low,QNT model (assumptions.csv),"Our estimate for horizon year 2030; scenario, not forecast."
S-HIGH,2030,prod_ruminant_kt_lw,733.9,kt live weight,estimate,VN-direct,Low,QNT model (assumptions.csv),"Our estimate for horizon year 2030; scenario, not forecast."
S-HIGH,2030,prod_ruminant_kt_cwe,378.0,kt carcass weight,estimate,VN-direct,Low,QNT model (assumptions.csv),"Our estimate for horizon year 2030; scenario, not forecast."
S-HIGH,2030,pc_meat_demand_kg_cwe,80.026,"kg per person, carcass weight",estimate,VN-direct,Low,QNT model (assumptions.csv),"Our estimate for horizon year 2030; scenario, not forecast."
S-HIGH,2030,meat_consumption_animal_kt_cwe,8342.7,kt carcass weight (after S-ALT substitution),estimate,VN-direct,Low,QNT model (assumptions.csv),"Our estimate for horizon year 2030; scenario, not forecast."
S-HIGH,2030,meat_production_kt_cwe,7456.4,kt carcass weight,estimate,VN-direct,Low,QNT model (assumptions.csv),"Our estimate for horizon year 2030; scenario, not forecast."
S-HIGH,2030,pc_eggs_number,249.5,eggs per person,estimate,VN-direct,Low,QNT model (assumptions.csv),"Our estimate for horizon year 2030; scenario, not forecast."
S-HIGH,2030,prod_eggs_bn,26.012,billion eggs,estimate,VN-direct,Low,QNT model (assumptions.csv),"Our estimate for horizon year 2030; scenario, not forecast."
S-HIGH,2030,prod_milk_kt,1696.6,kt fresh milk,estimate,VN-direct,Low,QNT model (assumptions.csv),"Our estimate for horizon year 2030; scenario, not forecast."
S-HIGH,2030,pc_milk_domestic_kg,16.275,kg domestic fresh milk per person,estimate,VN-direct,Low,QNT model (assumptions.csv),"Our estimate for horizon year 2030; scenario, not forecast."
S-HIGH,2030,prod_aq_pangasius_kt,2218.8,kt live weight,estimate,VN-direct,Low,QNT model (assumptions.csv),"Our estimate for horizon year 2030; scenario, not forecast."
S-HIGH,2030,prod_aq_whiteleg_kt,1138.0,kt live weight,estimate,VN-direct,Low,QNT model (assumptions.csv),"Our estimate for horizon year 2030; scenario, not forecast."
S-HIGH,2030,prod_aq_othershrimp_kt,443.2,kt live weight,estimate,VN-direct,Low,QNT model (assumptions.csv),"Our estimate for horizon year 2030; scenario, not forecast."
S-HIGH,2030,prod_aq_otherfish_kt,2398.9,kt live weight,estimate,VN-direct,Low,QNT model (assumptions.csv),"Our estimate for horizon year 2030; scenario, not forecast."
S-HIGH,2030,prod_aq_nonfed_kt,801.2,kt live weight,estimate,VN-direct,Low,QNT model (assumptions.csv),"Our estimate for horizon year 2030; scenario, not forecast."
S-HIGH,2030,prod_aquaculture_kt,7000.1,kt live weight,estimate,VN-direct,Low,QNT model (assumptions.csv),"Our estimate for horizon year 2030; scenario, not forecast."
S-HIGH,2030,aquaculture_exports_kt_lwe,3596.6,kt live-weight equivalent,estimate,VN-direct,Low,QNT model (assumptions.csv),"Our estimate for horizon year 2030; scenario, not forecast."
S-HIGH,2030,aquaculture_export_share,0.5138,share,estimate,VN-direct,Low,QNT model (assumptions.csv),"Our estimate for horizon year 2030; scenario, not forecast."
S-HIGH,2030,pc_farmed_aquatic_domestic_kg,32.648,kg live weight per person,estimate,VN-direct,Low,QNT model (assumptions.csv),"Our estimate for horizon year 2030; scenario, not forecast."
S-HIGH,2030,feed_pig_mt,15.384,Mt compound feed,estimate,VN-direct,Low,QNT model (assumptions.csv),"Our estimate for horizon year 2030; scenario, not forecast."
S-HIGH,2030,feed_poultry_mt,11.662,Mt compound feed,estimate,VN-direct,Low,QNT model (assumptions.csv),"Our estimate for horizon year 2030; scenario, not forecast."
S-HIGH,2030,feed_other_livestock_mt,1.008,Mt compound feed,estimate,VN-direct,Low,QNT model (assumptions.csv),"Our estimate for horizon year 2030; scenario, not forecast."
S-HIGH,2030,feed_pangasius_mt,3.272,Mt compound feed,estimate,VN-direct,Low,QNT model (assumptions.csv),"Our estimate for horizon year 2030; scenario, not forecast."
S-HIGH,2030,feed_whiteleg_mt,1.454,Mt compound feed,estimate,VN-direct,Low,QNT model (assumptions.csv),"Our estimate for horizon year 2030; scenario, not forecast."
S-HIGH,2030,feed_othershrimp_mt,0.2288,Mt compound feed,estimate,VN-direct,Low,QNT model (assumptions.csv),"Our estimate for horizon year 2030; scenario, not forecast."
S-HIGH,2030,feed_otherfish_mt,2.574,Mt compound feed,estimate,VN-direct,Low,QNT model (assumptions.csv),"Our estimate for horizon year 2030; scenario, not forecast."
S-HIGH,2030,feed_livestock_mt,28.054,"Mt compound feed (pigs, poultry, other livestock)",estimate,VN-direct,Low,QNT model (assumptions.csv),"Our estimate for horizon year 2030; scenario, not forecast."
S-HIGH,2030,feed_aquafeed_mt,7.529,Mt compound feed,estimate,VN-direct,Low,QNT model (assumptions.csv),"Our estimate for horizon year 2030; scenario, not forecast."
S-HIGH,2030,feed_total_mt,35.582,Mt compound feed,estimate,VN-direct,Low,QNT model (assumptions.csv),"Our estimate for horizon year 2030; scenario, not forecast."
S-HIGH,2030,compound_share_pig,0.88,share,estimate,VN-direct,Low,QNT model (assumptions.csv),"Our estimate for horizon year 2030; scenario, not forecast."
S-HIGH,2030,sbm_demand_mt,8.981,Mt soybean meal,estimate,VN-direct,Low,QNT model (assumptions.csv),"Our estimate for horizon year 2030; scenario, not forecast."
S-HIGH,2030,sbm_import_need_mt,8.981,"Mt soybean meal (as meal, or as beans crushed in Vietnam)",estimate,VN-direct,Low,QNT model (assumptions.csv),"Our estimate for horizon year 2030; scenario, not forecast."
S-HIGH,2030,sbm_import_need_bean_eq_mt,11.514,Mt soybeans equivalent,estimate,VN-direct,Low,QNT model (assumptions.csv),"Our estimate for horizon year 2030; scenario, not forecast."
S-HIGH,2030,fishmeal_demand_kt,281.3,kt fishmeal,estimate,VN-direct,Low,QNT model (assumptions.csv),"Our estimate for horizon year 2030; scenario, not forecast."
S-HIGH,2030,other_meals_sbmeq_mt,3.036,Mt soybean-meal equivalent,estimate,VN-direct,Low,QNT model (assumptions.csv),"Our estimate for horizon year 2030; scenario, not forecast."
S-HIGH,2030,protein_meal_demand_sbmeq_mt,12.414,Mt soybean-meal equivalent (46% CP),estimate,VN-direct,Low,QNT model (assumptions.csv),"Our estimate for horizon year 2030; scenario, not forecast."
S-HIGH,2030,sbm_intensity_kg_per_t_feed,252.4,kg soybean meal per t compound feed,estimate,VN-direct,Low,QNT model (assumptions.csv),"Our estimate for horizon year 2030; scenario, not forecast."
S-HIGH,2030,maize_compound_feed_mt,13.891,Mt maize,estimate,VN-direct,Low,QNT model (assumptions.csv),"Our estimate for horizon year 2030; scenario, not forecast."
S-HIGH,2030,maize_total_use_mt,18.013,Mt maize,estimate,VN-direct,Low,QNT model (assumptions.csv),"Our estimate for horizon year 2030; scenario, not forecast."
S-HIGH,2030,maize_production_mt,4.1,Mt maize,estimate,VN-direct,Low,QNT model (assumptions.csv),"Our estimate for horizon year 2030; scenario, not forecast."
S-HIGH,2030,maize_import_need_mt,13.913,Mt maize,estimate,VN-direct,Low,QNT model (assumptions.csv),"Our estimate for horizon year 2030; scenario, not forecast."
S-HIGH,2030,soy_land_abroad_mha,2.829,million ha (mass allocation to meal),estimate,VN-direct,Low,QNT model (assumptions.csv),"Our estimate for horizon year 2030; scenario, not forecast."
S-HIGH,2030,maize_land_abroad_mha,1.883,million ha,estimate,VN-direct,Low,QNT model (assumptions.csv),"Our estimate for horizon year 2030; scenario, not forecast."
S-HIGH,2035,population,106.5,million,estimate,VN-direct,Low,QNT model (assumptions.csv),"Our estimate for horizon year 2035; scenario, not forecast."
S-HIGH,2035,pc_pork_demand_kg_cwe,47.47,"kg per person, carcass weight",estimate,VN-direct,Low,QNT model (assumptions.csv),"Our estimate for horizon year 2035; scenario, not forecast."
S-HIGH,2035,prod_pork_kt_lw,6721.7,kt live weight,estimate,VN-direct,Low,QNT model (assumptions.csv),"Our estimate for horizon year 2035; scenario, not forecast."
S-HIGH,2035,prod_pork_kt_cwe,4859.8,kt carcass weight,estimate,VN-direct,Low,QNT model (assumptions.csv),"Our estimate for horizon year 2035; scenario, not forecast."
S-HIGH,2035,pc_poultry_demand_kg_cwe,33.56,"kg per person, carcass weight",estimate,VN-direct,Low,QNT model (assumptions.csv),"Our estimate for horizon year 2035; scenario, not forecast."
S-HIGH,2035,prod_poultry_kt_lw,4468.9,kt live weight,estimate,VN-direct,Low,QNT model (assumptions.csv),"Our estimate for horizon year 2035; scenario, not forecast."
S-HIGH,2035,prod_poultry_kt_cwe,3128.3,kt carcass weight,estimate,VN-direct,Low,QNT model (assumptions.csv),"Our estimate for horizon year 2035; scenario, not forecast."
S-HIGH,2035,pc_ruminant_demand_kg_cwe,7.549,"kg per person, carcass weight",estimate,VN-direct,Low,QNT model (assumptions.csv),"Our estimate for horizon year 2035; scenario, not forecast."
S-HIGH,2035,prod_ruminant_kt_lw,815.1,kt live weight,estimate,VN-direct,Low,QNT model (assumptions.csv),"Our estimate for horizon year 2035; scenario, not forecast."
S-HIGH,2035,prod_ruminant_kt_cwe,419.8,kt carcass weight,estimate,VN-direct,Low,QNT model (assumptions.csv),"Our estimate for horizon year 2035; scenario, not forecast."
S-HIGH,2035,pc_meat_demand_kg_cwe,88.579,"kg per person, carcass weight",estimate,VN-direct,Low,QNT model (assumptions.csv),"Our estimate for horizon year 2035; scenario, not forecast."
S-HIGH,2035,meat_consumption_animal_kt_cwe,9436.3,kt carcass weight (after S-ALT substitution),estimate,VN-direct,Low,QNT model (assumptions.csv),"Our estimate for horizon year 2035; scenario, not forecast."
S-HIGH,2035,meat_production_kt_cwe,8407.8,kt carcass weight,estimate,VN-direct,Low,QNT model (assumptions.csv),"Our estimate for horizon year 2035; scenario, not forecast."
S-HIGH,2035,pc_eggs_number,267.6,eggs per person,estimate,VN-direct,Low,QNT model (assumptions.csv),"Our estimate for horizon year 2035; scenario, not forecast."
S-HIGH,2035,prod_eggs_bn,28.503,billion eggs,estimate,VN-direct,Low,QNT model (assumptions.csv),"Our estimate for horizon year 2035; scenario, not forecast."
S-HIGH,2035,prod_milk_kt,2105.9,kt fresh milk,estimate,VN-direct,Low,QNT model (assumptions.csv),"Our estimate for horizon year 2035; scenario, not forecast."
S-HIGH,2035,pc_milk_domestic_kg,19.768,kg domestic fresh milk per person,estimate,VN-direct,Low,QNT model (assumptions.csv),"Our estimate for horizon year 2035; scenario, not forecast."
S-HIGH,2035,prod_aq_pangasius_kt,2390.2,kt live weight,estimate,VN-direct,Low,QNT model (assumptions.csv),"Our estimate for horizon year 2035; scenario, not forecast."
S-HIGH,2035,prod_aq_whiteleg_kt,1225.9,kt live weight,estimate,VN-direct,Low,QNT model (assumptions.csv),"Our estimate for horizon year 2035; scenario, not forecast."
S-HIGH,2035,prod_aq_othershrimp_kt,477.5,kt live weight,estimate,VN-direct,Low,QNT model (assumptions.csv),"Our estimate for horizon year 2035; scenario, not forecast."
S-HIGH,2035,prod_aq_otherfish_kt,2584.2,kt live weight,estimate,VN-direct,Low,QNT model (assumptions.csv),"Our estimate for horizon year 2035; scenario, not forecast."
S-HIGH,2035,prod_aq_nonfed_kt,863.1,kt live weight,estimate,VN-direct,Low,QNT model (assumptions.csv),"Our estimate for horizon year 2035; scenario, not forecast."
S-HIGH,2035,prod_aquaculture_kt,7540.8,kt live weight,estimate,VN-direct,Low,QNT model (assumptions.csv),"Our estimate for horizon year 2035; scenario, not forecast."
S-HIGH,2035,aquaculture_exports_kt_lwe,3874.4,kt live-weight equivalent,estimate,VN-direct,Low,QNT model (assumptions.csv),"Our estimate for horizon year 2035; scenario, not forecast."
S-HIGH,2035,aquaculture_export_share,0.5138,share,estimate,VN-direct,Low,QNT model (assumptions.csv),"Our estimate for horizon year 2035; scenario, not forecast."
S-HIGH,2035,pc_farmed_aquatic_domestic_kg,34.417,kg live weight per person,estimate,VN-direct,Low,QNT model (assumptions.csv),"Our estimate for horizon year 2035; scenario, not forecast."
S-HIGH,2035,feed_pig_mt,16.454,Mt compound feed,estimate,VN-direct,Low,QNT model (assumptions.csv),"Our estimate for horizon year 2035; scenario, not forecast."
S-HIGH,2035,feed_poultry_mt,13.989,Mt compound feed,estimate,VN-direct,Low,QNT model (assumptions.csv),"Our estimate for horizon year 2035; scenario, not forecast."
S-HIGH,2035,feed_other_livestock_mt,1.187,Mt compound feed,estimate,VN-direct,Low,QNT model (assumptions.csv),"Our estimate for horizon year 2035; scenario, not forecast."
S-HIGH,2035,feed_pangasius_mt,3.472,Mt compound feed,estimate,VN-direct,Low,QNT model (assumptions.csv),"Our estimate for horizon year 2035; scenario, not forecast."
S-HIGH,2035,feed_whiteleg_mt,1.543,Mt compound feed,estimate,VN-direct,Low,QNT model (assumptions.csv),"Our estimate for horizon year 2035; scenario, not forecast."
S-HIGH,2035,feed_othershrimp_mt,0.2774,Mt compound feed,estimate,VN-direct,Low,QNT model (assumptions.csv),"Our estimate for horizon year 2035; scenario, not forecast."
S-HIGH,2035,feed_otherfish_mt,2.859,Mt compound feed,estimate,VN-direct,Low,QNT model (assumptions.csv),"Our estimate for horizon year 2035; scenario, not forecast."
S-HIGH,2035,feed_livestock_mt,31.63,"Mt compound feed (pigs, poultry, other livestock)",estimate,VN-direct,Low,QNT model (assumptions.csv),"Our estimate for horizon year 2035; scenario, not forecast."
S-HIGH,2035,feed_aquafeed_mt,8.152,Mt compound feed,estimate,VN-direct,Low,QNT model (assumptions.csv),"Our estimate for horizon year 2035; scenario, not forecast."
S-HIGH,2035,feed_total_mt,39.782,Mt compound feed,estimate,VN-direct,Low,QNT model (assumptions.csv),"Our estimate for horizon year 2035; scenario, not forecast."
S-HIGH,2035,compound_share_pig,0.91,share,estimate,VN-direct,Low,QNT model (assumptions.csv),"Our estimate for horizon year 2035; scenario, not forecast."
S-HIGH,2035,sbm_demand_mt,10.11,Mt soybean meal,estimate,VN-direct,Low,QNT model (assumptions.csv),"Our estimate for horizon year 2035; scenario, not forecast."
S-HIGH,2035,sbm_import_need_mt,10.11,"Mt soybean meal (as meal, or as beans crushed in Vietnam)",estimate,VN-direct,Low,QNT model (assumptions.csv),"Our estimate for horizon year 2035; scenario, not forecast."
S-HIGH,2035,sbm_import_need_bean_eq_mt,12.961,Mt soybeans equivalent,estimate,VN-direct,Low,QNT model (assumptions.csv),"Our estimate for horizon year 2035; scenario, not forecast."
S-HIGH,2035,fishmeal_demand_kt,282.7,kt fishmeal,estimate,VN-direct,Low,QNT model (assumptions.csv),"Our estimate for horizon year 2035; scenario, not forecast."
S-HIGH,2035,other_meals_sbmeq_mt,3.395,Mt soybean-meal equivalent,estimate,VN-direct,Low,QNT model (assumptions.csv),"Our estimate for horizon year 2035; scenario, not forecast."
S-HIGH,2035,protein_meal_demand_sbmeq_mt,13.904,Mt soybean-meal equivalent (46% CP),estimate,VN-direct,Low,QNT model (assumptions.csv),"Our estimate for horizon year 2035; scenario, not forecast."
S-HIGH,2035,sbm_intensity_kg_per_t_feed,254.1,kg soybean meal per t compound feed,estimate,VN-direct,Low,QNT model (assumptions.csv),"Our estimate for horizon year 2035; scenario, not forecast."
S-HIGH,2035,maize_compound_feed_mt,15.698,Mt maize,estimate,VN-direct,Low,QNT model (assumptions.csv),"Our estimate for horizon year 2035; scenario, not forecast."
S-HIGH,2035,maize_total_use_mt,19.256,Mt maize,estimate,VN-direct,Low,QNT model (assumptions.csv),"Our estimate for horizon year 2035; scenario, not forecast."
S-HIGH,2035,maize_production_mt,4.1,Mt maize,estimate,VN-direct,Low,QNT model (assumptions.csv),"Our estimate for horizon year 2035; scenario, not forecast."
S-HIGH,2035,maize_import_need_mt,15.156,Mt maize,estimate,VN-direct,Low,QNT model (assumptions.csv),"Our estimate for horizon year 2035; scenario, not forecast."
S-HIGH,2035,soy_land_abroad_mha,3.091,million ha (mass allocation to meal),estimate,VN-direct,Low,QNT model (assumptions.csv),"Our estimate for horizon year 2035; scenario, not forecast."
S-HIGH,2035,maize_land_abroad_mha,2.02,million ha,estimate,VN-direct,Low,QNT model (assumptions.csv),"Our estimate for horizon year 2035; scenario, not forecast."
S-HIGH,2040,population,108.4,million,estimate,VN-direct,Low,QNT model (assumptions.csv),"Our estimate for horizon year 2040; scenario, not forecast."
S-HIGH,2040,pc_pork_demand_kg_cwe,49.324,"kg per person, carcass weight",estimate,VN-direct,Low,QNT model (assumptions.csv),"Our estimate for horizon year 2040; scenario, not forecast."
S-HIGH,2040,prod_pork_kt_lw,7109.4,kt live weight,estimate,VN-direct,Low,QNT model (assumptions.csv),"Our estimate for horizon year 2040; scenario, not forecast."
S-HIGH,2040,prod_pork_kt_cwe,5140.1,kt carcass weight,estimate,VN-direct,Low,QNT model (assumptions.csv),"Our estimate for horizon year 2040; scenario, not forecast."
S-HIGH,2040,pc_poultry_demand_kg_cwe,36.287,"kg per person, carcass weight",estimate,VN-direct,Low,QNT model (assumptions.csv),"Our estimate for horizon year 2040; scenario, not forecast."
S-HIGH,2040,prod_poultry_kt_lw,4918.7,kt live weight,estimate,VN-direct,Low,QNT model (assumptions.csv),"Our estimate for horizon year 2040; scenario, not forecast."
S-HIGH,2040,prod_poultry_kt_cwe,3443.1,kt carcass weight,estimate,VN-direct,Low,QNT model (assumptions.csv),"Our estimate for horizon year 2040; scenario, not forecast."
S-HIGH,2040,pc_ruminant_demand_kg_cwe,8.162,"kg per person, carcass weight",estimate,VN-direct,Low,QNT model (assumptions.csv),"Our estimate for horizon year 2040; scenario, not forecast."
S-HIGH,2040,prod_ruminant_kt_lw,897.2,kt live weight,estimate,VN-direct,Low,QNT model (assumptions.csv),"Our estimate for horizon year 2040; scenario, not forecast."
S-HIGH,2040,prod_ruminant_kt_cwe,462.0,kt carcass weight,estimate,VN-direct,Low,QNT model (assumptions.csv),"Our estimate for horizon year 2040; scenario, not forecast."
S-HIGH,2040,pc_meat_demand_kg_cwe,93.773,"kg per person, carcass weight",estimate,VN-direct,Low,QNT model (assumptions.csv),"Our estimate for horizon year 2040; scenario, not forecast."
S-HIGH,2040,meat_consumption_animal_kt_cwe,10168.8,kt carcass weight (after S-ALT substitution),estimate,VN-direct,Low,QNT model (assumptions.csv),"Our estimate for horizon year 2040; scenario, not forecast."
S-HIGH,2040,meat_production_kt_cwe,9045.2,kt carcass weight,estimate,VN-direct,Low,QNT model (assumptions.csv),"Our estimate for horizon year 2040; scenario, not forecast."
S-HIGH,2040,pc_eggs_number,289.3,eggs per person,estimate,VN-direct,Low,QNT model (assumptions.csv),"Our estimate for horizon year 2040; scenario, not forecast."
S-HIGH,2040,prod_eggs_bn,31.373,billion eggs,estimate,VN-direct,Low,QNT model (assumptions.csv),"Our estimate for horizon year 2040; scenario, not forecast."
S-HIGH,2040,prod_milk_kt,2511.6,kt fresh milk,estimate,VN-direct,Low,QNT model (assumptions.csv),"Our estimate for horizon year 2040; scenario, not forecast."
S-HIGH,2040,pc_milk_domestic_kg,23.161,kg domestic fresh milk per person,estimate,VN-direct,Low,QNT model (assumptions.csv),"Our estimate for horizon year 2040; scenario, not forecast."
S-HIGH,2040,prod_aq_pangasius_kt,2574.9,kt live weight,estimate,VN-direct,Low,QNT model (assumptions.csv),"Our estimate for horizon year 2040; scenario, not forecast."
S-HIGH,2040,prod_aq_whiteleg_kt,1320.7,kt live weight,estimate,VN-direct,Low,QNT model (assumptions.csv),"Our estimate for horizon year 2040; scenario, not forecast."
S-HIGH,2040,prod_aq_othershrimp_kt,514.4,kt live weight,estimate,VN-direct,Low,QNT model (assumptions.csv),"Our estimate for horizon year 2040; scenario, not forecast."
S-HIGH,2040,prod_aq_otherfish_kt,2784.0,kt live weight,estimate,VN-direct,Low,QNT model (assumptions.csv),"Our estimate for horizon year 2040; scenario, not forecast."
S-HIGH,2040,prod_aq_nonfed_kt,929.8,kt live weight,estimate,VN-direct,Low,QNT model (assumptions.csv),"Our estimate for horizon year 2040; scenario, not forecast."
S-HIGH,2040,prod_aquaculture_kt,8123.7,kt live weight,estimate,VN-direct,Low,QNT model (assumptions.csv),"Our estimate for horizon year 2040; scenario, not forecast."
S-HIGH,2040,aquaculture_exports_kt_lwe,4173.9,kt live-weight equivalent,estimate,VN-direct,Low,QNT model (assumptions.csv),"Our estimate for horizon year 2040; scenario, not forecast."
S-HIGH,2040,aquaculture_export_share,0.5138,share,estimate,VN-direct,Low,QNT model (assumptions.csv),"Our estimate for horizon year 2040; scenario, not forecast."
S-HIGH,2040,pc_farmed_aquatic_domestic_kg,36.424,kg live weight per person,estimate,VN-direct,Low,QNT model (assumptions.csv),"Our estimate for horizon year 2040; scenario, not forecast."
S-HIGH,2040,feed_pig_mt,17.62,Mt compound feed,estimate,VN-direct,Low,QNT model (assumptions.csv),"Our estimate for horizon year 2040; scenario, not forecast."
S-HIGH,2040,feed_poultry_mt,15.169,Mt compound feed,estimate,VN-direct,Low,QNT model (assumptions.csv),"Our estimate for horizon year 2040; scenario, not forecast."
S-HIGH,2040,feed_other_livestock_mt,1.358,Mt compound feed,estimate,VN-direct,Low,QNT model (assumptions.csv),"Our estimate for horizon year 2040; scenario, not forecast."
S-HIGH,2040,feed_pangasius_mt,3.685,Mt compound feed,estimate,VN-direct,Low,QNT model (assumptions.csv),"Our estimate for horizon year 2040; scenario, not forecast."
S-HIGH,2040,feed_whiteleg_mt,1.638,Mt compound feed,estimate,VN-direct,Low,QNT model (assumptions.csv),"Our estimate for horizon year 2040; scenario, not forecast."
S-HIGH,2040,feed_othershrimp_mt,0.3312,Mt compound feed,estimate,VN-direct,Low,QNT model (assumptions.csv),"Our estimate for horizon year 2040; scenario, not forecast."
S-HIGH,2040,feed_otherfish_mt,3.197,Mt compound feed,estimate,VN-direct,Low,QNT model (assumptions.csv),"Our estimate for horizon year 2040; scenario, not forecast."
S-HIGH,2040,feed_livestock_mt,34.147,"Mt compound feed (pigs, poultry, other livestock)",estimate,VN-direct,Low,QNT model (assumptions.csv),"Our estimate for horizon year 2040; scenario, not forecast."
S-HIGH,2040,feed_aquafeed_mt,8.85,Mt compound feed,estimate,VN-direct,Low,QNT model (assumptions.csv),"Our estimate for horizon year 2040; scenario, not forecast."
S-HIGH,2040,feed_total_mt,42.998,Mt compound feed,estimate,VN-direct,Low,QNT model (assumptions.csv),"Our estimate for horizon year 2040; scenario, not forecast."
S-HIGH,2040,compound_share_pig,0.94,share,estimate,VN-direct,Low,QNT model (assumptions.csv),"Our estimate for horizon year 2040; scenario, not forecast."
S-HIGH,2040,sbm_demand_mt,10.924,Mt soybean meal,estimate,VN-direct,Low,QNT model (assumptions.csv),"Our estimate for horizon year 2040; scenario, not forecast."
S-HIGH,2040,sbm_import_need_mt,10.924,"Mt soybean meal (as meal, or as beans crushed in Vietnam)",estimate,VN-direct,Low,QNT model (assumptions.csv),"Our estimate for horizon year 2040; scenario, not forecast."
S-HIGH,2040,sbm_import_need_bean_eq_mt,14.005,Mt soybeans equivalent,estimate,VN-direct,Low,QNT model (assumptions.csv),"Our estimate for horizon year 2040; scenario, not forecast."
S-HIGH,2040,fishmeal_demand_kt,283.9,kt fishmeal,estimate,VN-direct,Low,QNT model (assumptions.csv),"Our estimate for horizon year 2040; scenario, not forecast."
S-HIGH,2040,other_meals_sbmeq_mt,3.669,Mt soybean-meal equivalent,estimate,VN-direct,Low,QNT model (assumptions.csv),"Our estimate for horizon year 2040; scenario, not forecast."
S-HIGH,2040,protein_meal_demand_sbmeq_mt,14.994,Mt soybean-meal equivalent (46% CP),estimate,VN-direct,Low,QNT model (assumptions.csv),"Our estimate for horizon year 2040; scenario, not forecast."
S-HIGH,2040,sbm_intensity_kg_per_t_feed,254.1,kg soybean meal per t compound feed,estimate,VN-direct,Low,QNT model (assumptions.csv),"Our estimate for horizon year 2040; scenario, not forecast."
S-HIGH,2040,maize_compound_feed_mt,16.942,Mt maize,estimate,VN-direct,Low,QNT model (assumptions.csv),"Our estimate for horizon year 2040; scenario, not forecast."
S-HIGH,2040,maize_total_use_mt,19.899,Mt maize,estimate,VN-direct,Low,QNT model (assumptions.csv),"Our estimate for horizon year 2040; scenario, not forecast."
S-HIGH,2040,maize_production_mt,4.1,Mt maize,estimate,VN-direct,Low,QNT model (assumptions.csv),"Our estimate for horizon year 2040; scenario, not forecast."
S-HIGH,2040,maize_import_need_mt,15.799,Mt maize,estimate,VN-direct,Low,QNT model (assumptions.csv),"Our estimate for horizon year 2040; scenario, not forecast."
S-HIGH,2040,soy_land_abroad_mha,3.241,million ha (mass allocation to meal),estimate,VN-direct,Low,QNT model (assumptions.csv),"Our estimate for horizon year 2040; scenario, not forecast."
S-HIGH,2040,maize_land_abroad_mha,2.075,million ha,estimate,VN-direct,Low,QNT model (assumptions.csv),"Our estimate for horizon year 2040; scenario, not forecast."
S-HIGH,2050,population,110.0,million,estimate,VN-direct,Low,QNT model (assumptions.csv),"Our estimate for horizon year 2050; scenario, not forecast."
S-HIGH,2050,pc_pork_demand_kg_cwe,52.133,"kg per person, carcass weight",estimate,VN-direct,Low,QNT model (assumptions.csv),"Our estimate for horizon year 2050; scenario, not forecast."
S-HIGH,2050,prod_pork_kt_lw,7623.0,kt live weight,estimate,VN-direct,Low,QNT model (assumptions.csv),"Our estimate for horizon year 2050; scenario, not forecast."
S-HIGH,2050,prod_pork_kt_cwe,5511.4,kt carcass weight,estimate,VN-direct,Low,QNT model (assumptions.csv),"Our estimate for horizon year 2050; scenario, not forecast."
S-HIGH,2050,pc_poultry_demand_kg_cwe,39.519,"kg per person, carcass weight",estimate,VN-direct,Low,QNT model (assumptions.csv),"Our estimate for horizon year 2050; scenario, not forecast."
S-HIGH,2050,prod_poultry_kt_lw,5434.4,kt live weight,estimate,VN-direct,Low,QNT model (assumptions.csv),"Our estimate for horizon year 2050; scenario, not forecast."
S-HIGH,2050,prod_poultry_kt_cwe,3804.1,kt carcass weight,estimate,VN-direct,Low,QNT model (assumptions.csv),"Our estimate for horizon year 2050; scenario, not forecast."
S-HIGH,2050,pc_ruminant_demand_kg_cwe,9.341,"kg per person, carcass weight",estimate,VN-direct,Low,QNT model (assumptions.csv),"Our estimate for horizon year 2050; scenario, not forecast."
S-HIGH,2050,prod_ruminant_kt_lw,1041.6,kt live weight,estimate,VN-direct,Low,QNT model (assumptions.csv),"Our estimate for horizon year 2050; scenario, not forecast."
S-HIGH,2050,prod_ruminant_kt_cwe,536.4,kt carcass weight,estimate,VN-direct,Low,QNT model (assumptions.csv),"Our estimate for horizon year 2050; scenario, not forecast."
S-HIGH,2050,pc_meat_demand_kg_cwe,101.0,"kg per person, carcass weight",estimate,VN-direct,Low,QNT model (assumptions.csv),"Our estimate for horizon year 2050; scenario, not forecast."
S-HIGH,2050,meat_consumption_animal_kt_cwe,11110.2,kt carcass weight (after S-ALT substitution),estimate,VN-direct,Low,QNT model (assumptions.csv),"Our estimate for horizon year 2050; scenario, not forecast."
S-HIGH,2050,meat_production_kt_cwe,9851.9,kt carcass weight,estimate,VN-direct,Low,QNT model (assumptions.csv),"Our estimate for horizon year 2050; scenario, not forecast."
S-HIGH,2050,pc_eggs_number,317.0,eggs per person,estimate,VN-direct,Low,QNT model (assumptions.csv),"Our estimate for horizon year 2050; scenario, not forecast."
S-HIGH,2050,prod_eggs_bn,34.871,billion eggs,estimate,VN-direct,Low,QNT model (assumptions.csv),"Our estimate for horizon year 2050; scenario, not forecast."
S-HIGH,2050,prod_milk_kt,3172.0,kt fresh milk,estimate,VN-direct,Low,QNT model (assumptions.csv),"Our estimate for horizon year 2050; scenario, not forecast."
S-HIGH,2050,pc_milk_domestic_kg,28.834,kg domestic fresh milk per person,estimate,VN-direct,Low,QNT model (assumptions.csv),"Our estimate for horizon year 2050; scenario, not forecast."
S-HIGH,2050,prod_aq_pangasius_kt,2844.4,kt live weight,estimate,VN-direct,Low,QNT model (assumptions.csv),"Our estimate for horizon year 2050; scenario, not forecast."
S-HIGH,2050,prod_aq_whiteleg_kt,1458.9,kt live weight,estimate,VN-direct,Low,QNT model (assumptions.csv),"Our estimate for horizon year 2050; scenario, not forecast."
S-HIGH,2050,prod_aq_othershrimp_kt,568.2,kt live weight,estimate,VN-direct,Low,QNT model (assumptions.csv),"Our estimate for horizon year 2050; scenario, not forecast."
S-HIGH,2050,prod_aq_otherfish_kt,3075.3,kt live weight,estimate,VN-direct,Low,QNT model (assumptions.csv),"Our estimate for horizon year 2050; scenario, not forecast."
S-HIGH,2050,prod_aq_nonfed_kt,1027.1,kt live weight,estimate,VN-direct,Low,QNT model (assumptions.csv),"Our estimate for horizon year 2050; scenario, not forecast."
S-HIGH,2050,prod_aquaculture_kt,8974.0,kt live weight,estimate,VN-direct,Low,QNT model (assumptions.csv),"Our estimate for horizon year 2050; scenario, not forecast."
S-HIGH,2050,aquaculture_exports_kt_lwe,4610.7,kt live-weight equivalent,estimate,VN-direct,Low,QNT model (assumptions.csv),"Our estimate for horizon year 2050; scenario, not forecast."
S-HIGH,2050,aquaculture_export_share,0.5138,share,estimate,VN-direct,Low,QNT model (assumptions.csv),"Our estimate for horizon year 2050; scenario, not forecast."
S-HIGH,2050,pc_farmed_aquatic_domestic_kg,39.662,kg live weight per person,estimate,VN-direct,Low,QNT model (assumptions.csv),"Our estimate for horizon year 2050; scenario, not forecast."
S-HIGH,2050,feed_pig_mt,18.73,Mt compound feed,estimate,VN-direct,Low,QNT model (assumptions.csv),"Our estimate for horizon year 2050; scenario, not forecast."
S-HIGH,2050,feed_poultry_mt,16.126,Mt compound feed,estimate,VN-direct,Low,QNT model (assumptions.csv),"Our estimate for horizon year 2050; scenario, not forecast."
S-HIGH,2050,feed_other_livestock_mt,1.612,Mt compound feed,estimate,VN-direct,Low,QNT model (assumptions.csv),"Our estimate for horizon year 2050; scenario, not forecast."
S-HIGH,2050,feed_pangasius_mt,3.95,Mt compound feed,estimate,VN-direct,Low,QNT model (assumptions.csv),"Our estimate for horizon year 2050; scenario, not forecast."
S-HIGH,2050,feed_whiteleg_mt,1.756,Mt compound feed,estimate,VN-direct,Low,QNT model (assumptions.csv),"Our estimate for horizon year 2050; scenario, not forecast."
S-HIGH,2050,feed_othershrimp_mt,0.3945,Mt compound feed,estimate,VN-direct,Low,QNT model (assumptions.csv),"Our estimate for horizon year 2050; scenario, not forecast."
S-HIGH,2050,feed_otherfish_mt,3.63,Mt compound feed,estimate,VN-direct,Low,QNT model (assumptions.csv),"Our estimate for horizon year 2050; scenario, not forecast."
S-HIGH,2050,feed_livestock_mt,36.468,"Mt compound feed (pigs, poultry, other livestock)",estimate,VN-direct,Low,QNT model (assumptions.csv),"Our estimate for horizon year 2050; scenario, not forecast."
S-HIGH,2050,feed_aquafeed_mt,9.73,Mt compound feed,estimate,VN-direct,Low,QNT model (assumptions.csv),"Our estimate for horizon year 2050; scenario, not forecast."
S-HIGH,2050,feed_total_mt,46.198,Mt compound feed,estimate,VN-direct,Low,QNT model (assumptions.csv),"Our estimate for horizon year 2050; scenario, not forecast."
S-HIGH,2050,compound_share_pig,0.97,share,estimate,VN-direct,Low,QNT model (assumptions.csv),"Our estimate for horizon year 2050; scenario, not forecast."
S-HIGH,2050,sbm_demand_mt,11.717,Mt soybean meal,estimate,VN-direct,Low,QNT model (assumptions.csv),"Our estimate for horizon year 2050; scenario, not forecast."
S-HIGH,2050,sbm_import_need_mt,11.717,"Mt soybean meal (as meal, or as beans crushed in Vietnam)",estimate,VN-direct,Low,QNT model (assumptions.csv),"Our estimate for horizon year 2050; scenario, not forecast."
S-HIGH,2050,sbm_import_need_bean_eq_mt,15.022,Mt soybeans equivalent,estimate,VN-direct,Low,QNT model (assumptions.csv),"Our estimate for horizon year 2050; scenario, not forecast."
S-HIGH,2050,fishmeal_demand_kt,267.2,kt fishmeal,estimate,VN-direct,Low,QNT model (assumptions.csv),"Our estimate for horizon year 2050; scenario, not forecast."
S-HIGH,2050,other_meals_sbmeq_mt,3.942,Mt soybean-meal equivalent,estimate,VN-direct,Low,QNT model (assumptions.csv),"Our estimate for horizon year 2050; scenario, not forecast."
S-HIGH,2050,protein_meal_demand_sbmeq_mt,16.037,Mt soybean-meal equivalent (46% CP),estimate,VN-direct,Low,QNT model (assumptions.csv),"Our estimate for horizon year 2050; scenario, not forecast."
S-HIGH,2050,sbm_intensity_kg_per_t_feed,253.6,kg soybean meal per t compound feed,estimate,VN-direct,Low,QNT model (assumptions.csv),"Our estimate for horizon year 2050; scenario, not forecast."
S-HIGH,2050,maize_compound_feed_mt,18.078,Mt maize,estimate,VN-direct,Low,QNT model (assumptions.csv),"Our estimate for horizon year 2050; scenario, not forecast."
S-HIGH,2050,maize_total_use_mt,20.381,Mt maize,estimate,VN-direct,Low,QNT model (assumptions.csv),"Our estimate for horizon year 2050; scenario, not forecast."
S-HIGH,2050,maize_production_mt,4.1,Mt maize,estimate,VN-direct,Low,QNT model (assumptions.csv),"Our estimate for horizon year 2050; scenario, not forecast."
S-HIGH,2050,maize_import_need_mt,16.281,Mt maize,estimate,VN-direct,Low,QNT model (assumptions.csv),"Our estimate for horizon year 2050; scenario, not forecast."
S-HIGH,2050,soy_land_abroad_mha,3.275,million ha (mass allocation to meal),estimate,VN-direct,Low,QNT model (assumptions.csv),"Our estimate for horizon year 2050; scenario, not forecast."
S-HIGH,2050,maize_land_abroad_mha,2.075,million ha,estimate,VN-direct,Low,QNT model (assumptions.csv),"Our estimate for horizon year 2050; scenario, not forecast."
S-EFF,2025,population,101.6,million,calibration (2025 base),VN-direct,Medium,QNT model (assumptions.csv),Calibrated to 2025 anchors; identical in all scenarios.
S-EFF,2025,pc_pork_demand_kg_cwe,39.907,"kg per person, carcass weight",calibration (2025 base),VN-direct,Medium,QNT model (assumptions.csv),Calibrated to 2025 anchors; identical in all scenarios.
S-EFF,2025,prod_pork_kt_lw,5389.2,kt live weight,calibration (2025 base),VN-direct,Medium,QNT model (assumptions.csv),Calibrated to 2025 anchors; identical in all scenarios.
S-EFF,2025,prod_pork_kt_cwe,3896.4,kt carcass weight,calibration (2025 base),VN-direct,Medium,QNT model (assumptions.csv),Calibrated to 2025 anchors; identical in all scenarios.
S-EFF,2025,pc_poultry_demand_kg_cwe,20.487,"kg per person, carcass weight",calibration (2025 base),VN-direct,Medium,QNT model (assumptions.csv),Calibrated to 2025 anchors; identical in all scenarios.
S-EFF,2025,prod_poultry_kt_lw,2601.9,kt live weight,calibration (2025 base),VN-direct,Medium,QNT model (assumptions.csv),Calibrated to 2025 anchors; identical in all scenarios.
S-EFF,2025,prod_poultry_kt_cwe,1821.3,kt carcass weight,calibration (2025 base),VN-direct,Medium,QNT model (assumptions.csv),Calibrated to 2025 anchors; identical in all scenarios.
S-EFF,2025,pc_ruminant_demand_kg_cwe,6.062,"kg per person, carcass weight",calibration (2025 base),VN-direct,Medium,QNT model (assumptions.csv),Calibrated to 2025 anchors; identical in all scenarios.
S-EFF,2025,prod_ruminant_kt_lw,624.3,kt live weight,calibration (2025 base),VN-direct,Medium,QNT model (assumptions.csv),Calibrated to 2025 anchors; identical in all scenarios.
S-EFF,2025,prod_ruminant_kt_cwe,321.5,kt carcass weight,calibration (2025 base),VN-direct,Medium,QNT model (assumptions.csv),Calibrated to 2025 anchors; identical in all scenarios.
S-EFF,2025,pc_meat_demand_kg_cwe,66.456,"kg per person, carcass weight",calibration (2025 base),VN-direct,Medium,QNT model (assumptions.csv),Calibrated to 2025 anchors; identical in all scenarios.
S-EFF,2025,meat_consumption_animal_kt_cwe,6752.0,kt carcass weight (after S-ALT substitution),calibration (2025 base),VN-direct,Medium,QNT model (assumptions.csv),Calibrated to 2025 anchors; identical in all scenarios.
S-EFF,2025,meat_production_kt_cwe,6039.2,kt carcass weight,calibration (2025 base),VN-direct,Medium,QNT model (assumptions.csv),Calibrated to 2025 anchors; identical in all scenarios.
S-EFF,2025,pc_eggs_number,210.6,eggs per person,calibration (2025 base),VN-direct,Medium,QNT model (assumptions.csv),Calibrated to 2025 anchors; identical in all scenarios.
S-EFF,2025,prod_eggs_bn,21.4,billion eggs,calibration (2025 base),VN-direct,Medium,QNT model (assumptions.csv),Calibrated to 2025 anchors; identical in all scenarios.
S-EFF,2025,prod_milk_kt,1300.0,kt fresh milk,calibration (2025 base),VN-direct,Medium,QNT model (assumptions.csv),Calibrated to 2025 anchors; identical in all scenarios.
S-EFF,2025,pc_milk_domestic_kg,12.795,kg domestic fresh milk per person,calibration (2025 base),VN-direct,Medium,QNT model (assumptions.csv),Calibrated to 2025 anchors; identical in all scenarios.
S-EFF,2025,prod_aq_pangasius_kt,1938.8,kt live weight,calibration (2025 base),VN-direct,Medium,QNT model (assumptions.csv),Calibrated to 2025 anchors; identical in all scenarios.
S-EFF,2025,prod_aq_whiteleg_kt,994.4,kt live weight,calibration (2025 base),VN-direct,Medium,QNT model (assumptions.csv),Calibrated to 2025 anchors; identical in all scenarios.
S-EFF,2025,prod_aq_othershrimp_kt,387.3,kt live weight,calibration (2025 base),VN-direct,Medium,QNT model (assumptions.csv),Calibrated to 2025 anchors; identical in all scenarios.
S-EFF,2025,prod_aq_otherfish_kt,2096.2,kt live weight,calibration (2025 base),VN-direct,Medium,QNT model (assumptions.csv),Calibrated to 2025 anchors; identical in all scenarios.
S-EFF,2025,prod_aq_nonfed_kt,700.1,kt live weight,calibration (2025 base),VN-direct,Medium,QNT model (assumptions.csv),Calibrated to 2025 anchors; identical in all scenarios.
S-EFF,2025,prod_aquaculture_kt,6116.8,kt live weight,calibration (2025 base),VN-direct,Medium,QNT model (assumptions.csv),Calibrated to 2025 anchors; identical in all scenarios.
S-EFF,2025,aquaculture_exports_kt_lwe,3142.8,kt live-weight equivalent,calibration (2025 base),VN-direct,Medium,QNT model (assumptions.csv),Calibrated to 2025 anchors; identical in all scenarios.
S-EFF,2025,aquaculture_export_share,0.5138,share,calibration (2025 base),VN-direct,Medium,QNT model (assumptions.csv),Calibrated to 2025 anchors; identical in all scenarios.
S-EFF,2025,pc_farmed_aquatic_domestic_kg,29.272,kg live weight per person,calibration (2025 base),VN-direct,Medium,QNT model (assumptions.csv),Calibrated to 2025 anchors; identical in all scenarios.
S-EFF,2025,feed_pig_mt,12.166,Mt compound feed,calibration (2025 base),VN-direct,Medium,QNT model (assumptions.csv),Calibrated to 2025 anchors; identical in all scenarios.
S-EFF,2025,feed_poultry_mt,8.998,Mt compound feed,calibration (2025 base),VN-direct,Medium,QNT model (assumptions.csv),Calibrated to 2025 anchors; identical in all scenarios.
S-EFF,2025,feed_other_livestock_mt,0.814,Mt compound feed,calibration (2025 base),VN-direct,Medium,QNT model (assumptions.csv),Calibrated to 2025 anchors; identical in all scenarios.
S-EFF,2025,feed_pangasius_mt,2.902,Mt compound feed,calibration (2025 base),VN-direct,Medium,QNT model (assumptions.csv),Calibrated to 2025 anchors; identical in all scenarios.
S-EFF,2025,feed_whiteleg_mt,1.29,Mt compound feed,calibration (2025 base),VN-direct,Medium,QNT model (assumptions.csv),Calibrated to 2025 anchors; identical in all scenarios.
S-EFF,2025,feed_othershrimp_mt,0.1739,Mt compound feed,calibration (2025 base),VN-direct,Medium,QNT model (assumptions.csv),Calibrated to 2025 anchors; identical in all scenarios.
S-EFF,2025,feed_otherfish_mt,2.134,Mt compound feed,calibration (2025 base),VN-direct,Medium,QNT model (assumptions.csv),Calibrated to 2025 anchors; identical in all scenarios.
S-EFF,2025,feed_livestock_mt,21.978,"Mt compound feed (pigs, poultry, other livestock)",calibration (2025 base),VN-direct,Medium,QNT model (assumptions.csv),Calibrated to 2025 anchors; identical in all scenarios.
S-EFF,2025,feed_aquafeed_mt,6.5,Mt compound feed,calibration (2025 base),VN-direct,Medium,QNT model (assumptions.csv),Calibrated to 2025 anchors; identical in all scenarios.
S-EFF,2025,feed_total_mt,28.478,Mt compound feed,calibration (2025 base),VN-direct,Medium,QNT model (assumptions.csv),Calibrated to 2025 anchors; identical in all scenarios.
S-EFF,2025,compound_share_pig,0.8062,share,calibration (2025 base),VN-direct,Medium,QNT model (assumptions.csv),Calibrated to 2025 anchors; identical in all scenarios.
S-EFF,2025,sbm_demand_mt,7.2,Mt soybean meal,calibration (2025 base),VN-direct,Medium,QNT model (assumptions.csv),Calibrated to 2025 anchors; identical in all scenarios.
S-EFF,2025,sbm_import_need_mt,7.2,"Mt soybean meal (as meal, or as beans crushed in Vietnam)",calibration (2025 base),VN-direct,Medium,QNT model (assumptions.csv),Calibrated to 2025 anchors; identical in all scenarios.
S-EFF,2025,sbm_import_need_bean_eq_mt,9.231,Mt soybeans equivalent,calibration (2025 base),VN-direct,Medium,QNT model (assumptions.csv),Calibrated to 2025 anchors; identical in all scenarios.
S-EFF,2025,fishmeal_demand_kt,261.7,kt fishmeal,calibration (2025 base),VN-direct,Medium,QNT model (assumptions.csv),Calibrated to 2025 anchors; identical in all scenarios.
S-EFF,2025,other_meals_sbmeq_mt,2.43,Mt soybean-meal equivalent,calibration (2025 base),VN-direct,Medium,QNT model (assumptions.csv),Calibrated to 2025 anchors; identical in all scenarios.
S-EFF,2025,protein_meal_demand_sbmeq_mt,10.0,Mt soybean-meal equivalent (46% CP),calibration (2025 base),VN-direct,Medium,QNT model (assumptions.csv),Calibrated to 2025 anchors; identical in all scenarios.
S-EFF,2025,sbm_intensity_kg_per_t_feed,252.8,kg soybean meal per t compound feed,calibration (2025 base),VN-direct,Medium,QNT model (assumptions.csv),Calibrated to 2025 anchors; identical in all scenarios.
S-EFF,2025,maize_compound_feed_mt,10.9,Mt maize,calibration (2025 base),VN-direct,Medium,QNT model (assumptions.csv),Calibrated to 2025 anchors; identical in all scenarios.
S-EFF,2025,maize_total_use_mt,16.01,Mt maize,calibration (2025 base),VN-direct,Medium,QNT model (assumptions.csv),Calibrated to 2025 anchors; identical in all scenarios.
S-EFF,2025,maize_production_mt,4.1,Mt maize,calibration (2025 base),VN-direct,Medium,QNT model (assumptions.csv),Calibrated to 2025 anchors; identical in all scenarios.
S-EFF,2025,maize_import_need_mt,11.91,Mt maize,calibration (2025 base),VN-direct,Medium,QNT model (assumptions.csv),Calibrated to 2025 anchors; identical in all scenarios.
S-EFF,2025,soy_land_abroad_mha,2.337,million ha (mass allocation to meal),calibration (2025 base),VN-direct,Medium,QNT model (assumptions.csv),Calibrated to 2025 anchors; identical in all scenarios.
S-EFF,2025,maize_land_abroad_mha,1.636,million ha,calibration (2025 base),VN-direct,Medium,QNT model (assumptions.csv),Calibrated to 2025 anchors; identical in all scenarios.
S-EFF,2030,population,104.2,million,estimate,VN-direct,Low,QNT model (assumptions.csv),"Our estimate for horizon year 2030; scenario, not forecast."
S-EFF,2030,pc_pork_demand_kg_cwe,43.307,"kg per person, carcass weight",estimate,VN-direct,Low,QNT model (assumptions.csv),"Our estimate for horizon year 2030; scenario, not forecast."
S-EFF,2030,prod_pork_kt_lw,6000.9,kt live weight,estimate,VN-direct,Low,QNT model (assumptions.csv),"Our estimate for horizon year 2030; scenario, not forecast."
S-EFF,2030,prod_pork_kt_cwe,4338.7,kt carcass weight,estimate,VN-direct,Low,QNT model (assumptions.csv),"Our estimate for horizon year 2030; scenario, not forecast."
S-EFF,2030,pc_poultry_demand_kg_cwe,25.54,"kg per person, carcass weight",estimate,VN-direct,Low,QNT model (assumptions.csv),"Our estimate for horizon year 2030; scenario, not forecast."
S-EFF,2030,prod_poultry_kt_lw,3328.1,kt live weight,estimate,VN-direct,Low,QNT model (assumptions.csv),"Our estimate for horizon year 2030; scenario, not forecast."
S-EFF,2030,prod_poultry_kt_cwe,2329.7,kt carcass weight,estimate,VN-direct,Low,QNT model (assumptions.csv),"Our estimate for horizon year 2030; scenario, not forecast."
S-EFF,2030,pc_ruminant_demand_kg_cwe,6.543,"kg per person, carcass weight",estimate,VN-direct,Low,QNT model (assumptions.csv),"Our estimate for horizon year 2030; scenario, not forecast."
S-EFF,2030,prod_ruminant_kt_lw,691.4,kt live weight,estimate,VN-direct,Low,QNT model (assumptions.csv),"Our estimate for horizon year 2030; scenario, not forecast."
S-EFF,2030,prod_ruminant_kt_cwe,356.1,kt carcass weight,estimate,VN-direct,Low,QNT model (assumptions.csv),"Our estimate for horizon year 2030; scenario, not forecast."
S-EFF,2030,pc_meat_demand_kg_cwe,75.389,"kg per person, carcass weight",estimate,VN-direct,Low,QNT model (assumptions.csv),"Our estimate for horizon year 2030; scenario, not forecast."
S-EFF,2030,meat_consumption_animal_kt_cwe,7859.3,kt carcass weight (after S-ALT substitution),estimate,VN-direct,Low,QNT model (assumptions.csv),"Our estimate for horizon year 2030; scenario, not forecast."
S-EFF,2030,meat_production_kt_cwe,7024.4,kt carcass weight,estimate,VN-direct,Low,QNT model (assumptions.csv),"Our estimate for horizon year 2030; scenario, not forecast."
S-EFF,2030,pc_eggs_number,235.1,eggs per person,estimate,VN-direct,Low,QNT model (assumptions.csv),"Our estimate for horizon year 2030; scenario, not forecast."
S-EFF,2030,prod_eggs_bn,24.505,billion eggs,estimate,VN-direct,Low,QNT model (assumptions.csv),"Our estimate for horizon year 2030; scenario, not forecast."
S-EFF,2030,prod_milk_kt,1598.4,kt fresh milk,estimate,VN-direct,Low,QNT model (assumptions.csv),"Our estimate for horizon year 2030; scenario, not forecast."
S-EFF,2030,pc_milk_domestic_kg,15.332,kg domestic fresh milk per person,estimate,VN-direct,Low,QNT model (assumptions.csv),"Our estimate for horizon year 2030; scenario, not forecast."
S-EFF,2030,prod_aq_pangasius_kt,2085.8,kt live weight,estimate,VN-direct,Low,QNT model (assumptions.csv),"Our estimate for horizon year 2030; scenario, not forecast."
S-EFF,2030,prod_aq_whiteleg_kt,1069.8,kt live weight,estimate,VN-direct,Low,QNT model (assumptions.csv),"Our estimate for horizon year 2030; scenario, not forecast."
S-EFF,2030,prod_aq_othershrimp_kt,416.7,kt live weight,estimate,VN-direct,Low,QNT model (assumptions.csv),"Our estimate for horizon year 2030; scenario, not forecast."
S-EFF,2030,prod_aq_otherfish_kt,2255.1,kt live weight,estimate,VN-direct,Low,QNT model (assumptions.csv),"Our estimate for horizon year 2030; scenario, not forecast."
S-EFF,2030,prod_aq_nonfed_kt,753.2,kt live weight,estimate,VN-direct,Low,QNT model (assumptions.csv),"Our estimate for horizon year 2030; scenario, not forecast."
S-EFF,2030,prod_aquaculture_kt,6580.5,kt live weight,estimate,VN-direct,Low,QNT model (assumptions.csv),"Our estimate for horizon year 2030; scenario, not forecast."
S-EFF,2030,aquaculture_exports_kt_lwe,3381.0,kt live-weight equivalent,estimate,VN-direct,Low,QNT model (assumptions.csv),"Our estimate for horizon year 2030; scenario, not forecast."
S-EFF,2030,aquaculture_export_share,0.5138,share,estimate,VN-direct,Low,QNT model (assumptions.csv),"Our estimate for horizon year 2030; scenario, not forecast."
S-EFF,2030,pc_farmed_aquatic_domestic_kg,30.69,kg live weight per person,estimate,VN-direct,Low,QNT model (assumptions.csv),"Our estimate for horizon year 2030; scenario, not forecast."
S-EFF,2030,feed_pig_mt,14.062,Mt compound feed,estimate,VN-direct,Low,QNT model (assumptions.csv),"Our estimate for horizon year 2030; scenario, not forecast."
S-EFF,2030,feed_poultry_mt,10.659,Mt compound feed,estimate,VN-direct,Low,QNT model (assumptions.csv),"Our estimate for horizon year 2030; scenario, not forecast."
S-EFF,2030,feed_other_livestock_mt,0.9211,Mt compound feed,estimate,VN-direct,Low,QNT model (assumptions.csv),"Our estimate for horizon year 2030; scenario, not forecast."
S-EFF,2030,feed_pangasius_mt,2.999,Mt compound feed,estimate,VN-direct,Low,QNT model (assumptions.csv),"Our estimate for horizon year 2030; scenario, not forecast."
S-EFF,2030,feed_whiteleg_mt,1.333,Mt compound feed,estimate,VN-direct,Low,QNT model (assumptions.csv),"Our estimate for horizon year 2030; scenario, not forecast."
S-EFF,2030,feed_othershrimp_mt,0.2097,Mt compound feed,estimate,VN-direct,Low,QNT model (assumptions.csv),"Our estimate for horizon year 2030; scenario, not forecast."
S-EFF,2030,feed_otherfish_mt,2.359,Mt compound feed,estimate,VN-direct,Low,QNT model (assumptions.csv),"Our estimate for horizon year 2030; scenario, not forecast."
S-EFF,2030,feed_livestock_mt,25.642,"Mt compound feed (pigs, poultry, other livestock)",estimate,VN-direct,Low,QNT model (assumptions.csv),"Our estimate for horizon year 2030; scenario, not forecast."
S-EFF,2030,feed_aquafeed_mt,6.902,Mt compound feed,estimate,VN-direct,Low,QNT model (assumptions.csv),"Our estimate for horizon year 2030; scenario, not forecast."
S-EFF,2030,feed_total_mt,32.543,Mt compound feed,estimate,VN-direct,Low,QNT model (assumptions.csv),"Our estimate for horizon year 2030; scenario, not forecast."
S-EFF,2030,compound_share_pig,0.88,share,estimate,VN-direct,Low,QNT model (assumptions.csv),"Our estimate for horizon year 2030; scenario, not forecast."
S-EFF,2030,sbm_demand_mt,7.812,Mt soybean meal,estimate,VN-direct,Low,QNT model (assumptions.csv),"Our estimate for horizon year 2030; scenario, not forecast."
S-EFF,2030,sbm_import_need_mt,7.812,"Mt soybean meal (as meal, or as beans crushed in Vietnam)",estimate,VN-direct,Low,QNT model (assumptions.csv),"Our estimate for horizon year 2030; scenario, not forecast."
S-EFF,2030,sbm_import_need_bean_eq_mt,10.015,Mt soybeans equivalent,estimate,VN-direct,Low,QNT model (assumptions.csv),"Our estimate for horizon year 2030; scenario, not forecast."
S-EFF,2030,fishmeal_demand_kt,238.8,kt fishmeal,estimate,VN-direct,Low,QNT model (assumptions.csv),"Our estimate for horizon year 2030; scenario, not forecast."
S-EFF,2030,other_meals_sbmeq_mt,2.847,Mt soybean-meal equivalent,estimate,VN-direct,Low,QNT model (assumptions.csv),"Our estimate for horizon year 2030; scenario, not forecast."
S-EFF,2030,protein_meal_demand_sbmeq_mt,10.996,Mt soybean-meal equivalent (46% CP),estimate,VN-direct,Low,QNT model (assumptions.csv),"Our estimate for horizon year 2030; scenario, not forecast."
S-EFF,2030,sbm_intensity_kg_per_t_feed,240.0,kg soybean meal per t compound feed,estimate,VN-direct,Low,QNT model (assumptions.csv),"Our estimate for horizon year 2030; scenario, not forecast."
S-EFF,2030,maize_compound_feed_mt,12.698,Mt maize,estimate,VN-direct,Low,QNT model (assumptions.csv),"Our estimate for horizon year 2030; scenario, not forecast."
S-EFF,2030,maize_total_use_mt,16.604,Mt maize,estimate,VN-direct,Low,QNT model (assumptions.csv),"Our estimate for horizon year 2030; scenario, not forecast."
S-EFF,2030,maize_production_mt,4.1,Mt maize,estimate,VN-direct,Low,QNT model (assumptions.csv),"Our estimate for horizon year 2030; scenario, not forecast."
S-EFF,2030,maize_import_need_mt,12.504,Mt maize,estimate,VN-direct,Low,QNT model (assumptions.csv),"Our estimate for horizon year 2030; scenario, not forecast."
S-EFF,2030,soy_land_abroad_mha,2.461,million ha (mass allocation to meal),estimate,VN-direct,Low,QNT model (assumptions.csv),"Our estimate for horizon year 2030; scenario, not forecast."
S-EFF,2030,maize_land_abroad_mha,1.692,million ha,estimate,VN-direct,Low,QNT model (assumptions.csv),"Our estimate for horizon year 2030; scenario, not forecast."
S-EFF,2035,population,106.5,million,estimate,VN-direct,Low,QNT model (assumptions.csv),"Our estimate for horizon year 2035; scenario, not forecast."
S-EFF,2035,pc_pork_demand_kg_cwe,43.909,"kg per person, carcass weight",estimate,VN-direct,Low,QNT model (assumptions.csv),"Our estimate for horizon year 2035; scenario, not forecast."
S-EFF,2035,prod_pork_kt_lw,6217.5,kt live weight,estimate,VN-direct,Low,QNT model (assumptions.csv),"Our estimate for horizon year 2035; scenario, not forecast."
S-EFF,2035,prod_pork_kt_cwe,4495.2,kt carcass weight,estimate,VN-direct,Low,QNT model (assumptions.csv),"Our estimate for horizon year 2035; scenario, not forecast."
S-EFF,2035,pc_poultry_demand_kg_cwe,31.043,"kg per person, carcass weight",estimate,VN-direct,Low,QNT model (assumptions.csv),"Our estimate for horizon year 2035; scenario, not forecast."
S-EFF,2035,prod_poultry_kt_lw,4133.7,kt live weight,estimate,VN-direct,Low,QNT model (assumptions.csv),"Our estimate for horizon year 2035; scenario, not forecast."
S-EFF,2035,prod_poultry_kt_cwe,2893.6,kt carcass weight,estimate,VN-direct,Low,QNT model (assumptions.csv),"Our estimate for horizon year 2035; scenario, not forecast."
S-EFF,2035,pc_ruminant_demand_kg_cwe,6.983,"kg per person, carcass weight",estimate,VN-direct,Low,QNT model (assumptions.csv),"Our estimate for horizon year 2035; scenario, not forecast."
S-EFF,2035,prod_ruminant_kt_lw,754.0,kt live weight,estimate,VN-direct,Low,QNT model (assumptions.csv),"Our estimate for horizon year 2035; scenario, not forecast."
S-EFF,2035,prod_ruminant_kt_cwe,388.3,kt carcass weight,estimate,VN-direct,Low,QNT model (assumptions.csv),"Our estimate for horizon year 2035; scenario, not forecast."
S-EFF,2035,pc_meat_demand_kg_cwe,81.934,"kg per person, carcass weight",estimate,VN-direct,Low,QNT model (assumptions.csv),"Our estimate for horizon year 2035; scenario, not forecast."
S-EFF,2035,meat_consumption_animal_kt_cwe,8728.5,kt carcass weight (after S-ALT substitution),estimate,VN-direct,Low,QNT model (assumptions.csv),"Our estimate for horizon year 2035; scenario, not forecast."
S-EFF,2035,meat_production_kt_cwe,7777.1,kt carcass weight,estimate,VN-direct,Low,QNT model (assumptions.csv),"Our estimate for horizon year 2035; scenario, not forecast."
S-EFF,2035,pc_eggs_number,247.5,eggs per person,estimate,VN-direct,Low,QNT model (assumptions.csv),"Our estimate for horizon year 2035; scenario, not forecast."
S-EFF,2035,prod_eggs_bn,26.365,billion eggs,estimate,VN-direct,Low,QNT model (assumptions.csv),"Our estimate for horizon year 2035; scenario, not forecast."
S-EFF,2035,prod_milk_kt,1947.9,kt fresh milk,estimate,VN-direct,Low,QNT model (assumptions.csv),"Our estimate for horizon year 2035; scenario, not forecast."
S-EFF,2035,pc_milk_domestic_kg,18.285,kg domestic fresh milk per person,estimate,VN-direct,Low,QNT model (assumptions.csv),"Our estimate for horizon year 2035; scenario, not forecast."
S-EFF,2035,prod_aq_pangasius_kt,2325.6,kt live weight,estimate,VN-direct,Low,QNT model (assumptions.csv),"Our estimate for horizon year 2035; scenario, not forecast."
S-EFF,2035,prod_aq_whiteleg_kt,1192.8,kt live weight,estimate,VN-direct,Low,QNT model (assumptions.csv),"Our estimate for horizon year 2035; scenario, not forecast."
S-EFF,2035,prod_aq_othershrimp_kt,464.6,kt live weight,estimate,VN-direct,Low,QNT model (assumptions.csv),"Our estimate for horizon year 2035; scenario, not forecast."
S-EFF,2035,prod_aq_otherfish_kt,2514.4,kt live weight,estimate,VN-direct,Low,QNT model (assumptions.csv),"Our estimate for horizon year 2035; scenario, not forecast."
S-EFF,2035,prod_aq_nonfed_kt,839.8,kt live weight,estimate,VN-direct,Low,QNT model (assumptions.csv),"Our estimate for horizon year 2035; scenario, not forecast."
S-EFF,2035,prod_aquaculture_kt,7337.1,kt live weight,estimate,VN-direct,Low,QNT model (assumptions.csv),"Our estimate for horizon year 2035; scenario, not forecast."
S-EFF,2035,aquaculture_exports_kt_lwe,3769.7,kt live-weight equivalent,estimate,VN-direct,Low,QNT model (assumptions.csv),"Our estimate for horizon year 2035; scenario, not forecast."
S-EFF,2035,aquaculture_export_share,0.5138,share,estimate,VN-direct,Low,QNT model (assumptions.csv),"Our estimate for horizon year 2035; scenario, not forecast."
S-EFF,2035,pc_farmed_aquatic_domestic_kg,33.487,kg live weight per person,estimate,VN-direct,Low,QNT model (assumptions.csv),"Our estimate for horizon year 2035; scenario, not forecast."
S-EFF,2035,feed_pig_mt,14.327,Mt compound feed,estimate,VN-direct,Low,QNT model (assumptions.csv),"Our estimate for horizon year 2035; scenario, not forecast."
S-EFF,2035,feed_poultry_mt,12.181,Mt compound feed,estimate,VN-direct,Low,QNT model (assumptions.csv),"Our estimate for horizon year 2035; scenario, not forecast."
S-EFF,2035,feed_other_livestock_mt,1.034,Mt compound feed,estimate,VN-direct,Low,QNT model (assumptions.csv),"Our estimate for horizon year 2035; scenario, not forecast."
S-EFF,2035,feed_pangasius_mt,3.213,Mt compound feed,estimate,VN-direct,Low,QNT model (assumptions.csv),"Our estimate for horizon year 2035; scenario, not forecast."
S-EFF,2035,feed_whiteleg_mt,1.428,Mt compound feed,estimate,VN-direct,Low,QNT model (assumptions.csv),"Our estimate for horizon year 2035; scenario, not forecast."
S-EFF,2035,feed_othershrimp_mt,0.2567,Mt compound feed,estimate,VN-direct,Low,QNT model (assumptions.csv),"Our estimate for horizon year 2035; scenario, not forecast."
S-EFF,2035,feed_otherfish_mt,2.645,Mt compound feed,estimate,VN-direct,Low,QNT model (assumptions.csv),"Our estimate for horizon year 2035; scenario, not forecast."
S-EFF,2035,feed_livestock_mt,27.542,"Mt compound feed (pigs, poultry, other livestock)",estimate,VN-direct,Low,QNT model (assumptions.csv),"Our estimate for horizon year 2035; scenario, not forecast."
S-EFF,2035,feed_aquafeed_mt,7.543,Mt compound feed,estimate,VN-direct,Low,QNT model (assumptions.csv),"Our estimate for horizon year 2035; scenario, not forecast."
S-EFF,2035,feed_total_mt,35.085,Mt compound feed,estimate,VN-direct,Low,QNT model (assumptions.csv),"Our estimate for horizon year 2035; scenario, not forecast."
S-EFF,2035,compound_share_pig,0.91,share,estimate,VN-direct,Low,QNT model (assumptions.csv),"Our estimate for horizon year 2035; scenario, not forecast."
S-EFF,2035,sbm_demand_mt,8.08,Mt soybean meal,estimate,VN-direct,Low,QNT model (assumptions.csv),"Our estimate for horizon year 2035; scenario, not forecast."
S-EFF,2035,sbm_import_need_mt,8.08,"Mt soybean meal (as meal, or as beans crushed in Vietnam)",estimate,VN-direct,Low,QNT model (assumptions.csv),"Our estimate for horizon year 2035; scenario, not forecast."
S-EFF,2035,sbm_import_need_bean_eq_mt,10.359,Mt soybeans equivalent,estimate,VN-direct,Low,QNT model (assumptions.csv),"Our estimate for horizon year 2035; scenario, not forecast."
S-EFF,2035,fishmeal_demand_kt,223.7,kt fishmeal,estimate,VN-direct,Low,QNT model (assumptions.csv),"Our estimate for horizon year 2035; scenario, not forecast."
S-EFF,2035,other_meals_sbmeq_mt,3.147,Mt soybean-meal equivalent,estimate,VN-direct,Low,QNT model (assumptions.csv),"Our estimate for horizon year 2035; scenario, not forecast."
S-EFF,2035,protein_meal_demand_sbmeq_mt,11.543,Mt soybean-meal equivalent (46% CP),estimate,VN-direct,Low,QNT model (assumptions.csv),"Our estimate for horizon year 2035; scenario, not forecast."
S-EFF,2035,sbm_intensity_kg_per_t_feed,230.3,kg soybean meal per t compound feed,estimate,VN-direct,Low,QNT model (assumptions.csv),"Our estimate for horizon year 2035; scenario, not forecast."
S-EFF,2035,maize_compound_feed_mt,13.691,Mt maize,estimate,VN-direct,Low,QNT model (assumptions.csv),"Our estimate for horizon year 2035; scenario, not forecast."
S-EFF,2035,maize_total_use_mt,16.998,Mt maize,estimate,VN-direct,Low,QNT model (assumptions.csv),"Our estimate for horizon year 2035; scenario, not forecast."
S-EFF,2035,maize_production_mt,4.1,Mt maize,estimate,VN-direct,Low,QNT model (assumptions.csv),"Our estimate for horizon year 2035; scenario, not forecast."
S-EFF,2035,maize_import_need_mt,12.898,Mt maize,estimate,VN-direct,Low,QNT model (assumptions.csv),"Our estimate for horizon year 2035; scenario, not forecast."
S-EFF,2035,soy_land_abroad_mha,2.47,million ha (mass allocation to meal),estimate,VN-direct,Low,QNT model (assumptions.csv),"Our estimate for horizon year 2035; scenario, not forecast."
S-EFF,2035,maize_land_abroad_mha,1.719,million ha,estimate,VN-direct,Low,QNT model (assumptions.csv),"Our estimate for horizon year 2035; scenario, not forecast."
S-EFF,2040,population,108.4,million,estimate,VN-direct,Low,QNT model (assumptions.csv),"Our estimate for horizon year 2040; scenario, not forecast."
S-EFF,2040,pc_pork_demand_kg_cwe,44.348,"kg per person, carcass weight",estimate,VN-direct,Low,QNT model (assumptions.csv),"Our estimate for horizon year 2040; scenario, not forecast."
S-EFF,2040,prod_pork_kt_lw,6392.2,kt live weight,estimate,VN-direct,Low,QNT model (assumptions.csv),"Our estimate for horizon year 2040; scenario, not forecast."
S-EFF,2040,prod_pork_kt_cwe,4621.6,kt carcass weight,estimate,VN-direct,Low,QNT model (assumptions.csv),"Our estimate for horizon year 2040; scenario, not forecast."
S-EFF,2040,pc_poultry_demand_kg_cwe,32.626,"kg per person, carcass weight",estimate,VN-direct,Low,QNT model (assumptions.csv),"Our estimate for horizon year 2040; scenario, not forecast."
S-EFF,2040,prod_poultry_kt_lw,4422.5,kt live weight,estimate,VN-direct,Low,QNT model (assumptions.csv),"Our estimate for horizon year 2040; scenario, not forecast."
S-EFF,2040,prod_poultry_kt_cwe,3095.7,kt carcass weight,estimate,VN-direct,Low,QNT model (assumptions.csv),"Our estimate for horizon year 2040; scenario, not forecast."
S-EFF,2040,pc_ruminant_demand_kg_cwe,7.339,"kg per person, carcass weight",estimate,VN-direct,Low,QNT model (assumptions.csv),"Our estimate for horizon year 2040; scenario, not forecast."
S-EFF,2040,prod_ruminant_kt_lw,806.7,kt live weight,estimate,VN-direct,Low,QNT model (assumptions.csv),"Our estimate for horizon year 2040; scenario, not forecast."
S-EFF,2040,prod_ruminant_kt_cwe,415.4,kt carcass weight,estimate,VN-direct,Low,QNT model (assumptions.csv),"Our estimate for horizon year 2040; scenario, not forecast."
S-EFF,2040,pc_meat_demand_kg_cwe,84.313,"kg per person, carcass weight",estimate,VN-direct,Low,QNT model (assumptions.csv),"Our estimate for horizon year 2040; scenario, not forecast."
S-EFF,2040,meat_consumption_animal_kt_cwe,9143.0,kt carcass weight (after S-ALT substitution),estimate,VN-direct,Low,QNT model (assumptions.csv),"Our estimate for horizon year 2040; scenario, not forecast."
S-EFF,2040,meat_production_kt_cwe,8132.7,kt carcass weight,estimate,VN-direct,Low,QNT model (assumptions.csv),"Our estimate for horizon year 2040; scenario, not forecast."
S-EFF,2040,pc_eggs_number,260.1,eggs per person,estimate,VN-direct,Low,QNT model (assumptions.csv),"Our estimate for horizon year 2040; scenario, not forecast."
S-EFF,2040,prod_eggs_bn,28.208,billion eggs,estimate,VN-direct,Low,QNT model (assumptions.csv),"Our estimate for horizon year 2040; scenario, not forecast."
S-EFF,2040,prod_milk_kt,2258.2,kt fresh milk,estimate,VN-direct,Low,QNT model (assumptions.csv),"Our estimate for horizon year 2040; scenario, not forecast."
S-EFF,2040,pc_milk_domestic_kg,20.825,kg domestic fresh milk per person,estimate,VN-direct,Low,QNT model (assumptions.csv),"Our estimate for horizon year 2040; scenario, not forecast."
S-EFF,2040,prod_aq_pangasius_kt,2444.2,kt live weight,estimate,VN-direct,Low,QNT model (assumptions.csv),"Our estimate for horizon year 2040; scenario, not forecast."
S-EFF,2040,prod_aq_whiteleg_kt,1253.6,kt live weight,estimate,VN-direct,Low,QNT model (assumptions.csv),"Our estimate for horizon year 2040; scenario, not forecast."
S-EFF,2040,prod_aq_othershrimp_kt,488.3,kt live weight,estimate,VN-direct,Low,QNT model (assumptions.csv),"Our estimate for horizon year 2040; scenario, not forecast."
S-EFF,2040,prod_aq_otherfish_kt,2642.7,kt live weight,estimate,VN-direct,Low,QNT model (assumptions.csv),"Our estimate for horizon year 2040; scenario, not forecast."
S-EFF,2040,prod_aq_nonfed_kt,882.6,kt live weight,estimate,VN-direct,Low,QNT model (assumptions.csv),"Our estimate for horizon year 2040; scenario, not forecast."
S-EFF,2040,prod_aquaculture_kt,7711.4,kt live weight,estimate,VN-direct,Low,QNT model (assumptions.csv),"Our estimate for horizon year 2040; scenario, not forecast."
S-EFF,2040,aquaculture_exports_kt_lwe,3962.1,kt live-weight equivalent,estimate,VN-direct,Low,QNT model (assumptions.csv),"Our estimate for horizon year 2040; scenario, not forecast."
S-EFF,2040,aquaculture_export_share,0.5138,share,estimate,VN-direct,Low,QNT model (assumptions.csv),"Our estimate for horizon year 2040; scenario, not forecast."
S-EFF,2040,pc_farmed_aquatic_domestic_kg,34.576,kg live weight per person,estimate,VN-direct,Low,QNT model (assumptions.csv),"Our estimate for horizon year 2040; scenario, not forecast."
S-EFF,2040,feed_pig_mt,14.47,Mt compound feed,estimate,VN-direct,Low,QNT model (assumptions.csv),"Our estimate for horizon year 2040; scenario, not forecast."
S-EFF,2040,feed_poultry_mt,12.457,Mt compound feed,estimate,VN-direct,Low,QNT model (assumptions.csv),"Our estimate for horizon year 2040; scenario, not forecast."
S-EFF,2040,feed_other_livestock_mt,1.115,Mt compound feed,estimate,VN-direct,Low,QNT model (assumptions.csv),"Our estimate for horizon year 2040; scenario, not forecast."
S-EFF,2040,feed_pangasius_mt,3.244,Mt compound feed,estimate,VN-direct,Low,QNT model (assumptions.csv),"Our estimate for horizon year 2040; scenario, not forecast."
S-EFF,2040,feed_whiteleg_mt,1.442,Mt compound feed,estimate,VN-direct,Low,QNT model (assumptions.csv),"Our estimate for horizon year 2040; scenario, not forecast."
S-EFF,2040,feed_othershrimp_mt,0.2916,Mt compound feed,estimate,VN-direct,Low,QNT model (assumptions.csv),"Our estimate for horizon year 2040; scenario, not forecast."
S-EFF,2040,feed_otherfish_mt,2.814,Mt compound feed,estimate,VN-direct,Low,QNT model (assumptions.csv),"Our estimate for horizon year 2040; scenario, not forecast."
S-EFF,2040,feed_livestock_mt,28.042,"Mt compound feed (pigs, poultry, other livestock)",estimate,VN-direct,Low,QNT model (assumptions.csv),"Our estimate for horizon year 2040; scenario, not forecast."
S-EFF,2040,feed_aquafeed_mt,7.791,Mt compound feed,estimate,VN-direct,Low,QNT model (assumptions.csv),"Our estimate for horizon year 2040; scenario, not forecast."
S-EFF,2040,feed_total_mt,35.833,Mt compound feed,estimate,VN-direct,Low,QNT model (assumptions.csv),"Our estimate for horizon year 2040; scenario, not forecast."
S-EFF,2040,compound_share_pig,0.94,share,estimate,VN-direct,Low,QNT model (assumptions.csv),"Our estimate for horizon year 2040; scenario, not forecast."
S-EFF,2040,sbm_demand_mt,7.848,Mt soybean meal,estimate,VN-direct,Low,QNT model (assumptions.csv),"Our estimate for horizon year 2040; scenario, not forecast."
S-EFF,2040,sbm_import_need_mt,7.848,"Mt soybean meal (as meal, or as beans crushed in Vietnam)",estimate,VN-direct,Low,QNT model (assumptions.csv),"Our estimate for horizon year 2040; scenario, not forecast."
S-EFF,2040,sbm_import_need_bean_eq_mt,10.062,Mt soybeans equivalent,estimate,VN-direct,Low,QNT model (assumptions.csv),"Our estimate for horizon year 2040; scenario, not forecast."
S-EFF,2040,fishmeal_demand_kt,197.9,kt fishmeal,estimate,VN-direct,Low,QNT model (assumptions.csv),"Our estimate for horizon year 2040; scenario, not forecast."
S-EFF,2040,other_meals_sbmeq_mt,3.295,Mt soybean-meal equivalent,estimate,VN-direct,Low,QNT model (assumptions.csv),"Our estimate for horizon year 2040; scenario, not forecast."
S-EFF,2040,protein_meal_demand_sbmeq_mt,11.423,Mt soybean-meal equivalent (46% CP),estimate,VN-direct,Low,QNT model (assumptions.csv),"Our estimate for horizon year 2040; scenario, not forecast."
S-EFF,2040,sbm_intensity_kg_per_t_feed,219.0,kg soybean meal per t compound feed,estimate,VN-direct,Low,QNT model (assumptions.csv),"Our estimate for horizon year 2040; scenario, not forecast."
S-EFF,2040,maize_compound_feed_mt,13.94,Mt maize,estimate,VN-direct,Low,QNT model (assumptions.csv),"Our estimate for horizon year 2040; scenario, not forecast."
S-EFF,2040,maize_total_use_mt,16.655,Mt maize,estimate,VN-direct,Low,QNT model (assumptions.csv),"Our estimate for horizon year 2040; scenario, not forecast."
S-EFF,2040,maize_production_mt,4.1,Mt maize,estimate,VN-direct,Low,QNT model (assumptions.csv),"Our estimate for horizon year 2040; scenario, not forecast."
S-EFF,2040,maize_import_need_mt,12.555,Mt maize,estimate,VN-direct,Low,QNT model (assumptions.csv),"Our estimate for horizon year 2040; scenario, not forecast."
S-EFF,2040,soy_land_abroad_mha,2.329,million ha (mass allocation to meal),estimate,VN-direct,Low,QNT model (assumptions.csv),"Our estimate for horizon year 2040; scenario, not forecast."
S-EFF,2040,maize_land_abroad_mha,1.649,million ha,estimate,VN-direct,Low,QNT model (assumptions.csv),"Our estimate for horizon year 2040; scenario, not forecast."
S-EFF,2050,population,110.0,million,estimate,VN-direct,Low,QNT model (assumptions.csv),"Our estimate for horizon year 2050; scenario, not forecast."
S-EFF,2050,pc_pork_demand_kg_cwe,45.242,"kg per person, carcass weight",estimate,VN-direct,Low,QNT model (assumptions.csv),"Our estimate for horizon year 2050; scenario, not forecast."
S-EFF,2050,prod_pork_kt_lw,6615.5,kt live weight,estimate,VN-direct,Low,QNT model (assumptions.csv),"Our estimate for horizon year 2050; scenario, not forecast."
S-EFF,2050,prod_pork_kt_cwe,4783.0,kt carcass weight,estimate,VN-direct,Low,QNT model (assumptions.csv),"Our estimate for horizon year 2050; scenario, not forecast."
S-EFF,2050,pc_poultry_demand_kg_cwe,34.296,"kg per person, carcass weight",estimate,VN-direct,Low,QNT model (assumptions.csv),"Our estimate for horizon year 2050; scenario, not forecast."
S-EFF,2050,prod_poultry_kt_lw,4716.1,kt live weight,estimate,VN-direct,Low,QNT model (assumptions.csv),"Our estimate for horizon year 2050; scenario, not forecast."
S-EFF,2050,prod_poultry_kt_cwe,3301.3,kt carcass weight,estimate,VN-direct,Low,QNT model (assumptions.csv),"Our estimate for horizon year 2050; scenario, not forecast."
S-EFF,2050,pc_ruminant_demand_kg_cwe,8.106,"kg per person, carcass weight",estimate,VN-direct,Low,QNT model (assumptions.csv),"Our estimate for horizon year 2050; scenario, not forecast."
S-EFF,2050,prod_ruminant_kt_lw,903.9,kt live weight,estimate,VN-direct,Low,QNT model (assumptions.csv),"Our estimate for horizon year 2050; scenario, not forecast."
S-EFF,2050,prod_ruminant_kt_cwe,465.5,kt carcass weight,estimate,VN-direct,Low,QNT model (assumptions.csv),"Our estimate for horizon year 2050; scenario, not forecast."
S-EFF,2050,pc_meat_demand_kg_cwe,87.645,"kg per person, carcass weight",estimate,VN-direct,Low,QNT model (assumptions.csv),"Our estimate for horizon year 2050; scenario, not forecast."
S-EFF,2050,meat_consumption_animal_kt_cwe,9641.8,kt carcass weight (after S-ALT substitution),estimate,VN-direct,Low,QNT model (assumptions.csv),"Our estimate for horizon year 2050; scenario, not forecast."
S-EFF,2050,meat_production_kt_cwe,8549.8,kt carcass weight,estimate,VN-direct,Low,QNT model (assumptions.csv),"Our estimate for horizon year 2050; scenario, not forecast."
S-EFF,2050,pc_eggs_number,275.1,eggs per person,estimate,VN-direct,Low,QNT model (assumptions.csv),"Our estimate for horizon year 2050; scenario, not forecast."
S-EFF,2050,prod_eggs_bn,30.262,billion eggs,estimate,VN-direct,Low,QNT model (assumptions.csv),"Our estimate for horizon year 2050; scenario, not forecast."
S-EFF,2050,prod_milk_kt,2752.8,kt fresh milk,estimate,VN-direct,Low,QNT model (assumptions.csv),"Our estimate for horizon year 2050; scenario, not forecast."
S-EFF,2050,pc_milk_domestic_kg,25.023,kg domestic fresh milk per person,estimate,VN-direct,Low,QNT model (assumptions.csv),"Our estimate for horizon year 2050; scenario, not forecast."
S-EFF,2050,prod_aq_pangasius_kt,2700.0,kt live weight,estimate,VN-direct,Low,QNT model (assumptions.csv),"Our estimate for horizon year 2050; scenario, not forecast."
S-EFF,2050,prod_aq_whiteleg_kt,1384.8,kt live weight,estimate,VN-direct,Low,QNT model (assumptions.csv),"Our estimate for horizon year 2050; scenario, not forecast."
S-EFF,2050,prod_aq_othershrimp_kt,539.4,kt live weight,estimate,VN-direct,Low,QNT model (assumptions.csv),"Our estimate for horizon year 2050; scenario, not forecast."
S-EFF,2050,prod_aq_otherfish_kt,2919.2,kt live weight,estimate,VN-direct,Low,QNT model (assumptions.csv),"Our estimate for horizon year 2050; scenario, not forecast."
S-EFF,2050,prod_aq_nonfed_kt,975.0,kt live weight,estimate,VN-direct,Low,QNT model (assumptions.csv),"Our estimate for horizon year 2050; scenario, not forecast."
S-EFF,2050,prod_aquaculture_kt,8518.3,kt live weight,estimate,VN-direct,Low,QNT model (assumptions.csv),"Our estimate for horizon year 2050; scenario, not forecast."
S-EFF,2050,aquaculture_exports_kt_lwe,4376.6,kt live-weight equivalent,estimate,VN-direct,Low,QNT model (assumptions.csv),"Our estimate for horizon year 2050; scenario, not forecast."
S-EFF,2050,aquaculture_export_share,0.5138,share,estimate,VN-direct,Low,QNT model (assumptions.csv),"Our estimate for horizon year 2050; scenario, not forecast."
S-EFF,2050,pc_farmed_aquatic_domestic_kg,37.648,kg live weight per person,estimate,VN-direct,Low,QNT model (assumptions.csv),"Our estimate for horizon year 2050; scenario, not forecast."
S-EFF,2050,feed_pig_mt,13.976,Mt compound feed,estimate,VN-direct,Low,QNT model (assumptions.csv),"Our estimate for horizon year 2050; scenario, not forecast."
S-EFF,2050,feed_poultry_mt,12.032,Mt compound feed,estimate,VN-direct,Low,QNT model (assumptions.csv),"Our estimate for horizon year 2050; scenario, not forecast."
S-EFF,2050,feed_other_livestock_mt,1.203,Mt compound feed,estimate,VN-direct,Low,QNT model (assumptions.csv),"Our estimate for horizon year 2050; scenario, not forecast."
S-EFF,2050,feed_pangasius_mt,3.306,Mt compound feed,estimate,VN-direct,Low,QNT model (assumptions.csv),"Our estimate for horizon year 2050; scenario, not forecast."
S-EFF,2050,feed_whiteleg_mt,1.47,Mt compound feed,estimate,VN-direct,Low,QNT model (assumptions.csv),"Our estimate for horizon year 2050; scenario, not forecast."
S-EFF,2050,feed_othershrimp_mt,0.3302,Mt compound feed,estimate,VN-direct,Low,QNT model (assumptions.csv),"Our estimate for horizon year 2050; scenario, not forecast."
S-EFF,2050,feed_otherfish_mt,3.039,Mt compound feed,estimate,VN-direct,Low,QNT model (assumptions.csv),"Our estimate for horizon year 2050; scenario, not forecast."
S-EFF,2050,feed_livestock_mt,27.211,"Mt compound feed (pigs, poultry, other livestock)",estimate,VN-direct,Low,QNT model (assumptions.csv),"Our estimate for horizon year 2050; scenario, not forecast."
S-EFF,2050,feed_aquafeed_mt,8.145,Mt compound feed,estimate,VN-direct,Low,QNT model (assumptions.csv),"Our estimate for horizon year 2050; scenario, not forecast."
S-EFF,2050,feed_total_mt,35.356,Mt compound feed,estimate,VN-direct,Low,QNT model (assumptions.csv),"Our estimate for horizon year 2050; scenario, not forecast."
S-EFF,2050,compound_share_pig,0.97,share,estimate,VN-direct,Low,QNT model (assumptions.csv),"Our estimate for horizon year 2050; scenario, not forecast."
S-EFF,2050,sbm_demand_mt,7.004,Mt soybean meal,estimate,VN-direct,Low,QNT model (assumptions.csv),"Our estimate for horizon year 2050; scenario, not forecast."
S-EFF,2050,sbm_import_need_mt,7.004,"Mt soybean meal (as meal, or as beans crushed in Vietnam)",estimate,VN-direct,Low,QNT model (assumptions.csv),"Our estimate for horizon year 2050; scenario, not forecast."
S-EFF,2050,sbm_import_need_bean_eq_mt,8.979,Mt soybeans equivalent,estimate,VN-direct,Low,QNT model (assumptions.csv),"Our estimate for horizon year 2050; scenario, not forecast."
S-EFF,2050,fishmeal_demand_kt,151.7,kt fishmeal,estimate,VN-direct,Low,QNT model (assumptions.csv),"Our estimate for horizon year 2050; scenario, not forecast."
S-EFF,2050,other_meals_sbmeq_mt,3.418,Mt soybean-meal equivalent,estimate,VN-direct,Low,QNT model (assumptions.csv),"Our estimate for horizon year 2050; scenario, not forecast."
S-EFF,2050,protein_meal_demand_sbmeq_mt,10.636,Mt soybean-meal equivalent (46% CP),estimate,VN-direct,Low,QNT model (assumptions.csv),"Our estimate for horizon year 2050; scenario, not forecast."
S-EFF,2050,sbm_intensity_kg_per_t_feed,198.1,kg soybean meal per t compound feed,estimate,VN-direct,Low,QNT model (assumptions.csv),"Our estimate for horizon year 2050; scenario, not forecast."
S-EFF,2050,maize_compound_feed_mt,13.534,Mt maize,estimate,VN-direct,Low,QNT model (assumptions.csv),"Our estimate for horizon year 2050; scenario, not forecast."
S-EFF,2050,maize_total_use_mt,15.661,Mt maize,estimate,VN-direct,Low,QNT model (assumptions.csv),"Our estimate for horizon year 2050; scenario, not forecast."
S-EFF,2050,maize_production_mt,4.1,Mt maize,estimate,VN-direct,Low,QNT model (assumptions.csv),"Our estimate for horizon year 2050; scenario, not forecast."
S-EFF,2050,maize_import_need_mt,11.561,Mt maize,estimate,VN-direct,Low,QNT model (assumptions.csv),"Our estimate for horizon year 2050; scenario, not forecast."
S-EFF,2050,soy_land_abroad_mha,1.957,million ha (mass allocation to meal),estimate,VN-direct,Low,QNT model (assumptions.csv),"Our estimate for horizon year 2050; scenario, not forecast."
S-EFF,2050,maize_land_abroad_mha,1.474,million ha,estimate,VN-direct,Low,QNT model (assumptions.csv),"Our estimate for horizon year 2050; scenario, not forecast."
S-ALT,2025,population,101.6,million,calibration (2025 base),VN-direct,Medium,QNT model (assumptions.csv),Calibrated to 2025 anchors; identical in all scenarios.
S-ALT,2025,pc_pork_demand_kg_cwe,39.907,"kg per person, carcass weight",calibration (2025 base),VN-direct,Medium,QNT model (assumptions.csv),Calibrated to 2025 anchors; identical in all scenarios.
S-ALT,2025,prod_pork_kt_lw,5389.2,kt live weight,calibration (2025 base),VN-direct,Medium,QNT model (assumptions.csv),Calibrated to 2025 anchors; identical in all scenarios.
S-ALT,2025,prod_pork_kt_cwe,3896.4,kt carcass weight,calibration (2025 base),VN-direct,Medium,QNT model (assumptions.csv),Calibrated to 2025 anchors; identical in all scenarios.
S-ALT,2025,pc_poultry_demand_kg_cwe,20.487,"kg per person, carcass weight",calibration (2025 base),VN-direct,Medium,QNT model (assumptions.csv),Calibrated to 2025 anchors; identical in all scenarios.
S-ALT,2025,prod_poultry_kt_lw,2601.9,kt live weight,calibration (2025 base),VN-direct,Medium,QNT model (assumptions.csv),Calibrated to 2025 anchors; identical in all scenarios.
S-ALT,2025,prod_poultry_kt_cwe,1821.3,kt carcass weight,calibration (2025 base),VN-direct,Medium,QNT model (assumptions.csv),Calibrated to 2025 anchors; identical in all scenarios.
S-ALT,2025,pc_ruminant_demand_kg_cwe,6.062,"kg per person, carcass weight",calibration (2025 base),VN-direct,Medium,QNT model (assumptions.csv),Calibrated to 2025 anchors; identical in all scenarios.
S-ALT,2025,prod_ruminant_kt_lw,624.3,kt live weight,calibration (2025 base),VN-direct,Medium,QNT model (assumptions.csv),Calibrated to 2025 anchors; identical in all scenarios.
S-ALT,2025,prod_ruminant_kt_cwe,321.5,kt carcass weight,calibration (2025 base),VN-direct,Medium,QNT model (assumptions.csv),Calibrated to 2025 anchors; identical in all scenarios.
S-ALT,2025,pc_meat_demand_kg_cwe,66.456,"kg per person, carcass weight",calibration (2025 base),VN-direct,Medium,QNT model (assumptions.csv),Calibrated to 2025 anchors; identical in all scenarios.
S-ALT,2025,meat_consumption_animal_kt_cwe,6752.0,kt carcass weight (after S-ALT substitution),calibration (2025 base),VN-direct,Medium,QNT model (assumptions.csv),Calibrated to 2025 anchors; identical in all scenarios.
S-ALT,2025,meat_production_kt_cwe,6039.2,kt carcass weight,calibration (2025 base),VN-direct,Medium,QNT model (assumptions.csv),Calibrated to 2025 anchors; identical in all scenarios.
S-ALT,2025,pc_eggs_number,210.6,eggs per person,calibration (2025 base),VN-direct,Medium,QNT model (assumptions.csv),Calibrated to 2025 anchors; identical in all scenarios.
S-ALT,2025,prod_eggs_bn,21.4,billion eggs,calibration (2025 base),VN-direct,Medium,QNT model (assumptions.csv),Calibrated to 2025 anchors; identical in all scenarios.
S-ALT,2025,prod_milk_kt,1300.0,kt fresh milk,calibration (2025 base),VN-direct,Medium,QNT model (assumptions.csv),Calibrated to 2025 anchors; identical in all scenarios.
S-ALT,2025,pc_milk_domestic_kg,12.795,kg domestic fresh milk per person,calibration (2025 base),VN-direct,Medium,QNT model (assumptions.csv),Calibrated to 2025 anchors; identical in all scenarios.
S-ALT,2025,prod_aq_pangasius_kt,1938.8,kt live weight,calibration (2025 base),VN-direct,Medium,QNT model (assumptions.csv),Calibrated to 2025 anchors; identical in all scenarios.
S-ALT,2025,prod_aq_whiteleg_kt,994.4,kt live weight,calibration (2025 base),VN-direct,Medium,QNT model (assumptions.csv),Calibrated to 2025 anchors; identical in all scenarios.
S-ALT,2025,prod_aq_othershrimp_kt,387.3,kt live weight,calibration (2025 base),VN-direct,Medium,QNT model (assumptions.csv),Calibrated to 2025 anchors; identical in all scenarios.
S-ALT,2025,prod_aq_otherfish_kt,2096.2,kt live weight,calibration (2025 base),VN-direct,Medium,QNT model (assumptions.csv),Calibrated to 2025 anchors; identical in all scenarios.
S-ALT,2025,prod_aq_nonfed_kt,700.1,kt live weight,calibration (2025 base),VN-direct,Medium,QNT model (assumptions.csv),Calibrated to 2025 anchors; identical in all scenarios.
S-ALT,2025,prod_aquaculture_kt,6116.8,kt live weight,calibration (2025 base),VN-direct,Medium,QNT model (assumptions.csv),Calibrated to 2025 anchors; identical in all scenarios.
S-ALT,2025,aquaculture_exports_kt_lwe,3142.8,kt live-weight equivalent,calibration (2025 base),VN-direct,Medium,QNT model (assumptions.csv),Calibrated to 2025 anchors; identical in all scenarios.
S-ALT,2025,aquaculture_export_share,0.5138,share,calibration (2025 base),VN-direct,Medium,QNT model (assumptions.csv),Calibrated to 2025 anchors; identical in all scenarios.
S-ALT,2025,pc_farmed_aquatic_domestic_kg,29.272,kg live weight per person,calibration (2025 base),VN-direct,Medium,QNT model (assumptions.csv),Calibrated to 2025 anchors; identical in all scenarios.
S-ALT,2025,feed_pig_mt,12.166,Mt compound feed,calibration (2025 base),VN-direct,Medium,QNT model (assumptions.csv),Calibrated to 2025 anchors; identical in all scenarios.
S-ALT,2025,feed_poultry_mt,8.998,Mt compound feed,calibration (2025 base),VN-direct,Medium,QNT model (assumptions.csv),Calibrated to 2025 anchors; identical in all scenarios.
S-ALT,2025,feed_other_livestock_mt,0.814,Mt compound feed,calibration (2025 base),VN-direct,Medium,QNT model (assumptions.csv),Calibrated to 2025 anchors; identical in all scenarios.
S-ALT,2025,feed_pangasius_mt,2.902,Mt compound feed,calibration (2025 base),VN-direct,Medium,QNT model (assumptions.csv),Calibrated to 2025 anchors; identical in all scenarios.
S-ALT,2025,feed_whiteleg_mt,1.29,Mt compound feed,calibration (2025 base),VN-direct,Medium,QNT model (assumptions.csv),Calibrated to 2025 anchors; identical in all scenarios.
S-ALT,2025,feed_othershrimp_mt,0.1739,Mt compound feed,calibration (2025 base),VN-direct,Medium,QNT model (assumptions.csv),Calibrated to 2025 anchors; identical in all scenarios.
S-ALT,2025,feed_otherfish_mt,2.134,Mt compound feed,calibration (2025 base),VN-direct,Medium,QNT model (assumptions.csv),Calibrated to 2025 anchors; identical in all scenarios.
S-ALT,2025,feed_livestock_mt,21.978,"Mt compound feed (pigs, poultry, other livestock)",calibration (2025 base),VN-direct,Medium,QNT model (assumptions.csv),Calibrated to 2025 anchors; identical in all scenarios.
S-ALT,2025,feed_aquafeed_mt,6.5,Mt compound feed,calibration (2025 base),VN-direct,Medium,QNT model (assumptions.csv),Calibrated to 2025 anchors; identical in all scenarios.
S-ALT,2025,feed_total_mt,28.478,Mt compound feed,calibration (2025 base),VN-direct,Medium,QNT model (assumptions.csv),Calibrated to 2025 anchors; identical in all scenarios.
S-ALT,2025,compound_share_pig,0.8062,share,calibration (2025 base),VN-direct,Medium,QNT model (assumptions.csv),Calibrated to 2025 anchors; identical in all scenarios.
S-ALT,2025,sbm_demand_mt,7.2,Mt soybean meal,calibration (2025 base),VN-direct,Medium,QNT model (assumptions.csv),Calibrated to 2025 anchors; identical in all scenarios.
S-ALT,2025,sbm_import_need_mt,7.2,"Mt soybean meal (as meal, or as beans crushed in Vietnam)",calibration (2025 base),VN-direct,Medium,QNT model (assumptions.csv),Calibrated to 2025 anchors; identical in all scenarios.
S-ALT,2025,sbm_import_need_bean_eq_mt,9.231,Mt soybeans equivalent,calibration (2025 base),VN-direct,Medium,QNT model (assumptions.csv),Calibrated to 2025 anchors; identical in all scenarios.
S-ALT,2025,fishmeal_demand_kt,261.7,kt fishmeal,calibration (2025 base),VN-direct,Medium,QNT model (assumptions.csv),Calibrated to 2025 anchors; identical in all scenarios.
S-ALT,2025,other_meals_sbmeq_mt,2.43,Mt soybean-meal equivalent,calibration (2025 base),VN-direct,Medium,QNT model (assumptions.csv),Calibrated to 2025 anchors; identical in all scenarios.
S-ALT,2025,protein_meal_demand_sbmeq_mt,10.0,Mt soybean-meal equivalent (46% CP),calibration (2025 base),VN-direct,Medium,QNT model (assumptions.csv),Calibrated to 2025 anchors; identical in all scenarios.
S-ALT,2025,sbm_intensity_kg_per_t_feed,252.8,kg soybean meal per t compound feed,calibration (2025 base),VN-direct,Medium,QNT model (assumptions.csv),Calibrated to 2025 anchors; identical in all scenarios.
S-ALT,2025,maize_compound_feed_mt,10.9,Mt maize,calibration (2025 base),VN-direct,Medium,QNT model (assumptions.csv),Calibrated to 2025 anchors; identical in all scenarios.
S-ALT,2025,maize_total_use_mt,16.01,Mt maize,calibration (2025 base),VN-direct,Medium,QNT model (assumptions.csv),Calibrated to 2025 anchors; identical in all scenarios.
S-ALT,2025,maize_production_mt,4.1,Mt maize,calibration (2025 base),VN-direct,Medium,QNT model (assumptions.csv),Calibrated to 2025 anchors; identical in all scenarios.
S-ALT,2025,maize_import_need_mt,11.91,Mt maize,calibration (2025 base),VN-direct,Medium,QNT model (assumptions.csv),Calibrated to 2025 anchors; identical in all scenarios.
S-ALT,2025,soy_land_abroad_mha,2.337,million ha (mass allocation to meal),calibration (2025 base),VN-direct,Medium,QNT model (assumptions.csv),Calibrated to 2025 anchors; identical in all scenarios.
S-ALT,2025,maize_land_abroad_mha,1.636,million ha,calibration (2025 base),VN-direct,Medium,QNT model (assumptions.csv),Calibrated to 2025 anchors; identical in all scenarios.
S-ALT,2025,alt_feed_protein_kt,0.0,"kt protein (microbial, feed)",calibration (2025 base),VN-direct,Medium,QNT model (assumptions.csv),Calibrated to 2025 anchors; identical in all scenarios.
S-ALT,2025,alt_feed_protein_from_sbm_kt,0.0,kt protein replacing soybean meal,calibration (2025 base),VN-direct,Medium,QNT model (assumptions.csv),Calibrated to 2025 anchors; identical in all scenarios.
S-ALT,2025,alt_feed_protein_from_fishmeal_kt,0.0,kt protein replacing fishmeal,calibration (2025 base),VN-direct,Medium,QNT model (assumptions.csv),Calibrated to 2025 anchors; identical in all scenarios.
S-ALT,2025,alt_feed_product_kt,0.0,kt dry product,calibration (2025 base),VN-direct,Medium,QNT model (assumptions.csv),Calibrated to 2025 anchors; identical in all scenarios.
S-ALT,2025,alt_food_protein_kt,0.0,kt protein (plant-based plus fermented food),calibration (2025 base),VN-direct,Medium,QNT model (assumptions.csv),Calibrated to 2025 anchors; identical in all scenarios.
S-ALT,2025,alt_food_ingredient_kt,0.0,kt dry protein ingredient,calibration (2025 base),VN-direct,Medium,QNT model (assumptions.csv),Calibrated to 2025 anchors; identical in all scenarios.
S-ALT,2025,alt_food_finished_product_kt,0.0,kt finished product at 15% protein,calibration (2025 base),VN-direct,Medium,QNT model (assumptions.csv),Calibrated to 2025 anchors; identical in all scenarios.
S-ALT,2025,alt_glucose_kt,0.0,"kt glucose equivalent (sugar route, feed plus food)",calibration (2025 base),VN-direct,Medium,QNT model (assumptions.csv),Calibrated to 2025 anchors; identical in all scenarios.
S-ALT,2025,alt_cassava_starch_kt_if_all_cassava,0.0,kt cassava starch (if all glucose from cassava),calibration (2025 base),VN-direct,Medium,QNT model (assumptions.csv),Calibrated to 2025 anchors; identical in all scenarios.
S-ALT,2025,alt_cassava_roots_kt_if_all_cassava,0.0,kt fresh cassava roots (if all glucose from cassava),calibration (2025 base),VN-direct,Medium,QNT model (assumptions.csv),Calibrated to 2025 anchors; identical in all scenarios.
S-ALT,2025,alt_cassava_land_kha_if_all_cassava,0.0,thousand ha,calibration (2025 base),VN-direct,Medium,QNT model (assumptions.csv),Calibrated to 2025 anchors; identical in all scenarios.
S-ALT,2025,alt_sugar_kt_if_all_sugar,0.0,"kt sucrose (alternative to cassava, not additional)",calibration (2025 base),VN-direct,Medium,QNT model (assumptions.csv),Calibrated to 2025 anchors; identical in all scenarios.
S-ALT,2025,alt_electricity_twh,0.0,TWh a year,calibration (2025 base),VN-direct,Medium,QNT model (assumptions.csv),Calibrated to 2025 anchors; identical in all scenarios.
S-ALT,2025,alt_hydrogen_kt,0.0,kt H2 a year,calibration (2025 base),VN-direct,Medium,QNT model (assumptions.csv),Calibrated to 2025 anchors; identical in all scenarios.
S-ALT,2025,alt_co2_feedstock_kt,0.0,kt CO2 used as feedstock,calibration (2025 base),VN-direct,Medium,QNT model (assumptions.csv),Calibrated to 2025 anchors; identical in all scenarios.
S-ALT,2025,alt_nitrogen_urea_eq_kt,0.0,kt urea (sugar route),calibration (2025 base),VN-direct,Medium,QNT model (assumptions.csv),Calibrated to 2025 anchors; identical in all scenarios.
S-ALT,2025,alt_nitrogen_nh3_kt,0.0,kt NH3 (gas route),calibration (2025 base),VN-direct,Medium,QNT model (assumptions.csv),Calibrated to 2025 anchors; identical in all scenarios.
S-ALT,2025,alt_soybeans_for_plant_food_kt,0.0,"kt soybeans (imported, for plant-based food)",calibration (2025 base),VN-direct,Medium,QNT model (assumptions.csv),Calibrated to 2025 anchors; identical in all scenarios.
S-ALT,2025,alt_electricity_co2_mt,0.0,Mt CO2 at the PDP8-derived grid factor,calibration (2025 base),VN-direct,Medium,QNT model (assumptions.csv),Calibrated to 2025 anchors; identical in all scenarios.
S-ALT,2025,sbm_import_avoided_mt,0.0,Mt soybean meal vs S-BASE,calibration (2025 base),VN-direct,Medium,QNT model (assumptions.csv),Calibrated to 2025 anchors; identical in all scenarios.
S-ALT,2025,sbm_import_avoided_via_feed_mt,0.0,Mt (microbial protein in feed),calibration (2025 base),VN-direct,Medium,QNT model (assumptions.csv),Calibrated to 2025 anchors; identical in all scenarios.
S-ALT,2025,sbm_import_avoided_via_food_mt,0.0,Mt (less meat produced),calibration (2025 base),VN-direct,Medium,QNT model (assumptions.csv),Calibrated to 2025 anchors; identical in all scenarios.
S-ALT,2025,sbm_import_avoided_pct,0.0,% of S-BASE need,calibration (2025 base),VN-direct,Medium,QNT model (assumptions.csv),Calibrated to 2025 anchors; identical in all scenarios.
S-ALT,2025,fishmeal_avoided_kt,0.0,kt vs S-BASE,calibration (2025 base),VN-direct,Medium,QNT model (assumptions.csv),Calibrated to 2025 anchors; identical in all scenarios.
S-ALT,2025,maize_import_avoided_mt,0.0,Mt vs S-BASE,calibration (2025 base),VN-direct,Medium,QNT model (assumptions.csv),Calibrated to 2025 anchors; identical in all scenarios.
S-ALT,2025,soy_land_avoided_gross_kha,0.0,thousand ha abroad,calibration (2025 base),VN-direct,Medium,QNT model (assumptions.csv),Calibrated to 2025 anchors; identical in all scenarios.
S-ALT,2025,soy_land_for_plant_food_kha,0.0,thousand ha abroad,calibration (2025 base),VN-direct,Medium,QNT model (assumptions.csv),Calibrated to 2025 anchors; identical in all scenarios.
S-ALT,2025,soy_land_avoided_net_kha,0.0,thousand ha abroad,calibration (2025 base),VN-direct,Medium,QNT model (assumptions.csv),Calibrated to 2025 anchors; identical in all scenarios.
S-ALT,2025,sbm_emissions_avoided_mt_co2e,0.0,"Mt CO2e (published average, land-use change not checked)",calibration (2025 base),VN-direct,Medium,QNT model (assumptions.csv),Calibrated to 2025 anchors; identical in all scenarios.
S-ALT,2025,fishmeal_emissions_avoided_mt_co2e,0.0,Mt CO2e,calibration (2025 base),VN-direct,Medium,QNT model (assumptions.csv),Calibrated to 2025 anchors; identical in all scenarios.
S-ALT,2030,population,104.2,million,estimate,VN-direct,Low,QNT model (assumptions.csv),"Our estimate for horizon year 2030; scenario, not forecast."
S-ALT,2030,pc_pork_demand_kg_cwe,43.307,"kg per person, carcass weight",estimate,VN-direct,Low,QNT model (assumptions.csv),"Our estimate for horizon year 2030; scenario, not forecast."
S-ALT,2030,prod_pork_kt_lw,5940.9,kt live weight,estimate,VN-direct,Low,QNT model (assumptions.csv),"Our estimate for horizon year 2030; scenario, not forecast."
S-ALT,2030,prod_pork_kt_cwe,4295.3,kt carcass weight,estimate,VN-direct,Low,QNT model (assumptions.csv),"Our estimate for horizon year 2030; scenario, not forecast."
S-ALT,2030,pc_poultry_demand_kg_cwe,25.54,"kg per person, carcass weight",estimate,VN-direct,Low,QNT model (assumptions.csv),"Our estimate for horizon year 2030; scenario, not forecast."
S-ALT,2030,prod_poultry_kt_lw,3294.8,kt live weight,estimate,VN-direct,Low,QNT model (assumptions.csv),"Our estimate for horizon year 2030; scenario, not forecast."
S-ALT,2030,prod_poultry_kt_cwe,2306.4,kt carcass weight,estimate,VN-direct,Low,QNT model (assumptions.csv),"Our estimate for horizon year 2030; scenario, not forecast."
S-ALT,2030,pc_ruminant_demand_kg_cwe,6.543,"kg per person, carcass weight",estimate,VN-direct,Low,QNT model (assumptions.csv),"Our estimate for horizon year 2030; scenario, not forecast."
S-ALT,2030,prod_ruminant_kt_lw,684.5,kt live weight,estimate,VN-direct,Low,QNT model (assumptions.csv),"Our estimate for horizon year 2030; scenario, not forecast."
S-ALT,2030,prod_ruminant_kt_cwe,352.5,kt carcass weight,estimate,VN-direct,Low,QNT model (assumptions.csv),"Our estimate for horizon year 2030; scenario, not forecast."
S-ALT,2030,pc_meat_demand_kg_cwe,75.389,"kg per person, carcass weight",estimate,VN-direct,Low,QNT model (assumptions.csv),"Our estimate for horizon year 2030; scenario, not forecast."
S-ALT,2030,meat_consumption_animal_kt_cwe,7780.7,kt carcass weight (after S-ALT substitution),estimate,VN-direct,Low,QNT model (assumptions.csv),"Our estimate for horizon year 2030; scenario, not forecast."
S-ALT,2030,meat_production_kt_cwe,6954.2,kt carcass weight,estimate,VN-direct,Low,QNT model (assumptions.csv),"Our estimate for horizon year 2030; scenario, not forecast."
S-ALT,2030,pc_eggs_number,235.1,eggs per person,estimate,VN-direct,Low,QNT model (assumptions.csv),"Our estimate for horizon year 2030; scenario, not forecast."
S-ALT,2030,prod_eggs_bn,24.505,billion eggs,estimate,VN-direct,Low,QNT model (assumptions.csv),"Our estimate for horizon year 2030; scenario, not forecast."
S-ALT,2030,prod_milk_kt,1598.4,kt fresh milk,estimate,VN-direct,Low,QNT model (assumptions.csv),"Our estimate for horizon year 2030; scenario, not forecast."
S-ALT,2030,pc_milk_domestic_kg,15.332,kg domestic fresh milk per person,estimate,VN-direct,Low,QNT model (assumptions.csv),"Our estimate for horizon year 2030; scenario, not forecast."
S-ALT,2030,prod_aq_pangasius_kt,2085.8,kt live weight,estimate,VN-direct,Low,QNT model (assumptions.csv),"Our estimate for horizon year 2030; scenario, not forecast."
S-ALT,2030,prod_aq_whiteleg_kt,1069.8,kt live weight,estimate,VN-direct,Low,QNT model (assumptions.csv),"Our estimate for horizon year 2030; scenario, not forecast."
S-ALT,2030,prod_aq_othershrimp_kt,416.7,kt live weight,estimate,VN-direct,Low,QNT model (assumptions.csv),"Our estimate for horizon year 2030; scenario, not forecast."
S-ALT,2030,prod_aq_otherfish_kt,2255.1,kt live weight,estimate,VN-direct,Low,QNT model (assumptions.csv),"Our estimate for horizon year 2030; scenario, not forecast."
S-ALT,2030,prod_aq_nonfed_kt,753.2,kt live weight,estimate,VN-direct,Low,QNT model (assumptions.csv),"Our estimate for horizon year 2030; scenario, not forecast."
S-ALT,2030,prod_aquaculture_kt,6580.5,kt live weight,estimate,VN-direct,Low,QNT model (assumptions.csv),"Our estimate for horizon year 2030; scenario, not forecast."
S-ALT,2030,aquaculture_exports_kt_lwe,3381.0,kt live-weight equivalent,estimate,VN-direct,Low,QNT model (assumptions.csv),"Our estimate for horizon year 2030; scenario, not forecast."
S-ALT,2030,aquaculture_export_share,0.5138,share,estimate,VN-direct,Low,QNT model (assumptions.csv),"Our estimate for horizon year 2030; scenario, not forecast."
S-ALT,2030,pc_farmed_aquatic_domestic_kg,30.69,kg live weight per person,estimate,VN-direct,Low,QNT model (assumptions.csv),"Our estimate for horizon year 2030; scenario, not forecast."
S-ALT,2030,feed_pig_mt,14.348,Mt compound feed,estimate,VN-direct,Low,QNT model (assumptions.csv),"Our estimate for horizon year 2030; scenario, not forecast."
S-ALT,2030,feed_poultry_mt,10.907,Mt compound feed,estimate,VN-direct,Low,QNT model (assumptions.csv),"Our estimate for horizon year 2030; scenario, not forecast."
S-ALT,2030,feed_other_livestock_mt,0.9465,Mt compound feed,estimate,VN-direct,Low,QNT model (assumptions.csv),"Our estimate for horizon year 2030; scenario, not forecast."
S-ALT,2030,feed_pangasius_mt,3.076,Mt compound feed,estimate,VN-direct,Low,QNT model (assumptions.csv),"Our estimate for horizon year 2030; scenario, not forecast."
S-ALT,2030,feed_whiteleg_mt,1.367,Mt compound feed,estimate,VN-direct,Low,QNT model (assumptions.csv),"Our estimate for horizon year 2030; scenario, not forecast."
S-ALT,2030,feed_othershrimp_mt,0.215,Mt compound feed,estimate,VN-direct,Low,QNT model (assumptions.csv),"Our estimate for horizon year 2030; scenario, not forecast."
S-ALT,2030,feed_otherfish_mt,2.42,Mt compound feed,estimate,VN-direct,Low,QNT model (assumptions.csv),"Our estimate for horizon year 2030; scenario, not forecast."
S-ALT,2030,feed_livestock_mt,26.201,"Mt compound feed (pigs, poultry, other livestock)",estimate,VN-direct,Low,QNT model (assumptions.csv),"Our estimate for horizon year 2030; scenario, not forecast."
S-ALT,2030,feed_aquafeed_mt,7.077,Mt compound feed,estimate,VN-direct,Low,QNT model (assumptions.csv),"Our estimate for horizon year 2030; scenario, not forecast."
S-ALT,2030,feed_total_mt,33.279,Mt compound feed,estimate,VN-direct,Low,QNT model (assumptions.csv),"Our estimate for horizon year 2030; scenario, not forecast."
S-ALT,2030,compound_share_pig,0.88,share,estimate,VN-direct,Low,QNT model (assumptions.csv),"Our estimate for horizon year 2030; scenario, not forecast."
S-ALT,2030,sbm_demand_mt,8.318,Mt soybean meal,estimate,VN-direct,Low,QNT model (assumptions.csv),"Our estimate for horizon year 2030; scenario, not forecast."
S-ALT,2030,sbm_import_need_mt,8.318,"Mt soybean meal (as meal, or as beans crushed in Vietnam)",estimate,VN-direct,Low,QNT model (assumptions.csv),"Our estimate for horizon year 2030; scenario, not forecast."
S-ALT,2030,sbm_import_need_bean_eq_mt,10.665,Mt soybeans equivalent,estimate,VN-direct,Low,QNT model (assumptions.csv),"Our estimate for horizon year 2030; scenario, not forecast."
S-ALT,2030,fishmeal_demand_kt,237.9,kt fishmeal,estimate,VN-direct,Low,QNT model (assumptions.csv),"Our estimate for horizon year 2030; scenario, not forecast."
S-ALT,2030,other_meals_sbmeq_mt,2.84,Mt soybean-meal equivalent,estimate,VN-direct,Low,QNT model (assumptions.csv),"Our estimate for horizon year 2030; scenario, not forecast."
S-ALT,2030,protein_meal_demand_sbmeq_mt,11.494,Mt soybean-meal equivalent (46% CP),estimate,VN-direct,Low,QNT model (assumptions.csv),"Our estimate for horizon year 2030; scenario, not forecast."
S-ALT,2030,sbm_intensity_kg_per_t_feed,250.0,kg soybean meal per t compound feed,estimate,VN-direct,Low,QNT model (assumptions.csv),"Our estimate for horizon year 2030; scenario, not forecast."
S-ALT,2030,maize_compound_feed_mt,12.977,Mt maize,estimate,VN-direct,Low,QNT model (assumptions.csv),"Our estimate for horizon year 2030; scenario, not forecast."
S-ALT,2030,maize_total_use_mt,16.929,Mt maize,estimate,VN-direct,Low,QNT model (assumptions.csv),"Our estimate for horizon year 2030; scenario, not forecast."
S-ALT,2030,maize_production_mt,4.1,Mt maize,estimate,VN-direct,Low,QNT model (assumptions.csv),"Our estimate for horizon year 2030; scenario, not forecast."
S-ALT,2030,maize_import_need_mt,12.829,Mt maize,estimate,VN-direct,Low,QNT model (assumptions.csv),"Our estimate for horizon year 2030; scenario, not forecast."
S-ALT,2030,soy_land_abroad_mha,2.62,million ha (mass allocation to meal),estimate,VN-direct,Low,QNT model (assumptions.csv),"Our estimate for horizon year 2030; scenario, not forecast."
S-ALT,2030,maize_land_abroad_mha,1.736,million ha,estimate,VN-direct,Low,QNT model (assumptions.csv),"Our estimate for horizon year 2030; scenario, not forecast."
S-ALT,2030,alt_feed_protein_kt,55.836,"kt protein (microbial, feed)",estimate,VN-direct,Low,QNT model (assumptions.csv),"Our estimate for horizon year 2030; scenario, not forecast."
S-ALT,2030,alt_feed_protein_from_sbm_kt,38.651,kt protein replacing soybean meal,estimate,VN-direct,Low,QNT model (assumptions.csv),"Our estimate for horizon year 2030; scenario, not forecast."
S-ALT,2030,alt_feed_protein_from_fishmeal_kt,17.185,kt protein replacing fishmeal,estimate,VN-direct,Low,QNT model (assumptions.csv),"Our estimate for horizon year 2030; scenario, not forecast."
S-ALT,2030,alt_feed_product_kt,101.5,kt dry product,estimate,VN-direct,Low,QNT model (assumptions.csv),"Our estimate for horizon year 2030; scenario, not forecast."
S-ALT,2030,alt_food_protein_kt,11.789,kt protein (plant-based plus fermented food),estimate,VN-direct,Low,QNT model (assumptions.csv),"Our estimate for horizon year 2030; scenario, not forecast."
S-ALT,2030,alt_food_ingredient_kt,22.864,kt dry protein ingredient,estimate,VN-direct,Low,QNT model (assumptions.csv),"Our estimate for horizon year 2030; scenario, not forecast."
S-ALT,2030,alt_food_finished_product_kt,78.593,kt finished product at 15% protein,estimate,VN-direct,Low,QNT model (assumptions.csv),"Our estimate for horizon year 2030; scenario, not forecast."
S-ALT,2030,alt_glucose_kt,237.5,"kt glucose equivalent (sugar route, feed plus food)",estimate,VN-direct,Low,QNT model (assumptions.csv),"Our estimate for horizon year 2030; scenario, not forecast."
S-ALT,2030,alt_cassava_starch_kt_if_all_cassava,219.9,kt cassava starch (if all glucose from cassava),estimate,VN-direct,Low,QNT model (assumptions.csv),"Our estimate for horizon year 2030; scenario, not forecast."
S-ALT,2030,alt_cassava_roots_kt_if_all_cassava,967.6,kt fresh cassava roots (if all glucose from cassava),estimate,VN-direct,Low,QNT model (assumptions.csv),"Our estimate for horizon year 2030; scenario, not forecast."
S-ALT,2030,alt_cassava_land_kha_if_all_cassava,47.202,thousand ha,estimate,VN-direct,Low,QNT model (assumptions.csv),"Our estimate for horizon year 2030; scenario, not forecast."
S-ALT,2030,alt_sugar_kt_if_all_sugar,225.6,"kt sucrose (alternative to cassava, not additional)",estimate,VN-direct,Low,QNT model (assumptions.csv),"Our estimate for horizon year 2030; scenario, not forecast."
S-ALT,2030,alt_electricity_twh,0.2078,TWh a year,estimate,VN-direct,Low,QNT model (assumptions.csv),"Our estimate for horizon year 2030; scenario, not forecast."
S-ALT,2030,alt_hydrogen_kt,0.0,kt H2 a year,estimate,VN-direct,Low,QNT model (assumptions.csv),"Our estimate for horizon year 2030; scenario, not forecast."
S-ALT,2030,alt_co2_feedstock_kt,0.0,kt CO2 used as feedstock,estimate,VN-direct,Low,QNT model (assumptions.csv),"Our estimate for horizon year 2030; scenario, not forecast."
S-ALT,2030,alt_nitrogen_urea_eq_kt,21.968,kt urea (sugar route),estimate,VN-direct,Low,QNT model (assumptions.csv),"Our estimate for horizon year 2030; scenario, not forecast."
S-ALT,2030,alt_nitrogen_nh3_kt,0.0,kt NH3 (gas route),estimate,VN-direct,Low,QNT model (assumptions.csv),"Our estimate for horizon year 2030; scenario, not forecast."
S-ALT,2030,alt_soybeans_for_plant_food_kt,27.233,"kt soybeans (imported, for plant-based food)",estimate,VN-direct,Low,QNT model (assumptions.csv),"Our estimate for horizon year 2030; scenario, not forecast."
S-ALT,2030,alt_electricity_co2_mt,0.079,Mt CO2 at the PDP8-derived grid factor,estimate,VN-direct,Low,QNT model (assumptions.csv),"Our estimate for horizon year 2030; scenario, not forecast."
S-ALT,2030,sbm_import_avoided_mt,0.1375,Mt soybean meal vs S-BASE,estimate,VN-direct,Low,QNT model (assumptions.csv),"Our estimate for horizon year 2030; scenario, not forecast."
S-ALT,2030,sbm_import_avoided_via_feed_mt,0.084,Mt (microbial protein in feed),estimate,VN-direct,Low,QNT model (assumptions.csv),"Our estimate for horizon year 2030; scenario, not forecast."
S-ALT,2030,sbm_import_avoided_via_food_mt,0.0535,Mt (less meat produced),estimate,VN-direct,Low,QNT model (assumptions.csv),"Our estimate for horizon year 2030; scenario, not forecast."
S-ALT,2030,sbm_import_avoided_pct,1.626,% of S-BASE need,estimate,VN-direct,Low,QNT model (assumptions.csv),"Our estimate for horizon year 2030; scenario, not forecast."
S-ALT,2030,fishmeal_avoided_kt,26.542,kt vs S-BASE,estimate,VN-direct,Low,QNT model (assumptions.csv),"Our estimate for horizon year 2030; scenario, not forecast."
S-ALT,2030,maize_import_avoided_mt,0.1326,Mt vs S-BASE,estimate,VN-direct,Low,QNT model (assumptions.csv),"Our estimate for horizon year 2030; scenario, not forecast."
S-ALT,2030,soy_land_avoided_gross_kha,43.314,thousand ha abroad,estimate,VN-direct,Low,QNT model (assumptions.csv),"Our estimate for horizon year 2030; scenario, not forecast."
S-ALT,2030,soy_land_for_plant_food_kha,6.691,thousand ha abroad,estimate,VN-direct,Low,QNT model (assumptions.csv),"Our estimate for horizon year 2030; scenario, not forecast."
S-ALT,2030,soy_land_avoided_net_kha,36.623,thousand ha abroad,estimate,VN-direct,Low,QNT model (assumptions.csv),"Our estimate for horizon year 2030; scenario, not forecast."
S-ALT,2030,sbm_emissions_avoided_mt_co2e,0.0538,"Mt CO2e (published average, land-use change not checked)",estimate,VN-direct,Low,QNT model (assumptions.csv),"Our estimate for horizon year 2030; scenario, not forecast."
S-ALT,2030,fishmeal_emissions_avoided_mt_co2e,0.0469,Mt CO2e,estimate,VN-direct,Low,QNT model (assumptions.csv),"Our estimate for horizon year 2030; scenario, not forecast."
S-ALT,2035,population,106.5,million,estimate,VN-direct,Low,QNT model (assumptions.csv),"Our estimate for horizon year 2035; scenario, not forecast."
S-ALT,2035,pc_pork_demand_kg_cwe,43.909,"kg per person, carcass weight",estimate,VN-direct,Low,QNT model (assumptions.csv),"Our estimate for horizon year 2035; scenario, not forecast."
S-ALT,2035,prod_pork_kt_lw,6030.9,kt live weight,estimate,VN-direct,Low,QNT model (assumptions.csv),"Our estimate for horizon year 2035; scenario, not forecast."
S-ALT,2035,prod_pork_kt_cwe,4360.4,kt carcass weight,estimate,VN-direct,Low,QNT model (assumptions.csv),"Our estimate for horizon year 2035; scenario, not forecast."
S-ALT,2035,pc_poultry_demand_kg_cwe,31.043,"kg per person, carcass weight",estimate,VN-direct,Low,QNT model (assumptions.csv),"Our estimate for horizon year 2035; scenario, not forecast."
S-ALT,2035,prod_poultry_kt_lw,4009.7,kt live weight,estimate,VN-direct,Low,QNT model (assumptions.csv),"Our estimate for horizon year 2035; scenario, not forecast."
S-ALT,2035,prod_poultry_kt_cwe,2806.8,kt carcass weight,estimate,VN-direct,Low,QNT model (assumptions.csv),"Our estimate for horizon year 2035; scenario, not forecast."
S-ALT,2035,pc_ruminant_demand_kg_cwe,6.983,"kg per person, carcass weight",estimate,VN-direct,Low,QNT model (assumptions.csv),"Our estimate for horizon year 2035; scenario, not forecast."
S-ALT,2035,prod_ruminant_kt_lw,731.3,kt live weight,estimate,VN-direct,Low,QNT model (assumptions.csv),"Our estimate for horizon year 2035; scenario, not forecast."
S-ALT,2035,prod_ruminant_kt_cwe,376.6,kt carcass weight,estimate,VN-direct,Low,QNT model (assumptions.csv),"Our estimate for horizon year 2035; scenario, not forecast."
S-ALT,2035,pc_meat_demand_kg_cwe,81.934,"kg per person, carcass weight",estimate,VN-direct,Low,QNT model (assumptions.csv),"Our estimate for horizon year 2035; scenario, not forecast."
S-ALT,2035,meat_consumption_animal_kt_cwe,8466.6,kt carcass weight (after S-ALT substitution),estimate,VN-direct,Low,QNT model (assumptions.csv),"Our estimate for horizon year 2035; scenario, not forecast."
S-ALT,2035,meat_production_kt_cwe,7543.8,kt carcass weight,estimate,VN-direct,Low,QNT model (assumptions.csv),"Our estimate for horizon year 2035; scenario, not forecast."
S-ALT,2035,pc_eggs_number,247.5,eggs per person,estimate,VN-direct,Low,QNT model (assumptions.csv),"Our estimate for horizon year 2035; scenario, not forecast."
S-ALT,2035,prod_eggs_bn,26.365,billion eggs,estimate,VN-direct,Low,QNT model (assumptions.csv),"Our estimate for horizon year 2035; scenario, not forecast."
S-ALT,2035,prod_milk_kt,1947.9,kt fresh milk,estimate,VN-direct,Low,QNT model (assumptions.csv),"Our estimate for horizon year 2035; scenario, not forecast."
S-ALT,2035,pc_milk_domestic_kg,18.285,kg domestic fresh milk per person,estimate,VN-direct,Low,QNT model (assumptions.csv),"Our estimate for horizon year 2035; scenario, not forecast."
S-ALT,2035,prod_aq_pangasius_kt,2325.6,kt live weight,estimate,VN-direct,Low,QNT model (assumptions.csv),"Our estimate for horizon year 2035; scenario, not forecast."
S-ALT,2035,prod_aq_whiteleg_kt,1192.8,kt live weight,estimate,VN-direct,Low,QNT model (assumptions.csv),"Our estimate for horizon year 2035; scenario, not forecast."
S-ALT,2035,prod_aq_othershrimp_kt,464.6,kt live weight,estimate,VN-direct,Low,QNT model (assumptions.csv),"Our estimate for horizon year 2035; scenario, not forecast."
S-ALT,2035,prod_aq_otherfish_kt,2514.4,kt live weight,estimate,VN-direct,Low,QNT model (assumptions.csv),"Our estimate for horizon year 2035; scenario, not forecast."
S-ALT,2035,prod_aq_nonfed_kt,839.8,kt live weight,estimate,VN-direct,Low,QNT model (assumptions.csv),"Our estimate for horizon year 2035; scenario, not forecast."
S-ALT,2035,prod_aquaculture_kt,7337.1,kt live weight,estimate,VN-direct,Low,QNT model (assumptions.csv),"Our estimate for horizon year 2035; scenario, not forecast."
S-ALT,2035,aquaculture_exports_kt_lwe,3769.7,kt live-weight equivalent,estimate,VN-direct,Low,QNT model (assumptions.csv),"Our estimate for horizon year 2035; scenario, not forecast."
S-ALT,2035,aquaculture_export_share,0.5138,share,estimate,VN-direct,Low,QNT model (assumptions.csv),"Our estimate for horizon year 2035; scenario, not forecast."
S-ALT,2035,pc_farmed_aquatic_domestic_kg,33.487,kg live weight per person,estimate,VN-direct,Low,QNT model (assumptions.csv),"Our estimate for horizon year 2035; scenario, not forecast."
S-ALT,2035,feed_pig_mt,14.763,Mt compound feed,estimate,VN-direct,Low,QNT model (assumptions.csv),"Our estimate for horizon year 2035; scenario, not forecast."
S-ALT,2035,feed_poultry_mt,12.65,Mt compound feed,estimate,VN-direct,Low,QNT model (assumptions.csv),"Our estimate for horizon year 2035; scenario, not forecast."
S-ALT,2035,feed_other_livestock_mt,1.089,Mt compound feed,estimate,VN-direct,Low,QNT model (assumptions.csv),"Our estimate for horizon year 2035; scenario, not forecast."
S-ALT,2035,feed_pangasius_mt,3.378,Mt compound feed,estimate,VN-direct,Low,QNT model (assumptions.csv),"Our estimate for horizon year 2035; scenario, not forecast."
S-ALT,2035,feed_whiteleg_mt,1.502,Mt compound feed,estimate,VN-direct,Low,QNT model (assumptions.csv),"Our estimate for horizon year 2035; scenario, not forecast."
S-ALT,2035,feed_othershrimp_mt,0.2699,Mt compound feed,estimate,VN-direct,Low,QNT model (assumptions.csv),"Our estimate for horizon year 2035; scenario, not forecast."
S-ALT,2035,feed_otherfish_mt,2.782,Mt compound feed,estimate,VN-direct,Low,QNT model (assumptions.csv),"Our estimate for horizon year 2035; scenario, not forecast."
S-ALT,2035,feed_livestock_mt,28.501,"Mt compound feed (pigs, poultry, other livestock)",estimate,VN-direct,Low,QNT model (assumptions.csv),"Our estimate for horizon year 2035; scenario, not forecast."
S-ALT,2035,feed_aquafeed_mt,7.932,Mt compound feed,estimate,VN-direct,Low,QNT model (assumptions.csv),"Our estimate for horizon year 2035; scenario, not forecast."
S-ALT,2035,feed_total_mt,36.433,Mt compound feed,estimate,VN-direct,Low,QNT model (assumptions.csv),"Our estimate for horizon year 2035; scenario, not forecast."
S-ALT,2035,compound_share_pig,0.91,share,estimate,VN-direct,Low,QNT model (assumptions.csv),"Our estimate for horizon year 2035; scenario, not forecast."
S-ALT,2035,sbm_demand_mt,9.007,Mt soybean meal,estimate,VN-direct,Low,QNT model (assumptions.csv),"Our estimate for horizon year 2035; scenario, not forecast."
S-ALT,2035,sbm_import_need_mt,9.007,"Mt soybean meal (as meal, or as beans crushed in Vietnam)",estimate,VN-direct,Low,QNT model (assumptions.csv),"Our estimate for horizon year 2035; scenario, not forecast."
S-ALT,2035,sbm_import_need_bean_eq_mt,11.548,Mt soybeans equivalent,estimate,VN-direct,Low,QNT model (assumptions.csv),"Our estimate for horizon year 2035; scenario, not forecast."
S-ALT,2035,fishmeal_demand_kt,224.8,kt fishmeal,estimate,VN-direct,Low,QNT model (assumptions.csv),"Our estimate for horizon year 2035; scenario, not forecast."
S-ALT,2035,other_meals_sbmeq_mt,3.109,Mt soybean-meal equivalent,estimate,VN-direct,Low,QNT model (assumptions.csv),"Our estimate for horizon year 2035; scenario, not forecast."
S-ALT,2035,protein_meal_demand_sbmeq_mt,12.434,Mt soybean-meal equivalent (46% CP),estimate,VN-direct,Low,QNT model (assumptions.csv),"Our estimate for horizon year 2035; scenario, not forecast."
S-ALT,2035,sbm_intensity_kg_per_t_feed,247.2,kg soybean meal per t compound feed,estimate,VN-direct,Low,QNT model (assumptions.csv),"Our estimate for horizon year 2035; scenario, not forecast."
S-ALT,2035,maize_compound_feed_mt,14.175,Mt maize,estimate,VN-direct,Low,QNT model (assumptions.csv),"Our estimate for horizon year 2035; scenario, not forecast."
S-ALT,2035,maize_total_use_mt,17.533,Mt maize,estimate,VN-direct,Low,QNT model (assumptions.csv),"Our estimate for horizon year 2035; scenario, not forecast."
S-ALT,2035,maize_production_mt,4.1,Mt maize,estimate,VN-direct,Low,QNT model (assumptions.csv),"Our estimate for horizon year 2035; scenario, not forecast."
S-ALT,2035,maize_import_need_mt,13.433,Mt maize,estimate,VN-direct,Low,QNT model (assumptions.csv),"Our estimate for horizon year 2035; scenario, not forecast."
S-ALT,2035,soy_land_abroad_mha,2.754,million ha (mass allocation to meal),estimate,VN-direct,Low,QNT model (assumptions.csv),"Our estimate for horizon year 2035; scenario, not forecast."
S-ALT,2035,maize_land_abroad_mha,1.791,million ha,estimate,VN-direct,Low,QNT model (assumptions.csv),"Our estimate for horizon year 2035; scenario, not forecast."
S-ALT,2035,alt_feed_protein_kt,160.2,"kt protein (microbial, feed)",estimate,VN-direct,Low,QNT model (assumptions.csv),"Our estimate for horizon year 2035; scenario, not forecast."
S-ALT,2035,alt_feed_protein_from_sbm_kt,128.1,kt protein replacing soybean meal,estimate,VN-direct,Low,QNT model (assumptions.csv),"Our estimate for horizon year 2035; scenario, not forecast."
S-ALT,2035,alt_feed_protein_from_fishmeal_kt,32.07,kt protein replacing fishmeal,estimate,VN-direct,Low,QNT model (assumptions.csv),"Our estimate for horizon year 2035; scenario, not forecast."
S-ALT,2035,alt_feed_product_kt,286.8,kt dry product,estimate,VN-direct,Low,QNT model (assumptions.csv),"Our estimate for horizon year 2035; scenario, not forecast."
S-ALT,2035,alt_food_protein_kt,39.278,kt protein (plant-based plus fermented food),estimate,VN-direct,Low,QNT model (assumptions.csv),"Our estimate for horizon year 2035; scenario, not forecast."
S-ALT,2035,alt_food_ingredient_kt,76.969,kt dry protein ingredient,estimate,VN-direct,Low,QNT model (assumptions.csv),"Our estimate for horizon year 2035; scenario, not forecast."
S-ALT,2035,alt_food_finished_product_kt,261.9,kt finished product at 15% protein,estimate,VN-direct,Low,QNT model (assumptions.csv),"Our estimate for horizon year 2035; scenario, not forecast."
S-ALT,2035,alt_glucose_kt,631.8,"kt glucose equivalent (sugar route, feed plus food)",estimate,VN-direct,Low,QNT model (assumptions.csv),"Our estimate for horizon year 2035; scenario, not forecast."
S-ALT,2035,alt_cassava_starch_kt_if_all_cassava,585.0,kt cassava starch (if all glucose from cassava),estimate,VN-direct,Low,QNT model (assumptions.csv),"Our estimate for horizon year 2035; scenario, not forecast."
S-ALT,2035,alt_cassava_roots_kt_if_all_cassava,2574.1,kt fresh cassava roots (if all glucose from cassava),estimate,VN-direct,Low,QNT model (assumptions.csv),"Our estimate for horizon year 2035; scenario, not forecast."
S-ALT,2035,alt_cassava_land_kha_if_all_cassava,125.6,thousand ha,estimate,VN-direct,Low,QNT model (assumptions.csv),"Our estimate for horizon year 2035; scenario, not forecast."
S-ALT,2035,alt_sugar_kt_if_all_sugar,600.2,"kt sucrose (alternative to cassava, not additional)",estimate,VN-direct,Low,QNT model (assumptions.csv),"Our estimate for horizon year 2035; scenario, not forecast."
S-ALT,2035,alt_electricity_twh,1.21,TWh a year,estimate,VN-direct,Low,QNT model (assumptions.csv),"Our estimate for horizon year 2035; scenario, not forecast."
S-ALT,2035,alt_hydrogen_kt,11.535,kt H2 a year,estimate,VN-direct,Low,QNT model (assumptions.csv),"Our estimate for horizon year 2035; scenario, not forecast."
S-ALT,2035,alt_co2_feedstock_kt,43.258,kt CO2 used as feedstock,estimate,VN-direct,Low,QNT model (assumptions.csv),"Our estimate for horizon year 2035; scenario, not forecast."
S-ALT,2035,alt_nitrogen_urea_eq_kt,58.438,kt urea (sugar route),estimate,VN-direct,Low,QNT model (assumptions.csv),"Our estimate for horizon year 2035; scenario, not forecast."
S-ALT,2035,alt_nitrogen_nh3_kt,2.724,kt NH3 (gas route),estimate,VN-direct,Low,QNT model (assumptions.csv),"Our estimate for horizon year 2035; scenario, not forecast."
S-ALT,2035,alt_soybeans_for_plant_food_kt,84.252,"kt soybeans (imported, for plant-based food)",estimate,VN-direct,Low,QNT model (assumptions.csv),"Our estimate for horizon year 2035; scenario, not forecast."
S-ALT,2035,alt_electricity_co2_mt,0.3508,Mt CO2 at the PDP8-derived grid factor,estimate,VN-direct,Low,QNT model (assumptions.csv),"Our estimate for horizon year 2035; scenario, not forecast."
S-ALT,2035,sbm_import_avoided_mt,0.4598,Mt soybean meal vs S-BASE,estimate,VN-direct,Low,QNT model (assumptions.csv),"Our estimate for horizon year 2035; scenario, not forecast."
S-ALT,2035,sbm_import_avoided_via_feed_mt,0.2786,Mt (microbial protein in feed),estimate,VN-direct,Low,QNT model (assumptions.csv),"Our estimate for horizon year 2035; scenario, not forecast."
S-ALT,2035,sbm_import_avoided_via_food_mt,0.1812,Mt (less meat produced),estimate,VN-direct,Low,QNT model (assumptions.csv),"Our estimate for horizon year 2035; scenario, not forecast."
S-ALT,2035,sbm_import_avoided_pct,4.857,% of S-BASE need,estimate,VN-direct,Low,QNT model (assumptions.csv),"Our estimate for horizon year 2035; scenario, not forecast."
S-ALT,2035,fishmeal_avoided_kt,49.659,kt vs S-BASE,estimate,VN-direct,Low,QNT model (assumptions.csv),"Our estimate for horizon year 2035; scenario, not forecast."
S-ALT,2035,maize_import_avoided_mt,0.4192,Mt vs S-BASE,estimate,VN-direct,Low,QNT model (assumptions.csv),"Our estimate for horizon year 2035; scenario, not forecast."
S-ALT,2035,soy_land_avoided_gross_kha,140.6,thousand ha abroad,estimate,VN-direct,Low,QNT model (assumptions.csv),"Our estimate for horizon year 2035; scenario, not forecast."
S-ALT,2035,soy_land_for_plant_food_kha,20.091,thousand ha abroad,estimate,VN-direct,Low,QNT model (assumptions.csv),"Our estimate for horizon year 2035; scenario, not forecast."
S-ALT,2035,soy_land_avoided_net_kha,120.5,thousand ha abroad,estimate,VN-direct,Low,QNT model (assumptions.csv),"Our estimate for horizon year 2035; scenario, not forecast."
S-ALT,2035,sbm_emissions_avoided_mt_co2e,0.1798,"Mt CO2e (published average, land-use change not checked)",estimate,VN-direct,Low,QNT model (assumptions.csv),"Our estimate for horizon year 2035; scenario, not forecast."
S-ALT,2035,fishmeal_emissions_avoided_mt_co2e,0.0878,Mt CO2e,estimate,VN-direct,Low,QNT model (assumptions.csv),"Our estimate for horizon year 2035; scenario, not forecast."
S-ALT,2040,population,108.4,million,estimate,VN-direct,Low,QNT model (assumptions.csv),"Our estimate for horizon year 2040; scenario, not forecast."
S-ALT,2040,pc_pork_demand_kg_cwe,44.348,"kg per person, carcass weight",estimate,VN-direct,Low,QNT model (assumptions.csv),"Our estimate for horizon year 2040; scenario, not forecast."
S-ALT,2040,prod_pork_kt_lw,6072.6,kt live weight,estimate,VN-direct,Low,QNT model (assumptions.csv),"Our estimate for horizon year 2040; scenario, not forecast."
S-ALT,2040,prod_pork_kt_cwe,4390.5,kt carcass weight,estimate,VN-direct,Low,QNT model (assumptions.csv),"Our estimate for horizon year 2040; scenario, not forecast."
S-ALT,2040,pc_poultry_demand_kg_cwe,32.626,"kg per person, carcass weight",estimate,VN-direct,Low,QNT model (assumptions.csv),"Our estimate for horizon year 2040; scenario, not forecast."
S-ALT,2040,prod_poultry_kt_lw,4201.4,kt live weight,estimate,VN-direct,Low,QNT model (assumptions.csv),"Our estimate for horizon year 2040; scenario, not forecast."
S-ALT,2040,prod_poultry_kt_cwe,2940.9,kt carcass weight,estimate,VN-direct,Low,QNT model (assumptions.csv),"Our estimate for horizon year 2040; scenario, not forecast."
S-ALT,2040,pc_ruminant_demand_kg_cwe,7.339,"kg per person, carcass weight",estimate,VN-direct,Low,QNT model (assumptions.csv),"Our estimate for horizon year 2040; scenario, not forecast."
S-ALT,2040,prod_ruminant_kt_lw,766.3,kt live weight,estimate,VN-direct,Low,QNT model (assumptions.csv),"Our estimate for horizon year 2040; scenario, not forecast."
S-ALT,2040,prod_ruminant_kt_cwe,394.7,kt carcass weight,estimate,VN-direct,Low,QNT model (assumptions.csv),"Our estimate for horizon year 2040; scenario, not forecast."
S-ALT,2040,pc_meat_demand_kg_cwe,84.313,"kg per person, carcass weight",estimate,VN-direct,Low,QNT model (assumptions.csv),"Our estimate for horizon year 2040; scenario, not forecast."
S-ALT,2040,meat_consumption_animal_kt_cwe,8685.8,kt carcass weight (after S-ALT substitution),estimate,VN-direct,Low,QNT model (assumptions.csv),"Our estimate for horizon year 2040; scenario, not forecast."
S-ALT,2040,meat_production_kt_cwe,7726.1,kt carcass weight,estimate,VN-direct,Low,QNT model (assumptions.csv),"Our estimate for horizon year 2040; scenario, not forecast."
S-ALT,2040,pc_eggs_number,260.1,eggs per person,estimate,VN-direct,Low,QNT model (assumptions.csv),"Our estimate for horizon year 2040; scenario, not forecast."
S-ALT,2040,prod_eggs_bn,28.208,billion eggs,estimate,VN-direct,Low,QNT model (assumptions.csv),"Our estimate for horizon year 2040; scenario, not forecast."
S-ALT,2040,prod_milk_kt,2258.2,kt fresh milk,estimate,VN-direct,Low,QNT model (assumptions.csv),"Our estimate for horizon year 2040; scenario, not forecast."
S-ALT,2040,pc_milk_domestic_kg,20.825,kg domestic fresh milk per person,estimate,VN-direct,Low,QNT model (assumptions.csv),"Our estimate for horizon year 2040; scenario, not forecast."
S-ALT,2040,prod_aq_pangasius_kt,2444.2,kt live weight,estimate,VN-direct,Low,QNT model (assumptions.csv),"Our estimate for horizon year 2040; scenario, not forecast."
S-ALT,2040,prod_aq_whiteleg_kt,1253.6,kt live weight,estimate,VN-direct,Low,QNT model (assumptions.csv),"Our estimate for horizon year 2040; scenario, not forecast."
S-ALT,2040,prod_aq_othershrimp_kt,488.3,kt live weight,estimate,VN-direct,Low,QNT model (assumptions.csv),"Our estimate for horizon year 2040; scenario, not forecast."
S-ALT,2040,prod_aq_otherfish_kt,2642.7,kt live weight,estimate,VN-direct,Low,QNT model (assumptions.csv),"Our estimate for horizon year 2040; scenario, not forecast."
S-ALT,2040,prod_aq_nonfed_kt,882.6,kt live weight,estimate,VN-direct,Low,QNT model (assumptions.csv),"Our estimate for horizon year 2040; scenario, not forecast."
S-ALT,2040,prod_aquaculture_kt,7711.4,kt live weight,estimate,VN-direct,Low,QNT model (assumptions.csv),"Our estimate for horizon year 2040; scenario, not forecast."
S-ALT,2040,aquaculture_exports_kt_lwe,3962.1,kt live-weight equivalent,estimate,VN-direct,Low,QNT model (assumptions.csv),"Our estimate for horizon year 2040; scenario, not forecast."
S-ALT,2040,aquaculture_export_share,0.5138,share,estimate,VN-direct,Low,QNT model (assumptions.csv),"Our estimate for horizon year 2040; scenario, not forecast."
S-ALT,2040,pc_farmed_aquatic_domestic_kg,34.576,kg live weight per person,estimate,VN-direct,Low,QNT model (assumptions.csv),"Our estimate for horizon year 2040; scenario, not forecast."
S-ALT,2040,feed_pig_mt,15.051,Mt compound feed,estimate,VN-direct,Low,QNT model (assumptions.csv),"Our estimate for horizon year 2040; scenario, not forecast."
S-ALT,2040,feed_poultry_mt,13.129,Mt compound feed,estimate,VN-direct,Low,QNT model (assumptions.csv),"Our estimate for horizon year 2040; scenario, not forecast."
S-ALT,2040,feed_other_livestock_mt,1.205,Mt compound feed,estimate,VN-direct,Low,QNT model (assumptions.csv),"Our estimate for horizon year 2040; scenario, not forecast."
S-ALT,2040,feed_pangasius_mt,3.498,Mt compound feed,estimate,VN-direct,Low,QNT model (assumptions.csv),"Our estimate for horizon year 2040; scenario, not forecast."
S-ALT,2040,feed_whiteleg_mt,1.555,Mt compound feed,estimate,VN-direct,Low,QNT model (assumptions.csv),"Our estimate for horizon year 2040; scenario, not forecast."
S-ALT,2040,feed_othershrimp_mt,0.3144,Mt compound feed,estimate,VN-direct,Low,QNT model (assumptions.csv),"Our estimate for horizon year 2040; scenario, not forecast."
S-ALT,2040,feed_otherfish_mt,3.034,Mt compound feed,estimate,VN-direct,Low,QNT model (assumptions.csv),"Our estimate for horizon year 2040; scenario, not forecast."
S-ALT,2040,feed_livestock_mt,29.384,"Mt compound feed (pigs, poultry, other livestock)",estimate,VN-direct,Low,QNT model (assumptions.csv),"Our estimate for horizon year 2040; scenario, not forecast."
S-ALT,2040,feed_aquafeed_mt,8.401,Mt compound feed,estimate,VN-direct,Low,QNT model (assumptions.csv),"Our estimate for horizon year 2040; scenario, not forecast."
S-ALT,2040,feed_total_mt,37.785,Mt compound feed,estimate,VN-direct,Low,QNT model (assumptions.csv),"Our estimate for horizon year 2040; scenario, not forecast."
S-ALT,2040,compound_share_pig,0.94,share,estimate,VN-direct,Low,QNT model (assumptions.csv),"Our estimate for horizon year 2040; scenario, not forecast."
S-ALT,2040,sbm_demand_mt,9.155,Mt soybean meal,estimate,VN-direct,Low,QNT model (assumptions.csv),"Our estimate for horizon year 2040; scenario, not forecast."
S-ALT,2040,sbm_import_need_mt,9.155,"Mt soybean meal (as meal, or as beans crushed in Vietnam)",estimate,VN-direct,Low,QNT model (assumptions.csv),"Our estimate for horizon year 2040; scenario, not forecast."
S-ALT,2040,sbm_import_need_bean_eq_mt,11.737,Mt soybeans equivalent,estimate,VN-direct,Low,QNT model (assumptions.csv),"Our estimate for horizon year 2040; scenario, not forecast."
S-ALT,2040,fishmeal_demand_kt,201.3,kt fishmeal,estimate,VN-direct,Low,QNT model (assumptions.csv),"Our estimate for horizon year 2040; scenario, not forecast."
S-ALT,2040,other_meals_sbmeq_mt,3.224,Mt soybean-meal equivalent,estimate,VN-direct,Low,QNT model (assumptions.csv),"Our estimate for horizon year 2040; scenario, not forecast."
S-ALT,2040,protein_meal_demand_sbmeq_mt,12.663,Mt soybean-meal equivalent (46% CP),estimate,VN-direct,Low,QNT model (assumptions.csv),"Our estimate for horizon year 2040; scenario, not forecast."
S-ALT,2040,sbm_intensity_kg_per_t_feed,242.3,kg soybean meal per t compound feed,estimate,VN-direct,Low,QNT model (assumptions.csv),"Our estimate for horizon year 2040; scenario, not forecast."
S-ALT,2040,maize_compound_feed_mt,14.619,Mt maize,estimate,VN-direct,Low,QNT model (assumptions.csv),"Our estimate for horizon year 2040; scenario, not forecast."
S-ALT,2040,maize_total_use_mt,17.379,Mt maize,estimate,VN-direct,Low,QNT model (assumptions.csv),"Our estimate for horizon year 2040; scenario, not forecast."
S-ALT,2040,maize_production_mt,4.1,Mt maize,estimate,VN-direct,Low,QNT model (assumptions.csv),"Our estimate for horizon year 2040; scenario, not forecast."
S-ALT,2040,maize_import_need_mt,13.279,Mt maize,estimate,VN-direct,Low,QNT model (assumptions.csv),"Our estimate for horizon year 2040; scenario, not forecast."
S-ALT,2040,soy_land_abroad_mha,2.716,million ha (mass allocation to meal),estimate,VN-direct,Low,QNT model (assumptions.csv),"Our estimate for horizon year 2040; scenario, not forecast."
S-ALT,2040,maize_land_abroad_mha,1.744,million ha,estimate,VN-direct,Low,QNT model (assumptions.csv),"Our estimate for horizon year 2040; scenario, not forecast."
S-ALT,2040,alt_feed_protein_kt,265.2,"kt protein (microbial, feed)",estimate,VN-direct,Low,QNT model (assumptions.csv),"Our estimate for horizon year 2040; scenario, not forecast."
S-ALT,2040,alt_feed_protein_from_sbm_kt,221.6,kt protein replacing soybean meal,estimate,VN-direct,Low,QNT model (assumptions.csv),"Our estimate for horizon year 2040; scenario, not forecast."
S-ALT,2040,alt_feed_protein_from_fishmeal_kt,43.608,kt protein replacing fishmeal,estimate,VN-direct,Low,QNT model (assumptions.csv),"Our estimate for horizon year 2040; scenario, not forecast."
S-ALT,2040,alt_feed_product_kt,460.0,kt dry product,estimate,VN-direct,Low,QNT model (assumptions.csv),"Our estimate for horizon year 2040; scenario, not forecast."
S-ALT,2040,alt_food_protein_kt,68.572,kt protein (plant-based plus fermented food),estimate,VN-direct,Low,QNT model (assumptions.csv),"Our estimate for horizon year 2040; scenario, not forecast."
S-ALT,2040,alt_food_ingredient_kt,135.8,kt dry protein ingredient,estimate,VN-direct,Low,QNT model (assumptions.csv),"Our estimate for horizon year 2040; scenario, not forecast."
S-ALT,2040,alt_food_finished_product_kt,457.1,kt finished product at 15% protein,estimate,VN-direct,Low,QNT model (assumptions.csv),"Our estimate for horizon year 2040; scenario, not forecast."
S-ALT,2040,alt_glucose_kt,852.4,"kt glucose equivalent (sugar route, feed plus food)",estimate,VN-direct,Low,QNT model (assumptions.csv),"Our estimate for horizon year 2040; scenario, not forecast."
S-ALT,2040,alt_cassava_starch_kt_if_all_cassava,789.3,kt cassava starch (if all glucose from cassava),estimate,VN-direct,Low,QNT model (assumptions.csv),"Our estimate for horizon year 2040; scenario, not forecast."
S-ALT,2040,alt_cassava_roots_kt_if_all_cassava,3473.1,kt fresh cassava roots (if all glucose from cassava),estimate,VN-direct,Low,QNT model (assumptions.csv),"Our estimate for horizon year 2040; scenario, not forecast."
S-ALT,2040,alt_cassava_land_kha_if_all_cassava,169.4,thousand ha,estimate,VN-direct,Low,QNT model (assumptions.csv),"Our estimate for horizon year 2040; scenario, not forecast."
S-ALT,2040,alt_sugar_kt_if_all_sugar,809.8,"kt sucrose (alternative to cassava, not additional)",estimate,VN-direct,Low,QNT model (assumptions.csv),"Our estimate for horizon year 2040; scenario, not forecast."
S-ALT,2040,alt_electricity_twh,4.008,TWh a year,estimate,VN-direct,Low,QNT model (assumptions.csv),"Our estimate for horizon year 2040; scenario, not forecast."
S-ALT,2040,alt_hydrogen_kt,57.294,kt H2 a year,estimate,VN-direct,Low,QNT model (assumptions.csv),"Our estimate for horizon year 2040; scenario, not forecast."
S-ALT,2040,alt_co2_feedstock_kt,214.9,kt CO2 used as feedstock,estimate,VN-direct,Low,QNT model (assumptions.csv),"Our estimate for horizon year 2040; scenario, not forecast."
S-ALT,2040,alt_nitrogen_urea_eq_kt,78.848,kt urea (sugar route),estimate,VN-direct,Low,QNT model (assumptions.csv),"Our estimate for horizon year 2040; scenario, not forecast."
S-ALT,2040,alt_nitrogen_nh3_kt,13.528,kt NH3 (gas route),estimate,VN-direct,Low,QNT model (assumptions.csv),"Our estimate for horizon year 2040; scenario, not forecast."
S-ALT,2040,alt_soybeans_for_plant_food_kt,135.8,"kt soybeans (imported, for plant-based food)",estimate,VN-direct,Low,QNT model (assumptions.csv),"Our estimate for horizon year 2040; scenario, not forecast."
S-ALT,2040,alt_electricity_co2_mt,0.8017,Mt CO2 at the PDP8-derived grid factor,estimate,VN-direct,Low,QNT model (assumptions.csv),"Our estimate for horizon year 2040; scenario, not forecast."
S-ALT,2040,sbm_import_avoided_mt,0.7982,Mt soybean meal vs S-BASE,estimate,VN-direct,Low,QNT model (assumptions.csv),"Our estimate for horizon year 2040; scenario, not forecast."
S-ALT,2040,sbm_import_avoided_via_feed_mt,0.4818,Mt (microbial protein in feed),estimate,VN-direct,Low,QNT model (assumptions.csv),"Our estimate for horizon year 2040; scenario, not forecast."
S-ALT,2040,sbm_import_avoided_via_food_mt,0.3164,Mt (less meat produced),estimate,VN-direct,Low,QNT model (assumptions.csv),"Our estimate for horizon year 2040; scenario, not forecast."
S-ALT,2040,sbm_import_avoided_pct,8.02,% of S-BASE need,estimate,VN-direct,Low,QNT model (assumptions.csv),"Our estimate for horizon year 2040; scenario, not forecast."
S-ALT,2040,fishmeal_avoided_kt,67.609,kt vs S-BASE,estimate,VN-direct,Low,QNT model (assumptions.csv),"Our estimate for horizon year 2040; scenario, not forecast."
S-ALT,2040,maize_import_avoided_mt,0.6974,Mt vs S-BASE,estimate,VN-direct,Low,QNT model (assumptions.csv),"Our estimate for horizon year 2040; scenario, not forecast."
S-ALT,2040,soy_land_avoided_gross_kha,236.8,thousand ha abroad,estimate,VN-direct,Low,QNT model (assumptions.csv),"Our estimate for horizon year 2040; scenario, not forecast."
S-ALT,2040,soy_land_for_plant_food_kha,31.423,thousand ha abroad,estimate,VN-direct,Low,QNT model (assumptions.csv),"Our estimate for horizon year 2040; scenario, not forecast."
S-ALT,2040,soy_land_avoided_net_kha,205.4,thousand ha abroad,estimate,VN-direct,Low,QNT model (assumptions.csv),"Our estimate for horizon year 2040; scenario, not forecast."
S-ALT,2040,sbm_emissions_avoided_mt_co2e,0.3121,"Mt CO2e (published average, land-use change not checked)",estimate,VN-direct,Low,QNT model (assumptions.csv),"Our estimate for horizon year 2040; scenario, not forecast."
S-ALT,2040,fishmeal_emissions_avoided_mt_co2e,0.1195,Mt CO2e,estimate,VN-direct,Low,QNT model (assumptions.csv),"Our estimate for horizon year 2040; scenario, not forecast."
S-ALT,2050,population,110.0,million,estimate,VN-direct,Low,QNT model (assumptions.csv),"Our estimate for horizon year 2050; scenario, not forecast."
S-ALT,2050,pc_pork_demand_kg_cwe,45.242,"kg per person, carcass weight",estimate,VN-direct,Low,QNT model (assumptions.csv),"Our estimate for horizon year 2050; scenario, not forecast."
S-ALT,2050,prod_pork_kt_lw,5953.9,kt live weight,estimate,VN-direct,Low,QNT model (assumptions.csv),"Our estimate for horizon year 2050; scenario, not forecast."
S-ALT,2050,prod_pork_kt_cwe,4304.7,kt carcass weight,estimate,VN-direct,Low,QNT model (assumptions.csv),"Our estimate for horizon year 2050; scenario, not forecast."
S-ALT,2050,pc_poultry_demand_kg_cwe,34.296,"kg per person, carcass weight",estimate,VN-direct,Low,QNT model (assumptions.csv),"Our estimate for horizon year 2050; scenario, not forecast."
S-ALT,2050,prod_poultry_kt_lw,4244.5,kt live weight,estimate,VN-direct,Low,QNT model (assumptions.csv),"Our estimate for horizon year 2050; scenario, not forecast."
S-ALT,2050,prod_poultry_kt_cwe,2971.2,kt carcass weight,estimate,VN-direct,Low,QNT model (assumptions.csv),"Our estimate for horizon year 2050; scenario, not forecast."
S-ALT,2050,pc_ruminant_demand_kg_cwe,8.106,"kg per person, carcass weight",estimate,VN-direct,Low,QNT model (assumptions.csv),"Our estimate for horizon year 2050; scenario, not forecast."
S-ALT,2050,prod_ruminant_kt_lw,813.5,kt live weight,estimate,VN-direct,Low,QNT model (assumptions.csv),"Our estimate for horizon year 2050; scenario, not forecast."
S-ALT,2050,prod_ruminant_kt_cwe,419.0,kt carcass weight,estimate,VN-direct,Low,QNT model (assumptions.csv),"Our estimate for horizon year 2050; scenario, not forecast."
S-ALT,2050,pc_meat_demand_kg_cwe,87.645,"kg per person, carcass weight",estimate,VN-direct,Low,QNT model (assumptions.csv),"Our estimate for horizon year 2050; scenario, not forecast."
S-ALT,2050,meat_consumption_animal_kt_cwe,8677.6,kt carcass weight (after S-ALT substitution),estimate,VN-direct,Low,QNT model (assumptions.csv),"Our estimate for horizon year 2050; scenario, not forecast."
S-ALT,2050,meat_production_kt_cwe,7694.8,kt carcass weight,estimate,VN-direct,Low,QNT model (assumptions.csv),"Our estimate for horizon year 2050; scenario, not forecast."
S-ALT,2050,pc_eggs_number,275.1,eggs per person,estimate,VN-direct,Low,QNT model (assumptions.csv),"Our estimate for horizon year 2050; scenario, not forecast."
S-ALT,2050,prod_eggs_bn,30.262,billion eggs,estimate,VN-direct,Low,QNT model (assumptions.csv),"Our estimate for horizon year 2050; scenario, not forecast."
S-ALT,2050,prod_milk_kt,2752.8,kt fresh milk,estimate,VN-direct,Low,QNT model (assumptions.csv),"Our estimate for horizon year 2050; scenario, not forecast."
S-ALT,2050,pc_milk_domestic_kg,25.023,kg domestic fresh milk per person,estimate,VN-direct,Low,QNT model (assumptions.csv),"Our estimate for horizon year 2050; scenario, not forecast."
S-ALT,2050,prod_aq_pangasius_kt,2700.0,kt live weight,estimate,VN-direct,Low,QNT model (assumptions.csv),"Our estimate for horizon year 2050; scenario, not forecast."
S-ALT,2050,prod_aq_whiteleg_kt,1384.8,kt live weight,estimate,VN-direct,Low,QNT model (assumptions.csv),"Our estimate for horizon year 2050; scenario, not forecast."
S-ALT,2050,prod_aq_othershrimp_kt,539.4,kt live weight,estimate,VN-direct,Low,QNT model (assumptions.csv),"Our estimate for horizon year 2050; scenario, not forecast."
S-ALT,2050,prod_aq_otherfish_kt,2919.2,kt live weight,estimate,VN-direct,Low,QNT model (assumptions.csv),"Our estimate for horizon year 2050; scenario, not forecast."
S-ALT,2050,prod_aq_nonfed_kt,975.0,kt live weight,estimate,VN-direct,Low,QNT model (assumptions.csv),"Our estimate for horizon year 2050; scenario, not forecast."
S-ALT,2050,prod_aquaculture_kt,8518.3,kt live weight,estimate,VN-direct,Low,QNT model (assumptions.csv),"Our estimate for horizon year 2050; scenario, not forecast."
S-ALT,2050,aquaculture_exports_kt_lwe,4376.6,kt live-weight equivalent,estimate,VN-direct,Low,QNT model (assumptions.csv),"Our estimate for horizon year 2050; scenario, not forecast."
S-ALT,2050,aquaculture_export_share,0.5138,share,estimate,VN-direct,Low,QNT model (assumptions.csv),"Our estimate for horizon year 2050; scenario, not forecast."
S-ALT,2050,pc_farmed_aquatic_domestic_kg,37.648,kg live weight per person,estimate,VN-direct,Low,QNT model (assumptions.csv),"Our estimate for horizon year 2050; scenario, not forecast."
S-ALT,2050,feed_pig_mt,14.629,Mt compound feed,estimate,VN-direct,Low,QNT model (assumptions.csv),"Our estimate for horizon year 2050; scenario, not forecast."
S-ALT,2050,feed_poultry_mt,12.949,Mt compound feed,estimate,VN-direct,Low,QNT model (assumptions.csv),"Our estimate for horizon year 2050; scenario, not forecast."
S-ALT,2050,feed_other_livestock_mt,1.365,Mt compound feed,estimate,VN-direct,Low,QNT model (assumptions.csv),"Our estimate for horizon year 2050; scenario, not forecast."
S-ALT,2050,feed_pangasius_mt,3.749,Mt compound feed,estimate,VN-direct,Low,QNT model (assumptions.csv),"Our estimate for horizon year 2050; scenario, not forecast."
S-ALT,2050,feed_whiteleg_mt,1.667,Mt compound feed,estimate,VN-direct,Low,QNT model (assumptions.csv),"Our estimate for horizon year 2050; scenario, not forecast."
S-ALT,2050,feed_othershrimp_mt,0.3745,Mt compound feed,estimate,VN-direct,Low,QNT model (assumptions.csv),"Our estimate for horizon year 2050; scenario, not forecast."
S-ALT,2050,feed_otherfish_mt,3.446,Mt compound feed,estimate,VN-direct,Low,QNT model (assumptions.csv),"Our estimate for horizon year 2050; scenario, not forecast."
S-ALT,2050,feed_livestock_mt,28.943,"Mt compound feed (pigs, poultry, other livestock)",estimate,VN-direct,Low,QNT model (assumptions.csv),"Our estimate for horizon year 2050; scenario, not forecast."
S-ALT,2050,feed_aquafeed_mt,9.236,Mt compound feed,estimate,VN-direct,Low,QNT model (assumptions.csv),"Our estimate for horizon year 2050; scenario, not forecast."
S-ALT,2050,feed_total_mt,38.179,Mt compound feed,estimate,VN-direct,Low,QNT model (assumptions.csv),"Our estimate for horizon year 2050; scenario, not forecast."
S-ALT,2050,compound_share_pig,0.97,share,estimate,VN-direct,Low,QNT model (assumptions.csv),"Our estimate for horizon year 2050; scenario, not forecast."
S-ALT,2050,sbm_demand_mt,8.778,Mt soybean meal,estimate,VN-direct,Low,QNT model (assumptions.csv),"Our estimate for horizon year 2050; scenario, not forecast."
S-ALT,2050,sbm_import_need_mt,8.778,"Mt soybean meal (as meal, or as beans crushed in Vietnam)",estimate,VN-direct,Low,QNT model (assumptions.csv),"Our estimate for horizon year 2050; scenario, not forecast."
S-ALT,2050,sbm_import_need_bean_eq_mt,11.254,Mt soybeans equivalent,estimate,VN-direct,Low,QNT model (assumptions.csv),"Our estimate for horizon year 2050; scenario, not forecast."
S-ALT,2050,fishmeal_demand_kt,151.1,kt fishmeal,estimate,VN-direct,Low,QNT model (assumptions.csv),"Our estimate for horizon year 2050; scenario, not forecast."
S-ALT,2050,other_meals_sbmeq_mt,3.258,Mt soybean-meal equivalent,estimate,VN-direct,Low,QNT model (assumptions.csv),"Our estimate for horizon year 2050; scenario, not forecast."
S-ALT,2050,protein_meal_demand_sbmeq_mt,12.25,Mt soybean-meal equivalent (46% CP),estimate,VN-direct,Low,QNT model (assumptions.csv),"Our estimate for horizon year 2050; scenario, not forecast."
S-ALT,2050,sbm_intensity_kg_per_t_feed,229.9,kg soybean meal per t compound feed,estimate,VN-direct,Low,QNT model (assumptions.csv),"Our estimate for horizon year 2050; scenario, not forecast."
S-ALT,2050,maize_compound_feed_mt,14.422,Mt maize,estimate,VN-direct,Low,QNT model (assumptions.csv),"Our estimate for horizon year 2050; scenario, not forecast."
S-ALT,2050,maize_total_use_mt,16.574,Mt maize,estimate,VN-direct,Low,QNT model (assumptions.csv),"Our estimate for horizon year 2050; scenario, not forecast."
S-ALT,2050,maize_production_mt,4.1,Mt maize,estimate,VN-direct,Low,QNT model (assumptions.csv),"Our estimate for horizon year 2050; scenario, not forecast."
S-ALT,2050,maize_import_need_mt,12.474,Mt maize,estimate,VN-direct,Low,QNT model (assumptions.csv),"Our estimate for horizon year 2050; scenario, not forecast."
S-ALT,2050,soy_land_abroad_mha,2.453,million ha (mass allocation to meal),estimate,VN-direct,Low,QNT model (assumptions.csv),"Our estimate for horizon year 2050; scenario, not forecast."
S-ALT,2050,maize_land_abroad_mha,1.59,million ha,estimate,VN-direct,Low,QNT model (assumptions.csv),"Our estimate for horizon year 2050; scenario, not forecast."
S-ALT,2050,alt_feed_protein_kt,514.1,"kt protein (microbial, feed)",estimate,VN-direct,Low,QNT model (assumptions.csv),"Our estimate for horizon year 2050; scenario, not forecast."
S-ALT,2050,alt_feed_protein_from_sbm_kt,448.7,kt protein replacing soybean meal,estimate,VN-direct,Low,QNT model (assumptions.csv),"Our estimate for horizon year 2050; scenario, not forecast."
S-ALT,2050,alt_feed_protein_from_fishmeal_kt,65.46,kt protein replacing fishmeal,estimate,VN-direct,Low,QNT model (assumptions.csv),"Our estimate for horizon year 2050; scenario, not forecast."
S-ALT,2050,alt_feed_product_kt,862.9,kt dry product,estimate,VN-direct,Low,QNT model (assumptions.csv),"Our estimate for horizon year 2050; scenario, not forecast."
S-ALT,2050,alt_food_protein_kt,144.6,kt protein (plant-based plus fermented food),estimate,VN-direct,Low,QNT model (assumptions.csv),"Our estimate for horizon year 2050; scenario, not forecast."
S-ALT,2050,alt_food_ingredient_kt,292.2,kt dry protein ingredient,estimate,VN-direct,Low,QNT model (assumptions.csv),"Our estimate for horizon year 2050; scenario, not forecast."
S-ALT,2050,alt_food_finished_product_kt,964.2,kt finished product at 15% protein,estimate,VN-direct,Low,QNT model (assumptions.csv),"Our estimate for horizon year 2050; scenario, not forecast."
S-ALT,2050,alt_glucose_kt,1317.5,"kt glucose equivalent (sugar route, feed plus food)",estimate,VN-direct,Low,QNT model (assumptions.csv),"Our estimate for horizon year 2050; scenario, not forecast."
S-ALT,2050,alt_cassava_starch_kt_if_all_cassava,1220.0,kt cassava starch (if all glucose from cassava),estimate,VN-direct,Low,QNT model (assumptions.csv),"Our estimate for horizon year 2050; scenario, not forecast."
S-ALT,2050,alt_cassava_roots_kt_if_all_cassava,5368.1,kt fresh cassava roots (if all glucose from cassava),estimate,VN-direct,Low,QNT model (assumptions.csv),"Our estimate for horizon year 2050; scenario, not forecast."
S-ALT,2050,alt_cassava_land_kha_if_all_cassava,261.9,thousand ha,estimate,VN-direct,Low,QNT model (assumptions.csv),"Our estimate for horizon year 2050; scenario, not forecast."
S-ALT,2050,alt_sugar_kt_if_all_sugar,1251.6,"kt sucrose (alternative to cassava, not additional)",estimate,VN-direct,Low,QNT model (assumptions.csv),"Our estimate for horizon year 2050; scenario, not forecast."
S-ALT,2050,alt_electricity_twh,11.692,TWh a year,estimate,VN-direct,Low,QNT model (assumptions.csv),"Our estimate for horizon year 2050; scenario, not forecast."
S-ALT,2050,alt_hydrogen_kt,185.1,kt H2 a year,estimate,VN-direct,Low,QNT model (assumptions.csv),"Our estimate for horizon year 2050; scenario, not forecast."
S-ALT,2050,alt_co2_feedstock_kt,694.1,kt CO2 used as feedstock,estimate,VN-direct,Low,QNT model (assumptions.csv),"Our estimate for horizon year 2050; scenario, not forecast."
S-ALT,2050,alt_nitrogen_urea_eq_kt,121.9,kt urea (sugar route),estimate,VN-direct,Low,QNT model (assumptions.csv),"Our estimate for horizon year 2050; scenario, not forecast."
S-ALT,2050,alt_nitrogen_nh3_kt,43.701,kt NH3 (gas route),estimate,VN-direct,Low,QNT model (assumptions.csv),"Our estimate for horizon year 2050; scenario, not forecast."
S-ALT,2050,alt_soybeans_for_plant_food_kt,238.6,"kt soybeans (imported, for plant-based food)",estimate,VN-direct,Low,QNT model (assumptions.csv),"Our estimate for horizon year 2050; scenario, not forecast."
S-ALT,2050,alt_electricity_co2_mt,0.2455,Mt CO2 at the PDP8-derived grid factor,estimate,VN-direct,Low,QNT model (assumptions.csv),"Our estimate for horizon year 2050; scenario, not forecast."
S-ALT,2050,sbm_import_avoided_mt,1.624,Mt soybean meal vs S-BASE,estimate,VN-direct,Low,QNT model (assumptions.csv),"Our estimate for horizon year 2050; scenario, not forecast."
S-ALT,2050,sbm_import_avoided_via_feed_mt,0.9754,Mt (microbial protein in feed),estimate,VN-direct,Low,QNT model (assumptions.csv),"Our estimate for horizon year 2050; scenario, not forecast."
S-ALT,2050,sbm_import_avoided_via_food_mt,0.6488,Mt (less meat produced),estimate,VN-direct,Low,QNT model (assumptions.csv),"Our estimate for horizon year 2050; scenario, not forecast."
S-ALT,2050,sbm_import_avoided_pct,15.614,% of S-BASE need,estimate,VN-direct,Low,QNT model (assumptions.csv),"Our estimate for horizon year 2050; scenario, not forecast."
S-ALT,2050,fishmeal_avoided_kt,101.6,kt vs S-BASE,estimate,VN-direct,Low,QNT model (assumptions.csv),"Our estimate for horizon year 2050; scenario, not forecast."
S-ALT,2050,maize_import_avoided_mt,1.367,Mt vs S-BASE,estimate,VN-direct,Low,QNT model (assumptions.csv),"Our estimate for horizon year 2050; scenario, not forecast."
S-ALT,2050,soy_land_avoided_gross_kha,453.9,thousand ha abroad,estimate,VN-direct,Low,QNT model (assumptions.csv),"Our estimate for horizon year 2050; scenario, not forecast."
S-ALT,2050,soy_land_for_plant_food_kha,52.022,thousand ha abroad,estimate,VN-direct,Low,QNT model (assumptions.csv),"Our estimate for horizon year 2050; scenario, not forecast."
S-ALT,2050,soy_land_avoided_net_kha,401.9,thousand ha abroad,estimate,VN-direct,Low,QNT model (assumptions.csv),"Our estimate for horizon year 2050; scenario, not forecast."
S-ALT,2050,sbm_emissions_avoided_mt_co2e,0.6351,"Mt CO2e (published average, land-use change not checked)",estimate,VN-direct,Low,QNT model (assumptions.csv),"Our estimate for horizon year 2050; scenario, not forecast."
S-ALT,2050,fishmeal_emissions_avoided_mt_co2e,0.1797,Mt CO2e,estimate,VN-direct,Low,QNT model (assumptions.csv),"Our estimate for horizon year 2050; scenario, not forecast."
